ISO-10303-21;
HEADER;
FILE_DESCRIPTION(('FreeCAD Model'),'2;1');
FILE_NAME('Open CASCADE Shape Model','2024-08-17T21:16:31',(''),(''),
  'Open CASCADE STEP processor 7.6','FreeCAD','Unknown');
FILE_SCHEMA(('AUTOMOTIVE_DESIGN { 1 0 10303 214 1 1 1 1 }'));
ENDSEC;
DATA;
#1 = APPLICATION_PROTOCOL_DEFINITION('international standard',
  'automotive_design',2000,#2);
#2 = APPLICATION_CONTEXT(
  'core data for automotive mechanical design processes');
#3 = SHAPE_DEFINITION_REPRESENTATION(#4,#10);
#4 = PRODUCT_DEFINITION_SHAPE('','',#5);
#5 = PRODUCT_DEFINITION('design','',#6,#9);
#6 = PRODUCT_DEFINITION_FORMATION('','',#7);
#7 = PRODUCT('KF8500','KF8500','',(#8));
#8 = PRODUCT_CONTEXT('',#2,'mechanical');
#9 = PRODUCT_DEFINITION_CONTEXT('part definition',#2,'design');
#10 = SHAPE_REPRESENTATION('',(#11,#15,#19,#23,#27),#31);
#11 = AXIS2_PLACEMENT_3D('',#12,#13,#14);
#12 = CARTESIAN_POINT('',(0.,0.,0.));
#13 = DIRECTION('',(0.,0.,1.));
#14 = DIRECTION('',(1.,0.,-0.));
#15 = AXIS2_PLACEMENT_3D('',#16,#17,#18);
#16 = CARTESIAN_POINT('',(-4.25,0.,0.));
#17 = DIRECTION('',(0.,0.,1.));
#18 = DIRECTION('',(1.,0.,0.));
#19 = AXIS2_PLACEMENT_3D('',#20,#21,#22);
#20 = CARTESIAN_POINT('',(-4.25,0.,0.));
#21 = DIRECTION('',(0.,0.,1.));
#22 = DIRECTION('',(1.,0.,0.));
#23 = AXIS2_PLACEMENT_3D('',#24,#25,#26);
#24 = CARTESIAN_POINT('',(-4.25,0.,0.));
#25 = DIRECTION('',(0.,0.,1.));
#26 = DIRECTION('',(1.,0.,0.));
#27 = AXIS2_PLACEMENT_3D('',#28,#29,#30);
#28 = CARTESIAN_POINT('',(-4.25,0.,0.));
#29 = DIRECTION('',(0.,0.,1.));
#30 = DIRECTION('',(1.,0.,0.));
#31 = ( GEOMETRIC_REPRESENTATION_CONTEXT(3) 
GLOBAL_UNCERTAINTY_ASSIGNED_CONTEXT((#35)) GLOBAL_UNIT_ASSIGNED_CONTEXT(
(#32,#33,#34)) REPRESENTATION_CONTEXT('Context #1',
  '3D Context with UNIT and UNCERTAINTY') );
#32 = ( LENGTH_UNIT() NAMED_UNIT(*) SI_UNIT(.MILLI.,.METRE.) );
#33 = ( NAMED_UNIT(*) PLANE_ANGLE_UNIT() SI_UNIT($,.RADIAN.) );
#34 = ( NAMED_UNIT(*) SI_UNIT($,.STERADIAN.) SOLID_ANGLE_UNIT() );
#35 = UNCERTAINTY_MEASURE_WITH_UNIT(LENGTH_MEASURE(2.E-06),#32,
  'distance_accuracy_value','confusion accuracy');
#36 = PRODUCT_RELATED_PRODUCT_CATEGORY('part',$,(#7));
#37 = SHAPE_DEFINITION_REPRESENTATION(#38,#44);
#38 = PRODUCT_DEFINITION_SHAPE('','',#39);
#39 = PRODUCT_DEFINITION('design','',#40,#43);
#40 = PRODUCT_DEFINITION_FORMATION('','',#41);
#41 = PRODUCT('ConductorArray','ConductorArray','',(#42));
#42 = PRODUCT_CONTEXT('',#2,'mechanical');
#43 = PRODUCT_DEFINITION_CONTEXT('part definition',#2,'design');
#44 = SHAPE_REPRESENTATION('',(#11,#45,#49),#53);
#45 = AXIS2_PLACEMENT_3D('',#46,#47,#48);
#46 = CARTESIAN_POINT('',(0.,0.,0.));
#47 = DIRECTION('',(0.,0.,1.));
#48 = DIRECTION('',(1.,0.,0.));
#49 = AXIS2_PLACEMENT_3D('',#50,#51,#52);
#50 = CARTESIAN_POINT('',(8.5,0.,0.));
#51 = DIRECTION('',(0.,0.,1.));
#52 = DIRECTION('',(1.,0.,0.));
#53 = ( GEOMETRIC_REPRESENTATION_CONTEXT(3) 
GLOBAL_UNCERTAINTY_ASSIGNED_CONTEXT((#57)) GLOBAL_UNIT_ASSIGNED_CONTEXT(
(#54,#55,#56)) REPRESENTATION_CONTEXT('Context #1',
  '3D Context with UNIT and UNCERTAINTY') );
#54 = ( LENGTH_UNIT() NAMED_UNIT(*) SI_UNIT(.MILLI.,.METRE.) );
#55 = ( NAMED_UNIT(*) PLANE_ANGLE_UNIT() SI_UNIT($,.RADIAN.) );
#56 = ( NAMED_UNIT(*) SI_UNIT($,.STERADIAN.) SOLID_ANGLE_UNIT() );
#57 = UNCERTAINTY_MEASURE_WITH_UNIT(LENGTH_MEASURE(2.E-07),#54,
  'distance_accuracy_value','confusion accuracy');
#58 = ADVANCED_BREP_SHAPE_REPRESENTATION('',(#11,#59),#2067);
#59 = MANIFOLD_SOLID_BREP('',#60);
#60 = CLOSED_SHELL('',(#61,#298,#374,#423,#473,#522,#571,#742,#792,#917,
    #948,#1225,#1252,#1498,#1525,#1552,#1716,#1743,#1750,#1777,#1804,
    #1925,#1952,#1979,#2006,#2033,#2060));
#61 = ADVANCED_FACE('',(#62),#76,.T.);
#62 = FACE_BOUND('',#63,.T.);
#63 = EDGE_LOOP('',(#64,#99,#127,#155,#183,#211,#239,#272));
#64 = ORIENTED_EDGE('',*,*,#65,.T.);
#65 = EDGE_CURVE('',#66,#68,#70,.T.);
#66 = VERTEX_POINT('',#67);
#67 = CARTESIAN_POINT('',(-0.55,4.35,3.987220000005));
#68 = VERTEX_POINT('',#69);
#69 = CARTESIAN_POINT('',(-1.4,4.35,3.987220000005));
#70 = SURFACE_CURVE('',#71,(#75,#87),.PCURVE_S1.);
#71 = LINE('',#72,#73);
#72 = CARTESIAN_POINT('',(-2.393945,4.35,3.987220000005));
#73 = VECTOR('',#74,1.);
#74 = DIRECTION('',(-1.,4.4E-16,-1.1E-16));
#75 = PCURVE('',#76,#81);
#76 = PLANE('',#77);
#77 = AXIS2_PLACEMENT_3D('',#78,#79,#80);
#78 = CARTESIAN_POINT('',(-2.75,4.35,6.2));
#79 = DIRECTION('',(-2.2E-16,1.,-7.8E-16));
#80 = DIRECTION('',(1.22E-15,-7.8E-16,-1.));
#81 = DEFINITIONAL_REPRESENTATION('',(#82),#86);
#82 = LINE('',#83,#84);
#83 = CARTESIAN_POINT('',(2.212779999995,-0.356055));
#84 = VECTOR('',#85,1.);
#85 = DIRECTION('',(-1.11E-15,1.));
#86 = ( GEOMETRIC_REPRESENTATION_CONTEXT(2) 
PARAMETRIC_REPRESENTATION_CONTEXT() REPRESENTATION_CONTEXT('2D SPACE',''
  ) );
#87 = PCURVE('',#88,#93);
#88 = PLANE('',#89);
#89 = AXIS2_PLACEMENT_3D('',#90,#91,#92);
#90 = CARTESIAN_POINT('',(-2.03789,-17.04057599743,3.987220000005));
#91 = DIRECTION('',(1.1E-16,-5.6E-16,-1.));
#92 = DIRECTION('',(1.,-2.2E-16,1.1E-16));
#93 = DEFINITIONAL_REPRESENTATION('',(#94),#98);
#94 = LINE('',#95,#96);
#95 = CARTESIAN_POINT('',(-0.356055,-21.39057599743));
#96 = VECTOR('',#97,1.);
#97 = DIRECTION('',(-1.,-2.2E-16));
#98 = ( GEOMETRIC_REPRESENTATION_CONTEXT(2) 
PARAMETRIC_REPRESENTATION_CONTEXT() REPRESENTATION_CONTEXT('2D SPACE',''
  ) );
#99 = ORIENTED_EDGE('',*,*,#100,.T.);
#100 = EDGE_CURVE('',#68,#101,#103,.T.);
#101 = VERTEX_POINT('',#102);
#102 = CARTESIAN_POINT('',(-1.4,4.35,6.2));
#103 = SURFACE_CURVE('',#104,(#108,#115),.PCURVE_S1.);
#104 = LINE('',#105,#106);
#105 = CARTESIAN_POINT('',(-1.4,4.35,11.328556222084));
#106 = VECTOR('',#107,1.);
#107 = DIRECTION('',(-6.7E-16,4.4E-16,1.));
#108 = PCURVE('',#76,#109);
#109 = DEFINITIONAL_REPRESENTATION('',(#110),#114);
#110 = LINE('',#111,#112);
#111 = CARTESIAN_POINT('',(-5.128556222084,-1.35));
#112 = VECTOR('',#113,1.);
#113 = DIRECTION('',(-1.,-5.5E-16));
#114 = ( GEOMETRIC_REPRESENTATION_CONTEXT(2) 
PARAMETRIC_REPRESENTATION_CONTEXT() REPRESENTATION_CONTEXT('2D SPACE',''
  ) );
#115 = PCURVE('',#116,#121);
#116 = PLANE('',#117);
#117 = AXIS2_PLACEMENT_3D('',#118,#119,#120);
#118 = CARTESIAN_POINT('',(-1.4,4.75,16.457112444168));
#119 = DIRECTION('',(-1.,1.1E-16,-2.2E-16));
#120 = DIRECTION('',(-1.1E-16,-1.,5.6E-16));
#121 = DEFINITIONAL_REPRESENTATION('',(#122),#126);
#122 = LINE('',#123,#124);
#123 = CARTESIAN_POINT('',(0.4,-5.128556222084));
#124 = VECTOR('',#125,1.);
#125 = DIRECTION('',(1.2E-16,1.));
#126 = ( GEOMETRIC_REPRESENTATION_CONTEXT(2) 
PARAMETRIC_REPRESENTATION_CONTEXT() REPRESENTATION_CONTEXT('2D SPACE',''
  ) );
#127 = ORIENTED_EDGE('',*,*,#128,.T.);
#128 = EDGE_CURVE('',#101,#129,#131,.T.);
#129 = VERTEX_POINT('',#130);
#130 = CARTESIAN_POINT('',(1.4,4.35,6.2));
#131 = SURFACE_CURVE('',#132,(#136,#143),.PCURVE_S1.);
#132 = LINE('',#133,#134);
#133 = CARTESIAN_POINT('',(-2.75,4.35,6.2));
#134 = VECTOR('',#135,1.);
#135 = DIRECTION('',(1.,-6.7E-16,1.7E-16));
#136 = PCURVE('',#76,#137);
#137 = DEFINITIONAL_REPRESENTATION('',(#138),#142);
#138 = LINE('',#139,#140);
#139 = CARTESIAN_POINT('',(0.,-0.));
#140 = VECTOR('',#141,1.);
#141 = DIRECTION('',(1.05E-15,-1.));
#142 = ( GEOMETRIC_REPRESENTATION_CONTEXT(2) 
PARAMETRIC_REPRESENTATION_CONTEXT() REPRESENTATION_CONTEXT('2D SPACE',''
  ) );
#143 = PCURVE('',#144,#149);
#144 = CYLINDRICAL_SURFACE('',#145,1.);
#145 = AXIS2_PLACEMENT_3D('',#146,#147,#148);
#146 = CARTESIAN_POINT('',(-2.75,3.35,6.2));
#147 = DIRECTION('',(-1.,4.4E-16,-3.3E-16));
#148 = DIRECTION('',(4.4E-16,1.,-1.E-15));
#149 = DEFINITIONAL_REPRESENTATION('',(#150),#154);
#150 = LINE('',#151,#152);
#151 = CARTESIAN_POINT('',(-0.,0.));
#152 = VECTOR('',#153,1.);
#153 = DIRECTION('',(-0.,-1.));
#154 = ( GEOMETRIC_REPRESENTATION_CONTEXT(2) 
PARAMETRIC_REPRESENTATION_CONTEXT() REPRESENTATION_CONTEXT('2D SPACE',''
  ) );
#155 = ORIENTED_EDGE('',*,*,#156,.T.);
#156 = EDGE_CURVE('',#129,#157,#159,.T.);
#157 = VERTEX_POINT('',#158);
#158 = CARTESIAN_POINT('',(1.4,4.35,3.987220000005));
#159 = SURFACE_CURVE('',#160,(#164,#171),.PCURVE_S1.);
#160 = LINE('',#161,#162);
#161 = CARTESIAN_POINT('',(1.4,4.35,11.328556222084));
#162 = VECTOR('',#163,1.);
#163 = DIRECTION('',(6.7E-16,-4.4E-16,-1.));
#164 = PCURVE('',#76,#165);
#165 = DEFINITIONAL_REPRESENTATION('',(#166),#170);
#166 = LINE('',#167,#168);
#167 = CARTESIAN_POINT('',(-5.128556222084,-4.15));
#168 = VECTOR('',#169,1.);
#169 = DIRECTION('',(1.,5.5E-16));
#170 = ( GEOMETRIC_REPRESENTATION_CONTEXT(2) 
PARAMETRIC_REPRESENTATION_CONTEXT() REPRESENTATION_CONTEXT('2D SPACE',''
  ) );
#171 = PCURVE('',#172,#177);
#172 = PLANE('',#173);
#173 = AXIS2_PLACEMENT_3D('',#174,#175,#176);
#174 = CARTESIAN_POINT('',(1.4,3.25,16.457112444168));
#175 = DIRECTION('',(1.,-1.1E-16,2.2E-16));
#176 = DIRECTION('',(1.1E-16,1.,-5.6E-16));
#177 = DEFINITIONAL_REPRESENTATION('',(#178),#182);
#178 = LINE('',#179,#180);
#179 = CARTESIAN_POINT('',(1.1,-5.128556222084));
#180 = VECTOR('',#181,1.);
#181 = DIRECTION('',(1.2E-16,-1.));
#182 = ( GEOMETRIC_REPRESENTATION_CONTEXT(2) 
PARAMETRIC_REPRESENTATION_CONTEXT() REPRESENTATION_CONTEXT('2D SPACE',''
  ) );
#183 = ORIENTED_EDGE('',*,*,#184,.T.);
#184 = EDGE_CURVE('',#157,#185,#187,.T.);
#185 = VERTEX_POINT('',#186);
#186 = CARTESIAN_POINT('',(0.55,4.35,3.987220000005));
#187 = SURFACE_CURVE('',#188,(#192,#199),.PCURVE_S1.);
#188 = LINE('',#189,#190);
#189 = CARTESIAN_POINT('',(-1.1,4.35,3.987220000005));
#190 = VECTOR('',#191,1.);
#191 = DIRECTION('',(-1.,4.4E-16,-1.1E-16));
#192 = PCURVE('',#76,#193);
#193 = DEFINITIONAL_REPRESENTATION('',(#194),#198);
#194 = LINE('',#195,#196);
#195 = CARTESIAN_POINT('',(2.212779999995,-1.65));
#196 = VECTOR('',#197,1.);
#197 = DIRECTION('',(-1.11E-15,1.));
#198 = ( GEOMETRIC_REPRESENTATION_CONTEXT(2) 
PARAMETRIC_REPRESENTATION_CONTEXT() REPRESENTATION_CONTEXT('2D SPACE',''
  ) );
#199 = PCURVE('',#200,#205);
#200 = PLANE('',#201);
#201 = AXIS2_PLACEMENT_3D('',#202,#203,#204);
#202 = CARTESIAN_POINT('',(0.55,-17.04057599743,3.987220000005));
#203 = DIRECTION('',(1.1E-16,-5.6E-16,-1.));
#204 = DIRECTION('',(1.,-2.2E-16,1.1E-16));
#205 = DEFINITIONAL_REPRESENTATION('',(#206),#210);
#206 = LINE('',#207,#208);
#207 = CARTESIAN_POINT('',(-1.65,-21.39057599743));
#208 = VECTOR('',#209,1.);
#209 = DIRECTION('',(-1.,-2.2E-16));
#210 = ( GEOMETRIC_REPRESENTATION_CONTEXT(2) 
PARAMETRIC_REPRESENTATION_CONTEXT() REPRESENTATION_CONTEXT('2D SPACE',''
  ) );
#211 = ORIENTED_EDGE('',*,*,#212,.T.);
#212 = EDGE_CURVE('',#185,#213,#215,.T.);
#213 = VERTEX_POINT('',#214);
#214 = CARTESIAN_POINT('',(0.55,4.35,-4.));
#215 = SURFACE_CURVE('',#216,(#220,#227),.PCURVE_S1.);
#216 = LINE('',#217,#218);
#217 = CARTESIAN_POINT('',(0.55,4.35,1.1));
#218 = VECTOR('',#219,1.);
#219 = DIRECTION('',(3.3E-16,-1.E-15,-1.));
#220 = PCURVE('',#76,#221);
#221 = DEFINITIONAL_REPRESENTATION('',(#222),#226);
#222 = LINE('',#223,#224);
#223 = CARTESIAN_POINT('',(5.1,-3.3));
#224 = VECTOR('',#225,1.);
#225 = DIRECTION('',(1.,8.9E-16));
#226 = ( GEOMETRIC_REPRESENTATION_CONTEXT(2) 
PARAMETRIC_REPRESENTATION_CONTEXT() REPRESENTATION_CONTEXT('2D SPACE',''
  ) );
#227 = PCURVE('',#228,#233);
#228 = PLANE('',#229);
#229 = AXIS2_PLACEMENT_3D('',#230,#231,#232);
#230 = CARTESIAN_POINT('',(0.55,-17.04057599743,-4.));
#231 = DIRECTION('',(1.,0.,3.3E-16));
#232 = DIRECTION('',(-3.3E-16,3.3E-16,1.));
#233 = DEFINITIONAL_REPRESENTATION('',(#234),#238);
#234 = LINE('',#235,#236);
#235 = CARTESIAN_POINT('',(5.1,-21.39057599743));
#236 = VECTOR('',#237,1.);
#237 = DIRECTION('',(-1.,6.7E-16));
#238 = ( GEOMETRIC_REPRESENTATION_CONTEXT(2) 
PARAMETRIC_REPRESENTATION_CONTEXT() REPRESENTATION_CONTEXT('2D SPACE',''
  ) );
#239 = ORIENTED_EDGE('',*,*,#240,.F.);
#240 = EDGE_CURVE('',#241,#213,#243,.T.);
#241 = VERTEX_POINT('',#242);
#242 = CARTESIAN_POINT('',(-0.55,4.35,-4.));
#243 = SURFACE_CURVE('',#244,(#249,#260),.PCURVE_S1.);
#244 = CIRCLE('',#245,0.55);
#245 = AXIS2_PLACEMENT_3D('',#246,#247,#248);
#246 = CARTESIAN_POINT('',(6.08E-15,4.35,-4.));
#247 = DIRECTION('',(-2.2E-16,-1.,3.3E-16));
#248 = DIRECTION('',(1.,-2.2E-16,1.1E-16));
#249 = PCURVE('',#76,#250);
#250 = DEFINITIONAL_REPRESENTATION('',(#251),#259);
#251 = ( BOUNDED_CURVE() B_SPLINE_CURVE(2,(#252,#253,#254,#255,#256,#257
,#258),.UNSPECIFIED.,.T.,.F.) B_SPLINE_CURVE_WITH_KNOTS((1,2,2,2,2,1),(
    -2.094395102393,0.,2.094395102393,4.188790204786,6.28318530718,
8.377580409573),.UNSPECIFIED.) CURVE() GEOMETRIC_REPRESENTATION_ITEM() 
RATIONAL_B_SPLINE_CURVE((1.,0.5,1.,0.5,1.,0.5,1.)) REPRESENTATION_ITEM(
  '') );
#252 = CARTESIAN_POINT('',(10.2,-3.3));
#253 = CARTESIAN_POINT('',(9.247372055837,-3.3));
#254 = CARTESIAN_POINT('',(9.723686027919,-2.475));
#255 = CARTESIAN_POINT('',(10.2,-1.65));
#256 = CARTESIAN_POINT('',(10.676313972081,-2.475));
#257 = CARTESIAN_POINT('',(11.152627944163,-3.3));
#258 = CARTESIAN_POINT('',(10.2,-3.3));
#259 = ( GEOMETRIC_REPRESENTATION_CONTEXT(2) 
PARAMETRIC_REPRESENTATION_CONTEXT() REPRESENTATION_CONTEXT('2D SPACE',''
  ) );
#260 = PCURVE('',#261,#266);
#261 = CYLINDRICAL_SURFACE('',#262,0.55);
#262 = AXIS2_PLACEMENT_3D('',#263,#264,#265);
#263 = CARTESIAN_POINT('',(1.33E-15,-17.04057599743,-4.));
#264 = DIRECTION('',(-2.2E-16,-1.,3.3E-16));
#265 = DIRECTION('',(1.,-2.2E-16,1.1E-16));
#266 = DEFINITIONAL_REPRESENTATION('',(#267),#271);
#267 = LINE('',#268,#269);
#268 = CARTESIAN_POINT('',(0.,-21.39057599743));
#269 = VECTOR('',#270,1.);
#270 = DIRECTION('',(1.,0.));
#271 = ( GEOMETRIC_REPRESENTATION_CONTEXT(2) 
PARAMETRIC_REPRESENTATION_CONTEXT() REPRESENTATION_CONTEXT('2D SPACE',''
  ) );
#272 = ORIENTED_EDGE('',*,*,#273,.T.);
#273 = EDGE_CURVE('',#241,#66,#274,.T.);
#274 = SURFACE_CURVE('',#275,(#279,#286),.PCURVE_S1.);
#275 = LINE('',#276,#277);
#276 = CARTESIAN_POINT('',(-0.55,4.35,5.093610000002));
#277 = VECTOR('',#278,1.);
#278 = DIRECTION('',(-3.3E-16,1.E-15,1.));
#279 = PCURVE('',#76,#280);
#280 = DEFINITIONAL_REPRESENTATION('',(#281),#285);
#281 = LINE('',#282,#283);
#282 = CARTESIAN_POINT('',(1.106389999998,-2.2));
#283 = VECTOR('',#284,1.);
#284 = DIRECTION('',(-1.,-8.9E-16));
#285 = ( GEOMETRIC_REPRESENTATION_CONTEXT(2) 
PARAMETRIC_REPRESENTATION_CONTEXT() REPRESENTATION_CONTEXT('2D SPACE',''
  ) );
#286 = PCURVE('',#287,#292);
#287 = PLANE('',#288);
#288 = AXIS2_PLACEMENT_3D('',#289,#290,#291);
#289 = CARTESIAN_POINT('',(-0.55,-17.04057599743,3.987220000005));
#290 = DIRECTION('',(-1.,-0.,-3.3E-16));
#291 = DIRECTION('',(3.3E-16,-3.3E-16,-1.));
#292 = DEFINITIONAL_REPRESENTATION('',(#293),#297);
#293 = LINE('',#294,#295);
#294 = CARTESIAN_POINT('',(-1.106389999997,-21.39057599743));
#295 = VECTOR('',#296,1.);
#296 = DIRECTION('',(-1.,-6.7E-16));
#297 = ( GEOMETRIC_REPRESENTATION_CONTEXT(2) 
PARAMETRIC_REPRESENTATION_CONTEXT() REPRESENTATION_CONTEXT('2D SPACE',''
  ) );
#298 = ADVANCED_FACE('',(#299),#88,.T.);
#299 = FACE_BOUND('',#300,.T.);
#300 = EDGE_LOOP('',(#301,#324,#352,#373));
#301 = ORIENTED_EDGE('',*,*,#302,.F.);
#302 = EDGE_CURVE('',#303,#66,#305,.T.);
#303 = VERTEX_POINT('',#304);
#304 = CARTESIAN_POINT('',(-0.55,3.65,3.987220000005));
#305 = SURFACE_CURVE('',#306,(#310,#317),.PCURVE_S1.);
#306 = LINE('',#307,#308);
#307 = CARTESIAN_POINT('',(-0.55,-17.04057599743,3.987220000005));
#308 = VECTOR('',#309,1.);
#309 = DIRECTION('',(0.,1.,-5.6E-16));
#310 = PCURVE('',#88,#311);
#311 = DEFINITIONAL_REPRESENTATION('',(#312),#316);
#312 = LINE('',#313,#314);
#313 = CARTESIAN_POINT('',(1.48789,-3.273358E-16));
#314 = VECTOR('',#315,1.);
#315 = DIRECTION('',(-2.2E-16,-1.));
#316 = ( GEOMETRIC_REPRESENTATION_CONTEXT(2) 
PARAMETRIC_REPRESENTATION_CONTEXT() REPRESENTATION_CONTEXT('2D SPACE',''
  ) );
#317 = PCURVE('',#287,#318);
#318 = DEFINITIONAL_REPRESENTATION('',(#319),#323);
#319 = LINE('',#320,#321);
#320 = CARTESIAN_POINT('',(0.,0.));
#321 = VECTOR('',#322,1.);
#322 = DIRECTION('',(2.3E-16,-1.));
#323 = ( GEOMETRIC_REPRESENTATION_CONTEXT(2) 
PARAMETRIC_REPRESENTATION_CONTEXT() REPRESENTATION_CONTEXT('2D SPACE',''
  ) );
#324 = ORIENTED_EDGE('',*,*,#325,.F.);
#325 = EDGE_CURVE('',#326,#303,#328,.T.);
#326 = VERTEX_POINT('',#327);
#327 = CARTESIAN_POINT('',(-1.4,3.65,3.987220000005));
#328 = SURFACE_CURVE('',#329,(#333,#340),.PCURVE_S1.);
#329 = LINE('',#330,#331);
#330 = CARTESIAN_POINT('',(-2.393945,3.65,3.987220000005));
#331 = VECTOR('',#332,1.);
#332 = DIRECTION('',(1.,-4.4E-16,1.1E-16));
#333 = PCURVE('',#88,#334);
#334 = DEFINITIONAL_REPRESENTATION('',(#335),#339);
#335 = LINE('',#336,#337);
#336 = CARTESIAN_POINT('',(-0.356055,-20.69057599743));
#337 = VECTOR('',#338,1.);
#338 = DIRECTION('',(1.,2.2E-16));
#339 = ( GEOMETRIC_REPRESENTATION_CONTEXT(2) 
PARAMETRIC_REPRESENTATION_CONTEXT() REPRESENTATION_CONTEXT('2D SPACE',''
  ) );
#340 = PCURVE('',#341,#346);
#341 = PLANE('',#342);
#342 = AXIS2_PLACEMENT_3D('',#343,#344,#345);
#343 = CARTESIAN_POINT('',(-2.75,3.65,-4.7));
#344 = DIRECTION('',(2.2E-16,-1.,7.8E-16));
#345 = DIRECTION('',(-1.22E-15,7.8E-16,1.));
#346 = DEFINITIONAL_REPRESENTATION('',(#347),#351);
#347 = LINE('',#348,#349);
#348 = CARTESIAN_POINT('',(8.687220000005,-0.356055));
#349 = VECTOR('',#350,1.);
#350 = DIRECTION('',(-1.11E-15,-1.));
#351 = ( GEOMETRIC_REPRESENTATION_CONTEXT(2) 
PARAMETRIC_REPRESENTATION_CONTEXT() REPRESENTATION_CONTEXT('2D SPACE',''
  ) );
#352 = ORIENTED_EDGE('',*,*,#353,.F.);
#353 = EDGE_CURVE('',#68,#326,#354,.T.);
#354 = SURFACE_CURVE('',#355,(#359,#366),.PCURVE_S1.);
#355 = LINE('',#356,#357);
#356 = CARTESIAN_POINT('',(-1.4,-6.145287998716,3.987220000005));
#357 = VECTOR('',#358,1.);
#358 = DIRECTION('',(-2.2E-16,-1.,5.6E-16));
#359 = PCURVE('',#88,#360);
#360 = DEFINITIONAL_REPRESENTATION('',(#361),#365);
#361 = LINE('',#362,#363);
#362 = CARTESIAN_POINT('',(0.63789,-10.89528799871));
#363 = VECTOR('',#364,1.);
#364 = DIRECTION('',(6.16E-32,1.));
#365 = ( GEOMETRIC_REPRESENTATION_CONTEXT(2) 
PARAMETRIC_REPRESENTATION_CONTEXT() REPRESENTATION_CONTEXT('2D SPACE',''
  ) );
#366 = PCURVE('',#116,#367);
#367 = DEFINITIONAL_REPRESENTATION('',(#368),#372);
#368 = LINE('',#369,#370);
#369 = CARTESIAN_POINT('',(10.895287998716,-12.46989244416));
#370 = VECTOR('',#371,1.);
#371 = DIRECTION('',(1.,0.));
#372 = ( GEOMETRIC_REPRESENTATION_CONTEXT(2) 
PARAMETRIC_REPRESENTATION_CONTEXT() REPRESENTATION_CONTEXT('2D SPACE',''
  ) );
#373 = ORIENTED_EDGE('',*,*,#65,.F.);
#374 = ADVANCED_FACE('',(#375),#287,.T.);
#375 = FACE_BOUND('',#376,.T.);
#376 = EDGE_LOOP('',(#377,#400,#401,#402));
#377 = ORIENTED_EDGE('',*,*,#378,.F.);
#378 = EDGE_CURVE('',#303,#379,#381,.T.);
#379 = VERTEX_POINT('',#380);
#380 = CARTESIAN_POINT('',(-0.55,3.65,-4.));
#381 = SURFACE_CURVE('',#382,(#386,#393),.PCURVE_S1.);
#382 = LINE('',#383,#384);
#383 = CARTESIAN_POINT('',(-0.55,3.65,-0.356389999998));
#384 = VECTOR('',#385,1.);
#385 = DIRECTION('',(3.3E-16,-1.E-15,-1.));
#386 = PCURVE('',#287,#387);
#387 = DEFINITIONAL_REPRESENTATION('',(#388),#392);
#388 = LINE('',#389,#390);
#389 = CARTESIAN_POINT('',(4.343610000003,-20.69057599743));
#390 = VECTOR('',#391,1.);
#391 = DIRECTION('',(1.,6.7E-16));
#392 = ( GEOMETRIC_REPRESENTATION_CONTEXT(2) 
PARAMETRIC_REPRESENTATION_CONTEXT() REPRESENTATION_CONTEXT('2D SPACE',''
  ) );
#393 = PCURVE('',#341,#394);
#394 = DEFINITIONAL_REPRESENTATION('',(#395),#399);
#395 = LINE('',#396,#397);
#396 = CARTESIAN_POINT('',(4.343610000002,-2.2));
#397 = VECTOR('',#398,1.);
#398 = DIRECTION('',(-1.,8.9E-16));
#399 = ( GEOMETRIC_REPRESENTATION_CONTEXT(2) 
PARAMETRIC_REPRESENTATION_CONTEXT() REPRESENTATION_CONTEXT('2D SPACE',''
  ) );
#400 = ORIENTED_EDGE('',*,*,#302,.T.);
#401 = ORIENTED_EDGE('',*,*,#273,.F.);
#402 = ORIENTED_EDGE('',*,*,#403,.F.);
#403 = EDGE_CURVE('',#379,#241,#404,.T.);
#404 = SURFACE_CURVE('',#405,(#409,#416),.PCURVE_S1.);
#405 = LINE('',#406,#407);
#406 = CARTESIAN_POINT('',(-0.55,-17.04057599743,-4.));
#407 = VECTOR('',#408,1.);
#408 = DIRECTION('',(0.,1.,-5.6E-16));
#409 = PCURVE('',#287,#410);
#410 = DEFINITIONAL_REPRESENTATION('',(#411),#415);
#411 = LINE('',#412,#413);
#412 = CARTESIAN_POINT('',(7.987220000005,-2.635782600002E-15));
#413 = VECTOR('',#414,1.);
#414 = DIRECTION('',(2.3E-16,-1.));
#415 = ( GEOMETRIC_REPRESENTATION_CONTEXT(2) 
PARAMETRIC_REPRESENTATION_CONTEXT() REPRESENTATION_CONTEXT('2D SPACE',''
  ) );
#416 = PCURVE('',#261,#417);
#417 = DEFINITIONAL_REPRESENTATION('',(#418),#422);
#418 = LINE('',#419,#420);
#419 = CARTESIAN_POINT('',(3.14159265359,0.));
#420 = VECTOR('',#421,1.);
#421 = DIRECTION('',(0.,-1.));
#422 = ( GEOMETRIC_REPRESENTATION_CONTEXT(2) 
PARAMETRIC_REPRESENTATION_CONTEXT() REPRESENTATION_CONTEXT('2D SPACE',''
  ) );
#423 = ADVANCED_FACE('',(#424),#261,.T.);
#424 = FACE_BOUND('',#425,.T.);
#425 = EDGE_LOOP('',(#426,#450,#451,#452));
#426 = ORIENTED_EDGE('',*,*,#427,.F.);
#427 = EDGE_CURVE('',#379,#428,#430,.T.);
#428 = VERTEX_POINT('',#429);
#429 = CARTESIAN_POINT('',(0.55,3.65,-4.));
#430 = SURFACE_CURVE('',#431,(#436,#443),.PCURVE_S1.);
#431 = CIRCLE('',#432,0.55);
#432 = AXIS2_PLACEMENT_3D('',#433,#434,#435);
#433 = CARTESIAN_POINT('',(5.93E-15,3.65,-4.));
#434 = DIRECTION('',(-2.2E-16,-1.,3.3E-16));
#435 = DIRECTION('',(1.,-2.2E-16,1.1E-16));
#436 = PCURVE('',#261,#437);
#437 = DEFINITIONAL_REPRESENTATION('',(#438),#442);
#438 = LINE('',#439,#440);
#439 = CARTESIAN_POINT('',(0.,-20.69057599743));
#440 = VECTOR('',#441,1.);
#441 = DIRECTION('',(1.,0.));
#442 = ( GEOMETRIC_REPRESENTATION_CONTEXT(2) 
PARAMETRIC_REPRESENTATION_CONTEXT() REPRESENTATION_CONTEXT('2D SPACE',''
  ) );
#443 = PCURVE('',#341,#444);
#444 = DEFINITIONAL_REPRESENTATION('',(#445),#449);
#445 = CIRCLE('',#446,0.55);
#446 = AXIS2_PLACEMENT_2D('',#447,#448);
#447 = CARTESIAN_POINT('',(0.7,-2.75));
#448 = DIRECTION('',(-1.11E-15,-1.));
#449 = ( GEOMETRIC_REPRESENTATION_CONTEXT(2) 
PARAMETRIC_REPRESENTATION_CONTEXT() REPRESENTATION_CONTEXT('2D SPACE',''
  ) );
#450 = ORIENTED_EDGE('',*,*,#403,.T.);
#451 = ORIENTED_EDGE('',*,*,#240,.T.);
#452 = ORIENTED_EDGE('',*,*,#453,.F.);
#453 = EDGE_CURVE('',#428,#213,#454,.T.);
#454 = SURFACE_CURVE('',#455,(#459,#466),.PCURVE_S1.);
#455 = LINE('',#456,#457);
#456 = CARTESIAN_POINT('',(0.55,-17.04057599743,-4.));
#457 = VECTOR('',#458,1.);
#458 = DIRECTION('',(0.,1.,-5.6E-16));
#459 = PCURVE('',#261,#460);
#460 = DEFINITIONAL_REPRESENTATION('',(#461),#465);
#461 = LINE('',#462,#463);
#462 = CARTESIAN_POINT('',(6.28318530718,0.));
#463 = VECTOR('',#464,1.);
#464 = DIRECTION('',(0.,-1.));
#465 = ( GEOMETRIC_REPRESENTATION_CONTEXT(2) 
PARAMETRIC_REPRESENTATION_CONTEXT() REPRESENTATION_CONTEXT('2D SPACE',''
  ) );
#466 = PCURVE('',#228,#467);
#467 = DEFINITIONAL_REPRESENTATION('',(#468),#472);
#468 = LINE('',#469,#470);
#469 = CARTESIAN_POINT('',(0.,0.));
#470 = VECTOR('',#471,1.);
#471 = DIRECTION('',(-2.3E-16,-1.));
#472 = ( GEOMETRIC_REPRESENTATION_CONTEXT(2) 
PARAMETRIC_REPRESENTATION_CONTEXT() REPRESENTATION_CONTEXT('2D SPACE',''
  ) );
#473 = ADVANCED_FACE('',(#474),#228,.T.);
#474 = FACE_BOUND('',#475,.T.);
#475 = EDGE_LOOP('',(#476,#499,#500,#501));
#476 = ORIENTED_EDGE('',*,*,#477,.F.);
#477 = EDGE_CURVE('',#428,#478,#480,.T.);
#478 = VERTEX_POINT('',#479);
#479 = CARTESIAN_POINT('',(0.55,3.65,3.987220000005));
#480 = SURFACE_CURVE('',#481,(#485,#492),.PCURVE_S1.);
#481 = LINE('',#482,#483);
#482 = CARTESIAN_POINT('',(0.55,3.65,-4.35));
#483 = VECTOR('',#484,1.);
#484 = DIRECTION('',(-3.3E-16,1.E-15,1.));
#485 = PCURVE('',#228,#486);
#486 = DEFINITIONAL_REPRESENTATION('',(#487),#491);
#487 = LINE('',#488,#489);
#488 = CARTESIAN_POINT('',(-0.35,-20.69057599743));
#489 = VECTOR('',#490,1.);
#490 = DIRECTION('',(1.,-6.7E-16));
#491 = ( GEOMETRIC_REPRESENTATION_CONTEXT(2) 
PARAMETRIC_REPRESENTATION_CONTEXT() REPRESENTATION_CONTEXT('2D SPACE',''
  ) );
#492 = PCURVE('',#341,#493);
#493 = DEFINITIONAL_REPRESENTATION('',(#494),#498);
#494 = LINE('',#495,#496);
#495 = CARTESIAN_POINT('',(0.35,-3.3));
#496 = VECTOR('',#497,1.);
#497 = DIRECTION('',(1.,-8.9E-16));
#498 = ( GEOMETRIC_REPRESENTATION_CONTEXT(2) 
PARAMETRIC_REPRESENTATION_CONTEXT() REPRESENTATION_CONTEXT('2D SPACE',''
  ) );
#499 = ORIENTED_EDGE('',*,*,#453,.T.);
#500 = ORIENTED_EDGE('',*,*,#212,.F.);
#501 = ORIENTED_EDGE('',*,*,#502,.F.);
#502 = EDGE_CURVE('',#478,#185,#503,.T.);
#503 = SURFACE_CURVE('',#504,(#508,#515),.PCURVE_S1.);
#504 = LINE('',#505,#506);
#505 = CARTESIAN_POINT('',(0.55,-17.04057599743,3.987220000005));
#506 = VECTOR('',#507,1.);
#507 = DIRECTION('',(0.,1.,-5.6E-16));
#508 = PCURVE('',#228,#509);
#509 = DEFINITIONAL_REPRESENTATION('',(#510),#514);
#510 = LINE('',#511,#512);
#511 = CARTESIAN_POINT('',(7.987220000005,2.635782600002E-15));
#512 = VECTOR('',#513,1.);
#513 = DIRECTION('',(-2.3E-16,-1.));
#514 = ( GEOMETRIC_REPRESENTATION_CONTEXT(2) 
PARAMETRIC_REPRESENTATION_CONTEXT() REPRESENTATION_CONTEXT('2D SPACE',''
  ) );
#515 = PCURVE('',#200,#516);
#516 = DEFINITIONAL_REPRESENTATION('',(#517),#521);
#517 = LINE('',#518,#519);
#518 = CARTESIAN_POINT('',(0.,0.));
#519 = VECTOR('',#520,1.);
#520 = DIRECTION('',(-2.2E-16,-1.));
#521 = ( GEOMETRIC_REPRESENTATION_CONTEXT(2) 
PARAMETRIC_REPRESENTATION_CONTEXT() REPRESENTATION_CONTEXT('2D SPACE',''
  ) );
#522 = ADVANCED_FACE('',(#523),#200,.T.);
#523 = FACE_BOUND('',#524,.T.);
#524 = EDGE_LOOP('',(#525,#548,#549,#550));
#525 = ORIENTED_EDGE('',*,*,#526,.F.);
#526 = EDGE_CURVE('',#478,#527,#529,.T.);
#527 = VERTEX_POINT('',#528);
#528 = CARTESIAN_POINT('',(1.4,3.65,3.987220000005));
#529 = SURFACE_CURVE('',#530,(#534,#541),.PCURVE_S1.);
#530 = LINE('',#531,#532);
#531 = CARTESIAN_POINT('',(-1.1,3.65,3.987220000005));
#532 = VECTOR('',#533,1.);
#533 = DIRECTION('',(1.,-4.4E-16,1.1E-16));
#534 = PCURVE('',#200,#535);
#535 = DEFINITIONAL_REPRESENTATION('',(#536),#540);
#536 = LINE('',#537,#538);
#537 = CARTESIAN_POINT('',(-1.65,-20.69057599743));
#538 = VECTOR('',#539,1.);
#539 = DIRECTION('',(1.,2.2E-16));
#540 = ( GEOMETRIC_REPRESENTATION_CONTEXT(2) 
PARAMETRIC_REPRESENTATION_CONTEXT() REPRESENTATION_CONTEXT('2D SPACE',''
  ) );
#541 = PCURVE('',#341,#542);
#542 = DEFINITIONAL_REPRESENTATION('',(#543),#547);
#543 = LINE('',#544,#545);
#544 = CARTESIAN_POINT('',(8.687220000005,-1.65));
#545 = VECTOR('',#546,1.);
#546 = DIRECTION('',(-1.11E-15,-1.));
#547 = ( GEOMETRIC_REPRESENTATION_CONTEXT(2) 
PARAMETRIC_REPRESENTATION_CONTEXT() REPRESENTATION_CONTEXT('2D SPACE',''
  ) );
#548 = ORIENTED_EDGE('',*,*,#502,.T.);
#549 = ORIENTED_EDGE('',*,*,#184,.F.);
#550 = ORIENTED_EDGE('',*,*,#551,.F.);
#551 = EDGE_CURVE('',#527,#157,#552,.T.);
#552 = SURFACE_CURVE('',#553,(#557,#564),.PCURVE_S1.);
#553 = LINE('',#554,#555);
#554 = CARTESIAN_POINT('',(1.4,-6.895287998716,3.987220000005));
#555 = VECTOR('',#556,1.);
#556 = DIRECTION('',(2.2E-16,1.,-5.6E-16));
#557 = PCURVE('',#200,#558);
#558 = DEFINITIONAL_REPRESENTATION('',(#559),#563);
#559 = LINE('',#560,#561);
#560 = CARTESIAN_POINT('',(0.85,-10.14528799871));
#561 = VECTOR('',#562,1.);
#562 = DIRECTION('',(-6.16E-32,-1.));
#563 = ( GEOMETRIC_REPRESENTATION_CONTEXT(2) 
PARAMETRIC_REPRESENTATION_CONTEXT() REPRESENTATION_CONTEXT('2D SPACE',''
  ) );
#564 = PCURVE('',#172,#565);
#565 = DEFINITIONAL_REPRESENTATION('',(#566),#570);
#566 = LINE('',#567,#568);
#567 = CARTESIAN_POINT('',(-10.14528799871,-12.46989244416));
#568 = VECTOR('',#569,1.);
#569 = DIRECTION('',(1.,0.));
#570 = ( GEOMETRIC_REPRESENTATION_CONTEXT(2) 
PARAMETRIC_REPRESENTATION_CONTEXT() REPRESENTATION_CONTEXT('2D SPACE',''
  ) );
#571 = ADVANCED_FACE('',(#572),#172,.T.);
#572 = FACE_BOUND('',#573,.T.);
#573 = EDGE_LOOP('',(#574,#604,#632,#660,#693,#714,#715,#716));
#574 = ORIENTED_EDGE('',*,*,#575,.F.);
#575 = EDGE_CURVE('',#576,#578,#580,.T.);
#576 = VERTEX_POINT('',#577);
#577 = CARTESIAN_POINT('',(1.4,3.25,7.2));
#578 = VERTEX_POINT('',#579);
#579 = CARTESIAN_POINT('',(1.4,3.35,7.2));
#580 = SURFACE_CURVE('',#581,(#585,#592),.PCURVE_S1.);
#581 = LINE('',#582,#583);
#582 = CARTESIAN_POINT('',(1.4,-5.E-02,7.2));
#583 = VECTOR('',#584,1.);
#584 = DIRECTION('',(-3.3E-16,1.,-8.9E-16));
#585 = PCURVE('',#172,#586);
#586 = DEFINITIONAL_REPRESENTATION('',(#587),#591);
#587 = LINE('',#588,#589);
#588 = CARTESIAN_POINT('',(-3.3,-9.257112444168));
#589 = VECTOR('',#590,1.);
#590 = DIRECTION('',(1.,-3.3E-16));
#591 = ( GEOMETRIC_REPRESENTATION_CONTEXT(2) 
PARAMETRIC_REPRESENTATION_CONTEXT() REPRESENTATION_CONTEXT('2D SPACE',''
  ) );
#592 = PCURVE('',#593,#598);
#593 = PLANE('',#594);
#594 = AXIS2_PLACEMENT_3D('',#595,#596,#597);
#595 = CARTESIAN_POINT('',(-2.75,-3.35,7.2));
#596 = DIRECTION('',(-1.05E-15,1.1E-16,1.));
#597 = DIRECTION('',(-4.4E-16,1.,-1.1E-16));
#598 = DEFINITIONAL_REPRESENTATION('',(#599),#603);
#599 = LINE('',#600,#601);
#600 = CARTESIAN_POINT('',(3.3,-4.15));
#601 = VECTOR('',#602,1.);
#602 = DIRECTION('',(1.,-1.1E-16));
#603 = ( GEOMETRIC_REPRESENTATION_CONTEXT(2) 
PARAMETRIC_REPRESENTATION_CONTEXT() REPRESENTATION_CONTEXT('2D SPACE',''
  ) );
#604 = ORIENTED_EDGE('',*,*,#605,.T.);
#605 = EDGE_CURVE('',#576,#606,#608,.T.);
#606 = VERTEX_POINT('',#607);
#607 = CARTESIAN_POINT('',(1.4,3.25,6.5));
#608 = SURFACE_CURVE('',#609,(#613,#620),.PCURVE_S1.);
#609 = LINE('',#610,#611);
#610 = CARTESIAN_POINT('',(1.4,3.25,16.457112444168));
#611 = VECTOR('',#612,1.);
#612 = DIRECTION('',(6.7E-16,1.1E-16,-1.));
#613 = PCURVE('',#172,#614);
#614 = DEFINITIONAL_REPRESENTATION('',(#615),#619);
#615 = LINE('',#616,#617);
#616 = CARTESIAN_POINT('',(0.,0.));
#617 = VECTOR('',#618,1.);
#618 = DIRECTION('',(6.7E-16,-1.));
#619 = ( GEOMETRIC_REPRESENTATION_CONTEXT(2) 
PARAMETRIC_REPRESENTATION_CONTEXT() REPRESENTATION_CONTEXT('2D SPACE',''
  ) );
#620 = PCURVE('',#621,#626);
#621 = PLANE('',#622);
#622 = AXIS2_PLACEMENT_3D('',#623,#624,#625);
#623 = CARTESIAN_POINT('',(2.9,3.25,16.457112444168));
#624 = DIRECTION('',(-1.1E-16,1.,-3.3E-16));
#625 = DIRECTION('',(-1.,-1.1E-16,0.));
#626 = DEFINITIONAL_REPRESENTATION('',(#627),#631);
#627 = LINE('',#628,#629);
#628 = CARTESIAN_POINT('',(1.5,5.445E-32));
#629 = VECTOR('',#630,1.);
#630 = DIRECTION('',(-6.7E-16,-1.));
#631 = ( GEOMETRIC_REPRESENTATION_CONTEXT(2) 
PARAMETRIC_REPRESENTATION_CONTEXT() REPRESENTATION_CONTEXT('2D SPACE',''
  ) );
#632 = ORIENTED_EDGE('',*,*,#633,.F.);
#633 = EDGE_CURVE('',#634,#606,#636,.T.);
#634 = VERTEX_POINT('',#635);
#635 = CARTESIAN_POINT('',(1.4,3.35,6.5));
#636 = SURFACE_CURVE('',#637,(#641,#648),.PCURVE_S1.);
#637 = LINE('',#638,#639);
#638 = CARTESIAN_POINT('',(1.4,3.3,6.5));
#639 = VECTOR('',#640,1.);
#640 = DIRECTION('',(3.3E-16,-1.,8.9E-16));
#641 = PCURVE('',#172,#642);
#642 = DEFINITIONAL_REPRESENTATION('',(#643),#647);
#643 = LINE('',#644,#645);
#644 = CARTESIAN_POINT('',(5.000000000001E-02,-9.957112444168));
#645 = VECTOR('',#646,1.);
#646 = DIRECTION('',(-1.,3.3E-16));
#647 = ( GEOMETRIC_REPRESENTATION_CONTEXT(2) 
PARAMETRIC_REPRESENTATION_CONTEXT() REPRESENTATION_CONTEXT('2D SPACE',''
  ) );
#648 = PCURVE('',#649,#654);
#649 = PLANE('',#650);
#650 = AXIS2_PLACEMENT_3D('',#651,#652,#653);
#651 = CARTESIAN_POINT('',(-2.75,3.35,6.5));
#652 = DIRECTION('',(1.05E-15,-1.1E-16,-1.));
#653 = DIRECTION('',(4.4E-16,-1.,1.1E-16));
#654 = DEFINITIONAL_REPRESENTATION('',(#655),#659);
#655 = LINE('',#656,#657);
#656 = CARTESIAN_POINT('',(5.000000000001E-02,-4.15));
#657 = VECTOR('',#658,1.);
#658 = DIRECTION('',(1.,1.1E-16));
#659 = ( GEOMETRIC_REPRESENTATION_CONTEXT(2) 
PARAMETRIC_REPRESENTATION_CONTEXT() REPRESENTATION_CONTEXT('2D SPACE',''
  ) );
#660 = ORIENTED_EDGE('',*,*,#661,.T.);
#661 = EDGE_CURVE('',#634,#662,#664,.T.);
#662 = VERTEX_POINT('',#663);
#663 = CARTESIAN_POINT('',(1.4,3.65,6.2));
#664 = SURFACE_CURVE('',#665,(#670,#681),.PCURVE_S1.);
#665 = CIRCLE('',#666,0.3);
#666 = AXIS2_PLACEMENT_3D('',#667,#668,#669);
#667 = CARTESIAN_POINT('',(1.4,3.35,6.2));
#668 = DIRECTION('',(-1.,1.1E-16,-1.E-15));
#669 = DIRECTION('',(1.1E-16,1.,-1.11E-15));
#670 = PCURVE('',#172,#671);
#671 = DEFINITIONAL_REPRESENTATION('',(#672),#680);
#672 = ( BOUNDED_CURVE() B_SPLINE_CURVE(2,(#673,#674,#675,#676,#677,#678
,#679),.UNSPECIFIED.,.T.,.F.) B_SPLINE_CURVE_WITH_KNOTS((1,2,2,2,2,1),(
    -2.094395102393,0.,2.094395102393,4.188790204786,6.28318530718,
8.377580409573),.UNSPECIFIED.) CURVE() GEOMETRIC_REPRESENTATION_ITEM() 
RATIONAL_B_SPLINE_CURVE((1.,0.5,1.,0.5,1.,0.5,1.)) REPRESENTATION_ITEM(
  '') );
#673 = CARTESIAN_POINT('',(0.4,-10.25711244416));
#674 = CARTESIAN_POINT('',(0.4,-10.77672768643));
#675 = CARTESIAN_POINT('',(-4.999999999999E-02,-10.5169200653));
#676 = CARTESIAN_POINT('',(-0.5,-10.25711244416));
#677 = CARTESIAN_POINT('',(-4.999999999999E-02,-9.997304823033));
#678 = CARTESIAN_POINT('',(0.4,-9.737497201898));
#679 = CARTESIAN_POINT('',(0.4,-10.25711244416));
#680 = ( GEOMETRIC_REPRESENTATION_CONTEXT(2) 
PARAMETRIC_REPRESENTATION_CONTEXT() REPRESENTATION_CONTEXT('2D SPACE',''
  ) );
#681 = PCURVE('',#682,#687);
#682 = CYLINDRICAL_SURFACE('',#683,0.3);
#683 = AXIS2_PLACEMENT_3D('',#684,#685,#686);
#684 = CARTESIAN_POINT('',(-2.75,3.35,6.2));
#685 = DIRECTION('',(-1.,4.4E-16,-3.3E-16));
#686 = DIRECTION('',(4.4E-16,1.,-1.E-15));
#687 = DEFINITIONAL_REPRESENTATION('',(#688),#692);
#688 = LINE('',#689,#690);
#689 = CARTESIAN_POINT('',(-6.28318530718,-4.15));
#690 = VECTOR('',#691,1.);
#691 = DIRECTION('',(1.,-0.));
#692 = ( GEOMETRIC_REPRESENTATION_CONTEXT(2) 
PARAMETRIC_REPRESENTATION_CONTEXT() REPRESENTATION_CONTEXT('2D SPACE',''
  ) );
#693 = ORIENTED_EDGE('',*,*,#694,.F.);
#694 = EDGE_CURVE('',#527,#662,#695,.T.);
#695 = SURFACE_CURVE('',#696,(#700,#707),.PCURVE_S1.);
#696 = LINE('',#697,#698);
#697 = CARTESIAN_POINT('',(1.4,3.65,5.878556222084));
#698 = VECTOR('',#699,1.);
#699 = DIRECTION('',(-6.7E-16,4.4E-16,1.));
#700 = PCURVE('',#172,#701);
#701 = DEFINITIONAL_REPRESENTATION('',(#702),#706);
#702 = LINE('',#703,#704);
#703 = CARTESIAN_POINT('',(0.4,-10.57855622208));
#704 = VECTOR('',#705,1.);
#705 = DIRECTION('',(-1.2E-16,1.));
#706 = ( GEOMETRIC_REPRESENTATION_CONTEXT(2) 
PARAMETRIC_REPRESENTATION_CONTEXT() REPRESENTATION_CONTEXT('2D SPACE',''
  ) );
#707 = PCURVE('',#341,#708);
#708 = DEFINITIONAL_REPRESENTATION('',(#709),#713);
#709 = LINE('',#710,#711);
#710 = CARTESIAN_POINT('',(10.578556222084,-4.15));
#711 = VECTOR('',#712,1.);
#712 = DIRECTION('',(1.,-5.5E-16));
#713 = ( GEOMETRIC_REPRESENTATION_CONTEXT(2) 
PARAMETRIC_REPRESENTATION_CONTEXT() REPRESENTATION_CONTEXT('2D SPACE',''
  ) );
#714 = ORIENTED_EDGE('',*,*,#551,.T.);
#715 = ORIENTED_EDGE('',*,*,#156,.F.);
#716 = ORIENTED_EDGE('',*,*,#717,.F.);
#717 = EDGE_CURVE('',#578,#129,#718,.T.);
#718 = SURFACE_CURVE('',#719,(#724,#735),.PCURVE_S1.);
#719 = CIRCLE('',#720,1.);
#720 = AXIS2_PLACEMENT_3D('',#721,#722,#723);
#721 = CARTESIAN_POINT('',(1.4,3.35,6.2));
#722 = DIRECTION('',(-1.,1.1E-16,-1.E-15));
#723 = DIRECTION('',(1.1E-16,1.,-1.11E-15));
#724 = PCURVE('',#172,#725);
#725 = DEFINITIONAL_REPRESENTATION('',(#726),#734);
#726 = ( BOUNDED_CURVE() B_SPLINE_CURVE(2,(#727,#728,#729,#730,#731,#732
,#733),.UNSPECIFIED.,.T.,.F.) B_SPLINE_CURVE_WITH_KNOTS((1,2,2,2,2,1),(
    -2.094395102393,0.,2.094395102393,4.188790204786,6.28318530718,
8.377580409573),.UNSPECIFIED.) CURVE() GEOMETRIC_REPRESENTATION_ITEM() 
RATIONAL_B_SPLINE_CURVE((1.,0.5,1.,0.5,1.,0.5,1.)) REPRESENTATION_ITEM(
  '') );
#727 = CARTESIAN_POINT('',(1.1,-10.25711244416));
#728 = CARTESIAN_POINT('',(1.1,-11.98916325173));
#729 = CARTESIAN_POINT('',(-0.4,-11.12313784795));
#730 = CARTESIAN_POINT('',(-1.9,-10.25711244416));
#731 = CARTESIAN_POINT('',(-0.4,-9.391087040384));
#732 = CARTESIAN_POINT('',(1.1,-8.5250616366));
#733 = CARTESIAN_POINT('',(1.1,-10.25711244416));
#734 = ( GEOMETRIC_REPRESENTATION_CONTEXT(2) 
PARAMETRIC_REPRESENTATION_CONTEXT() REPRESENTATION_CONTEXT('2D SPACE',''
  ) );
#735 = PCURVE('',#144,#736);
#736 = DEFINITIONAL_REPRESENTATION('',(#737),#741);
#737 = LINE('',#738,#739);
#738 = CARTESIAN_POINT('',(-6.28318530718,-4.15));
#739 = VECTOR('',#740,1.);
#740 = DIRECTION('',(1.,-0.));
#741 = ( GEOMETRIC_REPRESENTATION_CONTEXT(2) 
PARAMETRIC_REPRESENTATION_CONTEXT() REPRESENTATION_CONTEXT('2D SPACE',''
  ) );
#742 = ADVANCED_FACE('',(#743),#144,.T.);
#743 = FACE_BOUND('',#744,.F.);
#744 = EDGE_LOOP('',(#745,#769,#770,#771));
#745 = ORIENTED_EDGE('',*,*,#746,.T.);
#746 = EDGE_CURVE('',#747,#101,#749,.T.);
#747 = VERTEX_POINT('',#748);
#748 = CARTESIAN_POINT('',(-1.4,3.35,7.2));
#749 = SURFACE_CURVE('',#750,(#755,#762),.PCURVE_S1.);
#750 = CIRCLE('',#751,1.);
#751 = AXIS2_PLACEMENT_3D('',#752,#753,#754);
#752 = CARTESIAN_POINT('',(-1.4,3.35,6.2));
#753 = DIRECTION('',(-1.,1.1E-16,-1.E-15));
#754 = DIRECTION('',(1.1E-16,1.,-1.11E-15));
#755 = PCURVE('',#144,#756);
#756 = DEFINITIONAL_REPRESENTATION('',(#757),#761);
#757 = LINE('',#758,#759);
#758 = CARTESIAN_POINT('',(-6.28318530718,-1.35));
#759 = VECTOR('',#760,1.);
#760 = DIRECTION('',(1.,-0.));
#761 = ( GEOMETRIC_REPRESENTATION_CONTEXT(2) 
PARAMETRIC_REPRESENTATION_CONTEXT() REPRESENTATION_CONTEXT('2D SPACE',''
  ) );
#762 = PCURVE('',#116,#763);
#763 = DEFINITIONAL_REPRESENTATION('',(#764),#768);
#764 = CIRCLE('',#765,1.);
#765 = AXIS2_PLACEMENT_2D('',#766,#767);
#766 = CARTESIAN_POINT('',(1.4,-10.25711244416));
#767 = DIRECTION('',(-1.,-5.5E-16));
#768 = ( GEOMETRIC_REPRESENTATION_CONTEXT(2) 
PARAMETRIC_REPRESENTATION_CONTEXT() REPRESENTATION_CONTEXT('2D SPACE',''
  ) );
#769 = ORIENTED_EDGE('',*,*,#128,.T.);
#770 = ORIENTED_EDGE('',*,*,#717,.F.);
#771 = ORIENTED_EDGE('',*,*,#772,.F.);
#772 = EDGE_CURVE('',#747,#578,#773,.T.);
#773 = SURFACE_CURVE('',#774,(#778,#785),.PCURVE_S1.);
#774 = LINE('',#775,#776);
#775 = CARTESIAN_POINT('',(-2.75,3.35,7.2));
#776 = VECTOR('',#777,1.);
#777 = DIRECTION('',(1.,-6.7E-16,1.7E-16));
#778 = PCURVE('',#144,#779);
#779 = DEFINITIONAL_REPRESENTATION('',(#780),#784);
#780 = LINE('',#781,#782);
#781 = CARTESIAN_POINT('',(-1.570796326795,0.));
#782 = VECTOR('',#783,1.);
#783 = DIRECTION('',(-0.,-1.));
#784 = ( GEOMETRIC_REPRESENTATION_CONTEXT(2) 
PARAMETRIC_REPRESENTATION_CONTEXT() REPRESENTATION_CONTEXT('2D SPACE',''
  ) );
#785 = PCURVE('',#593,#786);
#786 = DEFINITIONAL_REPRESENTATION('',(#787),#791);
#787 = LINE('',#788,#789);
#788 = CARTESIAN_POINT('',(6.7,1.606244689504E-16));
#789 = VECTOR('',#790,1.);
#790 = DIRECTION('',(-1.11E-15,-1.));
#791 = ( GEOMETRIC_REPRESENTATION_CONTEXT(2) 
PARAMETRIC_REPRESENTATION_CONTEXT() REPRESENTATION_CONTEXT('2D SPACE',''
  ) );
#792 = ADVANCED_FACE('',(#793),#116,.T.);
#793 = FACE_BOUND('',#794,.T.);
#794 = EDGE_LOOP('',(#795,#825,#846,#847,#848,#849,#872,#896));
#795 = ORIENTED_EDGE('',*,*,#796,.F.);
#796 = EDGE_CURVE('',#797,#799,#801,.T.);
#797 = VERTEX_POINT('',#798);
#798 = CARTESIAN_POINT('',(-1.4,3.25,7.2));
#799 = VERTEX_POINT('',#800);
#800 = CARTESIAN_POINT('',(-1.4,3.25,6.5));
#801 = SURFACE_CURVE('',#802,(#806,#813),.PCURVE_S1.);
#802 = LINE('',#803,#804);
#803 = CARTESIAN_POINT('',(-1.4,3.25,16.457112444168));
#804 = VECTOR('',#805,1.);
#805 = DIRECTION('',(6.7E-16,1.1E-16,-1.));
#806 = PCURVE('',#116,#807);
#807 = DEFINITIONAL_REPRESENTATION('',(#808),#812);
#808 = LINE('',#809,#810);
#809 = CARTESIAN_POINT('',(1.5,-8.4E-16));
#810 = VECTOR('',#811,1.);
#811 = DIRECTION('',(-6.7E-16,-1.));
#812 = ( GEOMETRIC_REPRESENTATION_CONTEXT(2) 
PARAMETRIC_REPRESENTATION_CONTEXT() REPRESENTATION_CONTEXT('2D SPACE',''
  ) );
#813 = PCURVE('',#814,#819);
#814 = PLANE('',#815);
#815 = AXIS2_PLACEMENT_3D('',#816,#817,#818);
#816 = CARTESIAN_POINT('',(-1.4,3.25,16.457112444168));
#817 = DIRECTION('',(-1.1E-16,1.,-3.3E-16));
#818 = DIRECTION('',(-1.,-1.1E-16,0.));
#819 = DEFINITIONAL_REPRESENTATION('',(#820),#824);
#820 = LINE('',#821,#822);
#821 = CARTESIAN_POINT('',(0.,0.));
#822 = VECTOR('',#823,1.);
#823 = DIRECTION('',(-6.7E-16,-1.));
#824 = ( GEOMETRIC_REPRESENTATION_CONTEXT(2) 
PARAMETRIC_REPRESENTATION_CONTEXT() REPRESENTATION_CONTEXT('2D SPACE',''
  ) );
#825 = ORIENTED_EDGE('',*,*,#826,.F.);
#826 = EDGE_CURVE('',#747,#797,#827,.T.);
#827 = SURFACE_CURVE('',#828,(#832,#839),.PCURVE_S1.);
#828 = LINE('',#829,#830);
#829 = CARTESIAN_POINT('',(-1.4,0.7,7.2));
#830 = VECTOR('',#831,1.);
#831 = DIRECTION('',(3.3E-16,-1.,8.9E-16));
#832 = PCURVE('',#116,#833);
#833 = DEFINITIONAL_REPRESENTATION('',(#834),#838);
#834 = LINE('',#835,#836);
#835 = CARTESIAN_POINT('',(4.05,-9.257112444168));
#836 = VECTOR('',#837,1.);
#837 = DIRECTION('',(1.,3.3E-16));
#838 = ( GEOMETRIC_REPRESENTATION_CONTEXT(2) 
PARAMETRIC_REPRESENTATION_CONTEXT() REPRESENTATION_CONTEXT('2D SPACE',''
  ) );
#839 = PCURVE('',#593,#840);
#840 = DEFINITIONAL_REPRESENTATION('',(#841),#845);
#841 = LINE('',#842,#843);
#842 = CARTESIAN_POINT('',(4.05,-1.35));
#843 = VECTOR('',#844,1.);
#844 = DIRECTION('',(-1.,1.1E-16));
#845 = ( GEOMETRIC_REPRESENTATION_CONTEXT(2) 
PARAMETRIC_REPRESENTATION_CONTEXT() REPRESENTATION_CONTEXT('2D SPACE',''
  ) );
#846 = ORIENTED_EDGE('',*,*,#746,.T.);
#847 = ORIENTED_EDGE('',*,*,#100,.F.);
#848 = ORIENTED_EDGE('',*,*,#353,.T.);
#849 = ORIENTED_EDGE('',*,*,#850,.F.);
#850 = EDGE_CURVE('',#851,#326,#853,.T.);
#851 = VERTEX_POINT('',#852);
#852 = CARTESIAN_POINT('',(-1.4,3.65,6.2));
#853 = SURFACE_CURVE('',#854,(#858,#865),.PCURVE_S1.);
#854 = LINE('',#855,#856);
#855 = CARTESIAN_POINT('',(-1.4,3.65,5.878556222084));
#856 = VECTOR('',#857,1.);
#857 = DIRECTION('',(6.7E-16,-4.4E-16,-1.));
#858 = PCURVE('',#116,#859);
#859 = DEFINITIONAL_REPRESENTATION('',(#860),#864);
#860 = LINE('',#861,#862);
#861 = CARTESIAN_POINT('',(1.1,-10.57855622208));
#862 = VECTOR('',#863,1.);
#863 = DIRECTION('',(-1.2E-16,-1.));
#864 = ( GEOMETRIC_REPRESENTATION_CONTEXT(2) 
PARAMETRIC_REPRESENTATION_CONTEXT() REPRESENTATION_CONTEXT('2D SPACE',''
  ) );
#865 = PCURVE('',#341,#866);
#866 = DEFINITIONAL_REPRESENTATION('',(#867),#871);
#867 = LINE('',#868,#869);
#868 = CARTESIAN_POINT('',(10.578556222084,-1.35));
#869 = VECTOR('',#870,1.);
#870 = DIRECTION('',(-1.,5.5E-16));
#871 = ( GEOMETRIC_REPRESENTATION_CONTEXT(2) 
PARAMETRIC_REPRESENTATION_CONTEXT() REPRESENTATION_CONTEXT('2D SPACE',''
  ) );
#872 = ORIENTED_EDGE('',*,*,#873,.F.);
#873 = EDGE_CURVE('',#874,#851,#876,.T.);
#874 = VERTEX_POINT('',#875);
#875 = CARTESIAN_POINT('',(-1.4,3.35,6.5));
#876 = SURFACE_CURVE('',#877,(#882,#889),.PCURVE_S1.);
#877 = CIRCLE('',#878,0.3);
#878 = AXIS2_PLACEMENT_3D('',#879,#880,#881);
#879 = CARTESIAN_POINT('',(-1.4,3.35,6.2));
#880 = DIRECTION('',(-1.,1.1E-16,-1.E-15));
#881 = DIRECTION('',(1.1E-16,1.,-1.11E-15));
#882 = PCURVE('',#116,#883);
#883 = DEFINITIONAL_REPRESENTATION('',(#884),#888);
#884 = CIRCLE('',#885,0.3);
#885 = AXIS2_PLACEMENT_2D('',#886,#887);
#886 = CARTESIAN_POINT('',(1.4,-10.25711244416));
#887 = DIRECTION('',(-1.,-5.5E-16));
#888 = ( GEOMETRIC_REPRESENTATION_CONTEXT(2) 
PARAMETRIC_REPRESENTATION_CONTEXT() REPRESENTATION_CONTEXT('2D SPACE',''
  ) );
#889 = PCURVE('',#682,#890);
#890 = DEFINITIONAL_REPRESENTATION('',(#891),#895);
#891 = LINE('',#892,#893);
#892 = CARTESIAN_POINT('',(-6.28318530718,-1.35));
#893 = VECTOR('',#894,1.);
#894 = DIRECTION('',(1.,-0.));
#895 = ( GEOMETRIC_REPRESENTATION_CONTEXT(2) 
PARAMETRIC_REPRESENTATION_CONTEXT() REPRESENTATION_CONTEXT('2D SPACE',''
  ) );
#896 = ORIENTED_EDGE('',*,*,#897,.F.);
#897 = EDGE_CURVE('',#799,#874,#898,.T.);
#898 = SURFACE_CURVE('',#899,(#903,#910),.PCURVE_S1.);
#899 = LINE('',#900,#901);
#900 = CARTESIAN_POINT('',(-1.4,4.05,6.5));
#901 = VECTOR('',#902,1.);
#902 = DIRECTION('',(-3.3E-16,1.,-8.9E-16));
#903 = PCURVE('',#116,#904);
#904 = DEFINITIONAL_REPRESENTATION('',(#905),#909);
#905 = LINE('',#906,#907);
#906 = CARTESIAN_POINT('',(0.7,-9.957112444168));
#907 = VECTOR('',#908,1.);
#908 = DIRECTION('',(-1.,-3.3E-16));
#909 = ( GEOMETRIC_REPRESENTATION_CONTEXT(2) 
PARAMETRIC_REPRESENTATION_CONTEXT() REPRESENTATION_CONTEXT('2D SPACE',''
  ) );
#910 = PCURVE('',#649,#911);
#911 = DEFINITIONAL_REPRESENTATION('',(#912),#916);
#912 = LINE('',#913,#914);
#913 = CARTESIAN_POINT('',(-0.7,-1.35));
#914 = VECTOR('',#915,1.);
#915 = DIRECTION('',(-1.,-1.1E-16));
#916 = ( GEOMETRIC_REPRESENTATION_CONTEXT(2) 
PARAMETRIC_REPRESENTATION_CONTEXT() REPRESENTATION_CONTEXT('2D SPACE',''
  ) );
#917 = ADVANCED_FACE('',(#918),#341,.T.);
#918 = FACE_BOUND('',#919,.T.);
#919 = EDGE_LOOP('',(#920,#941,#942,#943,#944,#945,#946,#947));
#920 = ORIENTED_EDGE('',*,*,#921,.F.);
#921 = EDGE_CURVE('',#851,#662,#922,.T.);
#922 = SURFACE_CURVE('',#923,(#927,#934),.PCURVE_S1.);
#923 = LINE('',#924,#925);
#924 = CARTESIAN_POINT('',(-2.75,3.65,6.2));
#925 = VECTOR('',#926,1.);
#926 = DIRECTION('',(1.,-6.7E-16,1.7E-16));
#927 = PCURVE('',#341,#928);
#928 = DEFINITIONAL_REPRESENTATION('',(#929),#933);
#929 = LINE('',#930,#931);
#930 = CARTESIAN_POINT('',(10.9,4.687655053519E-16));
#931 = VECTOR('',#932,1.);
#932 = DIRECTION('',(-1.05E-15,-1.));
#933 = ( GEOMETRIC_REPRESENTATION_CONTEXT(2) 
PARAMETRIC_REPRESENTATION_CONTEXT() REPRESENTATION_CONTEXT('2D SPACE',''
  ) );
#934 = PCURVE('',#682,#935);
#935 = DEFINITIONAL_REPRESENTATION('',(#936),#940);
#936 = LINE('',#937,#938);
#937 = CARTESIAN_POINT('',(8.9E-16,-0.));
#938 = VECTOR('',#939,1.);
#939 = DIRECTION('',(-0.,-1.));
#940 = ( GEOMETRIC_REPRESENTATION_CONTEXT(2) 
PARAMETRIC_REPRESENTATION_CONTEXT() REPRESENTATION_CONTEXT('2D SPACE',''
  ) );
#941 = ORIENTED_EDGE('',*,*,#850,.T.);
#942 = ORIENTED_EDGE('',*,*,#325,.T.);
#943 = ORIENTED_EDGE('',*,*,#378,.T.);
#944 = ORIENTED_EDGE('',*,*,#427,.T.);
#945 = ORIENTED_EDGE('',*,*,#477,.T.);
#946 = ORIENTED_EDGE('',*,*,#526,.T.);
#947 = ORIENTED_EDGE('',*,*,#694,.T.);
#948 = ADVANCED_FACE('',(#949,#1194),#593,.T.);
#949 = FACE_BOUND('',#950,.T.);
#950 = EDGE_LOOP('',(#951,#981,#1009,#1037,#1065,#1093,#1114,#1115,#1116
    ,#1117,#1140,#1168));
#951 = ORIENTED_EDGE('',*,*,#952,.F.);
#952 = EDGE_CURVE('',#953,#955,#957,.T.);
#953 = VERTEX_POINT('',#954);
#954 = CARTESIAN_POINT('',(-1.4,-3.35,7.2));
#955 = VERTEX_POINT('',#956);
#956 = CARTESIAN_POINT('',(-1.4,-3.25,7.2));
#957 = SURFACE_CURVE('',#958,(#962,#969),.PCURVE_S1.);
#958 = LINE('',#959,#960);
#959 = CARTESIAN_POINT('',(-1.4,-4.05,7.2));
#960 = VECTOR('',#961,1.);
#961 = DIRECTION('',(-3.3E-16,1.,-8.9E-16));
#962 = PCURVE('',#593,#963);
#963 = DEFINITIONAL_REPRESENTATION('',(#964),#968);
#964 = LINE('',#965,#966);
#965 = CARTESIAN_POINT('',(-0.7,-1.35));
#966 = VECTOR('',#967,1.);
#967 = DIRECTION('',(1.,-1.1E-16));
#968 = ( GEOMETRIC_REPRESENTATION_CONTEXT(2) 
PARAMETRIC_REPRESENTATION_CONTEXT() REPRESENTATION_CONTEXT('2D SPACE',''
  ) );
#969 = PCURVE('',#970,#975);
#970 = PLANE('',#971);
#971 = AXIS2_PLACEMENT_3D('',#972,#973,#974);
#972 = CARTESIAN_POINT('',(-1.4,-4.75,16.457112444168));
#973 = DIRECTION('',(1.,-1.1E-16,2.2E-16));
#974 = DIRECTION('',(1.1E-16,1.,-5.6E-16));
#975 = DEFINITIONAL_REPRESENTATION('',(#976),#980);
#976 = LINE('',#977,#978);
#977 = CARTESIAN_POINT('',(0.7,-9.257112444168));
#978 = VECTOR('',#979,1.);
#979 = DIRECTION('',(1.,-3.3E-16));
#980 = ( GEOMETRIC_REPRESENTATION_CONTEXT(2) 
PARAMETRIC_REPRESENTATION_CONTEXT() REPRESENTATION_CONTEXT('2D SPACE',''
  ) );
#981 = ORIENTED_EDGE('',*,*,#982,.T.);
#982 = EDGE_CURVE('',#953,#983,#985,.T.);
#983 = VERTEX_POINT('',#984);
#984 = CARTESIAN_POINT('',(1.4,-3.35,7.2));
#985 = SURFACE_CURVE('',#986,(#990,#997),.PCURVE_S1.);
#986 = LINE('',#987,#988);
#987 = CARTESIAN_POINT('',(-2.75,-3.35,7.2));
#988 = VECTOR('',#989,1.);
#989 = DIRECTION('',(1.,-6.7E-16,1.7E-16));
#990 = PCURVE('',#593,#991);
#991 = DEFINITIONAL_REPRESENTATION('',(#992),#996);
#992 = LINE('',#993,#994);
#993 = CARTESIAN_POINT('',(0.,-0.));
#994 = VECTOR('',#995,1.);
#995 = DIRECTION('',(-1.11E-15,-1.));
#996 = ( GEOMETRIC_REPRESENTATION_CONTEXT(2) 
PARAMETRIC_REPRESENTATION_CONTEXT() REPRESENTATION_CONTEXT('2D SPACE',''
  ) );
#997 = PCURVE('',#998,#1003);
#998 = CYLINDRICAL_SURFACE('',#999,1.);
#999 = AXIS2_PLACEMENT_3D('',#1000,#1001,#1002);
#1000 = CARTESIAN_POINT('',(-2.75,-3.35,6.2));
#1001 = DIRECTION('',(-1.,4.4E-16,-3.3E-16));
#1002 = DIRECTION('',(4.4E-16,1.,-1.E-15));
#1003 = DEFINITIONAL_REPRESENTATION('',(#1004),#1008);
#1004 = LINE('',#1005,#1006);
#1005 = CARTESIAN_POINT('',(-1.570796326795,0.));
#1006 = VECTOR('',#1007,1.);
#1007 = DIRECTION('',(-0.,-1.));
#1008 = ( GEOMETRIC_REPRESENTATION_CONTEXT(2) 
PARAMETRIC_REPRESENTATION_CONTEXT() REPRESENTATION_CONTEXT('2D SPACE',''
  ) );
#1009 = ORIENTED_EDGE('',*,*,#1010,.F.);
#1010 = EDGE_CURVE('',#1011,#983,#1013,.T.);
#1011 = VERTEX_POINT('',#1012);
#1012 = CARTESIAN_POINT('',(1.4,-3.25,7.2));
#1013 = SURFACE_CURVE('',#1014,(#1018,#1025),.PCURVE_S1.);
#1014 = LINE('',#1015,#1016);
#1015 = CARTESIAN_POINT('',(1.4,-3.3,7.2));
#1016 = VECTOR('',#1017,1.);
#1017 = DIRECTION('',(3.3E-16,-1.,8.9E-16));
#1018 = PCURVE('',#593,#1019);
#1019 = DEFINITIONAL_REPRESENTATION('',(#1020),#1024);
#1020 = LINE('',#1021,#1022);
#1021 = CARTESIAN_POINT('',(5.E-02,-4.15));
#1022 = VECTOR('',#1023,1.);
#1023 = DIRECTION('',(-1.,1.1E-16));
#1024 = ( GEOMETRIC_REPRESENTATION_CONTEXT(2) 
PARAMETRIC_REPRESENTATION_CONTEXT() REPRESENTATION_CONTEXT('2D SPACE',''
  ) );
#1025 = PCURVE('',#1026,#1031);
#1026 = PLANE('',#1027);
#1027 = AXIS2_PLACEMENT_3D('',#1028,#1029,#1030);
#1028 = CARTESIAN_POINT('',(1.4,-3.25,16.457112444168));
#1029 = DIRECTION('',(-1.,1.1E-16,-2.2E-16));
#1030 = DIRECTION('',(-1.1E-16,-1.,5.6E-16));
#1031 = DEFINITIONAL_REPRESENTATION('',(#1032),#1036);
#1032 = LINE('',#1033,#1034);
#1033 = CARTESIAN_POINT('',(4.999999999999E-02,-9.257112444168));
#1034 = VECTOR('',#1035,1.);
#1035 = DIRECTION('',(1.,3.3E-16));
#1036 = ( GEOMETRIC_REPRESENTATION_CONTEXT(2) 
PARAMETRIC_REPRESENTATION_CONTEXT() REPRESENTATION_CONTEXT('2D SPACE',''
  ) );
#1037 = ORIENTED_EDGE('',*,*,#1038,.F.);
#1038 = EDGE_CURVE('',#1039,#1011,#1041,.T.);
#1039 = VERTEX_POINT('',#1040);
#1040 = CARTESIAN_POINT('',(2.75,-3.25,7.2));
#1041 = SURFACE_CURVE('',#1042,(#1046,#1053),.PCURVE_S1.);
#1042 = LINE('',#1043,#1044);
#1043 = CARTESIAN_POINT('',(7.5E-02,-3.25,7.2));
#1044 = VECTOR('',#1045,1.);
#1045 = DIRECTION('',(-1.,3.3E-16,-6.1E-16));
#1046 = PCURVE('',#593,#1047);
#1047 = DEFINITIONAL_REPRESENTATION('',(#1048),#1052);
#1048 = LINE('',#1049,#1050);
#1049 = CARTESIAN_POINT('',(1.E-01,-2.825));
#1050 = VECTOR('',#1051,1.);
#1051 = DIRECTION('',(7.7E-16,1.));
#1052 = ( GEOMETRIC_REPRESENTATION_CONTEXT(2) 
PARAMETRIC_REPRESENTATION_CONTEXT() REPRESENTATION_CONTEXT('2D SPACE',''
  ) );
#1053 = PCURVE('',#1054,#1059);
#1054 = PLANE('',#1055);
#1055 = AXIS2_PLACEMENT_3D('',#1056,#1057,#1058);
#1056 = CARTESIAN_POINT('',(2.9,-3.25,16.457112444168));
#1057 = DIRECTION('',(-1.1E-16,1.,-3.3E-16));
#1058 = DIRECTION('',(-1.,-1.1E-16,0.));
#1059 = DEFINITIONAL_REPRESENTATION('',(#1060),#1064);
#1060 = LINE('',#1061,#1062);
#1061 = CARTESIAN_POINT('',(2.825,-9.257112444168));
#1062 = VECTOR('',#1063,1.);
#1063 = DIRECTION('',(1.,-6.1E-16));
#1064 = ( GEOMETRIC_REPRESENTATION_CONTEXT(2) 
PARAMETRIC_REPRESENTATION_CONTEXT() REPRESENTATION_CONTEXT('2D SPACE',''
  ) );
#1065 = ORIENTED_EDGE('',*,*,#1066,.T.);
#1066 = EDGE_CURVE('',#1039,#1067,#1069,.T.);
#1067 = VERTEX_POINT('',#1068);
#1068 = CARTESIAN_POINT('',(2.75,3.25,7.2));
#1069 = SURFACE_CURVE('',#1070,(#1074,#1081),.PCURVE_S1.);
#1070 = LINE('',#1071,#1072);
#1071 = CARTESIAN_POINT('',(2.75,-3.35,7.2));
#1072 = VECTOR('',#1073,1.);
#1073 = DIRECTION('',(-8.9E-16,1.,-7.8E-16));
#1074 = PCURVE('',#593,#1075);
#1075 = DEFINITIONAL_REPRESENTATION('',(#1076),#1080);
#1076 = LINE('',#1077,#1078);
#1077 = CARTESIAN_POINT('',(-6.860892098501E-15,-5.5));
#1078 = VECTOR('',#1079,1.);
#1079 = DIRECTION('',(1.,4.5E-16));
#1080 = ( GEOMETRIC_REPRESENTATION_CONTEXT(2) 
PARAMETRIC_REPRESENTATION_CONTEXT() REPRESENTATION_CONTEXT('2D SPACE',''
  ) );
#1081 = PCURVE('',#1082,#1087);
#1082 = PLANE('',#1083);
#1083 = AXIS2_PLACEMENT_3D('',#1084,#1085,#1086);
#1084 = CARTESIAN_POINT('',(2.75,1.595068653362,3.488735420881));
#1085 = DIRECTION('',(1.,-6.7E-16,-1.1E-16));
#1086 = DIRECTION('',(6.7E-16,1.,-7.8E-16));
#1087 = DEFINITIONAL_REPRESENTATION('',(#1088),#1092);
#1088 = LINE('',#1089,#1090);
#1089 = CARTESIAN_POINT('',(-4.945068653362,3.711264579119));
#1090 = VECTOR('',#1091,1.);
#1091 = DIRECTION('',(1.,-1.972152263053E-31));
#1092 = ( GEOMETRIC_REPRESENTATION_CONTEXT(2) 
PARAMETRIC_REPRESENTATION_CONTEXT() REPRESENTATION_CONTEXT('2D SPACE',''
  ) );
#1093 = ORIENTED_EDGE('',*,*,#1094,.T.);
#1094 = EDGE_CURVE('',#1067,#576,#1095,.T.);
#1095 = SURFACE_CURVE('',#1096,(#1100,#1107),.PCURVE_S1.);
#1096 = LINE('',#1097,#1098);
#1097 = CARTESIAN_POINT('',(7.499999999999E-02,3.25,7.2));
#1098 = VECTOR('',#1099,1.);
#1099 = DIRECTION('',(-1.,3.3E-16,-6.1E-16));
#1100 = PCURVE('',#593,#1101);
#1101 = DEFINITIONAL_REPRESENTATION('',(#1102),#1106);
#1102 = LINE('',#1103,#1104);
#1103 = CARTESIAN_POINT('',(6.6,-2.825));
#1104 = VECTOR('',#1105,1.);
#1105 = DIRECTION('',(7.7E-16,1.));
#1106 = ( GEOMETRIC_REPRESENTATION_CONTEXT(2) 
PARAMETRIC_REPRESENTATION_CONTEXT() REPRESENTATION_CONTEXT('2D SPACE',''
  ) );
#1107 = PCURVE('',#621,#1108);
#1108 = DEFINITIONAL_REPRESENTATION('',(#1109),#1113);
#1109 = LINE('',#1110,#1111);
#1110 = CARTESIAN_POINT('',(2.825,-9.257112444168));
#1111 = VECTOR('',#1112,1.);
#1112 = DIRECTION('',(1.,-6.1E-16));
#1113 = ( GEOMETRIC_REPRESENTATION_CONTEXT(2) 
PARAMETRIC_REPRESENTATION_CONTEXT() REPRESENTATION_CONTEXT('2D SPACE',''
  ) );
#1114 = ORIENTED_EDGE('',*,*,#575,.T.);
#1115 = ORIENTED_EDGE('',*,*,#772,.F.);
#1116 = ORIENTED_EDGE('',*,*,#826,.T.);
#1117 = ORIENTED_EDGE('',*,*,#1118,.T.);
#1118 = EDGE_CURVE('',#797,#1119,#1121,.T.);
#1119 = VERTEX_POINT('',#1120);
#1120 = CARTESIAN_POINT('',(-2.75,3.25,7.2));
#1121 = SURFACE_CURVE('',#1122,(#1126,#1133),.PCURVE_S1.);
#1122 = LINE('',#1123,#1124);
#1123 = CARTESIAN_POINT('',(-2.075,3.25,7.2));
#1124 = VECTOR('',#1125,1.);
#1125 = DIRECTION('',(-1.,3.3E-16,-6.1E-16));
#1126 = PCURVE('',#593,#1127);
#1127 = DEFINITIONAL_REPRESENTATION('',(#1128),#1132);
#1128 = LINE('',#1129,#1130);
#1129 = CARTESIAN_POINT('',(6.6,-0.675));
#1130 = VECTOR('',#1131,1.);
#1131 = DIRECTION('',(7.7E-16,1.));
#1132 = ( GEOMETRIC_REPRESENTATION_CONTEXT(2) 
PARAMETRIC_REPRESENTATION_CONTEXT() REPRESENTATION_CONTEXT('2D SPACE',''
  ) );
#1133 = PCURVE('',#814,#1134);
#1134 = DEFINITIONAL_REPRESENTATION('',(#1135),#1139);
#1135 = LINE('',#1136,#1137);
#1136 = CARTESIAN_POINT('',(0.675,-9.257112444168));
#1137 = VECTOR('',#1138,1.);
#1138 = DIRECTION('',(1.,-6.1E-16));
#1139 = ( GEOMETRIC_REPRESENTATION_CONTEXT(2) 
PARAMETRIC_REPRESENTATION_CONTEXT() REPRESENTATION_CONTEXT('2D SPACE',''
  ) );
#1140 = ORIENTED_EDGE('',*,*,#1141,.F.);
#1141 = EDGE_CURVE('',#1142,#1119,#1144,.T.);
#1142 = VERTEX_POINT('',#1143);
#1143 = CARTESIAN_POINT('',(-2.75,-3.25,7.2));
#1144 = SURFACE_CURVE('',#1145,(#1149,#1156),.PCURVE_S1.);
#1145 = LINE('',#1146,#1147);
#1146 = CARTESIAN_POINT('',(-2.75,-3.35,7.2));
#1147 = VECTOR('',#1148,1.);
#1148 = DIRECTION('',(-8.9E-16,1.,-7.8E-16));
#1149 = PCURVE('',#593,#1150);
#1150 = DEFINITIONAL_REPRESENTATION('',(#1151),#1155);
#1151 = LINE('',#1152,#1153);
#1152 = CARTESIAN_POINT('',(-7.105427357601E-15,-1.7763568394E-15));
#1153 = VECTOR('',#1154,1.);
#1154 = DIRECTION('',(1.,4.5E-16));
#1155 = ( GEOMETRIC_REPRESENTATION_CONTEXT(2) 
PARAMETRIC_REPRESENTATION_CONTEXT() REPRESENTATION_CONTEXT('2D SPACE',''
  ) );
#1156 = PCURVE('',#1157,#1162);
#1157 = PLANE('',#1158);
#1158 = AXIS2_PLACEMENT_3D('',#1159,#1160,#1161);
#1159 = CARTESIAN_POINT('',(-2.75,1.595068653362,3.488735420881));
#1160 = DIRECTION('',(1.,-6.7E-16,-1.1E-16));
#1161 = DIRECTION('',(6.7E-16,1.,-7.8E-16));
#1162 = DEFINITIONAL_REPRESENTATION('',(#1163),#1167);
#1163 = LINE('',#1164,#1165);
#1164 = CARTESIAN_POINT('',(-4.945068653362,3.711264579119));
#1165 = VECTOR('',#1166,1.);
#1166 = DIRECTION('',(1.,-1.972152263053E-31));
#1167 = ( GEOMETRIC_REPRESENTATION_CONTEXT(2) 
PARAMETRIC_REPRESENTATION_CONTEXT() REPRESENTATION_CONTEXT('2D SPACE',''
  ) );
#1168 = ORIENTED_EDGE('',*,*,#1169,.F.);
#1169 = EDGE_CURVE('',#955,#1142,#1170,.T.);
#1170 = SURFACE_CURVE('',#1171,(#1175,#1182),.PCURVE_S1.);
#1171 = LINE('',#1172,#1173);
#1172 = CARTESIAN_POINT('',(-2.075,-3.25,7.2));
#1173 = VECTOR('',#1174,1.);
#1174 = DIRECTION('',(-1.,3.3E-16,-6.1E-16));
#1175 = PCURVE('',#593,#1176);
#1176 = DEFINITIONAL_REPRESENTATION('',(#1177),#1181);
#1177 = LINE('',#1178,#1179);
#1178 = CARTESIAN_POINT('',(0.1,-0.675));
#1179 = VECTOR('',#1180,1.);
#1180 = DIRECTION('',(7.7E-16,1.));
#1181 = ( GEOMETRIC_REPRESENTATION_CONTEXT(2) 
PARAMETRIC_REPRESENTATION_CONTEXT() REPRESENTATION_CONTEXT('2D SPACE',''
  ) );
#1182 = PCURVE('',#1183,#1188);
#1183 = PLANE('',#1184);
#1184 = AXIS2_PLACEMENT_3D('',#1185,#1186,#1187);
#1185 = CARTESIAN_POINT('',(-1.4,-3.25,16.457112444168));
#1186 = DIRECTION('',(-1.1E-16,1.,-3.3E-16));
#1187 = DIRECTION('',(-1.,-1.1E-16,0.));
#1188 = DEFINITIONAL_REPRESENTATION('',(#1189),#1193);
#1189 = LINE('',#1190,#1191);
#1190 = CARTESIAN_POINT('',(0.675,-9.257112444168));
#1191 = VECTOR('',#1192,1.);
#1192 = DIRECTION('',(1.,-6.1E-16));
#1193 = ( GEOMETRIC_REPRESENTATION_CONTEXT(2) 
PARAMETRIC_REPRESENTATION_CONTEXT() REPRESENTATION_CONTEXT('2D SPACE',''
  ) );
#1194 = FACE_BOUND('',#1195,.T.);
#1195 = EDGE_LOOP('',(#1196));
#1196 = ORIENTED_EDGE('',*,*,#1197,.F.);
#1197 = EDGE_CURVE('',#1198,#1198,#1200,.T.);
#1198 = VERTEX_POINT('',#1199);
#1199 = CARTESIAN_POINT('',(1.5,2.E-15,7.2));
#1200 = SURFACE_CURVE('',#1201,(#1206,#1213),.PCURVE_S1.);
#1201 = CIRCLE('',#1202,1.5);
#1202 = AXIS2_PLACEMENT_3D('',#1203,#1204,#1205);
#1203 = CARTESIAN_POINT('',(-6.85E-15,-2.85E-15,7.2));
#1204 = DIRECTION('',(0.,5.6E-16,1.));
#1205 = DIRECTION('',(1.,-3.3E-16,1.848E-31));
#1206 = PCURVE('',#593,#1207);
#1207 = DEFINITIONAL_REPRESENTATION('',(#1208),#1212);
#1208 = CIRCLE('',#1209,1.5);
#1209 = AXIS2_PLACEMENT_2D('',#1210,#1211);
#1210 = CARTESIAN_POINT('',(3.35,-2.75));
#1211 = DIRECTION('',(-7.7E-16,-1.));
#1212 = ( GEOMETRIC_REPRESENTATION_CONTEXT(2) 
PARAMETRIC_REPRESENTATION_CONTEXT() REPRESENTATION_CONTEXT('2D SPACE',''
  ) );
#1213 = PCURVE('',#1214,#1219);
#1214 = CYLINDRICAL_SURFACE('',#1215,1.5);
#1215 = AXIS2_PLACEMENT_3D('',#1216,#1217,#1218);
#1216 = CARTESIAN_POINT('',(-1.096E-14,-1.83E-15,16.457112444168));
#1217 = DIRECTION('',(-4.4E-16,1.1E-16,1.));
#1218 = DIRECTION('',(1.,-3.3E-16,4.4E-16));
#1219 = DEFINITIONAL_REPRESENTATION('',(#1220),#1224);
#1220 = LINE('',#1221,#1222);
#1221 = CARTESIAN_POINT('',(0.,-9.257112444168));
#1222 = VECTOR('',#1223,1.);
#1223 = DIRECTION('',(1.,0.));
#1224 = ( GEOMETRIC_REPRESENTATION_CONTEXT(2) 
PARAMETRIC_REPRESENTATION_CONTEXT() REPRESENTATION_CONTEXT('2D SPACE',''
  ) );
#1225 = ADVANCED_FACE('',(#1226),#682,.F.);
#1226 = FACE_BOUND('',#1227,.T.);
#1227 = EDGE_LOOP('',(#1228,#1229,#1230,#1231));
#1228 = ORIENTED_EDGE('',*,*,#873,.T.);
#1229 = ORIENTED_EDGE('',*,*,#921,.T.);
#1230 = ORIENTED_EDGE('',*,*,#661,.F.);
#1231 = ORIENTED_EDGE('',*,*,#1232,.F.);
#1232 = EDGE_CURVE('',#874,#634,#1233,.T.);
#1233 = SURFACE_CURVE('',#1234,(#1238,#1245),.PCURVE_S1.);
#1234 = LINE('',#1235,#1236);
#1235 = CARTESIAN_POINT('',(-2.75,3.35,6.5));
#1236 = VECTOR('',#1237,1.);
#1237 = DIRECTION('',(1.,-6.7E-16,1.7E-16));
#1238 = PCURVE('',#682,#1239);
#1239 = DEFINITIONAL_REPRESENTATION('',(#1240),#1244);
#1240 = LINE('',#1241,#1242);
#1241 = CARTESIAN_POINT('',(-1.570796326795,0.));
#1242 = VECTOR('',#1243,1.);
#1243 = DIRECTION('',(-0.,-1.));
#1244 = ( GEOMETRIC_REPRESENTATION_CONTEXT(2) 
PARAMETRIC_REPRESENTATION_CONTEXT() REPRESENTATION_CONTEXT('2D SPACE',''
  ) );
#1245 = PCURVE('',#649,#1246);
#1246 = DEFINITIONAL_REPRESENTATION('',(#1247),#1251);
#1247 = LINE('',#1248,#1249);
#1248 = CARTESIAN_POINT('',(0.,-0.));
#1249 = VECTOR('',#1250,1.);
#1250 = DIRECTION('',(1.11E-15,-1.));
#1251 = ( GEOMETRIC_REPRESENTATION_CONTEXT(2) 
PARAMETRIC_REPRESENTATION_CONTEXT() REPRESENTATION_CONTEXT('2D SPACE',''
  ) );
#1252 = ADVANCED_FACE('',(#1253,#1468),#649,.T.);
#1253 = FACE_BOUND('',#1254,.T.);
#1254 = EDGE_LOOP('',(#1255,#1256,#1257,#1258,#1281,#1304,#1327,#1350,
    #1378,#1401,#1424,#1447));
#1255 = ORIENTED_EDGE('',*,*,#897,.T.);
#1256 = ORIENTED_EDGE('',*,*,#1232,.T.);
#1257 = ORIENTED_EDGE('',*,*,#633,.T.);
#1258 = ORIENTED_EDGE('',*,*,#1259,.T.);
#1259 = EDGE_CURVE('',#606,#1260,#1262,.T.);
#1260 = VERTEX_POINT('',#1261);
#1261 = CARTESIAN_POINT('',(2.75,3.25,6.5));
#1262 = SURFACE_CURVE('',#1263,(#1267,#1274),.PCURVE_S1.);
#1263 = LINE('',#1264,#1265);
#1264 = CARTESIAN_POINT('',(7.5E-02,3.25,6.5));
#1265 = VECTOR('',#1266,1.);
#1266 = DIRECTION('',(1.,-3.3E-16,6.1E-16));
#1267 = PCURVE('',#649,#1268);
#1268 = DEFINITIONAL_REPRESENTATION('',(#1269),#1273);
#1269 = LINE('',#1270,#1271);
#1270 = CARTESIAN_POINT('',(0.1,-2.825));
#1271 = VECTOR('',#1272,1.);
#1272 = DIRECTION('',(7.7E-16,-1.));
#1273 = ( GEOMETRIC_REPRESENTATION_CONTEXT(2) 
PARAMETRIC_REPRESENTATION_CONTEXT() REPRESENTATION_CONTEXT('2D SPACE',''
  ) );
#1274 = PCURVE('',#621,#1275);
#1275 = DEFINITIONAL_REPRESENTATION('',(#1276),#1280);
#1276 = LINE('',#1277,#1278);
#1277 = CARTESIAN_POINT('',(2.825,-9.957112444168));
#1278 = VECTOR('',#1279,1.);
#1279 = DIRECTION('',(-1.,6.1E-16));
#1280 = ( GEOMETRIC_REPRESENTATION_CONTEXT(2) 
PARAMETRIC_REPRESENTATION_CONTEXT() REPRESENTATION_CONTEXT('2D SPACE',''
  ) );
#1281 = ORIENTED_EDGE('',*,*,#1282,.T.);
#1282 = EDGE_CURVE('',#1260,#1283,#1285,.T.);
#1283 = VERTEX_POINT('',#1284);
#1284 = CARTESIAN_POINT('',(2.75,-3.25,6.5));
#1285 = SURFACE_CURVE('',#1286,(#1290,#1297),.PCURVE_S1.);
#1286 = LINE('',#1287,#1288);
#1287 = CARTESIAN_POINT('',(2.75,3.35,6.5));
#1288 = VECTOR('',#1289,1.);
#1289 = DIRECTION('',(8.9E-16,-1.,7.8E-16));
#1290 = PCURVE('',#649,#1291);
#1291 = DEFINITIONAL_REPRESENTATION('',(#1292),#1296);
#1292 = LINE('',#1293,#1294);
#1293 = CARTESIAN_POINT('',(5.0845352591E-15,-5.5));
#1294 = VECTOR('',#1295,1.);
#1295 = DIRECTION('',(1.,-4.5E-16));
#1296 = ( GEOMETRIC_REPRESENTATION_CONTEXT(2) 
PARAMETRIC_REPRESENTATION_CONTEXT() REPRESENTATION_CONTEXT('2D SPACE',''
  ) );
#1297 = PCURVE('',#1082,#1298);
#1298 = DEFINITIONAL_REPRESENTATION('',(#1299),#1303);
#1299 = LINE('',#1300,#1301);
#1300 = CARTESIAN_POINT('',(1.754931346638,3.011264579119));
#1301 = VECTOR('',#1302,1.);
#1302 = DIRECTION('',(-1.,1.972152263053E-31));
#1303 = ( GEOMETRIC_REPRESENTATION_CONTEXT(2) 
PARAMETRIC_REPRESENTATION_CONTEXT() REPRESENTATION_CONTEXT('2D SPACE',''
  ) );
#1304 = ORIENTED_EDGE('',*,*,#1305,.F.);
#1305 = EDGE_CURVE('',#1306,#1283,#1308,.T.);
#1306 = VERTEX_POINT('',#1307);
#1307 = CARTESIAN_POINT('',(1.4,-3.25,6.5));
#1308 = SURFACE_CURVE('',#1309,(#1313,#1320),.PCURVE_S1.);
#1309 = LINE('',#1310,#1311);
#1310 = CARTESIAN_POINT('',(7.5E-02,-3.25,6.5));
#1311 = VECTOR('',#1312,1.);
#1312 = DIRECTION('',(1.,-3.3E-16,6.1E-16));
#1313 = PCURVE('',#649,#1314);
#1314 = DEFINITIONAL_REPRESENTATION('',(#1315),#1319);
#1315 = LINE('',#1316,#1317);
#1316 = CARTESIAN_POINT('',(6.6,-2.825));
#1317 = VECTOR('',#1318,1.);
#1318 = DIRECTION('',(7.7E-16,-1.));
#1319 = ( GEOMETRIC_REPRESENTATION_CONTEXT(2) 
PARAMETRIC_REPRESENTATION_CONTEXT() REPRESENTATION_CONTEXT('2D SPACE',''
  ) );
#1320 = PCURVE('',#1054,#1321);
#1321 = DEFINITIONAL_REPRESENTATION('',(#1322),#1326);
#1322 = LINE('',#1323,#1324);
#1323 = CARTESIAN_POINT('',(2.825,-9.957112444168));
#1324 = VECTOR('',#1325,1.);
#1325 = DIRECTION('',(-1.,6.1E-16));
#1326 = ( GEOMETRIC_REPRESENTATION_CONTEXT(2) 
PARAMETRIC_REPRESENTATION_CONTEXT() REPRESENTATION_CONTEXT('2D SPACE',''
  ) );
#1327 = ORIENTED_EDGE('',*,*,#1328,.F.);
#1328 = EDGE_CURVE('',#1329,#1306,#1331,.T.);
#1329 = VERTEX_POINT('',#1330);
#1330 = CARTESIAN_POINT('',(1.4,-3.35,6.5));
#1331 = SURFACE_CURVE('',#1332,(#1336,#1343),.PCURVE_S1.);
#1332 = LINE('',#1333,#1334);
#1333 = CARTESIAN_POINT('',(1.4,5.E-02,6.5));
#1334 = VECTOR('',#1335,1.);
#1335 = DIRECTION('',(-3.3E-16,1.,-8.9E-16));
#1336 = PCURVE('',#649,#1337);
#1337 = DEFINITIONAL_REPRESENTATION('',(#1338),#1342);
#1338 = LINE('',#1339,#1340);
#1339 = CARTESIAN_POINT('',(3.3,-4.15));
#1340 = VECTOR('',#1341,1.);
#1341 = DIRECTION('',(-1.,-1.1E-16));
#1342 = ( GEOMETRIC_REPRESENTATION_CONTEXT(2) 
PARAMETRIC_REPRESENTATION_CONTEXT() REPRESENTATION_CONTEXT('2D SPACE',''
  ) );
#1343 = PCURVE('',#1026,#1344);
#1344 = DEFINITIONAL_REPRESENTATION('',(#1345),#1349);
#1345 = LINE('',#1346,#1347);
#1346 = CARTESIAN_POINT('',(-3.3,-9.957112444168));
#1347 = VECTOR('',#1348,1.);
#1348 = DIRECTION('',(-1.,-3.3E-16));
#1349 = ( GEOMETRIC_REPRESENTATION_CONTEXT(2) 
PARAMETRIC_REPRESENTATION_CONTEXT() REPRESENTATION_CONTEXT('2D SPACE',''
  ) );
#1350 = ORIENTED_EDGE('',*,*,#1351,.F.);
#1351 = EDGE_CURVE('',#1352,#1329,#1354,.T.);
#1352 = VERTEX_POINT('',#1353);
#1353 = CARTESIAN_POINT('',(-1.4,-3.35,6.5));
#1354 = SURFACE_CURVE('',#1355,(#1359,#1366),.PCURVE_S1.);
#1355 = LINE('',#1356,#1357);
#1356 = CARTESIAN_POINT('',(-2.75,-3.35,6.5));
#1357 = VECTOR('',#1358,1.);
#1358 = DIRECTION('',(1.,-6.7E-16,1.7E-16));
#1359 = PCURVE('',#649,#1360);
#1360 = DEFINITIONAL_REPRESENTATION('',(#1361),#1365);
#1361 = LINE('',#1362,#1363);
#1362 = CARTESIAN_POINT('',(6.7,-1.606244689504E-16));
#1363 = VECTOR('',#1364,1.);
#1364 = DIRECTION('',(1.11E-15,-1.));
#1365 = ( GEOMETRIC_REPRESENTATION_CONTEXT(2) 
PARAMETRIC_REPRESENTATION_CONTEXT() REPRESENTATION_CONTEXT('2D SPACE',''
  ) );
#1366 = PCURVE('',#1367,#1372);
#1367 = CYLINDRICAL_SURFACE('',#1368,0.3);
#1368 = AXIS2_PLACEMENT_3D('',#1369,#1370,#1371);
#1369 = CARTESIAN_POINT('',(-2.75,-3.35,6.2));
#1370 = DIRECTION('',(-1.,4.4E-16,-3.3E-16));
#1371 = DIRECTION('',(4.4E-16,1.,-1.E-15));
#1372 = DEFINITIONAL_REPRESENTATION('',(#1373),#1377);
#1373 = LINE('',#1374,#1375);
#1374 = CARTESIAN_POINT('',(-1.570796326795,0.));
#1375 = VECTOR('',#1376,1.);
#1376 = DIRECTION('',(-0.,-1.));
#1377 = ( GEOMETRIC_REPRESENTATION_CONTEXT(2) 
PARAMETRIC_REPRESENTATION_CONTEXT() REPRESENTATION_CONTEXT('2D SPACE',''
  ) );
#1378 = ORIENTED_EDGE('',*,*,#1379,.F.);
#1379 = EDGE_CURVE('',#1380,#1352,#1382,.T.);
#1380 = VERTEX_POINT('',#1381);
#1381 = CARTESIAN_POINT('',(-1.4,-3.25,6.5));
#1382 = SURFACE_CURVE('',#1383,(#1387,#1394),.PCURVE_S1.);
#1383 = LINE('',#1384,#1385);
#1384 = CARTESIAN_POINT('',(-1.4,-0.7,6.5));
#1385 = VECTOR('',#1386,1.);
#1386 = DIRECTION('',(3.3E-16,-1.,8.9E-16));
#1387 = PCURVE('',#649,#1388);
#1388 = DEFINITIONAL_REPRESENTATION('',(#1389),#1393);
#1389 = LINE('',#1390,#1391);
#1390 = CARTESIAN_POINT('',(4.05,-1.35));
#1391 = VECTOR('',#1392,1.);
#1392 = DIRECTION('',(1.,1.1E-16));
#1393 = ( GEOMETRIC_REPRESENTATION_CONTEXT(2) 
PARAMETRIC_REPRESENTATION_CONTEXT() REPRESENTATION_CONTEXT('2D SPACE',''
  ) );
#1394 = PCURVE('',#970,#1395);
#1395 = DEFINITIONAL_REPRESENTATION('',(#1396),#1400);
#1396 = LINE('',#1397,#1398);
#1397 = CARTESIAN_POINT('',(4.05,-9.957112444168));
#1398 = VECTOR('',#1399,1.);
#1399 = DIRECTION('',(-1.,3.3E-16));
#1400 = ( GEOMETRIC_REPRESENTATION_CONTEXT(2) 
PARAMETRIC_REPRESENTATION_CONTEXT() REPRESENTATION_CONTEXT('2D SPACE',''
  ) );
#1401 = ORIENTED_EDGE('',*,*,#1402,.F.);
#1402 = EDGE_CURVE('',#1403,#1380,#1405,.T.);
#1403 = VERTEX_POINT('',#1404);
#1404 = CARTESIAN_POINT('',(-2.75,-3.25,6.5));
#1405 = SURFACE_CURVE('',#1406,(#1410,#1417),.PCURVE_S1.);
#1406 = LINE('',#1407,#1408);
#1407 = CARTESIAN_POINT('',(-2.075,-3.25,6.5));
#1408 = VECTOR('',#1409,1.);
#1409 = DIRECTION('',(1.,-3.3E-16,6.1E-16));
#1410 = PCURVE('',#649,#1411);
#1411 = DEFINITIONAL_REPRESENTATION('',(#1412),#1416);
#1412 = LINE('',#1413,#1414);
#1413 = CARTESIAN_POINT('',(6.6,-0.675));
#1414 = VECTOR('',#1415,1.);
#1415 = DIRECTION('',(7.7E-16,-1.));
#1416 = ( GEOMETRIC_REPRESENTATION_CONTEXT(2) 
PARAMETRIC_REPRESENTATION_CONTEXT() REPRESENTATION_CONTEXT('2D SPACE',''
  ) );
#1417 = PCURVE('',#1183,#1418);
#1418 = DEFINITIONAL_REPRESENTATION('',(#1419),#1423);
#1419 = LINE('',#1420,#1421);
#1420 = CARTESIAN_POINT('',(0.675,-9.957112444168));
#1421 = VECTOR('',#1422,1.);
#1422 = DIRECTION('',(-1.,6.1E-16));
#1423 = ( GEOMETRIC_REPRESENTATION_CONTEXT(2) 
PARAMETRIC_REPRESENTATION_CONTEXT() REPRESENTATION_CONTEXT('2D SPACE',''
  ) );
#1424 = ORIENTED_EDGE('',*,*,#1425,.F.);
#1425 = EDGE_CURVE('',#1426,#1403,#1428,.T.);
#1426 = VERTEX_POINT('',#1427);
#1427 = CARTESIAN_POINT('',(-2.75,3.25,6.5));
#1428 = SURFACE_CURVE('',#1429,(#1433,#1440),.PCURVE_S1.);
#1429 = LINE('',#1430,#1431);
#1430 = CARTESIAN_POINT('',(-2.75,3.35,6.5));
#1431 = VECTOR('',#1432,1.);
#1432 = DIRECTION('',(8.9E-16,-1.,7.8E-16));
#1433 = PCURVE('',#649,#1434);
#1434 = DEFINITIONAL_REPRESENTATION('',(#1435),#1439);
#1435 = LINE('',#1436,#1437);
#1436 = CARTESIAN_POINT('',(5.329070518201E-15,1.33226762955E-15));
#1437 = VECTOR('',#1438,1.);
#1438 = DIRECTION('',(1.,-4.5E-16));
#1439 = ( GEOMETRIC_REPRESENTATION_CONTEXT(2) 
PARAMETRIC_REPRESENTATION_CONTEXT() REPRESENTATION_CONTEXT('2D SPACE',''
  ) );
#1440 = PCURVE('',#1157,#1441);
#1441 = DEFINITIONAL_REPRESENTATION('',(#1442),#1446);
#1442 = LINE('',#1443,#1444);
#1443 = CARTESIAN_POINT('',(1.754931346638,3.011264579119));
#1444 = VECTOR('',#1445,1.);
#1445 = DIRECTION('',(-1.,1.972152263053E-31));
#1446 = ( GEOMETRIC_REPRESENTATION_CONTEXT(2) 
PARAMETRIC_REPRESENTATION_CONTEXT() REPRESENTATION_CONTEXT('2D SPACE',''
  ) );
#1447 = ORIENTED_EDGE('',*,*,#1448,.T.);
#1448 = EDGE_CURVE('',#1426,#799,#1449,.T.);
#1449 = SURFACE_CURVE('',#1450,(#1454,#1461),.PCURVE_S1.);
#1450 = LINE('',#1451,#1452);
#1451 = CARTESIAN_POINT('',(-2.075,3.25,6.5));
#1452 = VECTOR('',#1453,1.);
#1453 = DIRECTION('',(1.,-3.3E-16,6.1E-16));
#1454 = PCURVE('',#649,#1455);
#1455 = DEFINITIONAL_REPRESENTATION('',(#1456),#1460);
#1456 = LINE('',#1457,#1458);
#1457 = CARTESIAN_POINT('',(0.1,-0.675));
#1458 = VECTOR('',#1459,1.);
#1459 = DIRECTION('',(7.7E-16,-1.));
#1460 = ( GEOMETRIC_REPRESENTATION_CONTEXT(2) 
PARAMETRIC_REPRESENTATION_CONTEXT() REPRESENTATION_CONTEXT('2D SPACE',''
  ) );
#1461 = PCURVE('',#814,#1462);
#1462 = DEFINITIONAL_REPRESENTATION('',(#1463),#1467);
#1463 = LINE('',#1464,#1465);
#1464 = CARTESIAN_POINT('',(0.675,-9.957112444168));
#1465 = VECTOR('',#1466,1.);
#1466 = DIRECTION('',(-1.,6.1E-16));
#1467 = ( GEOMETRIC_REPRESENTATION_CONTEXT(2) 
PARAMETRIC_REPRESENTATION_CONTEXT() REPRESENTATION_CONTEXT('2D SPACE',''
  ) );
#1468 = FACE_BOUND('',#1469,.T.);
#1469 = EDGE_LOOP('',(#1470));
#1470 = ORIENTED_EDGE('',*,*,#1471,.T.);
#1471 = EDGE_CURVE('',#1472,#1472,#1474,.T.);
#1472 = VERTEX_POINT('',#1473);
#1473 = CARTESIAN_POINT('',(1.5,1.E-15,6.5));
#1474 = SURFACE_CURVE('',#1475,(#1480,#1491),.PCURVE_S1.);
#1475 = CIRCLE('',#1476,1.5);
#1476 = AXIS2_PLACEMENT_3D('',#1477,#1478,#1479);
#1477 = CARTESIAN_POINT('',(-6.54E-15,-2.93E-15,6.5));
#1478 = DIRECTION('',(0.,5.6E-16,1.));
#1479 = DIRECTION('',(1.,-3.3E-16,1.848E-31));
#1480 = PCURVE('',#649,#1481);
#1481 = DEFINITIONAL_REPRESENTATION('',(#1482),#1490);
#1482 = ( BOUNDED_CURVE() B_SPLINE_CURVE(2,(#1483,#1484,#1485,#1486,
#1487,#1488,#1489),.UNSPECIFIED.,.T.,.F.) B_SPLINE_CURVE_WITH_KNOTS((1,2
    ,2,2,2,1),(-2.094395102393,0.,2.094395102393,4.188790204786,
6.28318530718,8.377580409573),.UNSPECIFIED.) CURVE() 
GEOMETRIC_REPRESENTATION_ITEM() RATIONAL_B_SPLINE_CURVE((1.,0.5,1.,0.5,
1.,0.5,1.)) REPRESENTATION_ITEM('') );
#1483 = CARTESIAN_POINT('',(3.35,-4.25));
#1484 = CARTESIAN_POINT('',(0.751923788647,-4.25));
#1485 = CARTESIAN_POINT('',(2.050961894323,-2.));
#1486 = CARTESIAN_POINT('',(3.35,0.25));
#1487 = CARTESIAN_POINT('',(4.649038105677,-2.));
#1488 = CARTESIAN_POINT('',(5.948076211353,-4.25));
#1489 = CARTESIAN_POINT('',(3.35,-4.25));
#1490 = ( GEOMETRIC_REPRESENTATION_CONTEXT(2) 
PARAMETRIC_REPRESENTATION_CONTEXT() REPRESENTATION_CONTEXT('2D SPACE',''
  ) );
#1491 = PCURVE('',#1214,#1492);
#1492 = DEFINITIONAL_REPRESENTATION('',(#1493),#1497);
#1493 = LINE('',#1494,#1495);
#1494 = CARTESIAN_POINT('',(0.,-9.957112444168));
#1495 = VECTOR('',#1496,1.);
#1496 = DIRECTION('',(1.,0.));
#1497 = ( GEOMETRIC_REPRESENTATION_CONTEXT(2) 
PARAMETRIC_REPRESENTATION_CONTEXT() REPRESENTATION_CONTEXT('2D SPACE',''
  ) );
#1498 = ADVANCED_FACE('',(#1499),#621,.T.);
#1499 = FACE_BOUND('',#1500,.T.);
#1500 = EDGE_LOOP('',(#1501,#1502,#1503,#1524));
#1501 = ORIENTED_EDGE('',*,*,#605,.F.);
#1502 = ORIENTED_EDGE('',*,*,#1094,.F.);
#1503 = ORIENTED_EDGE('',*,*,#1504,.F.);
#1504 = EDGE_CURVE('',#1260,#1067,#1505,.T.);
#1505 = SURFACE_CURVE('',#1506,(#1510,#1517),.PCURVE_S1.);
#1506 = LINE('',#1507,#1508);
#1507 = CARTESIAN_POINT('',(2.75,3.25,9.972923932525));
#1508 = VECTOR('',#1509,1.);
#1509 = DIRECTION('',(-7.8E-16,-1.1E-16,1.));
#1510 = PCURVE('',#621,#1511);
#1511 = DEFINITIONAL_REPRESENTATION('',(#1512),#1516);
#1512 = LINE('',#1513,#1514);
#1513 = CARTESIAN_POINT('',(0.15,-6.484188511644));
#1514 = VECTOR('',#1515,1.);
#1515 = DIRECTION('',(7.8E-16,1.));
#1516 = ( GEOMETRIC_REPRESENTATION_CONTEXT(2) 
PARAMETRIC_REPRESENTATION_CONTEXT() REPRESENTATION_CONTEXT('2D SPACE',''
  ) );
#1517 = PCURVE('',#1082,#1518);
#1518 = DEFINITIONAL_REPRESENTATION('',(#1519),#1523);
#1519 = LINE('',#1520,#1521);
#1520 = CARTESIAN_POINT('',(1.654931346638,6.484188511644));
#1521 = VECTOR('',#1522,1.);
#1522 = DIRECTION('',(-8.9E-16,1.));
#1523 = ( GEOMETRIC_REPRESENTATION_CONTEXT(2) 
PARAMETRIC_REPRESENTATION_CONTEXT() REPRESENTATION_CONTEXT('2D SPACE',''
  ) );
#1524 = ORIENTED_EDGE('',*,*,#1259,.F.);
#1525 = ADVANCED_FACE('',(#1526),#814,.T.);
#1526 = FACE_BOUND('',#1527,.T.);
#1527 = EDGE_LOOP('',(#1528,#1529,#1530,#1531));
#1528 = ORIENTED_EDGE('',*,*,#1118,.F.);
#1529 = ORIENTED_EDGE('',*,*,#796,.T.);
#1530 = ORIENTED_EDGE('',*,*,#1448,.F.);
#1531 = ORIENTED_EDGE('',*,*,#1532,.T.);
#1532 = EDGE_CURVE('',#1426,#1119,#1533,.T.);
#1533 = SURFACE_CURVE('',#1534,(#1538,#1545),.PCURVE_S1.);
#1534 = LINE('',#1535,#1536);
#1535 = CARTESIAN_POINT('',(-2.75,3.25,9.972923932525));
#1536 = VECTOR('',#1537,1.);
#1537 = DIRECTION('',(-7.8E-16,-1.1E-16,1.));
#1538 = PCURVE('',#814,#1539);
#1539 = DEFINITIONAL_REPRESENTATION('',(#1540),#1544);
#1540 = LINE('',#1541,#1542);
#1541 = CARTESIAN_POINT('',(1.35,-6.484188511644));
#1542 = VECTOR('',#1543,1.);
#1543 = DIRECTION('',(7.8E-16,1.));
#1544 = ( GEOMETRIC_REPRESENTATION_CONTEXT(2) 
PARAMETRIC_REPRESENTATION_CONTEXT() REPRESENTATION_CONTEXT('2D SPACE',''
  ) );
#1545 = PCURVE('',#1157,#1546);
#1546 = DEFINITIONAL_REPRESENTATION('',(#1547),#1551);
#1547 = LINE('',#1548,#1549);
#1548 = CARTESIAN_POINT('',(1.654931346638,6.484188511644));
#1549 = VECTOR('',#1550,1.);
#1550 = DIRECTION('',(-8.9E-16,1.));
#1551 = ( GEOMETRIC_REPRESENTATION_CONTEXT(2) 
PARAMETRIC_REPRESENTATION_CONTEXT() REPRESENTATION_CONTEXT('2D SPACE',''
  ) );
#1552 = ADVANCED_FACE('',(#1553),#970,.F.);
#1553 = FACE_BOUND('',#1554,.F.);
#1554 = EDGE_LOOP('',(#1555,#1576,#1577,#1605,#1633,#1661,#1689,#1715));
#1555 = ORIENTED_EDGE('',*,*,#1556,.F.);
#1556 = EDGE_CURVE('',#955,#1380,#1557,.T.);
#1557 = SURFACE_CURVE('',#1558,(#1562,#1569),.PCURVE_S1.);
#1558 = LINE('',#1559,#1560);
#1559 = CARTESIAN_POINT('',(-1.4,-3.25,16.457112444168));
#1560 = VECTOR('',#1561,1.);
#1561 = DIRECTION('',(6.7E-16,1.1E-16,-1.));
#1562 = PCURVE('',#970,#1563);
#1563 = DEFINITIONAL_REPRESENTATION('',(#1564),#1568);
#1564 = LINE('',#1565,#1566);
#1565 = CARTESIAN_POINT('',(1.5,8.400000000001E-16));
#1566 = VECTOR('',#1567,1.);
#1567 = DIRECTION('',(6.7E-16,-1.));
#1568 = ( GEOMETRIC_REPRESENTATION_CONTEXT(2) 
PARAMETRIC_REPRESENTATION_CONTEXT() REPRESENTATION_CONTEXT('2D SPACE',''
  ) );
#1569 = PCURVE('',#1183,#1570);
#1570 = DEFINITIONAL_REPRESENTATION('',(#1571),#1575);
#1571 = LINE('',#1572,#1573);
#1572 = CARTESIAN_POINT('',(0.,0.));
#1573 = VECTOR('',#1574,1.);
#1574 = DIRECTION('',(-6.7E-16,-1.));
#1575 = ( GEOMETRIC_REPRESENTATION_CONTEXT(2) 
PARAMETRIC_REPRESENTATION_CONTEXT() REPRESENTATION_CONTEXT('2D SPACE',''
  ) );
#1576 = ORIENTED_EDGE('',*,*,#952,.F.);
#1577 = ORIENTED_EDGE('',*,*,#1578,.F.);
#1578 = EDGE_CURVE('',#1579,#953,#1581,.T.);
#1579 = VERTEX_POINT('',#1580);
#1580 = CARTESIAN_POINT('',(-1.4,-4.35,6.2));
#1581 = SURFACE_CURVE('',#1582,(#1587,#1598),.PCURVE_S1.);
#1582 = CIRCLE('',#1583,1.);
#1583 = AXIS2_PLACEMENT_3D('',#1584,#1585,#1586);
#1584 = CARTESIAN_POINT('',(-1.4,-3.35,6.2));
#1585 = DIRECTION('',(-1.,1.1E-16,-1.E-15));
#1586 = DIRECTION('',(1.1E-16,1.,-1.11E-15));
#1587 = PCURVE('',#970,#1588);
#1588 = DEFINITIONAL_REPRESENTATION('',(#1589),#1597);
#1589 = ( BOUNDED_CURVE() B_SPLINE_CURVE(2,(#1590,#1591,#1592,#1593,
#1594,#1595,#1596),.UNSPECIFIED.,.T.,.F.) B_SPLINE_CURVE_WITH_KNOTS((1,2
    ,2,2,2,1),(-2.094395102393,0.,2.094395102393,4.188790204786,
6.28318530718,8.377580409573),.UNSPECIFIED.) CURVE() 
GEOMETRIC_REPRESENTATION_ITEM() RATIONAL_B_SPLINE_CURVE((1.,0.5,1.,0.5,
1.,0.5,1.)) REPRESENTATION_ITEM('') );
#1590 = CARTESIAN_POINT('',(2.4,-10.25711244416));
#1591 = CARTESIAN_POINT('',(2.4,-11.98916325173));
#1592 = CARTESIAN_POINT('',(0.9,-11.12313784795));
#1593 = CARTESIAN_POINT('',(-0.6,-10.25711244416));
#1594 = CARTESIAN_POINT('',(0.9,-9.391087040384));
#1595 = CARTESIAN_POINT('',(2.4,-8.5250616366));
#1596 = CARTESIAN_POINT('',(2.4,-10.25711244416));
#1597 = ( GEOMETRIC_REPRESENTATION_CONTEXT(2) 
PARAMETRIC_REPRESENTATION_CONTEXT() REPRESENTATION_CONTEXT('2D SPACE',''
  ) );
#1598 = PCURVE('',#998,#1599);
#1599 = DEFINITIONAL_REPRESENTATION('',(#1600),#1604);
#1600 = LINE('',#1601,#1602);
#1601 = CARTESIAN_POINT('',(-6.28318530718,-1.35));
#1602 = VECTOR('',#1603,1.);
#1603 = DIRECTION('',(1.,-0.));
#1604 = ( GEOMETRIC_REPRESENTATION_CONTEXT(2) 
PARAMETRIC_REPRESENTATION_CONTEXT() REPRESENTATION_CONTEXT('2D SPACE',''
  ) );
#1605 = ORIENTED_EDGE('',*,*,#1606,.F.);
#1606 = EDGE_CURVE('',#1607,#1579,#1609,.T.);
#1607 = VERTEX_POINT('',#1608);
#1608 = CARTESIAN_POINT('',(-1.4,-4.35,4.2));
#1609 = SURFACE_CURVE('',#1610,(#1614,#1621),.PCURVE_S1.);
#1610 = LINE('',#1611,#1612);
#1611 = CARTESIAN_POINT('',(-1.4,-4.35,10.328556222084));
#1612 = VECTOR('',#1613,1.);
#1613 = DIRECTION('',(-6.7E-16,4.4E-16,1.));
#1614 = PCURVE('',#970,#1615);
#1615 = DEFINITIONAL_REPRESENTATION('',(#1616),#1620);
#1616 = LINE('',#1617,#1618);
#1617 = CARTESIAN_POINT('',(0.4,-6.128556222084));
#1618 = VECTOR('',#1619,1.);
#1619 = DIRECTION('',(-1.2E-16,1.));
#1620 = ( GEOMETRIC_REPRESENTATION_CONTEXT(2) 
PARAMETRIC_REPRESENTATION_CONTEXT() REPRESENTATION_CONTEXT('2D SPACE',''
  ) );
#1621 = PCURVE('',#1622,#1627);
#1622 = PLANE('',#1623);
#1623 = AXIS2_PLACEMENT_3D('',#1624,#1625,#1626);
#1624 = CARTESIAN_POINT('',(-2.75,-4.35,4.2));
#1625 = DIRECTION('',(2.2E-16,-1.,7.8E-16));
#1626 = DIRECTION('',(-1.22E-15,7.8E-16,1.));
#1627 = DEFINITIONAL_REPRESENTATION('',(#1628),#1632);
#1628 = LINE('',#1629,#1630);
#1629 = CARTESIAN_POINT('',(6.128556222084,-1.35));
#1630 = VECTOR('',#1631,1.);
#1631 = DIRECTION('',(1.,-5.5E-16));
#1632 = ( GEOMETRIC_REPRESENTATION_CONTEXT(2) 
PARAMETRIC_REPRESENTATION_CONTEXT() REPRESENTATION_CONTEXT('2D SPACE',''
  ) );
#1633 = ORIENTED_EDGE('',*,*,#1634,.F.);
#1634 = EDGE_CURVE('',#1635,#1607,#1637,.T.);
#1635 = VERTEX_POINT('',#1636);
#1636 = CARTESIAN_POINT('',(-1.4,-3.65,4.2));
#1637 = SURFACE_CURVE('',#1638,(#1642,#1649),.PCURVE_S1.);
#1638 = LINE('',#1639,#1640);
#1639 = CARTESIAN_POINT('',(-1.4,-4.2,4.2));
#1640 = VECTOR('',#1641,1.);
#1641 = DIRECTION('',(3.3E-16,-1.,8.9E-16));
#1642 = PCURVE('',#970,#1643);
#1643 = DEFINITIONAL_REPRESENTATION('',(#1644),#1648);
#1644 = LINE('',#1645,#1646);
#1645 = CARTESIAN_POINT('',(0.55,-12.25711244416));
#1646 = VECTOR('',#1647,1.);
#1647 = DIRECTION('',(-1.,3.3E-16));
#1648 = ( GEOMETRIC_REPRESENTATION_CONTEXT(2) 
PARAMETRIC_REPRESENTATION_CONTEXT() REPRESENTATION_CONTEXT('2D SPACE',''
  ) );
#1649 = PCURVE('',#1650,#1655);
#1650 = PLANE('',#1651);
#1651 = AXIS2_PLACEMENT_3D('',#1652,#1653,#1654);
#1652 = CARTESIAN_POINT('',(-2.75,-3.65,4.2));
#1653 = DIRECTION('',(1.05E-15,-1.1E-16,-1.));
#1654 = DIRECTION('',(4.4E-16,-1.,1.1E-16));
#1655 = DEFINITIONAL_REPRESENTATION('',(#1656),#1660);
#1656 = LINE('',#1657,#1658);
#1657 = CARTESIAN_POINT('',(0.55,-1.35));
#1658 = VECTOR('',#1659,1.);
#1659 = DIRECTION('',(1.,1.1E-16));
#1660 = ( GEOMETRIC_REPRESENTATION_CONTEXT(2) 
PARAMETRIC_REPRESENTATION_CONTEXT() REPRESENTATION_CONTEXT('2D SPACE',''
  ) );
#1661 = ORIENTED_EDGE('',*,*,#1662,.F.);
#1662 = EDGE_CURVE('',#1663,#1635,#1665,.T.);
#1663 = VERTEX_POINT('',#1664);
#1664 = CARTESIAN_POINT('',(-1.4,-3.65,6.2));
#1665 = SURFACE_CURVE('',#1666,(#1670,#1677),.PCURVE_S1.);
#1666 = LINE('',#1667,#1668);
#1667 = CARTESIAN_POINT('',(-1.4,-3.65,11.328556222084));
#1668 = VECTOR('',#1669,1.);
#1669 = DIRECTION('',(6.7E-16,-4.4E-16,-1.));
#1670 = PCURVE('',#970,#1671);
#1671 = DEFINITIONAL_REPRESENTATION('',(#1672),#1676);
#1672 = LINE('',#1673,#1674);
#1673 = CARTESIAN_POINT('',(1.1,-5.128556222084));
#1674 = VECTOR('',#1675,1.);
#1675 = DIRECTION('',(1.2E-16,-1.));
#1676 = ( GEOMETRIC_REPRESENTATION_CONTEXT(2) 
PARAMETRIC_REPRESENTATION_CONTEXT() REPRESENTATION_CONTEXT('2D SPACE',''
  ) );
#1677 = PCURVE('',#1678,#1683);
#1678 = PLANE('',#1679);
#1679 = AXIS2_PLACEMENT_3D('',#1680,#1681,#1682);
#1680 = CARTESIAN_POINT('',(-2.75,-3.65,6.2));
#1681 = DIRECTION('',(-2.2E-16,1.,-7.8E-16));
#1682 = DIRECTION('',(1.22E-15,-7.8E-16,-1.));
#1683 = DEFINITIONAL_REPRESENTATION('',(#1684),#1688);
#1684 = LINE('',#1685,#1686);
#1685 = CARTESIAN_POINT('',(-5.128556222084,-1.35));
#1686 = VECTOR('',#1687,1.);
#1687 = DIRECTION('',(1.,5.5E-16));
#1688 = ( GEOMETRIC_REPRESENTATION_CONTEXT(2) 
PARAMETRIC_REPRESENTATION_CONTEXT() REPRESENTATION_CONTEXT('2D SPACE',''
  ) );
#1689 = ORIENTED_EDGE('',*,*,#1690,.T.);
#1690 = EDGE_CURVE('',#1663,#1352,#1691,.T.);
#1691 = SURFACE_CURVE('',#1692,(#1697,#1708),.PCURVE_S1.);
#1692 = CIRCLE('',#1693,0.3);
#1693 = AXIS2_PLACEMENT_3D('',#1694,#1695,#1696);
#1694 = CARTESIAN_POINT('',(-1.4,-3.35,6.2));
#1695 = DIRECTION('',(-1.,1.1E-16,-1.E-15));
#1696 = DIRECTION('',(1.1E-16,1.,-1.11E-15));
#1697 = PCURVE('',#970,#1698);
#1698 = DEFINITIONAL_REPRESENTATION('',(#1699),#1707);
#1699 = ( BOUNDED_CURVE() B_SPLINE_CURVE(2,(#1700,#1701,#1702,#1703,
#1704,#1705,#1706),.UNSPECIFIED.,.T.,.F.) B_SPLINE_CURVE_WITH_KNOTS((1,2
    ,2,2,2,1),(-2.094395102393,0.,2.094395102393,4.188790204786,
6.28318530718,8.377580409573),.UNSPECIFIED.) CURVE() 
GEOMETRIC_REPRESENTATION_ITEM() RATIONAL_B_SPLINE_CURVE((1.,0.5,1.,0.5,
1.,0.5,1.)) REPRESENTATION_ITEM('') );
#1700 = CARTESIAN_POINT('',(1.7,-10.25711244416));
#1701 = CARTESIAN_POINT('',(1.7,-10.77672768643));
#1702 = CARTESIAN_POINT('',(1.25,-10.5169200653));
#1703 = CARTESIAN_POINT('',(0.8,-10.25711244416));
#1704 = CARTESIAN_POINT('',(1.25,-9.997304823033));
#1705 = CARTESIAN_POINT('',(1.7,-9.737497201898));
#1706 = CARTESIAN_POINT('',(1.7,-10.25711244416));
#1707 = ( GEOMETRIC_REPRESENTATION_CONTEXT(2) 
PARAMETRIC_REPRESENTATION_CONTEXT() REPRESENTATION_CONTEXT('2D SPACE',''
  ) );
#1708 = PCURVE('',#1367,#1709);
#1709 = DEFINITIONAL_REPRESENTATION('',(#1710),#1714);
#1710 = LINE('',#1711,#1712);
#1711 = CARTESIAN_POINT('',(-6.28318530718,-1.35));
#1712 = VECTOR('',#1713,1.);
#1713 = DIRECTION('',(1.,-0.));
#1714 = ( GEOMETRIC_REPRESENTATION_CONTEXT(2) 
PARAMETRIC_REPRESENTATION_CONTEXT() REPRESENTATION_CONTEXT('2D SPACE',''
  ) );
#1715 = ORIENTED_EDGE('',*,*,#1379,.F.);
#1716 = ADVANCED_FACE('',(#1717),#1183,.F.);
#1717 = FACE_BOUND('',#1718,.F.);
#1718 = EDGE_LOOP('',(#1719,#1720,#1721,#1722));
#1719 = ORIENTED_EDGE('',*,*,#1169,.F.);
#1720 = ORIENTED_EDGE('',*,*,#1556,.T.);
#1721 = ORIENTED_EDGE('',*,*,#1402,.F.);
#1722 = ORIENTED_EDGE('',*,*,#1723,.T.);
#1723 = EDGE_CURVE('',#1403,#1142,#1724,.T.);
#1724 = SURFACE_CURVE('',#1725,(#1729,#1736),.PCURVE_S1.);
#1725 = LINE('',#1726,#1727);
#1726 = CARTESIAN_POINT('',(-2.75,-3.25,9.972923932525));
#1727 = VECTOR('',#1728,1.);
#1728 = DIRECTION('',(-7.8E-16,-1.1E-16,1.));
#1729 = PCURVE('',#1183,#1730);
#1730 = DEFINITIONAL_REPRESENTATION('',(#1731),#1735);
#1731 = LINE('',#1732,#1733);
#1732 = CARTESIAN_POINT('',(1.35,-6.484188511644));
#1733 = VECTOR('',#1734,1.);
#1734 = DIRECTION('',(7.8E-16,1.));
#1735 = ( GEOMETRIC_REPRESENTATION_CONTEXT(2) 
PARAMETRIC_REPRESENTATION_CONTEXT() REPRESENTATION_CONTEXT('2D SPACE',''
  ) );
#1736 = PCURVE('',#1157,#1737);
#1737 = DEFINITIONAL_REPRESENTATION('',(#1738),#1742);
#1738 = LINE('',#1739,#1740);
#1739 = CARTESIAN_POINT('',(-4.845068653362,6.484188511644));
#1740 = VECTOR('',#1741,1.);
#1741 = DIRECTION('',(-8.9E-16,1.));
#1742 = ( GEOMETRIC_REPRESENTATION_CONTEXT(2) 
PARAMETRIC_REPRESENTATION_CONTEXT() REPRESENTATION_CONTEXT('2D SPACE',''
  ) );
#1743 = ADVANCED_FACE('',(#1744),#1157,.F.);
#1744 = FACE_BOUND('',#1745,.F.);
#1745 = EDGE_LOOP('',(#1746,#1747,#1748,#1749));
#1746 = ORIENTED_EDGE('',*,*,#1532,.T.);
#1747 = ORIENTED_EDGE('',*,*,#1141,.F.);
#1748 = ORIENTED_EDGE('',*,*,#1723,.F.);
#1749 = ORIENTED_EDGE('',*,*,#1425,.F.);
#1750 = ADVANCED_FACE('',(#1751),#1082,.T.);
#1751 = FACE_BOUND('',#1752,.T.);
#1752 = EDGE_LOOP('',(#1753,#1754,#1755,#1776));
#1753 = ORIENTED_EDGE('',*,*,#1504,.T.);
#1754 = ORIENTED_EDGE('',*,*,#1066,.F.);
#1755 = ORIENTED_EDGE('',*,*,#1756,.F.);
#1756 = EDGE_CURVE('',#1283,#1039,#1757,.T.);
#1757 = SURFACE_CURVE('',#1758,(#1762,#1769),.PCURVE_S1.);
#1758 = LINE('',#1759,#1760);
#1759 = CARTESIAN_POINT('',(2.75,-3.25,9.972923932525));
#1760 = VECTOR('',#1761,1.);
#1761 = DIRECTION('',(-7.8E-16,-1.1E-16,1.));
#1762 = PCURVE('',#1082,#1763);
#1763 = DEFINITIONAL_REPRESENTATION('',(#1764),#1768);
#1764 = LINE('',#1765,#1766);
#1765 = CARTESIAN_POINT('',(-4.845068653362,6.484188511644));
#1766 = VECTOR('',#1767,1.);
#1767 = DIRECTION('',(-8.9E-16,1.));
#1768 = ( GEOMETRIC_REPRESENTATION_CONTEXT(2) 
PARAMETRIC_REPRESENTATION_CONTEXT() REPRESENTATION_CONTEXT('2D SPACE',''
  ) );
#1769 = PCURVE('',#1054,#1770);
#1770 = DEFINITIONAL_REPRESENTATION('',(#1771),#1775);
#1771 = LINE('',#1772,#1773);
#1772 = CARTESIAN_POINT('',(0.15,-6.484188511644));
#1773 = VECTOR('',#1774,1.);
#1774 = DIRECTION('',(7.8E-16,1.));
#1775 = ( GEOMETRIC_REPRESENTATION_CONTEXT(2) 
PARAMETRIC_REPRESENTATION_CONTEXT() REPRESENTATION_CONTEXT('2D SPACE',''
  ) );
#1776 = ORIENTED_EDGE('',*,*,#1282,.F.);
#1777 = ADVANCED_FACE('',(#1778),#1054,.F.);
#1778 = FACE_BOUND('',#1779,.F.);
#1779 = EDGE_LOOP('',(#1780,#1801,#1802,#1803));
#1780 = ORIENTED_EDGE('',*,*,#1781,.F.);
#1781 = EDGE_CURVE('',#1011,#1306,#1782,.T.);
#1782 = SURFACE_CURVE('',#1783,(#1787,#1794),.PCURVE_S1.);
#1783 = LINE('',#1784,#1785);
#1784 = CARTESIAN_POINT('',(1.4,-3.25,16.457112444168));
#1785 = VECTOR('',#1786,1.);
#1786 = DIRECTION('',(6.7E-16,1.1E-16,-1.));
#1787 = PCURVE('',#1054,#1788);
#1788 = DEFINITIONAL_REPRESENTATION('',(#1789),#1793);
#1789 = LINE('',#1790,#1791);
#1790 = CARTESIAN_POINT('',(1.5,5.445E-32));
#1791 = VECTOR('',#1792,1.);
#1792 = DIRECTION('',(-6.7E-16,-1.));
#1793 = ( GEOMETRIC_REPRESENTATION_CONTEXT(2) 
PARAMETRIC_REPRESENTATION_CONTEXT() REPRESENTATION_CONTEXT('2D SPACE',''
  ) );
#1794 = PCURVE('',#1026,#1795);
#1795 = DEFINITIONAL_REPRESENTATION('',(#1796),#1800);
#1796 = LINE('',#1797,#1798);
#1797 = CARTESIAN_POINT('',(0.,0.));
#1798 = VECTOR('',#1799,1.);
#1799 = DIRECTION('',(-6.7E-16,-1.));
#1800 = ( GEOMETRIC_REPRESENTATION_CONTEXT(2) 
PARAMETRIC_REPRESENTATION_CONTEXT() REPRESENTATION_CONTEXT('2D SPACE',''
  ) );
#1801 = ORIENTED_EDGE('',*,*,#1038,.F.);
#1802 = ORIENTED_EDGE('',*,*,#1756,.F.);
#1803 = ORIENTED_EDGE('',*,*,#1305,.F.);
#1804 = ADVANCED_FACE('',(#1805),#1026,.F.);
#1805 = FACE_BOUND('',#1806,.F.);
#1806 = EDGE_LOOP('',(#1807,#1808,#1809,#1810,#1834,#1857,#1880,#1903));
#1807 = ORIENTED_EDGE('',*,*,#1010,.F.);
#1808 = ORIENTED_EDGE('',*,*,#1781,.T.);
#1809 = ORIENTED_EDGE('',*,*,#1328,.F.);
#1810 = ORIENTED_EDGE('',*,*,#1811,.F.);
#1811 = EDGE_CURVE('',#1812,#1329,#1814,.T.);
#1812 = VERTEX_POINT('',#1813);
#1813 = CARTESIAN_POINT('',(1.4,-3.65,6.2));
#1814 = SURFACE_CURVE('',#1815,(#1820,#1827),.PCURVE_S1.);
#1815 = CIRCLE('',#1816,0.3);
#1816 = AXIS2_PLACEMENT_3D('',#1817,#1818,#1819);
#1817 = CARTESIAN_POINT('',(1.4,-3.35,6.2));
#1818 = DIRECTION('',(-1.,1.1E-16,-1.E-15));
#1819 = DIRECTION('',(1.1E-16,1.,-1.11E-15));
#1820 = PCURVE('',#1026,#1821);
#1821 = DEFINITIONAL_REPRESENTATION('',(#1822),#1826);
#1822 = CIRCLE('',#1823,0.3);
#1823 = AXIS2_PLACEMENT_2D('',#1824,#1825);
#1824 = CARTESIAN_POINT('',(9.999999999999E-02,-10.25711244416));
#1825 = DIRECTION('',(-1.,-5.5E-16));
#1826 = ( GEOMETRIC_REPRESENTATION_CONTEXT(2) 
PARAMETRIC_REPRESENTATION_CONTEXT() REPRESENTATION_CONTEXT('2D SPACE',''
  ) );
#1827 = PCURVE('',#1367,#1828);
#1828 = DEFINITIONAL_REPRESENTATION('',(#1829),#1833);
#1829 = LINE('',#1830,#1831);
#1830 = CARTESIAN_POINT('',(-6.28318530718,-4.15));
#1831 = VECTOR('',#1832,1.);
#1832 = DIRECTION('',(1.,-0.));
#1833 = ( GEOMETRIC_REPRESENTATION_CONTEXT(2) 
PARAMETRIC_REPRESENTATION_CONTEXT() REPRESENTATION_CONTEXT('2D SPACE',''
  ) );
#1834 = ORIENTED_EDGE('',*,*,#1835,.F.);
#1835 = EDGE_CURVE('',#1836,#1812,#1838,.T.);
#1836 = VERTEX_POINT('',#1837);
#1837 = CARTESIAN_POINT('',(1.4,-3.65,4.2));
#1838 = SURFACE_CURVE('',#1839,(#1843,#1850),.PCURVE_S1.);
#1839 = LINE('',#1840,#1841);
#1840 = CARTESIAN_POINT('',(1.4,-3.65,11.328556222084));
#1841 = VECTOR('',#1842,1.);
#1842 = DIRECTION('',(-6.7E-16,4.4E-16,1.));
#1843 = PCURVE('',#1026,#1844);
#1844 = DEFINITIONAL_REPRESENTATION('',(#1845),#1849);
#1845 = LINE('',#1846,#1847);
#1846 = CARTESIAN_POINT('',(0.4,-5.128556222084));
#1847 = VECTOR('',#1848,1.);
#1848 = DIRECTION('',(1.2E-16,1.));
#1849 = ( GEOMETRIC_REPRESENTATION_CONTEXT(2) 
PARAMETRIC_REPRESENTATION_CONTEXT() REPRESENTATION_CONTEXT('2D SPACE',''
  ) );
#1850 = PCURVE('',#1678,#1851);
#1851 = DEFINITIONAL_REPRESENTATION('',(#1852),#1856);
#1852 = LINE('',#1853,#1854);
#1853 = CARTESIAN_POINT('',(-5.128556222084,-4.15));
#1854 = VECTOR('',#1855,1.);
#1855 = DIRECTION('',(-1.,-5.5E-16));
#1856 = ( GEOMETRIC_REPRESENTATION_CONTEXT(2) 
PARAMETRIC_REPRESENTATION_CONTEXT() REPRESENTATION_CONTEXT('2D SPACE',''
  ) );
#1857 = ORIENTED_EDGE('',*,*,#1858,.F.);
#1858 = EDGE_CURVE('',#1859,#1836,#1861,.T.);
#1859 = VERTEX_POINT('',#1860);
#1860 = CARTESIAN_POINT('',(1.4,-4.35,4.2));
#1861 = SURFACE_CURVE('',#1862,(#1866,#1873),.PCURVE_S1.);
#1862 = LINE('',#1863,#1864);
#1863 = CARTESIAN_POINT('',(1.4,-3.45,4.2));
#1864 = VECTOR('',#1865,1.);
#1865 = DIRECTION('',(-3.3E-16,1.,-8.9E-16));
#1866 = PCURVE('',#1026,#1867);
#1867 = DEFINITIONAL_REPRESENTATION('',(#1868),#1872);
#1868 = LINE('',#1869,#1870);
#1869 = CARTESIAN_POINT('',(0.2,-12.25711244416));
#1870 = VECTOR('',#1871,1.);
#1871 = DIRECTION('',(-1.,-3.3E-16));
#1872 = ( GEOMETRIC_REPRESENTATION_CONTEXT(2) 
PARAMETRIC_REPRESENTATION_CONTEXT() REPRESENTATION_CONTEXT('2D SPACE',''
  ) );
#1873 = PCURVE('',#1650,#1874);
#1874 = DEFINITIONAL_REPRESENTATION('',(#1875),#1879);
#1875 = LINE('',#1876,#1877);
#1876 = CARTESIAN_POINT('',(-0.2,-4.15));
#1877 = VECTOR('',#1878,1.);
#1878 = DIRECTION('',(-1.,-1.1E-16));
#1879 = ( GEOMETRIC_REPRESENTATION_CONTEXT(2) 
PARAMETRIC_REPRESENTATION_CONTEXT() REPRESENTATION_CONTEXT('2D SPACE',''
  ) );
#1880 = ORIENTED_EDGE('',*,*,#1881,.F.);
#1881 = EDGE_CURVE('',#1882,#1859,#1884,.T.);
#1882 = VERTEX_POINT('',#1883);
#1883 = CARTESIAN_POINT('',(1.4,-4.35,6.2));
#1884 = SURFACE_CURVE('',#1885,(#1889,#1896),.PCURVE_S1.);
#1885 = LINE('',#1886,#1887);
#1886 = CARTESIAN_POINT('',(1.4,-4.35,10.328556222084));
#1887 = VECTOR('',#1888,1.);
#1888 = DIRECTION('',(6.7E-16,-4.4E-16,-1.));
#1889 = PCURVE('',#1026,#1890);
#1890 = DEFINITIONAL_REPRESENTATION('',(#1891),#1895);
#1891 = LINE('',#1892,#1893);
#1892 = CARTESIAN_POINT('',(1.1,-6.128556222084));
#1893 = VECTOR('',#1894,1.);
#1894 = DIRECTION('',(-1.2E-16,-1.));
#1895 = ( GEOMETRIC_REPRESENTATION_CONTEXT(2) 
PARAMETRIC_REPRESENTATION_CONTEXT() REPRESENTATION_CONTEXT('2D SPACE',''
  ) );
#1896 = PCURVE('',#1622,#1897);
#1897 = DEFINITIONAL_REPRESENTATION('',(#1898),#1902);
#1898 = LINE('',#1899,#1900);
#1899 = CARTESIAN_POINT('',(6.128556222084,-4.15));
#1900 = VECTOR('',#1901,1.);
#1901 = DIRECTION('',(-1.,5.5E-16));
#1902 = ( GEOMETRIC_REPRESENTATION_CONTEXT(2) 
PARAMETRIC_REPRESENTATION_CONTEXT() REPRESENTATION_CONTEXT('2D SPACE',''
  ) );
#1903 = ORIENTED_EDGE('',*,*,#1904,.T.);
#1904 = EDGE_CURVE('',#1882,#983,#1905,.T.);
#1905 = SURFACE_CURVE('',#1906,(#1911,#1918),.PCURVE_S1.);
#1906 = CIRCLE('',#1907,1.);
#1907 = AXIS2_PLACEMENT_3D('',#1908,#1909,#1910);
#1908 = CARTESIAN_POINT('',(1.4,-3.35,6.2));
#1909 = DIRECTION('',(-1.,1.1E-16,-1.E-15));
#1910 = DIRECTION('',(1.1E-16,1.,-1.11E-15));
#1911 = PCURVE('',#1026,#1912);
#1912 = DEFINITIONAL_REPRESENTATION('',(#1913),#1917);
#1913 = CIRCLE('',#1914,1.);
#1914 = AXIS2_PLACEMENT_2D('',#1915,#1916);
#1915 = CARTESIAN_POINT('',(9.999999999999E-02,-10.25711244416));
#1916 = DIRECTION('',(-1.,-5.5E-16));
#1917 = ( GEOMETRIC_REPRESENTATION_CONTEXT(2) 
PARAMETRIC_REPRESENTATION_CONTEXT() REPRESENTATION_CONTEXT('2D SPACE',''
  ) );
#1918 = PCURVE('',#998,#1919);
#1919 = DEFINITIONAL_REPRESENTATION('',(#1920),#1924);
#1920 = LINE('',#1921,#1922);
#1921 = CARTESIAN_POINT('',(-6.28318530718,-4.15));
#1922 = VECTOR('',#1923,1.);
#1923 = DIRECTION('',(1.,-0.));
#1924 = ( GEOMETRIC_REPRESENTATION_CONTEXT(2) 
PARAMETRIC_REPRESENTATION_CONTEXT() REPRESENTATION_CONTEXT('2D SPACE',''
  ) );
#1925 = ADVANCED_FACE('',(#1926),#998,.T.);
#1926 = FACE_BOUND('',#1927,.F.);
#1927 = EDGE_LOOP('',(#1928,#1929,#1930,#1931));
#1928 = ORIENTED_EDGE('',*,*,#1578,.T.);
#1929 = ORIENTED_EDGE('',*,*,#982,.T.);
#1930 = ORIENTED_EDGE('',*,*,#1904,.F.);
#1931 = ORIENTED_EDGE('',*,*,#1932,.F.);
#1932 = EDGE_CURVE('',#1579,#1882,#1933,.T.);
#1933 = SURFACE_CURVE('',#1934,(#1938,#1945),.PCURVE_S1.);
#1934 = LINE('',#1935,#1936);
#1935 = CARTESIAN_POINT('',(-2.75,-4.35,6.2));
#1936 = VECTOR('',#1937,1.);
#1937 = DIRECTION('',(1.,-6.7E-16,1.7E-16));
#1938 = PCURVE('',#998,#1939);
#1939 = DEFINITIONAL_REPRESENTATION('',(#1940),#1944);
#1940 = LINE('',#1941,#1942);
#1941 = CARTESIAN_POINT('',(-3.14159265359,0.));
#1942 = VECTOR('',#1943,1.);
#1943 = DIRECTION('',(-0.,-1.));
#1944 = ( GEOMETRIC_REPRESENTATION_CONTEXT(2) 
PARAMETRIC_REPRESENTATION_CONTEXT() REPRESENTATION_CONTEXT('2D SPACE',''
  ) );
#1945 = PCURVE('',#1622,#1946);
#1946 = DEFINITIONAL_REPRESENTATION('',(#1947),#1951);
#1947 = LINE('',#1948,#1949);
#1948 = CARTESIAN_POINT('',(2.,-2.195539507497E-16));
#1949 = VECTOR('',#1950,1.);
#1950 = DIRECTION('',(-1.05E-15,-1.));
#1951 = ( GEOMETRIC_REPRESENTATION_CONTEXT(2) 
PARAMETRIC_REPRESENTATION_CONTEXT() REPRESENTATION_CONTEXT('2D SPACE',''
  ) );
#1952 = ADVANCED_FACE('',(#1953),#1214,.F.);
#1953 = FACE_BOUND('',#1954,.F.);
#1954 = EDGE_LOOP('',(#1955,#1956,#1977,#1978));
#1955 = ORIENTED_EDGE('',*,*,#1197,.F.);
#1956 = ORIENTED_EDGE('',*,*,#1957,.T.);
#1957 = EDGE_CURVE('',#1198,#1472,#1958,.T.);
#1958 = SEAM_CURVE('',#1959,(#1963,#1970),.PCURVE_S1.);
#1959 = LINE('',#1960,#1961);
#1960 = CARTESIAN_POINT('',(1.5,-2.33E-15,16.457112444168));
#1961 = VECTOR('',#1962,1.);
#1962 = DIRECTION('',(6.7E-16,1.1E-16,-1.));
#1963 = PCURVE('',#1214,#1964);
#1964 = DEFINITIONAL_REPRESENTATION('',(#1965),#1969);
#1965 = LINE('',#1966,#1967);
#1966 = CARTESIAN_POINT('',(6.28318530718,0.));
#1967 = VECTOR('',#1968,1.);
#1968 = DIRECTION('',(0.,-1.));
#1969 = ( GEOMETRIC_REPRESENTATION_CONTEXT(2) 
PARAMETRIC_REPRESENTATION_CONTEXT() REPRESENTATION_CONTEXT('2D SPACE',''
  ) );
#1970 = PCURVE('',#1214,#1971);
#1971 = DEFINITIONAL_REPRESENTATION('',(#1972),#1976);
#1972 = LINE('',#1973,#1974);
#1973 = CARTESIAN_POINT('',(0.,0.));
#1974 = VECTOR('',#1975,1.);
#1975 = DIRECTION('',(0.,-1.));
#1976 = ( GEOMETRIC_REPRESENTATION_CONTEXT(2) 
PARAMETRIC_REPRESENTATION_CONTEXT() REPRESENTATION_CONTEXT('2D SPACE',''
  ) );
#1977 = ORIENTED_EDGE('',*,*,#1471,.T.);
#1978 = ORIENTED_EDGE('',*,*,#1957,.F.);
#1979 = ADVANCED_FACE('',(#1980),#1367,.F.);
#1980 = FACE_BOUND('',#1981,.T.);
#1981 = EDGE_LOOP('',(#1982,#1983,#1984,#1985));
#1982 = ORIENTED_EDGE('',*,*,#1690,.T.);
#1983 = ORIENTED_EDGE('',*,*,#1351,.T.);
#1984 = ORIENTED_EDGE('',*,*,#1811,.F.);
#1985 = ORIENTED_EDGE('',*,*,#1986,.F.);
#1986 = EDGE_CURVE('',#1663,#1812,#1987,.T.);
#1987 = SURFACE_CURVE('',#1988,(#1992,#1999),.PCURVE_S1.);
#1988 = LINE('',#1989,#1990);
#1989 = CARTESIAN_POINT('',(-2.75,-3.65,6.2));
#1990 = VECTOR('',#1991,1.);
#1991 = DIRECTION('',(1.,-6.7E-16,1.7E-16));
#1992 = PCURVE('',#1367,#1993);
#1993 = DEFINITIONAL_REPRESENTATION('',(#1994),#1998);
#1994 = LINE('',#1995,#1996);
#1995 = CARTESIAN_POINT('',(-3.14159265359,0.));
#1996 = VECTOR('',#1997,1.);
#1997 = DIRECTION('',(-0.,-1.));
#1998 = ( GEOMETRIC_REPRESENTATION_CONTEXT(2) 
PARAMETRIC_REPRESENTATION_CONTEXT() REPRESENTATION_CONTEXT('2D SPACE',''
  ) );
#1999 = PCURVE('',#1678,#2000);
#2000 = DEFINITIONAL_REPRESENTATION('',(#2001),#2005);
#2001 = LINE('',#2002,#2003);
#2002 = CARTESIAN_POINT('',(0.,-0.));
#2003 = VECTOR('',#2004,1.);
#2004 = DIRECTION('',(1.05E-15,-1.));
#2005 = ( GEOMETRIC_REPRESENTATION_CONTEXT(2) 
PARAMETRIC_REPRESENTATION_CONTEXT() REPRESENTATION_CONTEXT('2D SPACE',''
  ) );
#2006 = ADVANCED_FACE('',(#2007),#1678,.T.);
#2007 = FACE_BOUND('',#2008,.T.);
#2008 = EDGE_LOOP('',(#2009,#2010,#2011,#2012));
#2009 = ORIENTED_EDGE('',*,*,#1662,.F.);
#2010 = ORIENTED_EDGE('',*,*,#1986,.T.);
#2011 = ORIENTED_EDGE('',*,*,#1835,.F.);
#2012 = ORIENTED_EDGE('',*,*,#2013,.F.);
#2013 = EDGE_CURVE('',#1635,#1836,#2014,.T.);
#2014 = SURFACE_CURVE('',#2015,(#2019,#2026),.PCURVE_S1.);
#2015 = LINE('',#2016,#2017);
#2016 = CARTESIAN_POINT('',(-2.75,-3.65,4.2));
#2017 = VECTOR('',#2018,1.);
#2018 = DIRECTION('',(1.,-6.7E-16,1.7E-16));
#2019 = PCURVE('',#1678,#2020);
#2020 = DEFINITIONAL_REPRESENTATION('',(#2021),#2025);
#2021 = LINE('',#2022,#2023);
#2022 = CARTESIAN_POINT('',(2.,2.195539507497E-16));
#2023 = VECTOR('',#2024,1.);
#2024 = DIRECTION('',(1.05E-15,-1.));
#2025 = ( GEOMETRIC_REPRESENTATION_CONTEXT(2) 
PARAMETRIC_REPRESENTATION_CONTEXT() REPRESENTATION_CONTEXT('2D SPACE',''
  ) );
#2026 = PCURVE('',#1650,#2027);
#2027 = DEFINITIONAL_REPRESENTATION('',(#2028),#2032);
#2028 = LINE('',#2029,#2030);
#2029 = CARTESIAN_POINT('',(0.,-0.));
#2030 = VECTOR('',#2031,1.);
#2031 = DIRECTION('',(1.11E-15,-1.));
#2032 = ( GEOMETRIC_REPRESENTATION_CONTEXT(2) 
PARAMETRIC_REPRESENTATION_CONTEXT() REPRESENTATION_CONTEXT('2D SPACE',''
  ) );
#2033 = ADVANCED_FACE('',(#2034),#1650,.T.);
#2034 = FACE_BOUND('',#2035,.T.);
#2035 = EDGE_LOOP('',(#2036,#2037,#2038,#2039));
#2036 = ORIENTED_EDGE('',*,*,#1634,.F.);
#2037 = ORIENTED_EDGE('',*,*,#2013,.T.);
#2038 = ORIENTED_EDGE('',*,*,#1858,.F.);
#2039 = ORIENTED_EDGE('',*,*,#2040,.F.);
#2040 = EDGE_CURVE('',#1607,#1859,#2041,.T.);
#2041 = SURFACE_CURVE('',#2042,(#2046,#2053),.PCURVE_S1.);
#2042 = LINE('',#2043,#2044);
#2043 = CARTESIAN_POINT('',(-2.75,-4.35,4.2));
#2044 = VECTOR('',#2045,1.);
#2045 = DIRECTION('',(1.,-6.7E-16,1.7E-16));
#2046 = PCURVE('',#1650,#2047);
#2047 = DEFINITIONAL_REPRESENTATION('',(#2048),#2052);
#2048 = LINE('',#2049,#2050);
#2049 = CARTESIAN_POINT('',(0.7,-1.360892098501E-16));
#2050 = VECTOR('',#2051,1.);
#2051 = DIRECTION('',(1.11E-15,-1.));
#2052 = ( GEOMETRIC_REPRESENTATION_CONTEXT(2) 
PARAMETRIC_REPRESENTATION_CONTEXT() REPRESENTATION_CONTEXT('2D SPACE',''
  ) );
#2053 = PCURVE('',#1622,#2054);
#2054 = DEFINITIONAL_REPRESENTATION('',(#2055),#2059);
#2055 = LINE('',#2056,#2057);
#2056 = CARTESIAN_POINT('',(0.,-0.));
#2057 = VECTOR('',#2058,1.);
#2058 = DIRECTION('',(-1.05E-15,-1.));
#2059 = ( GEOMETRIC_REPRESENTATION_CONTEXT(2) 
PARAMETRIC_REPRESENTATION_CONTEXT() REPRESENTATION_CONTEXT('2D SPACE',''
  ) );
#2060 = ADVANCED_FACE('',(#2061),#1622,.T.);
#2061 = FACE_BOUND('',#2062,.T.);
#2062 = EDGE_LOOP('',(#2063,#2064,#2065,#2066));
#2063 = ORIENTED_EDGE('',*,*,#1606,.F.);
#2064 = ORIENTED_EDGE('',*,*,#2040,.T.);
#2065 = ORIENTED_EDGE('',*,*,#1881,.F.);
#2066 = ORIENTED_EDGE('',*,*,#1932,.F.);
#2067 = ( GEOMETRIC_REPRESENTATION_CONTEXT(3) 
GLOBAL_UNCERTAINTY_ASSIGNED_CONTEXT((#2071)) 
GLOBAL_UNIT_ASSIGNED_CONTEXT((#2068,#2069,#2070)) REPRESENTATION_CONTEXT
('Context #1','3D Context with UNIT and UNCERTAINTY') );
#2068 = ( LENGTH_UNIT() NAMED_UNIT(*) SI_UNIT(.MILLI.,.METRE.) );
#2069 = ( NAMED_UNIT(*) PLANE_ANGLE_UNIT() SI_UNIT($,.RADIAN.) );
#2070 = ( NAMED_UNIT(*) SI_UNIT($,.STERADIAN.) SOLID_ANGLE_UNIT() );
#2071 = UNCERTAINTY_MEASURE_WITH_UNIT(LENGTH_MEASURE(2.E-07),#2068,
  'distance_accuracy_value','confusion accuracy');
#2072 = SHAPE_DEFINITION_REPRESENTATION(#2073,#58);
#2073 = PRODUCT_DEFINITION_SHAPE('','',#2074);
#2074 = PRODUCT_DEFINITION('design','',#2075,#2078);
#2075 = PRODUCT_DEFINITION_FORMATION('','',#2076);
#2076 = PRODUCT('Conductor','Conductor','',(#2077));
#2077 = PRODUCT_CONTEXT('',#2,'mechanical');
#2078 = PRODUCT_DEFINITION_CONTEXT('part definition',#2,'design');
#2079 = CONTEXT_DEPENDENT_SHAPE_REPRESENTATION(#2080,#2082);
#2080 = ( REPRESENTATION_RELATIONSHIP('','',#58,#44) 
REPRESENTATION_RELATIONSHIP_WITH_TRANSFORMATION(#2081) 
SHAPE_REPRESENTATION_RELATIONSHIP() );
#2081 = ITEM_DEFINED_TRANSFORMATION('','',#11,#45);
#2082 = PRODUCT_DEFINITION_SHAPE('Placement','Placement of an item',
  #2083);
#2083 = NEXT_ASSEMBLY_USAGE_OCCURRENCE('13','0','',#39,#2074,$);
#2084 = PRODUCT_RELATED_PRODUCT_CATEGORY('part',$,(#2076));
#2085 = CONTEXT_DEPENDENT_SHAPE_REPRESENTATION(#2086,#2088);
#2086 = ( REPRESENTATION_RELATIONSHIP('','',#58,#44) 
REPRESENTATION_RELATIONSHIP_WITH_TRANSFORMATION(#2087) 
SHAPE_REPRESENTATION_RELATIONSHIP() );
#2087 = ITEM_DEFINED_TRANSFORMATION('','',#11,#49);
#2088 = PRODUCT_DEFINITION_SHAPE('Placement','Placement of an item',
  #2089);
#2089 = NEXT_ASSEMBLY_USAGE_OCCURRENCE('14','1','',#39,#2074,$);
#2090 = CONTEXT_DEPENDENT_SHAPE_REPRESENTATION(#2091,#2093);
#2091 = ( REPRESENTATION_RELATIONSHIP('','',#44,#10) 
REPRESENTATION_RELATIONSHIP_WITH_TRANSFORMATION(#2092) 
SHAPE_REPRESENTATION_RELATIONSHIP() );
#2092 = ITEM_DEFINED_TRANSFORMATION('','',#11,#15);
#2093 = PRODUCT_DEFINITION_SHAPE('Placement','Placement of an item',
  #2094);
#2094 = NEXT_ASSEMBLY_USAGE_OCCURRENCE('15','ConductorArray','',#5,#39,$
  );
#2095 = PRODUCT_RELATED_PRODUCT_CATEGORY('part',$,(#41));
#2096 = SHAPE_DEFINITION_REPRESENTATION(#2097,#2103);
#2097 = PRODUCT_DEFINITION_SHAPE('','',#2098);
#2098 = PRODUCT_DEFINITION('design','',#2099,#2102);
#2099 = PRODUCT_DEFINITION_FORMATION('','',#2100);
#2100 = PRODUCT('BoltArray','BoltArray','',(#2101));
#2101 = PRODUCT_CONTEXT('',#2,'mechanical');
#2102 = PRODUCT_DEFINITION_CONTEXT('part definition',#2,'design');
#2103 = SHAPE_REPRESENTATION('',(#11,#2104,#2108),#2112);
#2104 = AXIS2_PLACEMENT_3D('',#2105,#2106,#2107);
#2105 = CARTESIAN_POINT('',(0.,0.,8.4));
#2106 = DIRECTION('',(0.,0.,1.));
#2107 = DIRECTION('',(1.,0.,0.));
#2108 = AXIS2_PLACEMENT_3D('',#2109,#2110,#2111);
#2109 = CARTESIAN_POINT('',(8.5,0.,8.4));
#2110 = DIRECTION('',(0.,0.,1.));
#2111 = DIRECTION('',(1.,0.,0.));
#2112 = ( GEOMETRIC_REPRESENTATION_CONTEXT(3) 
GLOBAL_UNCERTAINTY_ASSIGNED_CONTEXT((#2116)) 
GLOBAL_UNIT_ASSIGNED_CONTEXT((#2113,#2114,#2115)) REPRESENTATION_CONTEXT
('Context #1','3D Context with UNIT and UNCERTAINTY') );
#2113 = ( LENGTH_UNIT() NAMED_UNIT(*) SI_UNIT(.MILLI.,.METRE.) );
#2114 = ( NAMED_UNIT(*) PLANE_ANGLE_UNIT() SI_UNIT($,.RADIAN.) );
#2115 = ( NAMED_UNIT(*) SI_UNIT($,.STERADIAN.) SOLID_ANGLE_UNIT() );
#2116 = UNCERTAINTY_MEASURE_WITH_UNIT(LENGTH_MEASURE(1.E-07),#2113,
  'distance_accuracy_value','confusion accuracy');
#2117 = ADVANCED_BREP_SHAPE_REPRESENTATION('',(#11,#2118),#4341);
#2118 = MANIFOLD_SOLID_BREP('',#2119);
#2119 = CLOSED_SHELL('',(#2120,#2208,#2247,#2303,#2358,#2362,#3137,#3220
    ,#3792,#3826,#3853,#3900,#3934,#3941,#3975,#4009,#4036,#4063,#4090,
    #4124,#4158,#4185,#4212,#4239,#4273,#4307,#4334));
#2120 = ADVANCED_FACE('',(#2121),#2134,.T.);
#2121 = FACE_BOUND('',#2122,.F.);
#2122 = EDGE_LOOP('',(#2123,#2157,#2180,#2207));
#2123 = ORIENTED_EDGE('',*,*,#2124,.T.);
#2124 = EDGE_CURVE('',#2125,#2125,#2127,.T.);
#2125 = VERTEX_POINT('',#2126);
#2126 = CARTESIAN_POINT('',(2.8,0.,1.542463035442));
#2127 = SURFACE_CURVE('',#2128,(#2133,#2145),.PCURVE_S1.);
#2128 = CIRCLE('',#2129,2.8);
#2129 = AXIS2_PLACEMENT_3D('',#2130,#2131,#2132);
#2130 = CARTESIAN_POINT('',(0.,0.,1.542463035442));
#2131 = DIRECTION('',(0.,0.,1.));
#2132 = DIRECTION('',(1.,0.,-0.));
#2133 = PCURVE('',#2134,#2139);
#2134 = CYLINDRICAL_SURFACE('',#2135,2.8);
#2135 = AXIS2_PLACEMENT_3D('',#2136,#2137,#2138);
#2136 = CARTESIAN_POINT('',(0.,0.,1.542463035442));
#2137 = DIRECTION('',(-0.,-0.,-1.));
#2138 = DIRECTION('',(1.,0.,0.));
#2139 = DEFINITIONAL_REPRESENTATION('',(#2140),#2144);
#2140 = LINE('',#2141,#2142);
#2141 = CARTESIAN_POINT('',(-0.,0.));
#2142 = VECTOR('',#2143,1.);
#2143 = DIRECTION('',(-1.,0.));
#2144 = ( GEOMETRIC_REPRESENTATION_CONTEXT(2) 
PARAMETRIC_REPRESENTATION_CONTEXT() REPRESENTATION_CONTEXT('2D SPACE',''
  ) );
#2145 = PCURVE('',#2146,#2151);
#2146 = SPHERICAL_SURFACE('',#2147,5.);
#2147 = AXIS2_PLACEMENT_3D('',#2148,#2149,#2150);
#2148 = CARTESIAN_POINT('',(-7.22E-15,0.,-2.6));
#2149 = DIRECTION('',(-0.,-0.,-1.));
#2150 = DIRECTION('',(1.,0.,-0.));
#2151 = DEFINITIONAL_REPRESENTATION('',(#2152),#2156);
#2152 = LINE('',#2153,#2154);
#2153 = CARTESIAN_POINT('',(-0.,-0.976410526794));
#2154 = VECTOR('',#2155,1.);
#2155 = DIRECTION('',(-1.,0.));
#2156 = ( GEOMETRIC_REPRESENTATION_CONTEXT(2) 
PARAMETRIC_REPRESENTATION_CONTEXT() REPRESENTATION_CONTEXT('2D SPACE',''
  ) );
#2157 = ORIENTED_EDGE('',*,*,#2158,.T.);
#2158 = EDGE_CURVE('',#2125,#2159,#2161,.T.);
#2159 = VERTEX_POINT('',#2160);
#2160 = CARTESIAN_POINT('',(2.8,0.,0.));
#2161 = SEAM_CURVE('',#2162,(#2166,#2173),.PCURVE_S1.);
#2162 = LINE('',#2163,#2164);
#2163 = CARTESIAN_POINT('',(2.8,0.,1.542463035442));
#2164 = VECTOR('',#2165,1.);
#2165 = DIRECTION('',(0.,0.,-1.));
#2166 = PCURVE('',#2134,#2167);
#2167 = DEFINITIONAL_REPRESENTATION('',(#2168),#2172);
#2168 = LINE('',#2169,#2170);
#2169 = CARTESIAN_POINT('',(-0.,0.));
#2170 = VECTOR('',#2171,1.);
#2171 = DIRECTION('',(-0.,1.));
#2172 = ( GEOMETRIC_REPRESENTATION_CONTEXT(2) 
PARAMETRIC_REPRESENTATION_CONTEXT() REPRESENTATION_CONTEXT('2D SPACE',''
  ) );
#2173 = PCURVE('',#2134,#2174);
#2174 = DEFINITIONAL_REPRESENTATION('',(#2175),#2179);
#2175 = LINE('',#2176,#2177);
#2176 = CARTESIAN_POINT('',(-6.28318530718,0.));
#2177 = VECTOR('',#2178,1.);
#2178 = DIRECTION('',(-0.,1.));
#2179 = ( GEOMETRIC_REPRESENTATION_CONTEXT(2) 
PARAMETRIC_REPRESENTATION_CONTEXT() REPRESENTATION_CONTEXT('2D SPACE',''
  ) );
#2180 = ORIENTED_EDGE('',*,*,#2181,.F.);
#2181 = EDGE_CURVE('',#2159,#2159,#2182,.T.);
#2182 = SURFACE_CURVE('',#2183,(#2188,#2195),.PCURVE_S1.);
#2183 = CIRCLE('',#2184,2.8);
#2184 = AXIS2_PLACEMENT_3D('',#2185,#2186,#2187);
#2185 = CARTESIAN_POINT('',(0.,0.,0.));
#2186 = DIRECTION('',(0.,0.,1.));
#2187 = DIRECTION('',(1.,0.,-0.));
#2188 = PCURVE('',#2134,#2189);
#2189 = DEFINITIONAL_REPRESENTATION('',(#2190),#2194);
#2190 = LINE('',#2191,#2192);
#2191 = CARTESIAN_POINT('',(-0.,1.542463035442));
#2192 = VECTOR('',#2193,1.);
#2193 = DIRECTION('',(-1.,0.));
#2194 = ( GEOMETRIC_REPRESENTATION_CONTEXT(2) 
PARAMETRIC_REPRESENTATION_CONTEXT() REPRESENTATION_CONTEXT('2D SPACE',''
  ) );
#2195 = PCURVE('',#2196,#2201);
#2196 = PLANE('',#2197);
#2197 = AXIS2_PLACEMENT_3D('',#2198,#2199,#2200);
#2198 = CARTESIAN_POINT('',(0.,0.,0.));
#2199 = DIRECTION('',(0.,0.,1.));
#2200 = DIRECTION('',(1.,0.,-0.));
#2201 = DEFINITIONAL_REPRESENTATION('',(#2202),#2206);
#2202 = CIRCLE('',#2203,2.8);
#2203 = AXIS2_PLACEMENT_2D('',#2204,#2205);
#2204 = CARTESIAN_POINT('',(0.,0.));
#2205 = DIRECTION('',(1.,0.));
#2206 = ( GEOMETRIC_REPRESENTATION_CONTEXT(2) 
PARAMETRIC_REPRESENTATION_CONTEXT() REPRESENTATION_CONTEXT('2D SPACE',''
  ) );
#2207 = ORIENTED_EDGE('',*,*,#2158,.F.);
#2208 = ADVANCED_FACE('',(#2209,#2212),#2196,.F.);
#2209 = FACE_BOUND('',#2210,.F.);
#2210 = EDGE_LOOP('',(#2211));
#2211 = ORIENTED_EDGE('',*,*,#2181,.T.);
#2212 = FACE_BOUND('',#2213,.F.);
#2213 = EDGE_LOOP('',(#2214));
#2214 = ORIENTED_EDGE('',*,*,#2215,.F.);
#2215 = EDGE_CURVE('',#2216,#2216,#2218,.T.);
#2216 = VERTEX_POINT('',#2217);
#2217 = CARTESIAN_POINT('',(1.6,0.,0.));
#2218 = SURFACE_CURVE('',#2219,(#2224,#2231),.PCURVE_S1.);
#2219 = CIRCLE('',#2220,1.6);
#2220 = AXIS2_PLACEMENT_3D('',#2221,#2222,#2223);
#2221 = CARTESIAN_POINT('',(0.,0.,-1.E-17));
#2222 = DIRECTION('',(0.,0.,1.));
#2223 = DIRECTION('',(1.,0.,-0.));
#2224 = PCURVE('',#2196,#2225);
#2225 = DEFINITIONAL_REPRESENTATION('',(#2226),#2230);
#2226 = CIRCLE('',#2227,1.6);
#2227 = AXIS2_PLACEMENT_2D('',#2228,#2229);
#2228 = CARTESIAN_POINT('',(0.,0.));
#2229 = DIRECTION('',(1.,0.));
#2230 = ( GEOMETRIC_REPRESENTATION_CONTEXT(2) 
PARAMETRIC_REPRESENTATION_CONTEXT() REPRESENTATION_CONTEXT('2D SPACE',''
  ) );
#2231 = PCURVE('',#2232,#2241);
#2232 = SURFACE_OF_REVOLUTION('',#2233,#2238);
#2233 = CIRCLE('',#2234,0.1);
#2234 = AXIS2_PLACEMENT_3D('',#2235,#2236,#2237);
#2235 = CARTESIAN_POINT('',(1.6,0.,-0.1));
#2236 = DIRECTION('',(0.,-1.,0.));
#2237 = DIRECTION('',(0.,0.,1.));
#2238 = AXIS1_PLACEMENT('',#2239,#2240);
#2239 = CARTESIAN_POINT('',(0.,0.,0.));
#2240 = DIRECTION('',(0.,0.,1.));
#2241 = DEFINITIONAL_REPRESENTATION('',(#2242),#2246);
#2242 = LINE('',#2243,#2244);
#2243 = CARTESIAN_POINT('',(0.,0.));
#2244 = VECTOR('',#2245,1.);
#2245 = DIRECTION('',(1.,0.));
#2246 = ( GEOMETRIC_REPRESENTATION_CONTEXT(2) 
PARAMETRIC_REPRESENTATION_CONTEXT() REPRESENTATION_CONTEXT('2D SPACE',''
  ) );
#2247 = ADVANCED_FACE('',(#2248),#2232,.F.);
#2248 = FACE_BOUND('',#2249,.F.);
#2249 = EDGE_LOOP('',(#2250,#2251,#2275,#2302));
#2250 = ORIENTED_EDGE('',*,*,#2215,.T.);
#2251 = ORIENTED_EDGE('',*,*,#2252,.T.);
#2252 = EDGE_CURVE('',#2216,#2253,#2255,.T.);
#2253 = VERTEX_POINT('',#2254);
#2254 = CARTESIAN_POINT('',(1.5,0.,-1.E-01));
#2255 = SEAM_CURVE('',#2256,(#2261,#2268),.PCURVE_S1.);
#2256 = CIRCLE('',#2257,0.1);
#2257 = AXIS2_PLACEMENT_3D('',#2258,#2259,#2260);
#2258 = CARTESIAN_POINT('',(1.6,0.,-0.1));
#2259 = DIRECTION('',(0.,-1.,0.));
#2260 = DIRECTION('',(0.,0.,1.));
#2261 = PCURVE('',#2232,#2262);
#2262 = DEFINITIONAL_REPRESENTATION('',(#2263),#2267);
#2263 = LINE('',#2264,#2265);
#2264 = CARTESIAN_POINT('',(0.,0.));
#2265 = VECTOR('',#2266,1.);
#2266 = DIRECTION('',(0.,1.));
#2267 = ( GEOMETRIC_REPRESENTATION_CONTEXT(2) 
PARAMETRIC_REPRESENTATION_CONTEXT() REPRESENTATION_CONTEXT('2D SPACE',''
  ) );
#2268 = PCURVE('',#2232,#2269);
#2269 = DEFINITIONAL_REPRESENTATION('',(#2270),#2274);
#2270 = LINE('',#2271,#2272);
#2271 = CARTESIAN_POINT('',(6.28318530718,0.));
#2272 = VECTOR('',#2273,1.);
#2273 = DIRECTION('',(0.,1.));
#2274 = ( GEOMETRIC_REPRESENTATION_CONTEXT(2) 
PARAMETRIC_REPRESENTATION_CONTEXT() REPRESENTATION_CONTEXT('2D SPACE',''
  ) );
#2275 = ORIENTED_EDGE('',*,*,#2276,.F.);
#2276 = EDGE_CURVE('',#2253,#2253,#2277,.T.);
#2277 = SURFACE_CURVE('',#2278,(#2283,#2290),.PCURVE_S1.);
#2278 = CIRCLE('',#2279,1.5);
#2279 = AXIS2_PLACEMENT_3D('',#2280,#2281,#2282);
#2280 = CARTESIAN_POINT('',(0.,0.,-0.1));
#2281 = DIRECTION('',(0.,0.,1.));
#2282 = DIRECTION('',(1.,0.,-0.));
#2283 = PCURVE('',#2232,#2284);
#2284 = DEFINITIONAL_REPRESENTATION('',(#2285),#2289);
#2285 = LINE('',#2286,#2287);
#2286 = CARTESIAN_POINT('',(0.,1.570796326795));
#2287 = VECTOR('',#2288,1.);
#2288 = DIRECTION('',(1.,0.));
#2289 = ( GEOMETRIC_REPRESENTATION_CONTEXT(2) 
PARAMETRIC_REPRESENTATION_CONTEXT() REPRESENTATION_CONTEXT('2D SPACE',''
  ) );
#2290 = PCURVE('',#2291,#2296);
#2291 = CYLINDRICAL_SURFACE('',#2292,1.5);
#2292 = AXIS2_PLACEMENT_3D('',#2293,#2294,#2295);
#2293 = CARTESIAN_POINT('',(0.,0.,-0.1));
#2294 = DIRECTION('',(-0.,-0.,-1.));
#2295 = DIRECTION('',(1.,0.,0.));
#2296 = DEFINITIONAL_REPRESENTATION('',(#2297),#2301);
#2297 = LINE('',#2298,#2299);
#2298 = CARTESIAN_POINT('',(-0.,0.));
#2299 = VECTOR('',#2300,1.);
#2300 = DIRECTION('',(-1.,0.));
#2301 = ( GEOMETRIC_REPRESENTATION_CONTEXT(2) 
PARAMETRIC_REPRESENTATION_CONTEXT() REPRESENTATION_CONTEXT('2D SPACE',''
  ) );
#2302 = ORIENTED_EDGE('',*,*,#2252,.F.);
#2303 = ADVANCED_FACE('',(#2304),#2291,.T.);
#2304 = FACE_BOUND('',#2305,.F.);
#2305 = EDGE_LOOP('',(#2306,#2307,#2330,#2357));
#2306 = ORIENTED_EDGE('',*,*,#2276,.T.);
#2307 = ORIENTED_EDGE('',*,*,#2308,.T.);
#2308 = EDGE_CURVE('',#2253,#2309,#2311,.T.);
#2309 = VERTEX_POINT('',#2310);
#2310 = CARTESIAN_POINT('',(1.5,0.,-6.));
#2311 = SEAM_CURVE('',#2312,(#2316,#2323),.PCURVE_S1.);
#2312 = LINE('',#2313,#2314);
#2313 = CARTESIAN_POINT('',(1.5,0.,-0.1));
#2314 = VECTOR('',#2315,1.);
#2315 = DIRECTION('',(0.,0.,-1.));
#2316 = PCURVE('',#2291,#2317);
#2317 = DEFINITIONAL_REPRESENTATION('',(#2318),#2322);
#2318 = LINE('',#2319,#2320);
#2319 = CARTESIAN_POINT('',(-0.,0.));
#2320 = VECTOR('',#2321,1.);
#2321 = DIRECTION('',(-0.,1.));
#2322 = ( GEOMETRIC_REPRESENTATION_CONTEXT(2) 
PARAMETRIC_REPRESENTATION_CONTEXT() REPRESENTATION_CONTEXT('2D SPACE',''
  ) );
#2323 = PCURVE('',#2291,#2324);
#2324 = DEFINITIONAL_REPRESENTATION('',(#2325),#2329);
#2325 = LINE('',#2326,#2327);
#2326 = CARTESIAN_POINT('',(-6.28318530718,0.));
#2327 = VECTOR('',#2328,1.);
#2328 = DIRECTION('',(-0.,1.));
#2329 = ( GEOMETRIC_REPRESENTATION_CONTEXT(2) 
PARAMETRIC_REPRESENTATION_CONTEXT() REPRESENTATION_CONTEXT('2D SPACE',''
  ) );
#2330 = ORIENTED_EDGE('',*,*,#2331,.F.);
#2331 = EDGE_CURVE('',#2309,#2309,#2332,.T.);
#2332 = SURFACE_CURVE('',#2333,(#2338,#2345),.PCURVE_S1.);
#2333 = CIRCLE('',#2334,1.5);
#2334 = AXIS2_PLACEMENT_3D('',#2335,#2336,#2337);
#2335 = CARTESIAN_POINT('',(0.,0.,-6.));
#2336 = DIRECTION('',(0.,0.,1.));
#2337 = DIRECTION('',(1.,0.,-0.));
#2338 = PCURVE('',#2291,#2339);
#2339 = DEFINITIONAL_REPRESENTATION('',(#2340),#2344);
#2340 = LINE('',#2341,#2342);
#2341 = CARTESIAN_POINT('',(-0.,5.9));
#2342 = VECTOR('',#2343,1.);
#2343 = DIRECTION('',(-1.,0.));
#2344 = ( GEOMETRIC_REPRESENTATION_CONTEXT(2) 
PARAMETRIC_REPRESENTATION_CONTEXT() REPRESENTATION_CONTEXT('2D SPACE',''
  ) );
#2345 = PCURVE('',#2346,#2351);
#2346 = PLANE('',#2347);
#2347 = AXIS2_PLACEMENT_3D('',#2348,#2349,#2350);
#2348 = CARTESIAN_POINT('',(0.,0.,-6.));
#2349 = DIRECTION('',(0.,0.,1.));
#2350 = DIRECTION('',(1.,0.,-0.));
#2351 = DEFINITIONAL_REPRESENTATION('',(#2352),#2356);
#2352 = CIRCLE('',#2353,1.5);
#2353 = AXIS2_PLACEMENT_2D('',#2354,#2355);
#2354 = CARTESIAN_POINT('',(0.,0.));
#2355 = DIRECTION('',(1.,0.));
#2356 = ( GEOMETRIC_REPRESENTATION_CONTEXT(2) 
PARAMETRIC_REPRESENTATION_CONTEXT() REPRESENTATION_CONTEXT('2D SPACE',''
  ) );
#2357 = ORIENTED_EDGE('',*,*,#2308,.F.);
#2358 = ADVANCED_FACE('',(#2359),#2346,.F.);
#2359 = FACE_BOUND('',#2360,.F.);
#2360 = EDGE_LOOP('',(#2361));
#2361 = ORIENTED_EDGE('',*,*,#2331,.T.);
#2362 = ADVANCED_FACE('',(#2363),#2146,.T.);
#2363 = FACE_BOUND('',#2364,.F.);
#2364 = EDGE_LOOP('',(#2365,#2402,#2424,#2425,#2426,#2461,#2505,#2534,
    #2578,#2613,#2648,#2692,#2721,#2765,#2800,#2835,#2879,#2908,#2952,
    #2987,#3022,#3066,#3095));
#2365 = ORIENTED_EDGE('',*,*,#2366,.T.);
#2366 = EDGE_CURVE('',#2367,#2369,#2371,.T.);
#2367 = VERTEX_POINT('',#2368);
#2368 = CARTESIAN_POINT('',(0.805652660387,-0.205,2.330405540198));
#2369 = VERTEX_POINT('',#2370);
#2370 = CARTESIAN_POINT('',(0.729522433961,0.,2.346493406278));
#2371 = SURFACE_CURVE('',#2372,(#2377,#2390),.PCURVE_S1.);
#2372 = CIRCLE('',#2373,4.998713430256);
#2373 = AXIS2_PLACEMENT_3D('',#2374,#2375,#2376);
#2374 = CARTESIAN_POINT('',(0.105296750278,4.01183536046E-02,
    -2.612928815247));
#2375 = DIRECTION('',(-0.928380992663,-0.353715730496,0.113990852535));
#2376 = DIRECTION('',(0.356036447518,-0.934472069159,0.));
#2377 = PCURVE('',#2146,#2378);
#2378 = DEFINITIONAL_REPRESENTATION('',(#2379),#2389);
#2379 = B_SPLINE_CURVE_WITH_KNOTS('',8,(#2380,#2381,#2382,#2383,#2384,
    #2385,#2386,#2387,#2388),.UNSPECIFIED.,.F.,.F.,(9,9),(1.469764627858
    ,1.518812231425),.PIECEWISE_BEZIER_KNOTS.);
#2380 = CARTESIAN_POINT('',(-6.008923131964,-1.400742030604));
#2381 = CARTESIAN_POINT('',(-6.038110202821,-1.404371157267));
#2382 = CARTESIAN_POINT('',(-6.068710659222,-1.407837110275));
#2383 = CARTESIAN_POINT('',(-6.100771020021,-1.4111259604));
#2384 = CARTESIAN_POINT('',(-6.134323900355,-1.414222750521));
#2385 = CARTESIAN_POINT('',(-6.169380956064,-1.417111659916));
#2386 = CARTESIAN_POINT('',(-6.205923758593,-1.419776322575));
#2387 = CARTESIAN_POINT('',(-6.243893053725,-1.422200531485));
#2388 = CARTESIAN_POINT('',(-6.28318530718,-1.4243691451));
#2389 = ( GEOMETRIC_REPRESENTATION_CONTEXT(2) 
PARAMETRIC_REPRESENTATION_CONTEXT() REPRESENTATION_CONTEXT('2D SPACE',''
  ) );
#2390 = PCURVE('',#2391,#2396);
#2391 = PLANE('',#2392);
#2392 = AXIS2_PLACEMENT_3D('',#2393,#2394,#2395);
#2393 = CARTESIAN_POINT('',(0.711716641687,-0.1025,1.88341746371));
#2394 = DIRECTION('',(-0.928380992663,-0.353715730496,0.113990852535));
#2395 = DIRECTION('',(-0.356036447518,0.934472069159,0.));
#2396 = DEFINITIONAL_REPRESENTATION('',(#2397),#2401);
#2397 = CIRCLE('',#2398,4.998713430256);
#2398 = AXIS2_PLACEMENT_2D('',#2399,#2400);
#2399 = CARTESIAN_POINT('',(0.349180451834,4.525846655802));
#2400 = DIRECTION('',(-1.,1.E-17));
#2401 = ( GEOMETRIC_REPRESENTATION_CONTEXT(2) 
PARAMETRIC_REPRESENTATION_CONTEXT() REPRESENTATION_CONTEXT('2D SPACE',''
  ) );
#2402 = ORIENTED_EDGE('',*,*,#2403,.T.);
#2403 = EDGE_CURVE('',#2369,#2125,#2404,.T.);
#2404 = SEAM_CURVE('',#2405,(#2410,#2417),.PCURVE_S1.);
#2405 = CIRCLE('',#2406,5.);
#2406 = AXIS2_PLACEMENT_3D('',#2407,#2408,#2409);
#2407 = CARTESIAN_POINT('',(-7.22E-15,0.,-2.6));
#2408 = DIRECTION('',(0.,1.,0.));
#2409 = DIRECTION('',(1.44E-15,-0.,1.));
#2410 = PCURVE('',#2146,#2411);
#2411 = DEFINITIONAL_REPRESENTATION('',(#2412),#2416);
#2412 = LINE('',#2413,#2414);
#2413 = CARTESIAN_POINT('',(-0.,-1.570796326795));
#2414 = VECTOR('',#2415,1.);
#2415 = DIRECTION('',(-0.,1.));
#2416 = ( GEOMETRIC_REPRESENTATION_CONTEXT(2) 
PARAMETRIC_REPRESENTATION_CONTEXT() REPRESENTATION_CONTEXT('2D SPACE',''
  ) );
#2417 = PCURVE('',#2146,#2418);
#2418 = DEFINITIONAL_REPRESENTATION('',(#2419),#2423);
#2419 = LINE('',#2420,#2421);
#2420 = CARTESIAN_POINT('',(-6.28318530718,-1.570796326795));
#2421 = VECTOR('',#2422,1.);
#2422 = DIRECTION('',(-0.,1.));
#2423 = ( GEOMETRIC_REPRESENTATION_CONTEXT(2) 
PARAMETRIC_REPRESENTATION_CONTEXT() REPRESENTATION_CONTEXT('2D SPACE',''
  ) );
#2424 = ORIENTED_EDGE('',*,*,#2124,.F.);
#2425 = ORIENTED_EDGE('',*,*,#2403,.F.);
#2426 = ORIENTED_EDGE('',*,*,#2427,.T.);
#2427 = EDGE_CURVE('',#2369,#2428,#2430,.T.);
#2428 = VERTEX_POINT('',#2429);
#2429 = CARTESIAN_POINT('',(0.805652660387,0.205,2.330405540198));
#2430 = SURFACE_CURVE('',#2431,(#2436,#2449),.PCURVE_S1.);
#2431 = CIRCLE('',#2432,4.998713430256);
#2432 = AXIS2_PLACEMENT_3D('',#2433,#2434,#2435);
#2433 = CARTESIAN_POINT('',(0.105296750278,-4.01183536046E-02,
    -2.612928815247));
#2434 = DIRECTION('',(-0.928380992663,0.353715730496,0.113990852535));
#2435 = DIRECTION('',(-0.356036447518,-0.934472069159,0.));
#2436 = PCURVE('',#2146,#2437);
#2437 = DEFINITIONAL_REPRESENTATION('',(#2438),#2448);
#2438 = B_SPLINE_CURVE_WITH_KNOTS('',8,(#2439,#2440,#2441,#2442,#2443,
    #2444,#2445,#2446,#2447),.UNSPECIFIED.,.F.,.F.,(9,9),(1.622780422165
    ,1.671828025732),.PIECEWISE_BEZIER_KNOTS.);
#2439 = CARTESIAN_POINT('',(-9.7E-16,-1.4243691451));
#2440 = CARTESIAN_POINT('',(-3.929225345507E-02,-1.422200531485));
#2441 = CARTESIAN_POINT('',(-7.726154859061E-02,-1.419776322575));
#2442 = CARTESIAN_POINT('',(-0.113804351091,-1.417111659922));
#2443 = CARTESIAN_POINT('',(-0.148861406867,-1.414222750514));
#2444 = CARTESIAN_POINT('',(-0.182414287119,-1.41112596041));
#2445 = CARTESIAN_POINT('',(-0.214474647961,-1.407837110274));
#2446 = CARTESIAN_POINT('',(-0.245075104358,-1.404371157267));
#2447 = CARTESIAN_POINT('',(-0.274262175215,-1.400742030604));
#2448 = ( GEOMETRIC_REPRESENTATION_CONTEXT(2) 
PARAMETRIC_REPRESENTATION_CONTEXT() REPRESENTATION_CONTEXT('2D SPACE',''
  ) );
#2449 = PCURVE('',#2450,#2455);
#2450 = PLANE('',#2451);
#2451 = AXIS2_PLACEMENT_3D('',#2452,#2453,#2454);
#2452 = CARTESIAN_POINT('',(0.711716641687,0.1025,1.88341746371));
#2453 = DIRECTION('',(-0.928380992663,0.353715730496,0.113990852535));
#2454 = DIRECTION('',(0.356036447518,0.934472069159,0.));
#2455 = DEFINITIONAL_REPRESENTATION('',(#2456),#2460);
#2456 = CIRCLE('',#2457,4.998713430256);
#2457 = AXIS2_PLACEMENT_2D('',#2458,#2459);
#2458 = CARTESIAN_POINT('',(-0.349180451834,4.525846655802));
#2459 = DIRECTION('',(-1.,-1.E-17));
#2460 = ( GEOMETRIC_REPRESENTATION_CONTEXT(2) 
PARAMETRIC_REPRESENTATION_CONTEXT() REPRESENTATION_CONTEXT('2D SPACE',''
  ) );
#2461 = ORIENTED_EDGE('',*,*,#2462,.T.);
#2462 = EDGE_CURVE('',#2428,#2463,#2465,.T.);
#2463 = VERTEX_POINT('',#2464);
#2464 = CARTESIAN_POINT('',(1.284581118007,0.774500710949,2.169696007085
    ));
#2465 = SURFACE_CURVE('',#2466,(#2471,#2493),.PCURVE_S1.);
#2466 = CIRCLE('',#2467,4.999975777468);
#2467 = AXIS2_PLACEMENT_3D('',#2468,#2469,#2470);
#2468 = CARTESIAN_POINT('',(1.165959146708E-02,-1.020926695481E-02,
    -2.601431617819));
#2469 = DIRECTION('',(-0.749159152089,0.65597202071,9.198517753569E-02)
  );
#2470 = DIRECTION('',(-0.658764936111,-0.752348827972,3.469446951954E-17
    ));
#2471 = PCURVE('',#2146,#2472);
#2472 = DEFINITIONAL_REPRESENTATION('',(#2473),#2492);
#2473 = B_SPLINE_CURVE_WITH_KNOTS('',9,(#2474,#2475,#2476,#2477,#2478,
    #2479,#2480,#2481,#2482,#2483,#2484,#2485,#2486,#2487,#2488,#2489,
    #2490,#2491),.UNSPECIFIED.,.F.,.F.,(10,8,10),(1.677081086133,
    1.807938483951,1.93879588177),.UNSPECIFIED.);
#2474 = CARTESIAN_POINT('',(-0.123568152294,-1.428199368687));
#2475 = CARTESIAN_POINT('',(-0.192007752297,-1.417391897607));
#2476 = CARTESIAN_POINT('',(-0.248851626023,-1.405842655857));
#2477 = CARTESIAN_POINT('',(-0.296581959989,-1.393768586964));
#2478 = CARTESIAN_POINT('',(-0.337369631361,-1.381307290481));
#2479 = CARTESIAN_POINT('',(-0.372615614549,-1.368546432437));
#2480 = CARTESIAN_POINT('',(-0.4034382012,-1.355550284905));
#2481 = CARTESIAN_POINT('',(-0.430628742406,-1.342363961876));
#2482 = CARTESIAN_POINT('',(-0.45481559717,-1.329022051923));
#2483 = CARTESIAN_POINT('',(-0.498149889748,-1.302079606518));
#2484 = CARTESIAN_POINT('',(-0.517297483442,-1.288479077795));
#2485 = CARTESIAN_POINT('',(-0.534410947696,-1.274775569728));
#2486 = CARTESIAN_POINT('',(-0.549839647702,-1.260987433053));
#2487 = CARTESIAN_POINT('',(-0.563849071708,-1.247128436391));
#2488 = CARTESIAN_POINT('',(-0.576647301581,-1.233209269846));
#2489 = CARTESIAN_POINT('',(-0.588400394643,-1.219238371872));
#2490 = CARTESIAN_POINT('',(-0.599243748493,-1.205222598923));
#2491 = CARTESIAN_POINT('',(-0.609288970463,-1.19116756333));
#2492 = ( GEOMETRIC_REPRESENTATION_CONTEXT(2) 
PARAMETRIC_REPRESENTATION_CONTEXT() REPRESENTATION_CONTEXT('2D SPACE',''
  ) );
#2493 = PCURVE('',#2494,#2499);
#2494 = PLANE('',#2495);
#2495 = AXIS2_PLACEMENT_3D('',#2496,#2497,#2498);
#2496 = CARTESIAN_POINT('',(1.788716284239,1.390397187558,1.88341746371)
  );
#2497 = DIRECTION('',(-0.749159152089,0.65597202071,9.198517753569E-02)
  );
#2498 = DIRECTION('',(0.658764936111,0.752348827972,-2.775557561563E-17)
  );
#2499 = DEFINITIONAL_REPRESENTATION('',(#2500),#2504);
#2500 = CIRCLE('',#2501,4.999975777468);
#2501 = AXIS2_PLACEMENT_2D('',#2502,#2503);
#2502 = CARTESIAN_POINT('',(-2.224407263183,4.503944109482));
#2503 = DIRECTION('',(-1.,-2.E-17));
#2504 = ( GEOMETRIC_REPRESENTATION_CONTEXT(2) 
PARAMETRIC_REPRESENTATION_CONTEXT() REPRESENTATION_CONTEXT('2D SPACE',''
  ) );
#2505 = ORIENTED_EDGE('',*,*,#2506,.F.);
#2506 = EDGE_CURVE('',#2507,#2463,#2509,.T.);
#2507 = VERTEX_POINT('',#2508);
#2508 = CARTESIAN_POINT('',(0.774500710949,1.284581118007,2.169696007085
    ));
#2509 = SURFACE_CURVE('',#2510,(#2515,#2522),.PCURVE_S1.);
#2510 = CIRCLE('',#2511,1.5);
#2511 = AXIS2_PLACEMENT_3D('',#2512,#2513,#2514);
#2512 = CARTESIAN_POINT('',(1.233E-14,0.,2.169696007085));
#2513 = DIRECTION('',(-4.1E-15,0.,-1.));
#2514 = DIRECTION('',(1.,0.,-4.1E-15));
#2515 = PCURVE('',#2146,#2516);
#2516 = DEFINITIONAL_REPRESENTATION('',(#2517),#2521);
#2517 = LINE('',#2518,#2519);
#2518 = CARTESIAN_POINT('',(-6.28318530718,-1.26610367278));
#2519 = VECTOR('',#2520,1.);
#2520 = DIRECTION('',(1.,-0.));
#2521 = ( GEOMETRIC_REPRESENTATION_CONTEXT(2) 
PARAMETRIC_REPRESENTATION_CONTEXT() REPRESENTATION_CONTEXT('2D SPACE',''
  ) );
#2522 = PCURVE('',#2523,#2528);
#2523 = CONICAL_SURFACE('',#2524,1.87393620604,0.462512251778);
#2524 = AXIS2_PLACEMENT_3D('',#2525,#2526,#2527);
#2525 = CARTESIAN_POINT('',(0.,0.,2.919696007085));
#2526 = DIRECTION('',(0.,0.,1.));
#2527 = DIRECTION('',(1.,0.,0.));
#2528 = DEFINITIONAL_REPRESENTATION('',(#2529),#2533);
#2529 = LINE('',#2530,#2531);
#2530 = CARTESIAN_POINT('',(6.28318530718,-0.75));
#2531 = VECTOR('',#2532,1.);
#2532 = DIRECTION('',(-1.,-0.));
#2533 = ( GEOMETRIC_REPRESENTATION_CONTEXT(2) 
PARAMETRIC_REPRESENTATION_CONTEXT() REPRESENTATION_CONTEXT('2D SPACE',''
  ) );
#2534 = ORIENTED_EDGE('',*,*,#2535,.T.);
#2535 = EDGE_CURVE('',#2507,#2536,#2538,.T.);
#2536 = VERTEX_POINT('',#2537);
#2537 = CARTESIAN_POINT('',(0.205,0.805652660387,2.330405540198));
#2538 = SURFACE_CURVE('',#2539,(#2544,#2566),.PCURVE_S1.);
#2539 = CIRCLE('',#2540,4.999975777468);
#2540 = AXIS2_PLACEMENT_3D('',#2541,#2542,#2543);
#2541 = CARTESIAN_POINT('',(-1.020926695481E-02,1.165959146708E-02,
    -2.601431617819));
#2542 = DIRECTION('',(0.65597202071,-0.749159152089,9.198517753569E-02)
  );
#2543 = DIRECTION('',(0.752348827972,0.658764936111,0.));
#2544 = PCURVE('',#2146,#2545);
#2545 = DEFINITIONAL_REPRESENTATION('',(#2546),#2565);
#2546 = B_SPLINE_CURVE_WITH_KNOTS('',9,(#2547,#2548,#2549,#2550,#2551,
    #2552,#2553,#2554,#2555,#2556,#2557,#2558,#2559,#2560,#2561,#2562,
    #2563,#2564),.UNSPECIFIED.,.F.,.F.,(10,8,10),(1.20279677182,
    1.333654169638,1.464511567457),.UNSPECIFIED.);
#2547 = CARTESIAN_POINT('',(-0.961507356332,-1.19116756333));
#2548 = CARTESIAN_POINT('',(-0.971552578302,-1.205222598923));
#2549 = CARTESIAN_POINT('',(-0.982395932152,-1.219238371873));
#2550 = CARTESIAN_POINT('',(-0.994149025213,-1.233209269842));
#2551 = CARTESIAN_POINT('',(-1.006947255086,-1.24712843639));
#2552 = CARTESIAN_POINT('',(-1.020956679093,-1.260987433052));
#2553 = CARTESIAN_POINT('',(-1.036385379098,-1.274775569726));
#2554 = CARTESIAN_POINT('',(-1.053498843353,-1.288479077797));
#2555 = CARTESIAN_POINT('',(-1.072646437047,-1.302079606518));
#2556 = CARTESIAN_POINT('',(-1.115980729625,-1.329022051923));
#2557 = CARTESIAN_POINT('',(-1.140167584385,-1.342363961869));
#2558 = CARTESIAN_POINT('',(-1.167358125656,-1.355550284976));
#2559 = CARTESIAN_POINT('',(-1.198180712123,-1.368546432335));
#2560 = CARTESIAN_POINT('',(-1.233426695526,-1.381307290561));
#2561 = CARTESIAN_POINT('',(-1.274214366738,-1.393768586888));
#2562 = CARTESIAN_POINT('',(-1.321944700778,-1.40584265587));
#2563 = CARTESIAN_POINT('',(-1.378788574498,-1.417391897607));
#2564 = CARTESIAN_POINT('',(-1.447228174501,-1.428199368687));
#2565 = ( GEOMETRIC_REPRESENTATION_CONTEXT(2) 
PARAMETRIC_REPRESENTATION_CONTEXT() REPRESENTATION_CONTEXT('2D SPACE',''
  ) );
#2566 = PCURVE('',#2567,#2572);
#2567 = PLANE('',#2568);
#2568 = AXIS2_PLACEMENT_3D('',#2569,#2570,#2571);
#2569 = CARTESIAN_POINT('',(1.390397187558,1.788716284239,1.88341746371)
  );
#2570 = DIRECTION('',(0.65597202071,-0.749159152089,9.198517753569E-02)
  );
#2571 = DIRECTION('',(-0.752348827972,-0.658764936111,2.775557561563E-17
    ));
#2572 = DEFINITIONAL_REPRESENTATION('',(#2573),#2577);
#2573 = CIRCLE('',#2574,4.999975777468);
#2574 = AXIS2_PLACEMENT_2D('',#2575,#2576);
#2575 = CARTESIAN_POINT('',(2.224407263183,4.503944109482));
#2576 = DIRECTION('',(-1.,1.E-17));
#2577 = ( GEOMETRIC_REPRESENTATION_CONTEXT(2) 
PARAMETRIC_REPRESENTATION_CONTEXT() REPRESENTATION_CONTEXT('2D SPACE',''
  ) );
#2578 = ORIENTED_EDGE('',*,*,#2579,.T.);
#2579 = EDGE_CURVE('',#2536,#2580,#2582,.T.);
#2580 = VERTEX_POINT('',#2581);
#2581 = CARTESIAN_POINT('',(0.,0.729522433961,2.346493406278));
#2582 = SURFACE_CURVE('',#2583,(#2588,#2601),.PCURVE_S1.);
#2583 = CIRCLE('',#2584,4.998713430256);
#2584 = AXIS2_PLACEMENT_3D('',#2585,#2586,#2587);
#2585 = CARTESIAN_POINT('',(-4.01183536046E-02,0.105296750278,
    -2.612928815247));
#2586 = DIRECTION('',(0.353715730496,-0.928380992663,0.113990852535));
#2587 = DIRECTION('',(0.934472069159,0.356036447518,-6.938893903907E-18)
  );
#2588 = PCURVE('',#2146,#2589);
#2589 = DEFINITIONAL_REPRESENTATION('',(#2590),#2600);
#2590 = B_SPLINE_CURVE_WITH_KNOTS('',8,(#2591,#2592,#2593,#2594,#2595,
    #2596,#2597,#2598,#2599),.UNSPECIFIED.,.F.,.F.,(9,9),(1.469764627858
    ,1.536245028522),.PIECEWISE_BEZIER_KNOTS.);
#2591 = CARTESIAN_POINT('',(-1.29653415158,-1.400742030604));
#2592 = CARTESIAN_POINT('',(-1.336095068397,-1.405661043503));
#2593 = CARTESIAN_POINT('',(-1.378252617345,-1.410280276517));
#2594 = CARTESIAN_POINT('',(-1.423122733218,-1.414565048295));
#2595 = CARTESIAN_POINT('',(-1.470773961216,-1.418477184767));
#2596 = CARTESIAN_POINT('',(-1.521196853752,-1.421975858256));
#2597 = CARTESIAN_POINT('',(-1.574255465163,-1.425019108093));
#2598 = CARTESIAN_POINT('',(-1.62963825979,-1.427568746016));
#2599 = CARTESIAN_POINT('',(-1.686889262993,-1.429594721703));
#2600 = ( GEOMETRIC_REPRESENTATION_CONTEXT(2) 
PARAMETRIC_REPRESENTATION_CONTEXT() REPRESENTATION_CONTEXT('2D SPACE',''
  ) );
#2601 = PCURVE('',#2602,#2607);
#2602 = PLANE('',#2603);
#2603 = AXIS2_PLACEMENT_3D('',#2604,#2605,#2606);
#2604 = CARTESIAN_POINT('',(0.1025,0.711716641687,1.88341746371));
#2605 = DIRECTION('',(0.353715730496,-0.928380992663,0.113990852535));
#2606 = DIRECTION('',(-0.934472069159,-0.356036447518,0.));
#2607 = DEFINITIONAL_REPRESENTATION('',(#2608),#2612);
#2608 = CIRCLE('',#2609,4.998713430256);
#2609 = AXIS2_PLACEMENT_2D('',#2610,#2611);
#2610 = CARTESIAN_POINT('',(0.349180451834,4.525846655802));
#2611 = DIRECTION('',(-1.,1.E-17));
#2612 = ( GEOMETRIC_REPRESENTATION_CONTEXT(2) 
PARAMETRIC_REPRESENTATION_CONTEXT() REPRESENTATION_CONTEXT('2D SPACE',''
  ) );
#2613 = ORIENTED_EDGE('',*,*,#2614,.T.);
#2614 = EDGE_CURVE('',#2580,#2615,#2617,.T.);
#2615 = VERTEX_POINT('',#2616);
#2616 = CARTESIAN_POINT('',(-0.205,0.805652660387,2.330405540198));
#2617 = SURFACE_CURVE('',#2618,(#2623,#2636),.PCURVE_S1.);
#2618 = CIRCLE('',#2619,4.998713430256);
#2619 = AXIS2_PLACEMENT_3D('',#2620,#2621,#2622);
#2620 = CARTESIAN_POINT('',(4.011835360459E-02,0.105296750278,
    -2.612928815247));
#2621 = DIRECTION('',(-0.353715730496,-0.928380992663,0.113990852535));
#2622 = DIRECTION('',(0.934472069159,-0.356036447518,-1.387778780781E-17
    ));
#2623 = PCURVE('',#2146,#2624);
#2624 = DEFINITIONAL_REPRESENTATION('',(#2625),#2635);
#2625 = B_SPLINE_CURVE_WITH_KNOTS('',8,(#2626,#2627,#2628,#2629,#2630,
    #2631,#2632,#2633,#2634),.UNSPECIFIED.,.F.,.F.,(9,9),(1.605347625068
    ,1.671828025732),.PIECEWISE_BEZIER_KNOTS.);
#2626 = CARTESIAN_POINT('',(-1.454703390597,-1.429594721703));
#2627 = CARTESIAN_POINT('',(-1.5119543938,-1.427568746016));
#2628 = CARTESIAN_POINT('',(-1.567337188427,-1.425019108093));
#2629 = CARTESIAN_POINT('',(-1.620395799832,-1.421975858247));
#2630 = CARTESIAN_POINT('',(-1.670818692365,-1.418477184779));
#2631 = CARTESIAN_POINT('',(-1.718469920364,-1.414565048291));
#2632 = CARTESIAN_POINT('',(-1.763340036243,-1.410280276518));
#2633 = CARTESIAN_POINT('',(-1.805497585193,-1.405661043503));
#2634 = CARTESIAN_POINT('',(-1.84505850201,-1.400742030604));
#2635 = ( GEOMETRIC_REPRESENTATION_CONTEXT(2) 
PARAMETRIC_REPRESENTATION_CONTEXT() REPRESENTATION_CONTEXT('2D SPACE',''
  ) );
#2636 = PCURVE('',#2637,#2642);
#2637 = PLANE('',#2638);
#2638 = AXIS2_PLACEMENT_3D('',#2639,#2640,#2641);
#2639 = CARTESIAN_POINT('',(-0.1025,0.711716641687,1.88341746371));
#2640 = DIRECTION('',(-0.353715730496,-0.928380992663,0.113990852535));
#2641 = DIRECTION('',(-0.934472069159,0.356036447518,0.));
#2642 = DEFINITIONAL_REPRESENTATION('',(#2643),#2647);
#2643 = CIRCLE('',#2644,4.998713430256);
#2644 = AXIS2_PLACEMENT_2D('',#2645,#2646);
#2645 = CARTESIAN_POINT('',(-0.349180451834,4.525846655802));
#2646 = DIRECTION('',(-1.,0.));
#2647 = ( GEOMETRIC_REPRESENTATION_CONTEXT(2) 
PARAMETRIC_REPRESENTATION_CONTEXT() REPRESENTATION_CONTEXT('2D SPACE',''
  ) );
#2648 = ORIENTED_EDGE('',*,*,#2649,.T.);
#2649 = EDGE_CURVE('',#2615,#2650,#2652,.T.);
#2650 = VERTEX_POINT('',#2651);
#2651 = CARTESIAN_POINT('',(-0.774500710949,1.284581118007,
    2.169696007085));
#2652 = SURFACE_CURVE('',#2653,(#2658,#2680),.PCURVE_S1.);
#2653 = CIRCLE('',#2654,4.999975777468);
#2654 = AXIS2_PLACEMENT_3D('',#2655,#2656,#2657);
#2655 = CARTESIAN_POINT('',(1.02092669548E-02,1.165959146709E-02,
    -2.601431617819));
#2656 = DIRECTION('',(-0.65597202071,-0.749159152089,9.198517753569E-02)
  );
#2657 = DIRECTION('',(0.752348827972,-0.658764936111,-6.938893903907E-18
    ));
#2658 = PCURVE('',#2146,#2659);
#2659 = DEFINITIONAL_REPRESENTATION('',(#2660),#2679);
#2660 = B_SPLINE_CURVE_WITH_KNOTS('',9,(#2661,#2662,#2663,#2664,#2665,
    #2666,#2667,#2668,#2669,#2670,#2671,#2672,#2673,#2674,#2675,#2676,
    #2677,#2678),.UNSPECIFIED.,.F.,.F.,(10,8,10),(1.677081086133,
    1.807938483951,1.93879588177),.UNSPECIFIED.);
#2661 = CARTESIAN_POINT('',(-1.694364479089,-1.428199368687));
#2662 = CARTESIAN_POINT('',(-1.762804079092,-1.417391897607));
#2663 = CARTESIAN_POINT('',(-1.81964795282,-1.405842655865));
#2664 = CARTESIAN_POINT('',(-1.867378286817,-1.393768586933));
#2665 = CARTESIAN_POINT('',(-1.908165958041,-1.38130729051));
#2666 = CARTESIAN_POINT('',(-1.943411941371,-1.368546432379));
#2667 = CARTESIAN_POINT('',(-1.974234528017,-1.355550284919));
#2668 = CARTESIAN_POINT('',(-2.001425069191,-1.342363961872));
#2669 = CARTESIAN_POINT('',(-2.025611923965,-1.329022051923));
#2670 = CARTESIAN_POINT('',(-2.068946216543,-1.302079606518));
#2671 = CARTESIAN_POINT('',(-2.088093810236,-1.288479077797));
#2672 = CARTESIAN_POINT('',(-2.10520727449,-1.274775569724));
#2673 = CARTESIAN_POINT('',(-2.120635974498,-1.260987433056));
#2674 = CARTESIAN_POINT('',(-2.134645398504,-1.247128436394));
#2675 = CARTESIAN_POINT('',(-2.147443628374,-1.233209269842));
#2676 = CARTESIAN_POINT('',(-2.159196721437,-1.219238371873));
#2677 = CARTESIAN_POINT('',(-2.170040075288,-1.205222598923));
#2678 = CARTESIAN_POINT('',(-2.180085297258,-1.19116756333));
#2679 = ( GEOMETRIC_REPRESENTATION_CONTEXT(2) 
PARAMETRIC_REPRESENTATION_CONTEXT() REPRESENTATION_CONTEXT('2D SPACE',''
  ) );
#2680 = PCURVE('',#2681,#2686);
#2681 = PLANE('',#2682);
#2682 = AXIS2_PLACEMENT_3D('',#2683,#2684,#2685);
#2683 = CARTESIAN_POINT('',(-1.390397187558,1.788716284239,1.88341746371
    ));
#2684 = DIRECTION('',(-0.65597202071,-0.749159152089,9.198517753569E-02)
  );
#2685 = DIRECTION('',(-0.752348827972,0.658764936111,-2.775557561563E-17
    ));
#2686 = DEFINITIONAL_REPRESENTATION('',(#2687),#2691);
#2687 = CIRCLE('',#2688,4.999975777468);
#2688 = AXIS2_PLACEMENT_2D('',#2689,#2690);
#2689 = CARTESIAN_POINT('',(-2.224407263183,4.503944109482));
#2690 = DIRECTION('',(-1.,-1.E-17));
#2691 = ( GEOMETRIC_REPRESENTATION_CONTEXT(2) 
PARAMETRIC_REPRESENTATION_CONTEXT() REPRESENTATION_CONTEXT('2D SPACE',''
  ) );
#2692 = ORIENTED_EDGE('',*,*,#2693,.F.);
#2693 = EDGE_CURVE('',#2694,#2650,#2696,.T.);
#2694 = VERTEX_POINT('',#2695);
#2695 = CARTESIAN_POINT('',(-1.284581118007,0.774500710949,
    2.169696007085));
#2696 = SURFACE_CURVE('',#2697,(#2702,#2709),.PCURVE_S1.);
#2697 = CIRCLE('',#2698,1.5);
#2698 = AXIS2_PLACEMENT_3D('',#2699,#2700,#2701);
#2699 = CARTESIAN_POINT('',(1.233E-14,0.,2.169696007085));
#2700 = DIRECTION('',(-4.1E-15,0.,-1.));
#2701 = DIRECTION('',(1.,0.,-4.1E-15));
#2702 = PCURVE('',#2146,#2703);
#2703 = DEFINITIONAL_REPRESENTATION('',(#2704),#2708);
#2704 = LINE('',#2705,#2706);
#2705 = CARTESIAN_POINT('',(-6.28318530718,-1.26610367278));
#2706 = VECTOR('',#2707,1.);
#2707 = DIRECTION('',(1.,-0.));
#2708 = ( GEOMETRIC_REPRESENTATION_CONTEXT(2) 
PARAMETRIC_REPRESENTATION_CONTEXT() REPRESENTATION_CONTEXT('2D SPACE',''
  ) );
#2709 = PCURVE('',#2710,#2715);
#2710 = CONICAL_SURFACE('',#2711,1.87393620604,0.462512251778);
#2711 = AXIS2_PLACEMENT_3D('',#2712,#2713,#2714);
#2712 = CARTESIAN_POINT('',(0.,0.,2.919696007085));
#2713 = DIRECTION('',(0.,0.,1.));
#2714 = DIRECTION('',(1.,0.,0.));
#2715 = DEFINITIONAL_REPRESENTATION('',(#2716),#2720);
#2716 = LINE('',#2717,#2718);
#2717 = CARTESIAN_POINT('',(6.28318530718,-0.75));
#2718 = VECTOR('',#2719,1.);
#2719 = DIRECTION('',(-1.,-0.));
#2720 = ( GEOMETRIC_REPRESENTATION_CONTEXT(2) 
PARAMETRIC_REPRESENTATION_CONTEXT() REPRESENTATION_CONTEXT('2D SPACE',''
  ) );
#2721 = ORIENTED_EDGE('',*,*,#2722,.T.);
#2722 = EDGE_CURVE('',#2694,#2723,#2725,.T.);
#2723 = VERTEX_POINT('',#2724);
#2724 = CARTESIAN_POINT('',(-0.805652660387,0.205,2.330405540198));
#2725 = SURFACE_CURVE('',#2726,(#2731,#2753),.PCURVE_S1.);
#2726 = CIRCLE('',#2727,4.999975777468);
#2727 = AXIS2_PLACEMENT_3D('',#2728,#2729,#2730);
#2728 = CARTESIAN_POINT('',(-1.165959146709E-02,-1.02092669548E-02,
    -2.601431617819));
#2729 = DIRECTION('',(0.749159152089,0.65597202071,9.198517753569E-02));
#2730 = DIRECTION('',(-0.658764936111,0.752348827972,0.));
#2731 = PCURVE('',#2146,#2732);
#2732 = DEFINITIONAL_REPRESENTATION('',(#2733),#2752);
#2733 = B_SPLINE_CURVE_WITH_KNOTS('',9,(#2734,#2735,#2736,#2737,#2738,
    #2739,#2740,#2741,#2742,#2743,#2744,#2745,#2746,#2747,#2748,#2749,
    #2750,#2751),.UNSPECIFIED.,.F.,.F.,(10,8,10),(1.20279677182,
    1.333654169638,1.464511567457),.UNSPECIFIED.);
#2734 = CARTESIAN_POINT('',(-2.532303683127,-1.19116756333));
#2735 = CARTESIAN_POINT('',(-2.542348905097,-1.205222598923));
#2736 = CARTESIAN_POINT('',(-2.553192258944,-1.219238371873));
#2737 = CARTESIAN_POINT('',(-2.564945352005,-1.233209269842));
#2738 = CARTESIAN_POINT('',(-2.577743581872,-1.247128436394));
#2739 = CARTESIAN_POINT('',(-2.591753005882,-1.260987433057));
#2740 = CARTESIAN_POINT('',(-2.607181705896,-1.274775569727));
#2741 = CARTESIAN_POINT('',(-2.624295170145,-1.288479077796));
#2742 = CARTESIAN_POINT('',(-2.643442763842,-1.302079606518));
#2743 = CARTESIAN_POINT('',(-2.68677705642,-1.329022051923));
#2744 = CARTESIAN_POINT('',(-2.71096391117,-1.342363961876));
#2745 = CARTESIAN_POINT('',(-2.738154452483,-1.355550284923));
#2746 = CARTESIAN_POINT('',(-2.768977038912,-1.368546432415));
#2747 = CARTESIAN_POINT('',(-2.804223022264,-1.381307290481));
#2748 = CARTESIAN_POINT('',(-2.845010693578,-1.393768586939));
#2749 = CARTESIAN_POINT('',(-2.892741027563,-1.405842655861));
#2750 = CARTESIAN_POINT('',(-2.949584901293,-1.417391897607));
#2751 = CARTESIAN_POINT('',(-3.018024501296,-1.428199368687));
#2752 = ( GEOMETRIC_REPRESENTATION_CONTEXT(2) 
PARAMETRIC_REPRESENTATION_CONTEXT() REPRESENTATION_CONTEXT('2D SPACE',''
  ) );
#2753 = PCURVE('',#2754,#2759);
#2754 = PLANE('',#2755);
#2755 = AXIS2_PLACEMENT_3D('',#2756,#2757,#2758);
#2756 = CARTESIAN_POINT('',(-1.788716284239,1.390397187558,1.88341746371
    ));
#2757 = DIRECTION('',(0.749159152089,0.65597202071,9.198517753569E-02));
#2758 = DIRECTION('',(0.658764936111,-0.752348827972,2.775557561563E-17)
  );
#2759 = DEFINITIONAL_REPRESENTATION('',(#2760),#2764);
#2760 = CIRCLE('',#2761,4.999975777468);
#2761 = AXIS2_PLACEMENT_2D('',#2762,#2763);
#2762 = CARTESIAN_POINT('',(2.224407263183,4.503944109482));
#2763 = DIRECTION('',(-1.,1.E-17));
#2764 = ( GEOMETRIC_REPRESENTATION_CONTEXT(2) 
PARAMETRIC_REPRESENTATION_CONTEXT() REPRESENTATION_CONTEXT('2D SPACE',''
  ) );
#2765 = ORIENTED_EDGE('',*,*,#2766,.T.);
#2766 = EDGE_CURVE('',#2723,#2767,#2769,.T.);
#2767 = VERTEX_POINT('',#2768);
#2768 = CARTESIAN_POINT('',(-0.729522433961,0.,2.346493406278));
#2769 = SURFACE_CURVE('',#2770,(#2775,#2788),.PCURVE_S1.);
#2770 = CIRCLE('',#2771,4.998713430256);
#2771 = AXIS2_PLACEMENT_3D('',#2772,#2773,#2774);
#2772 = CARTESIAN_POINT('',(-0.105296750278,-4.011835360459E-02,
    -2.612928815247));
#2773 = DIRECTION('',(0.928380992663,0.353715730496,0.113990852535));
#2774 = DIRECTION('',(-0.356036447518,0.934472069159,-6.938893903907E-18
    ));
#2775 = PCURVE('',#2146,#2776);
#2776 = DEFINITIONAL_REPRESENTATION('',(#2777),#2787);
#2777 = B_SPLINE_CURVE_WITH_KNOTS('',8,(#2778,#2779,#2780,#2781,#2782,
    #2783,#2784,#2785,#2786),.UNSPECIFIED.,.F.,.F.,(9,9),(1.469764627858
    ,1.536245028522),.PIECEWISE_BEZIER_KNOTS.);
#2778 = CARTESIAN_POINT('',(-2.867330478375,-1.400742030604));
#2779 = CARTESIAN_POINT('',(-2.906891395192,-1.405661043503));
#2780 = CARTESIAN_POINT('',(-2.949048944138,-1.410280276519));
#2781 = CARTESIAN_POINT('',(-2.993919060018,-1.414565048287));
#2782 = CARTESIAN_POINT('',(-3.041570288005,-1.418477184778));
#2783 = CARTESIAN_POINT('',(-3.091993180547,-1.421975858249));
#2784 = CARTESIAN_POINT('',(-3.145051791956,-1.425019108094));
#2785 = CARTESIAN_POINT('',(-3.200434586584,-1.427568746016));
#2786 = CARTESIAN_POINT('',(-3.257685589788,-1.429594721703));
#2787 = ( GEOMETRIC_REPRESENTATION_CONTEXT(2) 
PARAMETRIC_REPRESENTATION_CONTEXT() REPRESENTATION_CONTEXT('2D SPACE',''
  ) );
#2788 = PCURVE('',#2789,#2794);
#2789 = PLANE('',#2790);
#2790 = AXIS2_PLACEMENT_3D('',#2791,#2792,#2793);
#2791 = CARTESIAN_POINT('',(-0.711716641687,0.1025,1.88341746371));
#2792 = DIRECTION('',(0.928380992663,0.353715730496,0.113990852535));
#2793 = DIRECTION('',(0.356036447518,-0.934472069159,0.));
#2794 = DEFINITIONAL_REPRESENTATION('',(#2795),#2799);
#2795 = CIRCLE('',#2796,4.998713430256);
#2796 = AXIS2_PLACEMENT_2D('',#2797,#2798);
#2797 = CARTESIAN_POINT('',(0.349180451834,4.525846655802));
#2798 = DIRECTION('',(-1.,1.E-17));
#2799 = ( GEOMETRIC_REPRESENTATION_CONTEXT(2) 
PARAMETRIC_REPRESENTATION_CONTEXT() REPRESENTATION_CONTEXT('2D SPACE',''
  ) );
#2800 = ORIENTED_EDGE('',*,*,#2801,.T.);
#2801 = EDGE_CURVE('',#2767,#2802,#2804,.T.);
#2802 = VERTEX_POINT('',#2803);
#2803 = CARTESIAN_POINT('',(-0.805652660387,-0.205,2.330405540198));
#2804 = SURFACE_CURVE('',#2805,(#2810,#2823),.PCURVE_S1.);
#2805 = CIRCLE('',#2806,4.998713430256);
#2806 = AXIS2_PLACEMENT_3D('',#2807,#2808,#2809);
#2807 = CARTESIAN_POINT('',(-0.105296750278,4.011835360459E-02,
    -2.612928815247));
#2808 = DIRECTION('',(0.928380992663,-0.353715730496,0.113990852535));
#2809 = DIRECTION('',(0.356036447518,0.934472069159,-1.387778780781E-17)
  );
#2810 = PCURVE('',#2146,#2811);
#2811 = DEFINITIONAL_REPRESENTATION('',(#2812),#2822);
#2812 = B_SPLINE_CURVE_WITH_KNOTS('',8,(#2813,#2814,#2815,#2816,#2817,
    #2818,#2819,#2820,#2821),.UNSPECIFIED.,.F.,.F.,(9,9),(1.605347625068
    ,1.671828025732),.PIECEWISE_BEZIER_KNOTS.);
#2813 = CARTESIAN_POINT('',(-3.025499717392,-1.429594721703));
#2814 = CARTESIAN_POINT('',(-3.082750720595,-1.427568746016));
#2815 = CARTESIAN_POINT('',(-3.138133515221,-1.425019108093));
#2816 = CARTESIAN_POINT('',(-3.191192126627,-1.421975858249));
#2817 = CARTESIAN_POINT('',(-3.241615019149,-1.418477184769));
#2818 = CARTESIAN_POINT('',(-3.289266247157,-1.414565048289));
#2819 = CARTESIAN_POINT('',(-3.334136363036,-1.410280276517));
#2820 = CARTESIAN_POINT('',(-3.376293911988,-1.405661043503));
#2821 = CARTESIAN_POINT('',(-3.415854828805,-1.400742030604));
#2822 = ( GEOMETRIC_REPRESENTATION_CONTEXT(2) 
PARAMETRIC_REPRESENTATION_CONTEXT() REPRESENTATION_CONTEXT('2D SPACE',''
  ) );
#2823 = PCURVE('',#2824,#2829);
#2824 = PLANE('',#2825);
#2825 = AXIS2_PLACEMENT_3D('',#2826,#2827,#2828);
#2826 = CARTESIAN_POINT('',(-0.711716641687,-0.1025,1.88341746371));
#2827 = DIRECTION('',(0.928380992663,-0.353715730496,0.113990852535));
#2828 = DIRECTION('',(-0.356036447518,-0.934472069159,0.));
#2829 = DEFINITIONAL_REPRESENTATION('',(#2830),#2834);
#2830 = CIRCLE('',#2831,4.998713430256);
#2831 = AXIS2_PLACEMENT_2D('',#2832,#2833);
#2832 = CARTESIAN_POINT('',(-0.349180451834,4.525846655802));
#2833 = DIRECTION('',(-1.,0.));
#2834 = ( GEOMETRIC_REPRESENTATION_CONTEXT(2) 
PARAMETRIC_REPRESENTATION_CONTEXT() REPRESENTATION_CONTEXT('2D SPACE',''
  ) );
#2835 = ORIENTED_EDGE('',*,*,#2836,.T.);
#2836 = EDGE_CURVE('',#2802,#2837,#2839,.T.);
#2837 = VERTEX_POINT('',#2838);
#2838 = CARTESIAN_POINT('',(-1.284581118007,-0.774500710949,
    2.169696007085));
#2839 = SURFACE_CURVE('',#2840,(#2845,#2867),.PCURVE_S1.);
#2840 = CIRCLE('',#2841,4.999975777468);
#2841 = AXIS2_PLACEMENT_3D('',#2842,#2843,#2844);
#2842 = CARTESIAN_POINT('',(-1.165959146709E-02,1.02092669548E-02,
    -2.601431617819));
#2843 = DIRECTION('',(0.749159152089,-0.65597202071,9.198517753569E-02)
  );
#2844 = DIRECTION('',(0.658764936111,0.752348827972,-6.938893903907E-18)
  );
#2845 = PCURVE('',#2146,#2846);
#2846 = DEFINITIONAL_REPRESENTATION('',(#2847),#2866);
#2847 = B_SPLINE_CURVE_WITH_KNOTS('',9,(#2848,#2849,#2850,#2851,#2852,
    #2853,#2854,#2855,#2856,#2857,#2858,#2859,#2860,#2861,#2862,#2863,
    #2864,#2865),.UNSPECIFIED.,.F.,.F.,(10,8,10),(1.677081086133,
    1.807938483951,1.93879588177),.UNSPECIFIED.);
#2848 = CARTESIAN_POINT('',(-3.265160805884,-1.428199368687));
#2849 = CARTESIAN_POINT('',(-3.333600405887,-1.417391897607));
#2850 = CARTESIAN_POINT('',(-3.390444279617,-1.405842655856));
#2851 = CARTESIAN_POINT('',(-3.43817461354,-1.393768586973));
#2852 = CARTESIAN_POINT('',(-3.478962284949,-1.381307290518));
#2853 = CARTESIAN_POINT('',(-3.514208268112,-1.368546432459));
#2854 = CARTESIAN_POINT('',(-3.545030854788,-1.355550284905));
#2855 = CARTESIAN_POINT('',(-3.572221395983,-1.34236396187));
#2856 = CARTESIAN_POINT('',(-3.59640825076,-1.329022051923));
#2857 = CARTESIAN_POINT('',(-3.639742543338,-1.302079606518));
#2858 = CARTESIAN_POINT('',(-3.658890137025,-1.288479077796));
#2859 = CARTESIAN_POINT('',(-3.676003601294,-1.274775569726));
#2860 = CARTESIAN_POINT('',(-3.691432301282,-1.260987433057));
#2861 = CARTESIAN_POINT('',(-3.705441725288,-1.247128436396));
#2862 = CARTESIAN_POINT('',(-3.718239955178,-1.233209269844));
#2863 = CARTESIAN_POINT('',(-3.729993048225,-1.219238371874));
#2864 = CARTESIAN_POINT('',(-3.740836402083,-1.205222598923));
#2865 = CARTESIAN_POINT('',(-3.750881624053,-1.19116756333));
#2866 = ( GEOMETRIC_REPRESENTATION_CONTEXT(2) 
PARAMETRIC_REPRESENTATION_CONTEXT() REPRESENTATION_CONTEXT('2D SPACE',''
  ) );
#2867 = PCURVE('',#2868,#2873);
#2868 = PLANE('',#2869);
#2869 = AXIS2_PLACEMENT_3D('',#2870,#2871,#2872);
#2870 = CARTESIAN_POINT('',(-1.788716284239,-1.390397187558,
    1.88341746371));
#2871 = DIRECTION('',(0.749159152089,-0.65597202071,9.198517753569E-02)
  );
#2872 = DIRECTION('',(-0.658764936111,-0.752348827972,
    -2.775557561563E-17));
#2873 = DEFINITIONAL_REPRESENTATION('',(#2874),#2878);
#2874 = CIRCLE('',#2875,4.999975777468);
#2875 = AXIS2_PLACEMENT_2D('',#2876,#2877);
#2876 = CARTESIAN_POINT('',(-2.224407263183,4.503944109482));
#2877 = DIRECTION('',(-1.,-1.E-17));
#2878 = ( GEOMETRIC_REPRESENTATION_CONTEXT(2) 
PARAMETRIC_REPRESENTATION_CONTEXT() REPRESENTATION_CONTEXT('2D SPACE',''
  ) );
#2879 = ORIENTED_EDGE('',*,*,#2880,.F.);
#2880 = EDGE_CURVE('',#2881,#2837,#2883,.T.);
#2881 = VERTEX_POINT('',#2882);
#2882 = CARTESIAN_POINT('',(-0.774500710949,-1.284581118007,
    2.169696007085));
#2883 = SURFACE_CURVE('',#2884,(#2889,#2896),.PCURVE_S1.);
#2884 = CIRCLE('',#2885,1.5);
#2885 = AXIS2_PLACEMENT_3D('',#2886,#2887,#2888);
#2886 = CARTESIAN_POINT('',(1.233E-14,0.,2.169696007085));
#2887 = DIRECTION('',(-4.1E-15,0.,-1.));
#2888 = DIRECTION('',(1.,0.,-4.1E-15));
#2889 = PCURVE('',#2146,#2890);
#2890 = DEFINITIONAL_REPRESENTATION('',(#2891),#2895);
#2891 = LINE('',#2892,#2893);
#2892 = CARTESIAN_POINT('',(-6.28318530718,-1.26610367278));
#2893 = VECTOR('',#2894,1.);
#2894 = DIRECTION('',(1.,-0.));
#2895 = ( GEOMETRIC_REPRESENTATION_CONTEXT(2) 
PARAMETRIC_REPRESENTATION_CONTEXT() REPRESENTATION_CONTEXT('2D SPACE',''
  ) );
#2896 = PCURVE('',#2897,#2902);
#2897 = CONICAL_SURFACE('',#2898,1.87393620604,0.462512251778);
#2898 = AXIS2_PLACEMENT_3D('',#2899,#2900,#2901);
#2899 = CARTESIAN_POINT('',(0.,0.,2.919696007085));
#2900 = DIRECTION('',(0.,0.,1.));
#2901 = DIRECTION('',(1.,0.,0.));
#2902 = DEFINITIONAL_REPRESENTATION('',(#2903),#2907);
#2903 = LINE('',#2904,#2905);
#2904 = CARTESIAN_POINT('',(6.28318530718,-0.75));
#2905 = VECTOR('',#2906,1.);
#2906 = DIRECTION('',(-1.,-0.));
#2907 = ( GEOMETRIC_REPRESENTATION_CONTEXT(2) 
PARAMETRIC_REPRESENTATION_CONTEXT() REPRESENTATION_CONTEXT('2D SPACE',''
  ) );
#2908 = ORIENTED_EDGE('',*,*,#2909,.T.);
#2909 = EDGE_CURVE('',#2881,#2910,#2912,.T.);
#2910 = VERTEX_POINT('',#2911);
#2911 = CARTESIAN_POINT('',(-0.205,-0.805652660387,2.330405540198));
#2912 = SURFACE_CURVE('',#2913,(#2918,#2940),.PCURVE_S1.);
#2913 = CIRCLE('',#2914,4.999975777468);
#2914 = AXIS2_PLACEMENT_3D('',#2915,#2916,#2917);
#2915 = CARTESIAN_POINT('',(1.02092669548E-02,-1.165959146709E-02,
    -2.601431617819));
#2916 = DIRECTION('',(-0.65597202071,0.749159152089,9.198517753569E-02)
  );
#2917 = DIRECTION('',(-0.752348827972,-0.658764936111,
    -1.387778780781E-17));
#2918 = PCURVE('',#2146,#2919);
#2919 = DEFINITIONAL_REPRESENTATION('',(#2920),#2939);
#2920 = B_SPLINE_CURVE_WITH_KNOTS('',9,(#2921,#2922,#2923,#2924,#2925,
    #2926,#2927,#2928,#2929,#2930,#2931,#2932,#2933,#2934,#2935,#2936,
    #2937,#2938),.UNSPECIFIED.,.F.,.F.,(10,8,10),(1.20279677182,
    1.333654169638,1.464511567457),.UNSPECIFIED.);
#2921 = CARTESIAN_POINT('',(-4.103100009922,-1.19116756333));
#2922 = CARTESIAN_POINT('',(-4.113145231892,-1.205222598923));
#2923 = CARTESIAN_POINT('',(-4.123988585741,-1.219238371872));
#2924 = CARTESIAN_POINT('',(-4.135741678801,-1.233209269847));
#2925 = CARTESIAN_POINT('',(-4.148539908662,-1.247128436393));
#2926 = CARTESIAN_POINT('',(-4.162549332671,-1.260987433054));
#2927 = CARTESIAN_POINT('',(-4.17797803269,-1.274775569729));
#2928 = CARTESIAN_POINT('',(-4.195091496943,-1.288479077795));
#2929 = CARTESIAN_POINT('',(-4.214239090636,-1.302079606518));
#2930 = CARTESIAN_POINT('',(-4.257573383215,-1.329022051923));
#2931 = CARTESIAN_POINT('',(-4.281760238,-1.342363961864));
#2932 = CARTESIAN_POINT('',(-4.308950779079,-1.355550284954));
#2933 = CARTESIAN_POINT('',(-4.339773366097,-1.368546432328));
#2934 = CARTESIAN_POINT('',(-4.375019348794,-1.381307290569));
#2935 = CARTESIAN_POINT('',(-4.415807020465,-1.39376858691));
#2936 = CARTESIAN_POINT('',(-4.463537354348,-1.405842655869));
#2937 = CARTESIAN_POINT('',(-4.520381228088,-1.417391897607));
#2938 = CARTESIAN_POINT('',(-4.588820828091,-1.428199368687));
#2939 = ( GEOMETRIC_REPRESENTATION_CONTEXT(2) 
PARAMETRIC_REPRESENTATION_CONTEXT() REPRESENTATION_CONTEXT('2D SPACE',''
  ) );
#2940 = PCURVE('',#2941,#2946);
#2941 = PLANE('',#2942);
#2942 = AXIS2_PLACEMENT_3D('',#2943,#2944,#2945);
#2943 = CARTESIAN_POINT('',(-1.390397187558,-1.788716284239,
    1.88341746371));
#2944 = DIRECTION('',(-0.65597202071,0.749159152089,9.198517753569E-02)
  );
#2945 = DIRECTION('',(0.752348827972,0.658764936111,2.775557561563E-17)
  );
#2946 = DEFINITIONAL_REPRESENTATION('',(#2947),#2951);
#2947 = CIRCLE('',#2948,4.999975777468);
#2948 = AXIS2_PLACEMENT_2D('',#2949,#2950);
#2949 = CARTESIAN_POINT('',(2.224407263183,4.503944109482));
#2950 = DIRECTION('',(-1.,2.E-17));
#2951 = ( GEOMETRIC_REPRESENTATION_CONTEXT(2) 
PARAMETRIC_REPRESENTATION_CONTEXT() REPRESENTATION_CONTEXT('2D SPACE',''
  ) );
#2952 = ORIENTED_EDGE('',*,*,#2953,.T.);
#2953 = EDGE_CURVE('',#2910,#2954,#2956,.T.);
#2954 = VERTEX_POINT('',#2955);
#2955 = CARTESIAN_POINT('',(0.,-0.729522433961,2.346493406278));
#2956 = SURFACE_CURVE('',#2957,(#2962,#2975),.PCURVE_S1.);
#2957 = CIRCLE('',#2958,4.998713430256);
#2958 = AXIS2_PLACEMENT_3D('',#2959,#2960,#2961);
#2959 = CARTESIAN_POINT('',(4.011835360459E-02,-0.105296750278,
    -2.612928815247));
#2960 = DIRECTION('',(-0.353715730496,0.928380992663,0.113990852535));
#2961 = DIRECTION('',(-0.934472069159,-0.356036447518,1.387778780781E-17
    ));
#2962 = PCURVE('',#2146,#2963);
#2963 = DEFINITIONAL_REPRESENTATION('',(#2964),#2974);
#2964 = B_SPLINE_CURVE_WITH_KNOTS('',8,(#2965,#2966,#2967,#2968,#2969,
    #2970,#2971,#2972,#2973),.UNSPECIFIED.,.F.,.F.,(9,9),(1.469764627858
    ,1.536245028522),.PIECEWISE_BEZIER_KNOTS.);
#2965 = CARTESIAN_POINT('',(-4.438126805169,-1.400742030604));
#2966 = CARTESIAN_POINT('',(-4.477687721986,-1.405661043503));
#2967 = CARTESIAN_POINT('',(-4.519845270931,-1.410280276519));
#2968 = CARTESIAN_POINT('',(-4.564715386827,-1.414565048286));
#2969 = CARTESIAN_POINT('',(-4.612366614776,-1.418477184782));
#2970 = CARTESIAN_POINT('',(-4.66278950736,-1.421975858246));
#2971 = CARTESIAN_POINT('',(-4.715848118748,-1.425019108095));
#2972 = CARTESIAN_POINT('',(-4.771230913379,-1.427568746016));
#2973 = CARTESIAN_POINT('',(-4.828481916583,-1.429594721703));
#2974 = ( GEOMETRIC_REPRESENTATION_CONTEXT(2) 
PARAMETRIC_REPRESENTATION_CONTEXT() REPRESENTATION_CONTEXT('2D SPACE',''
  ) );
#2975 = PCURVE('',#2976,#2981);
#2976 = PLANE('',#2977);
#2977 = AXIS2_PLACEMENT_3D('',#2978,#2979,#2980);
#2978 = CARTESIAN_POINT('',(-0.1025,-0.711716641687,1.88341746371));
#2979 = DIRECTION('',(-0.353715730496,0.928380992663,0.113990852535));
#2980 = DIRECTION('',(0.934472069159,0.356036447518,0.));
#2981 = DEFINITIONAL_REPRESENTATION('',(#2982),#2986);
#2982 = CIRCLE('',#2983,4.998713430256);
#2983 = AXIS2_PLACEMENT_2D('',#2984,#2985);
#2984 = CARTESIAN_POINT('',(0.349180451834,4.525846655802));
#2985 = DIRECTION('',(-1.,0.));
#2986 = ( GEOMETRIC_REPRESENTATION_CONTEXT(2) 
PARAMETRIC_REPRESENTATION_CONTEXT() REPRESENTATION_CONTEXT('2D SPACE',''
  ) );
#2987 = ORIENTED_EDGE('',*,*,#2988,.T.);
#2988 = EDGE_CURVE('',#2954,#2989,#2991,.T.);
#2989 = VERTEX_POINT('',#2990);
#2990 = CARTESIAN_POINT('',(0.205,-0.805652660387,2.330405540198));
#2991 = SURFACE_CURVE('',#2992,(#2997,#3010),.PCURVE_S1.);
#2992 = CIRCLE('',#2993,4.998713430256);
#2993 = AXIS2_PLACEMENT_3D('',#2994,#2995,#2996);
#2994 = CARTESIAN_POINT('',(-4.01183536046E-02,-0.105296750278,
    -2.612928815247));
#2995 = DIRECTION('',(0.353715730496,0.928380992663,0.113990852535));
#2996 = DIRECTION('',(-0.934472069159,0.356036447518,-1.387778780781E-17
    ));
#2997 = PCURVE('',#2146,#2998);
#2998 = DEFINITIONAL_REPRESENTATION('',(#2999),#3009);
#2999 = B_SPLINE_CURVE_WITH_KNOTS('',8,(#3000,#3001,#3002,#3003,#3004,
    #3005,#3006,#3007,#3008),.UNSPECIFIED.,.F.,.F.,(9,9),(1.605347625068
    ,1.671828025732),.PIECEWISE_BEZIER_KNOTS.);
#3000 = CARTESIAN_POINT('',(-4.596296044187,-1.429594721703));
#3001 = CARTESIAN_POINT('',(-4.65354704739,-1.427568746016));
#3002 = CARTESIAN_POINT('',(-4.708929842016,-1.425019108094));
#3003 = CARTESIAN_POINT('',(-4.761988453402,-1.421975858252));
#3004 = CARTESIAN_POINT('',(-4.812411345963,-1.418477184779));
#3005 = CARTESIAN_POINT('',(-4.860062573942,-1.414565048291));
#3006 = CARTESIAN_POINT('',(-4.90493268983,-1.410280276519));
#3007 = CARTESIAN_POINT('',(-4.947090238783,-1.405661043503));
#3008 = CARTESIAN_POINT('',(-4.9866511556,-1.400742030604));
#3009 = ( GEOMETRIC_REPRESENTATION_CONTEXT(2) 
PARAMETRIC_REPRESENTATION_CONTEXT() REPRESENTATION_CONTEXT('2D SPACE',''
  ) );
#3010 = PCURVE('',#3011,#3016);
#3011 = PLANE('',#3012);
#3012 = AXIS2_PLACEMENT_3D('',#3013,#3014,#3015);
#3013 = CARTESIAN_POINT('',(0.1025,-0.711716641687,1.88341746371));
#3014 = DIRECTION('',(0.353715730496,0.928380992663,0.113990852535));
#3015 = DIRECTION('',(0.934472069159,-0.356036447518,0.));
#3016 = DEFINITIONAL_REPRESENTATION('',(#3017),#3021);
#3017 = CIRCLE('',#3018,4.998713430256);
#3018 = AXIS2_PLACEMENT_2D('',#3019,#3020);
#3019 = CARTESIAN_POINT('',(-0.349180451834,4.525846655802));
#3020 = DIRECTION('',(-1.,-1.E-17));
#3021 = ( GEOMETRIC_REPRESENTATION_CONTEXT(2) 
PARAMETRIC_REPRESENTATION_CONTEXT() REPRESENTATION_CONTEXT('2D SPACE',''
  ) );
#3022 = ORIENTED_EDGE('',*,*,#3023,.T.);
#3023 = EDGE_CURVE('',#2989,#3024,#3026,.T.);
#3024 = VERTEX_POINT('',#3025);
#3025 = CARTESIAN_POINT('',(0.774500710949,-1.284581118007,
    2.169696007085));
#3026 = SURFACE_CURVE('',#3027,(#3032,#3054),.PCURVE_S1.);
#3027 = CIRCLE('',#3028,4.999975777468);
#3028 = AXIS2_PLACEMENT_3D('',#3029,#3030,#3031);
#3029 = CARTESIAN_POINT('',(-1.020926695481E-02,-1.165959146708E-02,
    -2.601431617819));
#3030 = DIRECTION('',(0.65597202071,0.749159152089,9.198517753569E-02));
#3031 = DIRECTION('',(-0.752348827972,0.658764936111,6.938893903907E-18)
  );
#3032 = PCURVE('',#2146,#3033);
#3033 = DEFINITIONAL_REPRESENTATION('',(#3034),#3053);
#3034 = B_SPLINE_CURVE_WITH_KNOTS('',9,(#3035,#3036,#3037,#3038,#3039,
    #3040,#3041,#3042,#3043,#3044,#3045,#3046,#3047,#3048,#3049,#3050,
    #3051,#3052),.UNSPECIFIED.,.F.,.F.,(10,8,10),(1.677081086133,
    1.807938483951,1.93879588177),.UNSPECIFIED.);
#3035 = CARTESIAN_POINT('',(-4.835957132679,-1.428199368687));
#3036 = CARTESIAN_POINT('',(-4.904396732682,-1.417391897607));
#3037 = CARTESIAN_POINT('',(-4.961240606432,-1.405842655845));
#3038 = CARTESIAN_POINT('',(-5.008970940275,-1.393768586982));
#3039 = CARTESIAN_POINT('',(-5.049758611785,-1.381307290358));
#3040 = CARTESIAN_POINT('',(-5.085004594526,-1.368546432561));
#3041 = CARTESIAN_POINT('',(-5.115827181711,-1.355550284872));
#3042 = CARTESIAN_POINT('',(-5.143017722754,-1.342363961891));
#3043 = CARTESIAN_POINT('',(-5.167204577555,-1.329022051923));
#3044 = CARTESIAN_POINT('',(-5.210538870133,-1.302079606518));
#3045 = CARTESIAN_POINT('',(-5.229686463827,-1.288479077796));
#3046 = CARTESIAN_POINT('',(-5.246799928067,-1.274775569727));
#3047 = CARTESIAN_POINT('',(-5.262228628076,-1.260987433054));
#3048 = CARTESIAN_POINT('',(-5.276238052091,-1.247128436391));
#3049 = CARTESIAN_POINT('',(-5.289036281966,-1.233209269843));
#3050 = CARTESIAN_POINT('',(-5.300789375027,-1.219238371873));
#3051 = CARTESIAN_POINT('',(-5.311632728878,-1.205222598923));
#3052 = CARTESIAN_POINT('',(-5.321677950848,-1.19116756333));
#3053 = ( GEOMETRIC_REPRESENTATION_CONTEXT(2) 
PARAMETRIC_REPRESENTATION_CONTEXT() REPRESENTATION_CONTEXT('2D SPACE',''
  ) );
#3054 = PCURVE('',#3055,#3060);
#3055 = PLANE('',#3056);
#3056 = AXIS2_PLACEMENT_3D('',#3057,#3058,#3059);
#3057 = CARTESIAN_POINT('',(1.390397187558,-1.788716284239,1.88341746371
    ));
#3058 = DIRECTION('',(0.65597202071,0.749159152089,9.198517753569E-02));
#3059 = DIRECTION('',(0.752348827972,-0.658764936111,-2.775557561563E-17
    ));
#3060 = DEFINITIONAL_REPRESENTATION('',(#3061),#3065);
#3061 = CIRCLE('',#3062,4.999975777468);
#3062 = AXIS2_PLACEMENT_2D('',#3063,#3064);
#3063 = CARTESIAN_POINT('',(-2.224407263183,4.503944109482));
#3064 = DIRECTION('',(-1.,-1.E-17));
#3065 = ( GEOMETRIC_REPRESENTATION_CONTEXT(2) 
PARAMETRIC_REPRESENTATION_CONTEXT() REPRESENTATION_CONTEXT('2D SPACE',''
  ) );
#3066 = ORIENTED_EDGE('',*,*,#3067,.F.);
#3067 = EDGE_CURVE('',#3068,#3024,#3070,.T.);
#3068 = VERTEX_POINT('',#3069);
#3069 = CARTESIAN_POINT('',(1.284581118007,-0.774500710949,
    2.169696007085));
#3070 = SURFACE_CURVE('',#3071,(#3076,#3083),.PCURVE_S1.);
#3071 = CIRCLE('',#3072,1.5);
#3072 = AXIS2_PLACEMENT_3D('',#3073,#3074,#3075);
#3073 = CARTESIAN_POINT('',(1.233E-14,0.,2.169696007085));
#3074 = DIRECTION('',(-4.1E-15,0.,-1.));
#3075 = DIRECTION('',(1.,0.,-4.1E-15));
#3076 = PCURVE('',#2146,#3077);
#3077 = DEFINITIONAL_REPRESENTATION('',(#3078),#3082);
#3078 = LINE('',#3079,#3080);
#3079 = CARTESIAN_POINT('',(-6.28318530718,-1.26610367278));
#3080 = VECTOR('',#3081,1.);
#3081 = DIRECTION('',(1.,-0.));
#3082 = ( GEOMETRIC_REPRESENTATION_CONTEXT(2) 
PARAMETRIC_REPRESENTATION_CONTEXT() REPRESENTATION_CONTEXT('2D SPACE',''
  ) );
#3083 = PCURVE('',#3084,#3089);
#3084 = CONICAL_SURFACE('',#3085,1.87393620604,0.462512251778);
#3085 = AXIS2_PLACEMENT_3D('',#3086,#3087,#3088);
#3086 = CARTESIAN_POINT('',(0.,0.,2.919696007085));
#3087 = DIRECTION('',(0.,0.,1.));
#3088 = DIRECTION('',(1.,0.,0.));
#3089 = DEFINITIONAL_REPRESENTATION('',(#3090),#3094);
#3090 = LINE('',#3091,#3092);
#3091 = CARTESIAN_POINT('',(6.28318530718,-0.75));
#3092 = VECTOR('',#3093,1.);
#3093 = DIRECTION('',(-1.,-0.));
#3094 = ( GEOMETRIC_REPRESENTATION_CONTEXT(2) 
PARAMETRIC_REPRESENTATION_CONTEXT() REPRESENTATION_CONTEXT('2D SPACE',''
  ) );
#3095 = ORIENTED_EDGE('',*,*,#3096,.T.);
#3096 = EDGE_CURVE('',#3068,#2367,#3097,.T.);
#3097 = SURFACE_CURVE('',#3098,(#3103,#3125),.PCURVE_S1.);
#3098 = CIRCLE('',#3099,4.999975777468);
#3099 = AXIS2_PLACEMENT_3D('',#3100,#3101,#3102);
#3100 = CARTESIAN_POINT('',(1.165959146708E-02,1.020926695481E-02,
    -2.601431617819));
#3101 = DIRECTION('',(-0.749159152089,-0.65597202071,9.198517753569E-02)
  );
#3102 = DIRECTION('',(0.658764936111,-0.752348827972,-3.469446951954E-17
    ));
#3103 = PCURVE('',#2146,#3104);
#3104 = DEFINITIONAL_REPRESENTATION('',(#3105),#3124);
#3105 = B_SPLINE_CURVE_WITH_KNOTS('',9,(#3106,#3107,#3108,#3109,#3110,
    #3111,#3112,#3113,#3114,#3115,#3116,#3117,#3118,#3119,#3120,#3121,
    #3122,#3123),.UNSPECIFIED.,.F.,.F.,(10,8,10),(1.20279677182,
    1.333654169638,1.464511567457),.UNSPECIFIED.);
#3106 = CARTESIAN_POINT('',(-5.673896336717,-1.19116756333));
#3107 = CARTESIAN_POINT('',(-5.683941558687,-1.205222598923));
#3108 = CARTESIAN_POINT('',(-5.694784912535,-1.219238371872));
#3109 = CARTESIAN_POINT('',(-5.706538005591,-1.233209269843));
#3110 = CARTESIAN_POINT('',(-5.719336235466,-1.24712843639));
#3111 = CARTESIAN_POINT('',(-5.733345659478,-1.260987433052));
#3112 = CARTESIAN_POINT('',(-5.748774359483,-1.274775569726));
#3113 = CARTESIAN_POINT('',(-5.765887823736,-1.288479077795));
#3114 = CARTESIAN_POINT('',(-5.785035417431,-1.302079606518));
#3115 = CARTESIAN_POINT('',(-5.828369710009,-1.329022051923));
#3116 = CARTESIAN_POINT('',(-5.852556564767,-1.342363961872));
#3117 = CARTESIAN_POINT('',(-5.879747106039,-1.355550284934));
#3118 = CARTESIAN_POINT('',(-5.910569692438,-1.368546432452));
#3119 = CARTESIAN_POINT('',(-5.945815675921,-1.381307290503));
#3120 = CARTESIAN_POINT('',(-5.986603347133,-1.393768586946));
#3121 = CARTESIAN_POINT('',(-6.034333681157,-1.405842655857));
#3122 = CARTESIAN_POINT('',(-6.091177554883,-1.417391897607));
#3123 = CARTESIAN_POINT('',(-6.159617154886,-1.428199368687));
#3124 = ( GEOMETRIC_REPRESENTATION_CONTEXT(2) 
PARAMETRIC_REPRESENTATION_CONTEXT() REPRESENTATION_CONTEXT('2D SPACE',''
  ) );
#3125 = PCURVE('',#3126,#3131);
#3126 = PLANE('',#3127);
#3127 = AXIS2_PLACEMENT_3D('',#3128,#3129,#3130);
#3128 = CARTESIAN_POINT('',(1.788716284239,-1.390397187558,1.88341746371
    ));
#3129 = DIRECTION('',(-0.749159152089,-0.65597202071,9.198517753569E-02)
  );
#3130 = DIRECTION('',(-0.658764936111,0.752348827972,2.775557561563E-17)
  );
#3131 = DEFINITIONAL_REPRESENTATION('',(#3132),#3136);
#3132 = CIRCLE('',#3133,4.999975777468);
#3133 = AXIS2_PLACEMENT_2D('',#3134,#3135);
#3134 = CARTESIAN_POINT('',(2.224407263183,4.503944109482));
#3135 = DIRECTION('',(-1.,2.E-17));
#3136 = ( GEOMETRIC_REPRESENTATION_CONTEXT(2) 
PARAMETRIC_REPRESENTATION_CONTEXT() REPRESENTATION_CONTEXT('2D SPACE',''
  ) );
#3137 = ADVANCED_FACE('',(#3138),#3011,.T.);
#3138 = FACE_BOUND('',#3139,.T.);
#3139 = EDGE_LOOP('',(#3140,#3177,#3198,#3199));
#3140 = ORIENTED_EDGE('',*,*,#3141,.F.);
#3141 = EDGE_CURVE('',#3142,#3144,#3146,.T.);
#3142 = VERTEX_POINT('',#3143);
#3143 = CARTESIAN_POINT('',(0.,-0.485,0.355017994691));
#3144 = VERTEX_POINT('',#3145);
#3145 = CARTESIAN_POINT('',(0.205,-0.571053084241,0.419745320208));
#3146 = SURFACE_CURVE('',#3147,(#3152,#3159),.PCURVE_S1.);
#3147 = HYPERBOLA('',#3148,0.227573048438,0.424420802616);
#3148 = AXIS2_PLACEMENT_3D('',#3149,#3150,#3151);
#3149 = CARTESIAN_POINT('',(-0.151391271767,-0.397349529709,
    0.110932125399));
#3150 = DIRECTION('',(0.353715730496,0.928380992663,0.113990852535));
#3151 = DIRECTION('',(-4.058489818597E-02,-0.106521267833,0.993481799299
    ));
#3152 = PCURVE('',#3011,#3153);
#3153 = DEFINITIONAL_REPRESENTATION('',(#3154),#3158);
#3154 = ( BOUNDED_CURVE() B_SPLINE_CURVE(2,(#3155,#3156,#3157),
.UNSPECIFIED.,.F.,.F.) B_SPLINE_CURVE_WITH_KNOTS((3,3),(0.396392373975,
0.899294045557),.PIECEWISE_BEZIER_KNOTS.) CURVE() 
GEOMETRIC_REPRESENTATION_ITEM() RATIONAL_B_SPLINE_CURVE((1.,
1.031780684522,1.)) REPRESENTATION_ITEM('') );
#3155 = CARTESIAN_POINT('',(-0.176502774788,1.538427246576));
#3156 = CARTESIAN_POINT('',(-6.365546721501E-02,1.515624193069));
#3157 = CARTESIAN_POINT('',(8.606532546521E-02,1.458147552669));
#3158 = ( GEOMETRIC_REPRESENTATION_CONTEXT(2) 
PARAMETRIC_REPRESENTATION_CONTEXT() REPRESENTATION_CONTEXT('2D SPACE',''
  ) );
#3159 = PCURVE('',#3160,#3165);
#3160 = CONICAL_SURFACE('',#3161,0.635,1.082104136236);
#3161 = AXIS2_PLACEMENT_3D('',#3162,#3163,#3164);
#3162 = CARTESIAN_POINT('',(0.,0.,0.434774409441));
#3163 = DIRECTION('',(0.,0.,1.));
#3164 = DIRECTION('',(1.,0.,0.));
#3165 = DEFINITIONAL_REPRESENTATION('',(#3166),#3176);
#3166 = B_SPLINE_CURVE_WITH_KNOTS('',8,(#3167,#3168,#3169,#3170,#3171,
    #3172,#3173,#3174,#3175),.UNSPECIFIED.,.F.,.F.,(9,9),(0.287817014804
    ,0.899294045557),.PIECEWISE_BEZIER_KNOTS.);
#3167 = CARTESIAN_POINT('',(4.615671476904,-8.832329838115E-02));
#3168 = CARTESIAN_POINT('',(4.684857389284,-8.328055395812E-02));
#3169 = CARTESIAN_POINT('',(4.752443983095,-7.666528224228E-02));
#3170 = CARTESIAN_POINT('',(4.817935735569,-6.843259031886E-02));
#3171 = CARTESIAN_POINT('',(4.880921455588,-5.851798603729E-02));
#3172 = CARTESIAN_POINT('',(4.941106851071,-4.68365390746E-02));
#3173 = CARTESIAN_POINT('',(4.998316015977,-3.328143009757E-02));
#3174 = CARTESIAN_POINT('',(5.05246786997,-1.772183984163E-02));
#3175 = CARTESIAN_POINT('',(5.103555187327,1.408414688358E-16));
#3176 = ( GEOMETRIC_REPRESENTATION_CONTEXT(2) 
PARAMETRIC_REPRESENTATION_CONTEXT() REPRESENTATION_CONTEXT('2D SPACE',''
  ) );
#3177 = ORIENTED_EDGE('',*,*,#3178,.F.);
#3178 = EDGE_CURVE('',#2954,#3142,#3179,.T.);
#3179 = SURFACE_CURVE('',#3180,(#3184,#3191),.PCURVE_S1.);
#3180 = LINE('',#3181,#3182);
#3181 = CARTESIAN_POINT('',(0.,-0.891991284286,3.669696007085));
#3182 = VECTOR('',#3183,1.);
#3183 = DIRECTION('',(0.,0.121869343405,-0.992546151641));
#3184 = PCURVE('',#3011,#3185);
#3185 = DEFINITIONAL_REPRESENTATION('',(#3186),#3190);
#3186 = LINE('',#3187,#3188);
#3187 = CARTESIAN_POINT('',(-3.159904376042E-02,-1.797998256873));
#3188 = VECTOR('',#3189,1.);
#3189 = DIRECTION('',(-4.338992808727E-02,0.999058213589));
#3190 = ( GEOMETRIC_REPRESENTATION_CONTEXT(2) 
PARAMETRIC_REPRESENTATION_CONTEXT() REPRESENTATION_CONTEXT('2D SPACE',''
  ) );
#3191 = PCURVE('',#2976,#3192);
#3192 = DEFINITIONAL_REPRESENTATION('',(#3193),#3197);
#3193 = LINE('',#3194,#3195);
#3194 = CARTESIAN_POINT('',(3.159904376042E-02,-1.797998256873));
#3195 = VECTOR('',#3196,1.);
#3196 = DIRECTION('',(4.338992808727E-02,0.999058213589));
#3197 = ( GEOMETRIC_REPRESENTATION_CONTEXT(2) 
PARAMETRIC_REPRESENTATION_CONTEXT() REPRESENTATION_CONTEXT('2D SPACE',''
  ) );
#3198 = ORIENTED_EDGE('',*,*,#2988,.T.);
#3199 = ORIENTED_EDGE('',*,*,#3200,.T.);
#3200 = EDGE_CURVE('',#2989,#3144,#3201,.T.);
#3201 = SURFACE_CURVE('',#3202,(#3206,#3213),.PCURVE_S1.);
#3202 = LINE('',#3203,#3204);
#3203 = CARTESIAN_POINT('',(0.205,-0.970096852285,3.669696007085));
#3204 = VECTOR('',#3205,1.);
#3205 = DIRECTION('',(0.,0.121869343405,-0.992546151641));
#3206 = PCURVE('',#3011,#3207);
#3207 = DEFINITIONAL_REPRESENTATION('',(#3208),#3212);
#3208 = LINE('',#3209,#3210);
#3209 = CARTESIAN_POINT('',(0.187776159379,-1.797998256873));
#3210 = VECTOR('',#3211,1.);
#3211 = DIRECTION('',(-4.338992808727E-02,0.999058213589));
#3212 = ( GEOMETRIC_REPRESENTATION_CONTEXT(2) 
PARAMETRIC_REPRESENTATION_CONTEXT() REPRESENTATION_CONTEXT('2D SPACE',''
  ) );
#3213 = PCURVE('',#3055,#3214);
#3214 = DEFINITIONAL_REPRESENTATION('',(#3215),#3219);
#3215 = LINE('',#3216,#3217);
#3216 = CARTESIAN_POINT('',(-1.431109962531,-1.793883936131));
#3217 = VECTOR('',#3218,1.);
#3218 = DIRECTION('',(-8.028325022222E-02,0.996772090166));
#3219 = ( GEOMETRIC_REPRESENTATION_CONTEXT(2) 
PARAMETRIC_REPRESENTATION_CONTEXT() REPRESENTATION_CONTEXT('2D SPACE',''
  ) );
#3220 = ADVANCED_FACE('',(#3221),#3160,.F.);
#3221 = FACE_BOUND('',#3222,.T.);
#3222 = EDGE_LOOP('',(#3223,#3255,#3278,#3279,#3309,#3339,#3363,#3393,
    #3423,#3453,#3483,#3507,#3537,#3567,#3597,#3627,#3651,#3681,#3709,
    #3710,#3740,#3764));
#3223 = ORIENTED_EDGE('',*,*,#3224,.T.);
#3224 = EDGE_CURVE('',#3225,#3227,#3229,.T.);
#3225 = VERTEX_POINT('',#3226);
#3226 = CARTESIAN_POINT('',(0.571053084241,-0.205,0.419745320208));
#3227 = VERTEX_POINT('',#3228);
#3228 = CARTESIAN_POINT('',(0.485,0.,0.355017994691));
#3229 = SURFACE_CURVE('',#3230,(#3235,#3248),.PCURVE_S1.);
#3230 = HYPERBOLA('',#3231,0.227573048438,0.424420802616);
#3231 = AXIS2_PLACEMENT_3D('',#3232,#3233,#3234);
#3232 = CARTESIAN_POINT('',(0.397349529709,0.151391271767,0.110932125399
    ));
#3233 = DIRECTION('',(-0.928380992663,-0.353715730496,0.113990852535));
#3234 = DIRECTION('',(0.106521267833,4.058489818597E-02,0.993481799299)
  );
#3235 = PCURVE('',#3160,#3236);
#3236 = DEFINITIONAL_REPRESENTATION('',(#3237),#3247);
#3237 = B_SPLINE_CURVE_WITH_KNOTS('',8,(#3238,#3239,#3240,#3241,#3242,
    #3243,#3244,#3245,#3246),.UNSPECIFIED.,.F.,.F.,(9,9),(
    -0.899294045557,-0.396392373975),.PIECEWISE_BEZIER_KNOTS.);
#3238 = CARTESIAN_POINT('',(5.892019100238,5.164187190645E-17));
#3239 = CARTESIAN_POINT('',(5.934035228405,-1.457510655617E-02));
#3240 = CARTESIAN_POINT('',(5.978124223442,-2.768765986949E-02));
#3241 = CARTESIAN_POINT('',(6.024282041642,-3.942542640182E-02));
#3242 = CARTESIAN_POINT('',(6.072470943993,-4.986384281633E-02));
#3243 = CARTESIAN_POINT('',(6.122611325456,-5.906712575611E-02));
#3244 = CARTESIAN_POINT('',(6.174573428521,-6.708912203566E-02));
#3245 = CARTESIAN_POINT('',(6.228174500198,-7.397394499516E-02));
#3246 = CARTESIAN_POINT('',(6.28318530718,-7.975641474922E-02));
#3247 = ( GEOMETRIC_REPRESENTATION_CONTEXT(2) 
PARAMETRIC_REPRESENTATION_CONTEXT() REPRESENTATION_CONTEXT('2D SPACE',''
  ) );
#3248 = PCURVE('',#2391,#3249);
#3249 = DEFINITIONAL_REPRESENTATION('',(#3250),#3254);
#3250 = ( BOUNDED_CURVE() B_SPLINE_CURVE(2,(#3251,#3252,#3253),
.UNSPECIFIED.,.F.,.F.) B_SPLINE_CURVE_WITH_KNOTS((3,3),(-0.899294045557,
-0.396392373975),.PIECEWISE_BEZIER_KNOTS.) CURVE() 
GEOMETRIC_REPRESENTATION_ITEM() RATIONAL_B_SPLINE_CURVE((1.,
1.031780684522,1.)) REPRESENTATION_ITEM('') );
#3251 = CARTESIAN_POINT('',(-8.606532546521E-02,1.458147552669));
#3252 = CARTESIAN_POINT('',(6.365546721501E-02,1.515624193069));
#3253 = CARTESIAN_POINT('',(0.176502774788,1.538427246576));
#3254 = ( GEOMETRIC_REPRESENTATION_CONTEXT(2) 
PARAMETRIC_REPRESENTATION_CONTEXT() REPRESENTATION_CONTEXT('2D SPACE',''
  ) );
#3255 = ORIENTED_EDGE('',*,*,#3256,.T.);
#3256 = EDGE_CURVE('',#3227,#3257,#3259,.T.);
#3257 = VERTEX_POINT('',#3258);
#3258 = CARTESIAN_POINT('',(0.,0.,9.713892033564E-02));
#3259 = SEAM_CURVE('',#3260,(#3264,#3271),.PCURVE_S1.);
#3260 = LINE('',#3261,#3262);
#3261 = CARTESIAN_POINT('',(0.635,0.,0.434774409441));
#3262 = VECTOR('',#3263,1.);
#3263 = DIRECTION('',(-0.882947592859,0.,-0.469471562786));
#3264 = PCURVE('',#3160,#3265);
#3265 = DEFINITIONAL_REPRESENTATION('',(#3266),#3270);
#3266 = LINE('',#3267,#3268);
#3267 = CARTESIAN_POINT('',(0.,-0.));
#3268 = VECTOR('',#3269,1.);
#3269 = DIRECTION('',(0.,-1.));
#3270 = ( GEOMETRIC_REPRESENTATION_CONTEXT(2) 
PARAMETRIC_REPRESENTATION_CONTEXT() REPRESENTATION_CONTEXT('2D SPACE',''
  ) );
#3271 = PCURVE('',#3160,#3272);
#3272 = DEFINITIONAL_REPRESENTATION('',(#3273),#3277);
#3273 = LINE('',#3274,#3275);
#3274 = CARTESIAN_POINT('',(6.28318530718,-0.));
#3275 = VECTOR('',#3276,1.);
#3276 = DIRECTION('',(0.,-1.));
#3277 = ( GEOMETRIC_REPRESENTATION_CONTEXT(2) 
PARAMETRIC_REPRESENTATION_CONTEXT() REPRESENTATION_CONTEXT('2D SPACE',''
  ) );
#3278 = ORIENTED_EDGE('',*,*,#3256,.F.);
#3279 = ORIENTED_EDGE('',*,*,#3280,.T.);
#3280 = EDGE_CURVE('',#3227,#3281,#3283,.T.);
#3281 = VERTEX_POINT('',#3282);
#3282 = CARTESIAN_POINT('',(0.571053084241,0.205,0.419745320208));
#3283 = SURFACE_CURVE('',#3284,(#3289,#3302),.PCURVE_S1.);
#3284 = HYPERBOLA('',#3285,0.227573048438,0.424420802616);
#3285 = AXIS2_PLACEMENT_3D('',#3286,#3287,#3288);
#3286 = CARTESIAN_POINT('',(0.397349529709,-0.151391271767,
    0.110932125399));
#3287 = DIRECTION('',(-0.928380992663,0.353715730496,0.113990852535));
#3288 = DIRECTION('',(0.106521267833,-4.058489818597E-02,0.993481799299)
  );
#3289 = PCURVE('',#3160,#3290);
#3290 = DEFINITIONAL_REPRESENTATION('',(#3291),#3301);
#3291 = B_SPLINE_CURVE_WITH_KNOTS('',8,(#3292,#3293,#3294,#3295,#3296,
    #3297,#3298,#3299,#3300),.UNSPECIFIED.,.F.,.F.,(9,9),(0.396392373975
    ,0.899294045557),.PIECEWISE_BEZIER_KNOTS.);
#3292 = CARTESIAN_POINT('',(6.E-17,-7.975641474922E-02));
#3293 = CARTESIAN_POINT('',(5.501080698192E-02,-7.397394499516E-02));
#3294 = CARTESIAN_POINT('',(0.108611878657,-6.708912203566E-02));
#3295 = CARTESIAN_POINT('',(0.160573981722,-5.906712575593E-02));
#3296 = CARTESIAN_POINT('',(0.210714363194,-4.986384281654E-02));
#3297 = CARTESIAN_POINT('',(0.258903265542,-3.942542640166E-02));
#3298 = CARTESIAN_POINT('',(0.305061083734,-2.768765986951E-02));
#3299 = CARTESIAN_POINT('',(0.349150078775,-1.457510655617E-02));
#3300 = CARTESIAN_POINT('',(0.391166206942,5.164187190645E-17));
#3301 = ( GEOMETRIC_REPRESENTATION_CONTEXT(2) 
PARAMETRIC_REPRESENTATION_CONTEXT() REPRESENTATION_CONTEXT('2D SPACE',''
  ) );
#3302 = PCURVE('',#2450,#3303);
#3303 = DEFINITIONAL_REPRESENTATION('',(#3304),#3308);
#3304 = ( BOUNDED_CURVE() B_SPLINE_CURVE(2,(#3305,#3306,#3307),
.UNSPECIFIED.,.F.,.F.) B_SPLINE_CURVE_WITH_KNOTS((3,3),(0.396392373975,
0.899294045557),.PIECEWISE_BEZIER_KNOTS.) CURVE() 
GEOMETRIC_REPRESENTATION_ITEM() RATIONAL_B_SPLINE_CURVE((1.,
1.031780684522,1.)) REPRESENTATION_ITEM('') );
#3305 = CARTESIAN_POINT('',(-0.176502774788,1.538427246576));
#3306 = CARTESIAN_POINT('',(-6.365546721501E-02,1.515624193069));
#3307 = CARTESIAN_POINT('',(8.606532546521E-02,1.458147552669));
#3308 = ( GEOMETRIC_REPRESENTATION_CONTEXT(2) 
PARAMETRIC_REPRESENTATION_CONTEXT() REPRESENTATION_CONTEXT('2D SPACE',''
  ) );
#3309 = ORIENTED_EDGE('',*,*,#3310,.T.);
#3310 = EDGE_CURVE('',#3281,#3311,#3313,.T.);
#3311 = VERTEX_POINT('',#3312);
#3312 = CARTESIAN_POINT('',(0.592772304636,0.227697156013,0.434774409441
    ));
#3313 = SURFACE_CURVE('',#3314,(#3319,#3332),.PCURVE_S1.);
#3314 = HYPERBOLA('',#3315,0.141728948278,0.265102932234);
#3315 = AXIS2_PLACEMENT_3D('',#3316,#3317,#3318);
#3316 = CARTESIAN_POINT('',(0.199690907093,-0.174851561885,
    0.104070796241));
#3317 = DIRECTION('',(-0.749159152089,0.65597202071,9.198517753569E-02)
  );
#3318 = DIRECTION('',(6.920494050974E-02,-6.059660960249E-02,
    0.995760376353));
#3319 = PCURVE('',#3160,#3320);
#3320 = DEFINITIONAL_REPRESENTATION('',(#3321),#3331);
#3321 = B_SPLINE_CURVE_WITH_KNOTS('',8,(#3322,#3323,#3324,#3325,#3326,
    #3327,#3328,#3329,#3330),.UNSPECIFIED.,.F.,.F.,(9,9),(0.835122811202
    ,1.495705589678),.PIECEWISE_BEZIER_KNOTS.);
#3322 = CARTESIAN_POINT('',(7.E-17,-0.137434483612));
#3323 = CARTESIAN_POINT('',(5.813797508493E-02,-0.126531170113));
#3324 = CARTESIAN_POINT('',(0.112657323856,-0.114121842783));
#3325 = CARTESIAN_POINT('',(0.163500434328,-0.100093218942));
#3326 = CARTESIAN_POINT('',(0.21072468971,-8.43101097037E-02));
#3327 = CARTESIAN_POINT('',(0.254469363425,-6.66129493324E-02));
#3328 = CARTESIAN_POINT('',(0.29491684981,-4.681452439515E-02));
#3329 = CARTESIAN_POINT('',(0.332271440114,-2.469573546084E-02));
#3330 = CARTESIAN_POINT('',(0.366744359712,-4.694715627859E-17));
#3331 = ( GEOMETRIC_REPRESENTATION_CONTEXT(2) 
PARAMETRIC_REPRESENTATION_CONTEXT() REPRESENTATION_CONTEXT('2D SPACE',''
  ) );
#3332 = PCURVE('',#2494,#3333);
#3333 = DEFINITIONAL_REPRESENTATION('',(#3334),#3338);
#3334 = ( BOUNDED_CURVE() B_SPLINE_CURVE(2,(#3335,#3336,#3337),
.UNSPECIFIED.,.F.,.F.) B_SPLINE_CURVE_WITH_KNOTS((3,3),(0.835122811202,
1.495705589678),.PIECEWISE_BEZIER_KNOTS.) CURVE() 
GEOMETRIC_REPRESENTATION_ITEM() RATIONAL_B_SPLINE_CURVE((1.,
1.055043888988,1.)) REPRESENTATION_ITEM('') );
#3335 = CARTESIAN_POINT('',(-1.976366896134,1.592830539905));
#3336 = CARTESIAN_POINT('',(-1.860633633467,1.550557743508));
#3337 = CARTESIAN_POINT('',(-1.662601965332,1.454810904985));
#3338 = ( GEOMETRIC_REPRESENTATION_CONTEXT(2) 
PARAMETRIC_REPRESENTATION_CONTEXT() REPRESENTATION_CONTEXT('2D SPACE',''
  ) );
#3339 = ORIENTED_EDGE('',*,*,#3340,.T.);
#3340 = EDGE_CURVE('',#3311,#3341,#3343,.T.);
#3341 = VERTEX_POINT('',#3342);
#3342 = CARTESIAN_POINT('',(0.227697156013,0.592772304636,0.434774409441
    ));
#3343 = SURFACE_CURVE('',#3344,(#3349,#3356),.PCURVE_S1.);
#3344 = CIRCLE('',#3345,0.635);
#3345 = AXIS2_PLACEMENT_3D('',#3346,#3347,#3348);
#3346 = CARTESIAN_POINT('',(0.,0.,0.434774409441));
#3347 = DIRECTION('',(0.,0.,1.));
#3348 = DIRECTION('',(1.,0.,0.));
#3349 = PCURVE('',#3160,#3350);
#3350 = DEFINITIONAL_REPRESENTATION('',(#3351),#3355);
#3351 = LINE('',#3352,#3353);
#3352 = CARTESIAN_POINT('',(0.,-0.));
#3353 = VECTOR('',#3354,1.);
#3354 = DIRECTION('',(1.,-0.));
#3355 = ( GEOMETRIC_REPRESENTATION_CONTEXT(2) 
PARAMETRIC_REPRESENTATION_CONTEXT() REPRESENTATION_CONTEXT('2D SPACE',''
  ) );
#3356 = PCURVE('',#2523,#3357);
#3357 = DEFINITIONAL_REPRESENTATION('',(#3358),#3362);
#3358 = LINE('',#3359,#3360);
#3359 = CARTESIAN_POINT('',(0.,-2.484921597644));
#3360 = VECTOR('',#3361,1.);
#3361 = DIRECTION('',(1.,-0.));
#3362 = ( GEOMETRIC_REPRESENTATION_CONTEXT(2) 
PARAMETRIC_REPRESENTATION_CONTEXT() REPRESENTATION_CONTEXT('2D SPACE',''
  ) );
#3363 = ORIENTED_EDGE('',*,*,#3364,.T.);
#3364 = EDGE_CURVE('',#3341,#3365,#3367,.T.);
#3365 = VERTEX_POINT('',#3366);
#3366 = CARTESIAN_POINT('',(0.205,0.571053084241,0.419745320208));
#3367 = SURFACE_CURVE('',#3368,(#3373,#3386),.PCURVE_S1.);
#3368 = HYPERBOLA('',#3369,0.141728948278,0.265102932234);
#3369 = AXIS2_PLACEMENT_3D('',#3370,#3371,#3372);
#3370 = CARTESIAN_POINT('',(-0.174851561885,0.199690907093,
    0.104070796241));
#3371 = DIRECTION('',(0.65597202071,-0.749159152089,9.198517753569E-02)
  );
#3372 = DIRECTION('',(-6.059660960249E-02,6.920494050974E-02,
    0.995760376353));
#3373 = PCURVE('',#3160,#3374);
#3374 = DEFINITIONAL_REPRESENTATION('',(#3375),#3385);
#3375 = B_SPLINE_CURVE_WITH_KNOTS('',8,(#3376,#3377,#3378,#3379,#3380,
    #3381,#3382,#3383,#3384),.UNSPECIFIED.,.F.,.F.,(9,9),(
    -1.495705589678,-0.572860752094),.PIECEWISE_BEZIER_KNOTS.);
#3376 = CARTESIAN_POINT('',(1.204051967083,5.164187190645E-16));
#3377 = CARTESIAN_POINT('',(1.252211193941,-3.450034230825E-02));
#3378 = CARTESIAN_POINT('',(1.305994478058,-6.397137608699E-02));
#3379 = CARTESIAN_POINT('',(1.365977433637,-8.911267094897E-02));
#3380 = CARTESIAN_POINT('',(1.43271075563,-0.11048102885));
#3381 = CARTESIAN_POINT('',(1.506634829146,-0.128520253081));
#3382 = CARTESIAN_POINT('',(1.587966428752,-0.143580860767));
#3383 = CARTESIAN_POINT('',(1.676387248618,-0.155933679383));
#3384 = CARTESIAN_POINT('',(1.771002242906,-0.165778330124));
#3385 = ( GEOMETRIC_REPRESENTATION_CONTEXT(2) 
PARAMETRIC_REPRESENTATION_CONTEXT() REPRESENTATION_CONTEXT('2D SPACE',''
  ) );
#3386 = PCURVE('',#2567,#3387);
#3387 = DEFINITIONAL_REPRESENTATION('',(#3388),#3392);
#3388 = ( BOUNDED_CURVE() B_SPLINE_CURVE(2,(#3389,#3390,#3391),
.UNSPECIFIED.,.F.,.F.) B_SPLINE_CURVE_WITH_KNOTS((3,3),(-1.495705589678,
-0.835122811202),.PIECEWISE_BEZIER_KNOTS.) CURVE() 
GEOMETRIC_REPRESENTATION_ITEM() RATIONAL_B_SPLINE_CURVE((1.,
1.055043888988,1.)) REPRESENTATION_ITEM('') );
#3389 = CARTESIAN_POINT('',(1.662601965332,1.454810904985));
#3390 = CARTESIAN_POINT('',(1.860633633467,1.550557743508));
#3391 = CARTESIAN_POINT('',(1.976366896134,1.592830539905));
#3392 = ( GEOMETRIC_REPRESENTATION_CONTEXT(2) 
PARAMETRIC_REPRESENTATION_CONTEXT() REPRESENTATION_CONTEXT('2D SPACE',''
  ) );
#3393 = ORIENTED_EDGE('',*,*,#3394,.T.);
#3394 = EDGE_CURVE('',#3365,#3395,#3397,.T.);
#3395 = VERTEX_POINT('',#3396);
#3396 = CARTESIAN_POINT('',(0.,0.485,0.355017994691));
#3397 = SURFACE_CURVE('',#3398,(#3403,#3416),.PCURVE_S1.);
#3398 = HYPERBOLA('',#3399,0.227573048438,0.424420802616);
#3399 = AXIS2_PLACEMENT_3D('',#3400,#3401,#3402);
#3400 = CARTESIAN_POINT('',(-0.151391271767,0.397349529709,
    0.110932125399));
#3401 = DIRECTION('',(0.353715730496,-0.928380992663,0.113990852535));
#3402 = DIRECTION('',(-4.058489818597E-02,0.106521267833,0.993481799299)
  );
#3403 = PCURVE('',#3160,#3404);
#3404 = DEFINITIONAL_REPRESENTATION('',(#3405),#3415);
#3405 = B_SPLINE_CURVE_WITH_KNOTS('',8,(#3406,#3407,#3408,#3409,#3410,
    #3411,#3412,#3413,#3414),.UNSPECIFIED.,.F.,.F.,(9,9),(
    -0.899294045557,-0.287817014804),.PIECEWISE_BEZIER_KNOTS.);
#3406 = CARTESIAN_POINT('',(1.179630119853,5.633658753431E-16));
#3407 = CARTESIAN_POINT('',(1.23071743721,-1.772183984163E-02));
#3408 = CARTESIAN_POINT('',(1.284869291208,-3.328143009754E-02));
#3409 = CARTESIAN_POINT('',(1.342078456089,-4.683653907426E-02));
#3410 = CARTESIAN_POINT('',(1.402263851613,-5.851798603772E-02));
#3411 = CARTESIAN_POINT('',(1.465249571587,-6.843259031848E-02));
#3412 = CARTESIAN_POINT('',(1.530741324089,-7.666528224226E-02));
#3413 = CARTESIAN_POINT('',(1.598327917895,-8.328055395812E-02));
#3414 = CARTESIAN_POINT('',(1.667513830276,-8.832329838115E-02));
#3415 = ( GEOMETRIC_REPRESENTATION_CONTEXT(2) 
PARAMETRIC_REPRESENTATION_CONTEXT() REPRESENTATION_CONTEXT('2D SPACE',''
  ) );
#3416 = PCURVE('',#2602,#3417);
#3417 = DEFINITIONAL_REPRESENTATION('',(#3418),#3422);
#3418 = ( BOUNDED_CURVE() B_SPLINE_CURVE(2,(#3419,#3420,#3421),
.UNSPECIFIED.,.F.,.F.) B_SPLINE_CURVE_WITH_KNOTS((3,3),(-0.899294045557,
-0.396392373975),.PIECEWISE_BEZIER_KNOTS.) CURVE() 
GEOMETRIC_REPRESENTATION_ITEM() RATIONAL_B_SPLINE_CURVE((1.,
1.031780684522,1.)) REPRESENTATION_ITEM('') );
#3419 = CARTESIAN_POINT('',(-8.606532546521E-02,1.458147552669));
#3420 = CARTESIAN_POINT('',(6.365546721501E-02,1.515624193069));
#3421 = CARTESIAN_POINT('',(0.176502774788,1.538427246576));
#3422 = ( GEOMETRIC_REPRESENTATION_CONTEXT(2) 
PARAMETRIC_REPRESENTATION_CONTEXT() REPRESENTATION_CONTEXT('2D SPACE',''
  ) );
#3423 = ORIENTED_EDGE('',*,*,#3424,.T.);
#3424 = EDGE_CURVE('',#3395,#3425,#3427,.T.);
#3425 = VERTEX_POINT('',#3426);
#3426 = CARTESIAN_POINT('',(-0.205,0.571053084241,0.419745320208));
#3427 = SURFACE_CURVE('',#3428,(#3433,#3446),.PCURVE_S1.);
#3428 = HYPERBOLA('',#3429,0.227573048438,0.424420802616);
#3429 = AXIS2_PLACEMENT_3D('',#3430,#3431,#3432);
#3430 = CARTESIAN_POINT('',(0.151391271767,0.397349529709,0.110932125399
    ));
#3431 = DIRECTION('',(-0.353715730496,-0.928380992663,0.113990852535));
#3432 = DIRECTION('',(4.058489818597E-02,0.106521267833,0.993481799299)
  );
#3433 = PCURVE('',#3160,#3434);
#3434 = DEFINITIONAL_REPRESENTATION('',(#3435),#3445);
#3435 = B_SPLINE_CURVE_WITH_KNOTS('',8,(#3436,#3437,#3438,#3439,#3440,
    #3441,#3442,#3443,#3444),.UNSPECIFIED.,.F.,.F.,(9,9),(0.287817014804
    ,0.899294045557),.PIECEWISE_BEZIER_KNOTS.);
#3436 = CARTESIAN_POINT('',(1.474078823314,-8.832329838115E-02));
#3437 = CARTESIAN_POINT('',(1.543264735695,-8.328055395812E-02));
#3438 = CARTESIAN_POINT('',(1.610851329501,-7.66652822424E-02));
#3439 = CARTESIAN_POINT('',(1.676343081993,-6.843259031838E-02));
#3440 = CARTESIAN_POINT('',(1.739328801996,-5.851798603804E-02));
#3441 = CARTESIAN_POINT('',(1.799514197483,-4.683653907418E-02));
#3442 = CARTESIAN_POINT('',(1.856723362384,-3.328143009763E-02));
#3443 = CARTESIAN_POINT('',(1.91087521638,-1.772183984163E-02));
#3444 = CARTESIAN_POINT('',(1.961962533737,7.089020598067E-16));
#3445 = ( GEOMETRIC_REPRESENTATION_CONTEXT(2) 
PARAMETRIC_REPRESENTATION_CONTEXT() REPRESENTATION_CONTEXT('2D SPACE',''
  ) );
#3446 = PCURVE('',#2637,#3447);
#3447 = DEFINITIONAL_REPRESENTATION('',(#3448),#3452);
#3448 = ( BOUNDED_CURVE() B_SPLINE_CURVE(2,(#3449,#3450,#3451),
.UNSPECIFIED.,.F.,.F.) B_SPLINE_CURVE_WITH_KNOTS((3,3),(0.396392373975,
0.899294045557),.PIECEWISE_BEZIER_KNOTS.) CURVE() 
GEOMETRIC_REPRESENTATION_ITEM() RATIONAL_B_SPLINE_CURVE((1.,
1.031780684522,1.)) REPRESENTATION_ITEM('') );
#3449 = CARTESIAN_POINT('',(-0.176502774788,1.538427246576));
#3450 = CARTESIAN_POINT('',(-6.365546721501E-02,1.515624193069));
#3451 = CARTESIAN_POINT('',(8.606532546521E-02,1.458147552669));
#3452 = ( GEOMETRIC_REPRESENTATION_CONTEXT(2) 
PARAMETRIC_REPRESENTATION_CONTEXT() REPRESENTATION_CONTEXT('2D SPACE',''
  ) );
#3453 = ORIENTED_EDGE('',*,*,#3454,.T.);
#3454 = EDGE_CURVE('',#3425,#3455,#3457,.T.);
#3455 = VERTEX_POINT('',#3456);
#3456 = CARTESIAN_POINT('',(-0.227697156013,0.592772304636,
    0.434774409441));
#3457 = SURFACE_CURVE('',#3458,(#3463,#3476),.PCURVE_S1.);
#3458 = HYPERBOLA('',#3459,0.141728948278,0.265102932234);
#3459 = AXIS2_PLACEMENT_3D('',#3460,#3461,#3462);
#3460 = CARTESIAN_POINT('',(0.174851561885,0.199690907093,0.104070796241
    ));
#3461 = DIRECTION('',(-0.65597202071,-0.749159152089,9.198517753569E-02)
  );
#3462 = DIRECTION('',(6.059660960249E-02,6.920494050974E-02,
    0.995760376353));
#3463 = PCURVE('',#3160,#3464);
#3464 = DEFINITIONAL_REPRESENTATION('',(#3465),#3475);
#3465 = B_SPLINE_CURVE_WITH_KNOTS('',8,(#3466,#3467,#3468,#3469,#3470,
    #3471,#3472,#3473,#3474),.UNSPECIFIED.,.F.,.F.,(9,9),(0.572860752094
    ,1.495705589678),.PIECEWISE_BEZIER_KNOTS.);
#3466 = CARTESIAN_POINT('',(1.370590410684,-0.165778330124));
#3467 = CARTESIAN_POINT('',(1.465205404972,-0.155933679383));
#3468 = CARTESIAN_POINT('',(1.553626224836,-0.143580860767));
#3469 = CARTESIAN_POINT('',(1.634957824439,-0.128520253082));
#3470 = CARTESIAN_POINT('',(1.708881897959,-0.110481028848));
#3471 = CARTESIAN_POINT('',(1.775615219951,-8.911267094966E-02));
#3472 = CARTESIAN_POINT('',(1.835598175532,-6.397137608677E-02));
#3473 = CARTESIAN_POINT('',(1.889381459649,-3.450034230825E-02));
#3474 = CARTESIAN_POINT('',(1.937540686507,4.225244065073E-16));
#3475 = ( GEOMETRIC_REPRESENTATION_CONTEXT(2) 
PARAMETRIC_REPRESENTATION_CONTEXT() REPRESENTATION_CONTEXT('2D SPACE',''
  ) );
#3476 = PCURVE('',#2681,#3477);
#3477 = DEFINITIONAL_REPRESENTATION('',(#3478),#3482);
#3478 = ( BOUNDED_CURVE() B_SPLINE_CURVE(2,(#3479,#3480,#3481),
.UNSPECIFIED.,.F.,.F.) B_SPLINE_CURVE_WITH_KNOTS((3,3),(0.835122811202,
1.495705589678),.PIECEWISE_BEZIER_KNOTS.) CURVE() 
GEOMETRIC_REPRESENTATION_ITEM() RATIONAL_B_SPLINE_CURVE((1.,
1.055043888988,1.)) REPRESENTATION_ITEM('') );
#3479 = CARTESIAN_POINT('',(-1.976366896134,1.592830539905));
#3480 = CARTESIAN_POINT('',(-1.860633633467,1.550557743508));
#3481 = CARTESIAN_POINT('',(-1.662601965332,1.454810904985));
#3482 = ( GEOMETRIC_REPRESENTATION_CONTEXT(2) 
PARAMETRIC_REPRESENTATION_CONTEXT() REPRESENTATION_CONTEXT('2D SPACE',''
  ) );
#3483 = ORIENTED_EDGE('',*,*,#3484,.T.);
#3484 = EDGE_CURVE('',#3455,#3485,#3487,.T.);
#3485 = VERTEX_POINT('',#3486);
#3486 = CARTESIAN_POINT('',(-0.592772304636,0.227697156013,
    0.434774409441));
#3487 = SURFACE_CURVE('',#3488,(#3493,#3500),.PCURVE_S1.);
#3488 = CIRCLE('',#3489,0.635);
#3489 = AXIS2_PLACEMENT_3D('',#3490,#3491,#3492);
#3490 = CARTESIAN_POINT('',(0.,0.,0.434774409441));
#3491 = DIRECTION('',(0.,0.,1.));
#3492 = DIRECTION('',(1.,0.,0.));
#3493 = PCURVE('',#3160,#3494);
#3494 = DEFINITIONAL_REPRESENTATION('',(#3495),#3499);
#3495 = LINE('',#3496,#3497);
#3496 = CARTESIAN_POINT('',(0.,-0.));
#3497 = VECTOR('',#3498,1.);
#3498 = DIRECTION('',(1.,-0.));
#3499 = ( GEOMETRIC_REPRESENTATION_CONTEXT(2) 
PARAMETRIC_REPRESENTATION_CONTEXT() REPRESENTATION_CONTEXT('2D SPACE',''
  ) );
#3500 = PCURVE('',#2710,#3501);
#3501 = DEFINITIONAL_REPRESENTATION('',(#3502),#3506);
#3502 = LINE('',#3503,#3504);
#3503 = CARTESIAN_POINT('',(0.,-2.484921597644));
#3504 = VECTOR('',#3505,1.);
#3505 = DIRECTION('',(1.,-0.));
#3506 = ( GEOMETRIC_REPRESENTATION_CONTEXT(2) 
PARAMETRIC_REPRESENTATION_CONTEXT() REPRESENTATION_CONTEXT('2D SPACE',''
  ) );
#3507 = ORIENTED_EDGE('',*,*,#3508,.T.);
#3508 = EDGE_CURVE('',#3485,#3509,#3511,.T.);
#3509 = VERTEX_POINT('',#3510);
#3510 = CARTESIAN_POINT('',(-0.571053084241,0.205,0.419745320208));
#3511 = SURFACE_CURVE('',#3512,(#3517,#3530),.PCURVE_S1.);
#3512 = HYPERBOLA('',#3513,0.141728948278,0.265102932234);
#3513 = AXIS2_PLACEMENT_3D('',#3514,#3515,#3516);
#3514 = CARTESIAN_POINT('',(-0.199690907093,-0.174851561885,
    0.104070796241));
#3515 = DIRECTION('',(0.749159152089,0.65597202071,9.198517753569E-02));
#3516 = DIRECTION('',(-6.920494050974E-02,-6.059660960249E-02,
    0.995760376353));
#3517 = PCURVE('',#3160,#3518);
#3518 = DEFINITIONAL_REPRESENTATION('',(#3519),#3529);
#3519 = B_SPLINE_CURVE_WITH_KNOTS('',8,(#3520,#3521,#3522,#3523,#3524,
    #3525,#3526,#3527,#3528),.UNSPECIFIED.,.F.,.F.,(9,9),(
    -1.495705589678,-0.572860752094),.PIECEWISE_BEZIER_KNOTS.);
#3520 = CARTESIAN_POINT('',(2.774848293877,4.225244065073E-16));
#3521 = CARTESIAN_POINT('',(2.823007520736,-3.450034230825E-02));
#3522 = CARTESIAN_POINT('',(2.87679080485,-6.397137608692E-02));
#3523 = CARTESIAN_POINT('',(2.936773760444,-8.911267094945E-02));
#3524 = CARTESIAN_POINT('',(3.003507082414,-0.110481028849));
#3525 = CARTESIAN_POINT('',(3.077431155954,-0.128520253081));
#3526 = CARTESIAN_POINT('',(3.158762755542,-0.143580860767));
#3527 = CARTESIAN_POINT('',(3.247183575413,-0.155933679383));
#3528 = CARTESIAN_POINT('',(3.3417985697,-0.165778330124));
#3529 = ( GEOMETRIC_REPRESENTATION_CONTEXT(2) 
PARAMETRIC_REPRESENTATION_CONTEXT() REPRESENTATION_CONTEXT('2D SPACE',''
  ) );
#3530 = PCURVE('',#2754,#3531);
#3531 = DEFINITIONAL_REPRESENTATION('',(#3532),#3536);
#3532 = ( BOUNDED_CURVE() B_SPLINE_CURVE(2,(#3533,#3534,#3535),
.UNSPECIFIED.,.F.,.F.) B_SPLINE_CURVE_WITH_KNOTS((3,3),(-1.495705589678,
-0.835122811202),.PIECEWISE_BEZIER_KNOTS.) CURVE() 
GEOMETRIC_REPRESENTATION_ITEM() RATIONAL_B_SPLINE_CURVE((1.,
1.055043888988,1.)) REPRESENTATION_ITEM('') );
#3533 = CARTESIAN_POINT('',(1.662601965332,1.454810904985));
#3534 = CARTESIAN_POINT('',(1.860633633467,1.550557743508));
#3535 = CARTESIAN_POINT('',(1.976366896134,1.592830539905));
#3536 = ( GEOMETRIC_REPRESENTATION_CONTEXT(2) 
PARAMETRIC_REPRESENTATION_CONTEXT() REPRESENTATION_CONTEXT('2D SPACE',''
  ) );
#3537 = ORIENTED_EDGE('',*,*,#3538,.T.);
#3538 = EDGE_CURVE('',#3509,#3539,#3541,.T.);
#3539 = VERTEX_POINT('',#3540);
#3540 = CARTESIAN_POINT('',(-0.485,0.,0.355017994691));
#3541 = SURFACE_CURVE('',#3542,(#3547,#3560),.PCURVE_S1.);
#3542 = HYPERBOLA('',#3543,0.227573048438,0.424420802616);
#3543 = AXIS2_PLACEMENT_3D('',#3544,#3545,#3546);
#3544 = CARTESIAN_POINT('',(-0.397349529709,-0.151391271767,
    0.110932125399));
#3545 = DIRECTION('',(0.928380992663,0.353715730496,0.113990852535));
#3546 = DIRECTION('',(-0.106521267833,-4.058489818597E-02,0.993481799299
    ));
#3547 = PCURVE('',#3160,#3548);
#3548 = DEFINITIONAL_REPRESENTATION('',(#3549),#3559);
#3549 = B_SPLINE_CURVE_WITH_KNOTS('',8,(#3550,#3551,#3552,#3553,#3554,
    #3555,#3556,#3557,#3558),.UNSPECIFIED.,.F.,.F.,(9,9),(
    -0.899294045557,-0.287817014804),.PIECEWISE_BEZIER_KNOTS.);
#3550 = CARTESIAN_POINT('',(2.750426446648,4.741662784137E-16));
#3551 = CARTESIAN_POINT('',(2.801513764005,-1.772183984163E-02));
#3552 = CARTESIAN_POINT('',(2.855665617998,-3.328143009757E-02));
#3553 = CARTESIAN_POINT('',(2.912874782889,-4.683653907423E-02));
#3554 = CARTESIAN_POINT('',(2.973060178381,-5.851798603762E-02));
#3555 = CARTESIAN_POINT('',(3.036045898394,-6.843259031846E-02));
#3556 = CARTESIAN_POINT('',(3.101537650878,-7.666528224233E-02));
#3557 = CARTESIAN_POINT('',(3.16912424469,-8.328055395812E-02));
#3558 = CARTESIAN_POINT('',(3.238310157071,-8.832329838115E-02));
#3559 = ( GEOMETRIC_REPRESENTATION_CONTEXT(2) 
PARAMETRIC_REPRESENTATION_CONTEXT() REPRESENTATION_CONTEXT('2D SPACE',''
  ) );
#3560 = PCURVE('',#2789,#3561);
#3561 = DEFINITIONAL_REPRESENTATION('',(#3562),#3566);
#3562 = ( BOUNDED_CURVE() B_SPLINE_CURVE(2,(#3563,#3564,#3565),
.UNSPECIFIED.,.F.,.F.) B_SPLINE_CURVE_WITH_KNOTS((3,3),(-0.899294045557,
-0.396392373975),.PIECEWISE_BEZIER_KNOTS.) CURVE() 
GEOMETRIC_REPRESENTATION_ITEM() RATIONAL_B_SPLINE_CURVE((1.,
1.031780684522,1.)) REPRESENTATION_ITEM('') );
#3563 = CARTESIAN_POINT('',(-8.606532546521E-02,1.458147552669));
#3564 = CARTESIAN_POINT('',(6.365546721501E-02,1.515624193069));
#3565 = CARTESIAN_POINT('',(0.176502774788,1.538427246576));
#3566 = ( GEOMETRIC_REPRESENTATION_CONTEXT(2) 
PARAMETRIC_REPRESENTATION_CONTEXT() REPRESENTATION_CONTEXT('2D SPACE',''
  ) );
#3567 = ORIENTED_EDGE('',*,*,#3568,.T.);
#3568 = EDGE_CURVE('',#3539,#3569,#3571,.T.);
#3569 = VERTEX_POINT('',#3570);
#3570 = CARTESIAN_POINT('',(-0.571053084241,-0.205,0.419745320208));
#3571 = SURFACE_CURVE('',#3572,(#3577,#3590),.PCURVE_S1.);
#3572 = HYPERBOLA('',#3573,0.227573048438,0.424420802616);
#3573 = AXIS2_PLACEMENT_3D('',#3574,#3575,#3576);
#3574 = CARTESIAN_POINT('',(-0.397349529709,0.151391271767,
    0.110932125399));
#3575 = DIRECTION('',(0.928380992663,-0.353715730496,0.113990852535));
#3576 = DIRECTION('',(-0.106521267833,4.058489818597E-02,0.993481799299)
  );
#3577 = PCURVE('',#3160,#3578);
#3578 = DEFINITIONAL_REPRESENTATION('',(#3579),#3589);
#3579 = B_SPLINE_CURVE_WITH_KNOTS('',8,(#3580,#3581,#3582,#3583,#3584,
    #3585,#3586,#3587,#3588),.UNSPECIFIED.,.F.,.F.,(9,9),(0.287817014804
    ,0.899294045557),.PIECEWISE_BEZIER_KNOTS.);
#3580 = CARTESIAN_POINT('',(3.044875150109,-8.832329838115E-02));
#3581 = CARTESIAN_POINT('',(3.114061062489,-8.328055395812E-02));
#3582 = CARTESIAN_POINT('',(3.181647656292,-7.666528224232E-02));
#3583 = CARTESIAN_POINT('',(3.247139408795,-6.843259031846E-02));
#3584 = CARTESIAN_POINT('',(3.310125128764,-5.851798603751E-02));
#3585 = CARTESIAN_POINT('',(3.370310524291,-4.683653907426E-02));
#3586 = CARTESIAN_POINT('',(3.427519689172,-3.328143009756E-02));
#3587 = CARTESIAN_POINT('',(3.481671543175,-1.772183984163E-02));
#3588 = CARTESIAN_POINT('',(3.532758860532,6.150077472495E-16));
#3589 = ( GEOMETRIC_REPRESENTATION_CONTEXT(2) 
PARAMETRIC_REPRESENTATION_CONTEXT() REPRESENTATION_CONTEXT('2D SPACE',''
  ) );
#3590 = PCURVE('',#2824,#3591);
#3591 = DEFINITIONAL_REPRESENTATION('',(#3592),#3596);
#3592 = ( BOUNDED_CURVE() B_SPLINE_CURVE(2,(#3593,#3594,#3595),
.UNSPECIFIED.,.F.,.F.) B_SPLINE_CURVE_WITH_KNOTS((3,3),(0.396392373975,
0.899294045557),.PIECEWISE_BEZIER_KNOTS.) CURVE() 
GEOMETRIC_REPRESENTATION_ITEM() RATIONAL_B_SPLINE_CURVE((1.,
1.031780684522,1.)) REPRESENTATION_ITEM('') );
#3593 = CARTESIAN_POINT('',(-0.176502774788,1.538427246576));
#3594 = CARTESIAN_POINT('',(-6.365546721501E-02,1.515624193069));
#3595 = CARTESIAN_POINT('',(8.606532546521E-02,1.458147552669));
#3596 = ( GEOMETRIC_REPRESENTATION_CONTEXT(2) 
PARAMETRIC_REPRESENTATION_CONTEXT() REPRESENTATION_CONTEXT('2D SPACE',''
  ) );
#3597 = ORIENTED_EDGE('',*,*,#3598,.T.);
#3598 = EDGE_CURVE('',#3569,#3599,#3601,.T.);
#3599 = VERTEX_POINT('',#3600);
#3600 = CARTESIAN_POINT('',(-0.592772304636,-0.227697156013,
    0.434774409441));
#3601 = SURFACE_CURVE('',#3602,(#3607,#3620),.PCURVE_S1.);
#3602 = HYPERBOLA('',#3603,0.141728948278,0.265102932234);
#3603 = AXIS2_PLACEMENT_3D('',#3604,#3605,#3606);
#3604 = CARTESIAN_POINT('',(-0.199690907093,0.174851561885,
    0.104070796241));
#3605 = DIRECTION('',(0.749159152089,-0.65597202071,9.198517753569E-02)
  );
#3606 = DIRECTION('',(-6.920494050974E-02,6.059660960249E-02,
    0.995760376353));
#3607 = PCURVE('',#3160,#3608);
#3608 = DEFINITIONAL_REPRESENTATION('',(#3609),#3619);
#3609 = B_SPLINE_CURVE_WITH_KNOTS('',8,(#3610,#3611,#3612,#3613,#3614,
    #3615,#3616,#3617,#3618),.UNSPECIFIED.,.F.,.F.,(9,9),(0.572860752094
    ,1.495705589678),.PIECEWISE_BEZIER_KNOTS.);
#3610 = CARTESIAN_POINT('',(2.941386737479,-0.165778330124));
#3611 = CARTESIAN_POINT('',(3.036001731767,-0.155933679383));
#3612 = CARTESIAN_POINT('',(3.124422551633,-0.143580860767));
#3613 = CARTESIAN_POINT('',(3.205754151235,-0.128520253081));
#3614 = CARTESIAN_POINT('',(3.279678224762,-0.110481028849));
#3615 = CARTESIAN_POINT('',(3.346411546747,-8.911267094907E-02));
#3616 = CARTESIAN_POINT('',(3.406394502329,-6.397137608692E-02));
#3617 = CARTESIAN_POINT('',(3.460177786444,-3.450034230825E-02));
#3618 = CARTESIAN_POINT('',(3.508337013302,3.755772502287E-16));
#3619 = ( GEOMETRIC_REPRESENTATION_CONTEXT(2) 
PARAMETRIC_REPRESENTATION_CONTEXT() REPRESENTATION_CONTEXT('2D SPACE',''
  ) );
#3620 = PCURVE('',#2868,#3621);
#3621 = DEFINITIONAL_REPRESENTATION('',(#3622),#3626);
#3622 = ( BOUNDED_CURVE() B_SPLINE_CURVE(2,(#3623,#3624,#3625),
.UNSPECIFIED.,.F.,.F.) B_SPLINE_CURVE_WITH_KNOTS((3,3),(0.835122811202,
1.495705589678),.PIECEWISE_BEZIER_KNOTS.) CURVE() 
GEOMETRIC_REPRESENTATION_ITEM() RATIONAL_B_SPLINE_CURVE((1.,
1.055043888988,1.)) REPRESENTATION_ITEM('') );
#3623 = CARTESIAN_POINT('',(-1.976366896134,1.592830539905));
#3624 = CARTESIAN_POINT('',(-1.860633633467,1.550557743508));
#3625 = CARTESIAN_POINT('',(-1.662601965332,1.454810904985));
#3626 = ( GEOMETRIC_REPRESENTATION_CONTEXT(2) 
PARAMETRIC_REPRESENTATION_CONTEXT() REPRESENTATION_CONTEXT('2D SPACE',''
  ) );
#3627 = ORIENTED_EDGE('',*,*,#3628,.T.);
#3628 = EDGE_CURVE('',#3599,#3629,#3631,.T.);
#3629 = VERTEX_POINT('',#3630);
#3630 = CARTESIAN_POINT('',(-0.227697156013,-0.592772304636,
    0.434774409441));
#3631 = SURFACE_CURVE('',#3632,(#3637,#3644),.PCURVE_S1.);
#3632 = CIRCLE('',#3633,0.635);
#3633 = AXIS2_PLACEMENT_3D('',#3634,#3635,#3636);
#3634 = CARTESIAN_POINT('',(0.,0.,0.434774409441));
#3635 = DIRECTION('',(0.,0.,1.));
#3636 = DIRECTION('',(1.,0.,0.));
#3637 = PCURVE('',#3160,#3638);
#3638 = DEFINITIONAL_REPRESENTATION('',(#3639),#3643);
#3639 = LINE('',#3640,#3641);
#3640 = CARTESIAN_POINT('',(0.,-0.));
#3641 = VECTOR('',#3642,1.);
#3642 = DIRECTION('',(1.,-0.));
#3643 = ( GEOMETRIC_REPRESENTATION_CONTEXT(2) 
PARAMETRIC_REPRESENTATION_CONTEXT() REPRESENTATION_CONTEXT('2D SPACE',''
  ) );
#3644 = PCURVE('',#2897,#3645);
#3645 = DEFINITIONAL_REPRESENTATION('',(#3646),#3650);
#3646 = LINE('',#3647,#3648);
#3647 = CARTESIAN_POINT('',(0.,-2.484921597644));
#3648 = VECTOR('',#3649,1.);
#3649 = DIRECTION('',(1.,-0.));
#3650 = ( GEOMETRIC_REPRESENTATION_CONTEXT(2) 
PARAMETRIC_REPRESENTATION_CONTEXT() REPRESENTATION_CONTEXT('2D SPACE',''
  ) );
#3651 = ORIENTED_EDGE('',*,*,#3652,.T.);
#3652 = EDGE_CURVE('',#3629,#3653,#3655,.T.);
#3653 = VERTEX_POINT('',#3654);
#3654 = CARTESIAN_POINT('',(-0.205,-0.571053084241,0.419745320208));
#3655 = SURFACE_CURVE('',#3656,(#3661,#3674),.PCURVE_S1.);
#3656 = HYPERBOLA('',#3657,0.141728948278,0.265102932234);
#3657 = AXIS2_PLACEMENT_3D('',#3658,#3659,#3660);
#3658 = CARTESIAN_POINT('',(0.174851561885,-0.199690907093,
    0.104070796241));
#3659 = DIRECTION('',(-0.65597202071,0.749159152089,9.198517753569E-02)
  );
#3660 = DIRECTION('',(6.059660960249E-02,-6.920494050974E-02,
    0.995760376353));
#3661 = PCURVE('',#3160,#3662);
#3662 = DEFINITIONAL_REPRESENTATION('',(#3663),#3673);
#3663 = B_SPLINE_CURVE_WITH_KNOTS('',8,(#3664,#3665,#3666,#3667,#3668,
    #3669,#3670,#3671,#3672),.UNSPECIFIED.,.F.,.F.,(9,9),(
    -1.495705589678,-0.572860752094),.PIECEWISE_BEZIER_KNOTS.);
#3664 = CARTESIAN_POINT('',(4.345644620672,1.877886251144E-16));
#3665 = CARTESIAN_POINT('',(4.393803847531,-3.450034230825E-02));
#3666 = CARTESIAN_POINT('',(4.447587131644,-6.397137608688E-02));
#3667 = CARTESIAN_POINT('',(4.507570087244,-8.911267094897E-02));
#3668 = CARTESIAN_POINT('',(4.574303409219,-0.110481028849));
#3669 = CARTESIAN_POINT('',(4.648227482754,-0.128520253081));
#3670 = CARTESIAN_POINT('',(4.729559082338,-0.143580860767));
#3671 = CARTESIAN_POINT('',(4.817979902208,-0.155933679383));
#3672 = CARTESIAN_POINT('',(4.912594896495,-0.165778330124));
#3673 = ( GEOMETRIC_REPRESENTATION_CONTEXT(2) 
PARAMETRIC_REPRESENTATION_CONTEXT() REPRESENTATION_CONTEXT('2D SPACE',''
  ) );
#3674 = PCURVE('',#2941,#3675);
#3675 = DEFINITIONAL_REPRESENTATION('',(#3676),#3680);
#3676 = ( BOUNDED_CURVE() B_SPLINE_CURVE(2,(#3677,#3678,#3679),
.UNSPECIFIED.,.F.,.F.) B_SPLINE_CURVE_WITH_KNOTS((3,3),(-1.495705589678,
-0.835122811202),.PIECEWISE_BEZIER_KNOTS.) CURVE() 
GEOMETRIC_REPRESENTATION_ITEM() RATIONAL_B_SPLINE_CURVE((1.,
1.055043888988,1.)) REPRESENTATION_ITEM('') );
#3677 = CARTESIAN_POINT('',(1.662601965332,1.454810904985));
#3678 = CARTESIAN_POINT('',(1.860633633467,1.550557743508));
#3679 = CARTESIAN_POINT('',(1.976366896134,1.592830539905));
#3680 = ( GEOMETRIC_REPRESENTATION_CONTEXT(2) 
PARAMETRIC_REPRESENTATION_CONTEXT() REPRESENTATION_CONTEXT('2D SPACE',''
  ) );
#3681 = ORIENTED_EDGE('',*,*,#3682,.T.);
#3682 = EDGE_CURVE('',#3653,#3142,#3683,.T.);
#3683 = SURFACE_CURVE('',#3684,(#3689,#3702),.PCURVE_S1.);
#3684 = HYPERBOLA('',#3685,0.227573048438,0.424420802616);
#3685 = AXIS2_PLACEMENT_3D('',#3686,#3687,#3688);
#3686 = CARTESIAN_POINT('',(0.151391271767,-0.397349529709,
    0.110932125399));
#3687 = DIRECTION('',(-0.353715730496,0.928380992663,0.113990852535));
#3688 = DIRECTION('',(4.058489818597E-02,-0.106521267833,0.993481799299)
  );
#3689 = PCURVE('',#3160,#3690);
#3690 = DEFINITIONAL_REPRESENTATION('',(#3691),#3701);
#3691 = B_SPLINE_CURVE_WITH_KNOTS('',8,(#3692,#3693,#3694,#3695,#3696,
    #3697,#3698,#3699,#3700),.UNSPECIFIED.,.F.,.F.,(9,9),(
    -0.899294045557,-0.287817014804),.PIECEWISE_BEZIER_KNOTS.);
#3692 = CARTESIAN_POINT('',(4.321222773443,1.408414688358E-16));
#3693 = CARTESIAN_POINT('',(4.3723100908,-1.772183984163E-02));
#3694 = CARTESIAN_POINT('',(4.426461944793,-3.328143009761E-02));
#3695 = CARTESIAN_POINT('',(4.483671109701,-4.683653907418E-02));
#3696 = CARTESIAN_POINT('',(4.543856505152,-5.851798603799E-02));
#3697 = CARTESIAN_POINT('',(4.60684222519,-6.843259031822E-02));
#3698 = CARTESIAN_POINT('',(4.672333977673,-7.666528224238E-02));
#3699 = CARTESIAN_POINT('',(4.739920571485,-8.328055395812E-02));
#3700 = CARTESIAN_POINT('',(4.809106483866,-8.832329838115E-02));
#3701 = ( GEOMETRIC_REPRESENTATION_CONTEXT(2) 
PARAMETRIC_REPRESENTATION_CONTEXT() REPRESENTATION_CONTEXT('2D SPACE',''
  ) );
#3702 = PCURVE('',#2976,#3703);
#3703 = DEFINITIONAL_REPRESENTATION('',(#3704),#3708);
#3704 = ( BOUNDED_CURVE() B_SPLINE_CURVE(2,(#3705,#3706,#3707),
.UNSPECIFIED.,.F.,.F.) B_SPLINE_CURVE_WITH_KNOTS((3,3),(-0.899294045557,
-0.396392373975),.PIECEWISE_BEZIER_KNOTS.) CURVE() 
GEOMETRIC_REPRESENTATION_ITEM() RATIONAL_B_SPLINE_CURVE((1.,
1.031780684522,1.)) REPRESENTATION_ITEM('') );
#3705 = CARTESIAN_POINT('',(-8.606532546521E-02,1.458147552669));
#3706 = CARTESIAN_POINT('',(6.365546721501E-02,1.515624193069));
#3707 = CARTESIAN_POINT('',(0.176502774788,1.538427246576));
#3708 = ( GEOMETRIC_REPRESENTATION_CONTEXT(2) 
PARAMETRIC_REPRESENTATION_CONTEXT() REPRESENTATION_CONTEXT('2D SPACE',''
  ) );
#3709 = ORIENTED_EDGE('',*,*,#3141,.T.);
#3710 = ORIENTED_EDGE('',*,*,#3711,.T.);
#3711 = EDGE_CURVE('',#3144,#3712,#3714,.T.);
#3712 = VERTEX_POINT('',#3713);
#3713 = CARTESIAN_POINT('',(0.227697156013,-0.592772304636,
    0.434774409441));
#3714 = SURFACE_CURVE('',#3715,(#3720,#3733),.PCURVE_S1.);
#3715 = HYPERBOLA('',#3716,0.141728948278,0.265102932234);
#3716 = AXIS2_PLACEMENT_3D('',#3717,#3718,#3719);
#3717 = CARTESIAN_POINT('',(-0.174851561885,-0.199690907093,
    0.104070796241));
#3718 = DIRECTION('',(0.65597202071,0.749159152089,9.198517753569E-02));
#3719 = DIRECTION('',(-6.059660960249E-02,-6.920494050974E-02,
    0.995760376353));
#3720 = PCURVE('',#3160,#3721);
#3721 = DEFINITIONAL_REPRESENTATION('',(#3722),#3732);
#3722 = B_SPLINE_CURVE_WITH_KNOTS('',8,(#3723,#3724,#3725,#3726,#3727,
    #3728,#3729,#3730,#3731),.UNSPECIFIED.,.F.,.F.,(9,9),(0.572860752094
    ,1.495705589678),.PIECEWISE_BEZIER_KNOTS.);
#3723 = CARTESIAN_POINT('',(4.512183064274,-0.165778330124));
#3724 = CARTESIAN_POINT('',(4.606798058562,-0.155933679383));
#3725 = CARTESIAN_POINT('',(4.695218878427,-0.143580860767));
#3726 = CARTESIAN_POINT('',(4.776550478016,-0.128520253081));
#3727 = CARTESIAN_POINT('',(4.850474551549,-0.110481028849));
#3728 = CARTESIAN_POINT('',(4.917207873528,-8.911267094907E-02));
#3729 = CARTESIAN_POINT('',(4.977190829119,-6.397137608684E-02));
#3730 = CARTESIAN_POINT('',(5.030974113239,-3.450034230825E-02));
#3731 = CARTESIAN_POINT('',(5.079133340097,2.863776532994E-16));
#3732 = ( GEOMETRIC_REPRESENTATION_CONTEXT(2) 
PARAMETRIC_REPRESENTATION_CONTEXT() REPRESENTATION_CONTEXT('2D SPACE',''
  ) );
#3733 = PCURVE('',#3055,#3734);
#3734 = DEFINITIONAL_REPRESENTATION('',(#3735),#3739);
#3735 = ( BOUNDED_CURVE() B_SPLINE_CURVE(2,(#3736,#3737,#3738),
.UNSPECIFIED.,.F.,.F.) B_SPLINE_CURVE_WITH_KNOTS((3,3),(0.835122811202,
1.495705589678),.PIECEWISE_BEZIER_KNOTS.) CURVE() 
GEOMETRIC_REPRESENTATION_ITEM() RATIONAL_B_SPLINE_CURVE((1.,
1.055043888988,1.)) REPRESENTATION_ITEM('') );
#3736 = CARTESIAN_POINT('',(-1.976366896134,1.592830539905));
#3737 = CARTESIAN_POINT('',(-1.860633633467,1.550557743508));
#3738 = CARTESIAN_POINT('',(-1.662601965332,1.454810904985));
#3739 = ( GEOMETRIC_REPRESENTATION_CONTEXT(2) 
PARAMETRIC_REPRESENTATION_CONTEXT() REPRESENTATION_CONTEXT('2D SPACE',''
  ) );
#3740 = ORIENTED_EDGE('',*,*,#3741,.T.);
#3741 = EDGE_CURVE('',#3712,#3742,#3744,.T.);
#3742 = VERTEX_POINT('',#3743);
#3743 = CARTESIAN_POINT('',(0.592772304636,-0.227697156013,
    0.434774409441));
#3744 = SURFACE_CURVE('',#3745,(#3750,#3757),.PCURVE_S1.);
#3745 = CIRCLE('',#3746,0.635);
#3746 = AXIS2_PLACEMENT_3D('',#3747,#3748,#3749);
#3747 = CARTESIAN_POINT('',(0.,0.,0.434774409441));
#3748 = DIRECTION('',(0.,0.,1.));
#3749 = DIRECTION('',(1.,0.,0.));
#3750 = PCURVE('',#3160,#3751);
#3751 = DEFINITIONAL_REPRESENTATION('',(#3752),#3756);
#3752 = LINE('',#3753,#3754);
#3753 = CARTESIAN_POINT('',(0.,-0.));
#3754 = VECTOR('',#3755,1.);
#3755 = DIRECTION('',(1.,-0.));
#3756 = ( GEOMETRIC_REPRESENTATION_CONTEXT(2) 
PARAMETRIC_REPRESENTATION_CONTEXT() REPRESENTATION_CONTEXT('2D SPACE',''
  ) );
#3757 = PCURVE('',#3084,#3758);
#3758 = DEFINITIONAL_REPRESENTATION('',(#3759),#3763);
#3759 = LINE('',#3760,#3761);
#3760 = CARTESIAN_POINT('',(0.,-2.484921597644));
#3761 = VECTOR('',#3762,1.);
#3762 = DIRECTION('',(1.,-0.));
#3763 = ( GEOMETRIC_REPRESENTATION_CONTEXT(2) 
PARAMETRIC_REPRESENTATION_CONTEXT() REPRESENTATION_CONTEXT('2D SPACE',''
  ) );
#3764 = ORIENTED_EDGE('',*,*,#3765,.T.);
#3765 = EDGE_CURVE('',#3742,#3225,#3766,.T.);
#3766 = SURFACE_CURVE('',#3767,(#3772,#3785),.PCURVE_S1.);
#3767 = HYPERBOLA('',#3768,0.141728948278,0.265102932234);
#3768 = AXIS2_PLACEMENT_3D('',#3769,#3770,#3771);
#3769 = CARTESIAN_POINT('',(0.199690907093,0.174851561885,0.104070796241
    ));
#3770 = DIRECTION('',(-0.749159152089,-0.65597202071,9.198517753569E-02)
  );
#3771 = DIRECTION('',(6.920494050974E-02,6.059660960249E-02,
    0.995760376353));
#3772 = PCURVE('',#3160,#3773);
#3773 = DEFINITIONAL_REPRESENTATION('',(#3774),#3784);
#3774 = B_SPLINE_CURVE_WITH_KNOTS('',8,(#3775,#3776,#3777,#3778,#3779,
    #3780,#3781,#3782,#3783),.UNSPECIFIED.,.F.,.F.,(9,9),(
    -1.495705589678,-0.835122811202),.PIECEWISE_BEZIER_KNOTS.);
#3775 = CARTESIAN_POINT('',(5.916440947467,1.455361844636E-16));
#3776 = CARTESIAN_POINT('',(5.950913867065,-2.469573546084E-02));
#3777 = CARTESIAN_POINT('',(5.988268457356,-4.681452439508E-02));
#3778 = CARTESIAN_POINT('',(6.028715943772,-6.661294933304E-02));
#3779 = CARTESIAN_POINT('',(6.072460617423,-8.431010970349E-02));
#3780 = CARTESIAN_POINT('',(6.119684872876,-0.100093218943));
#3781 = CARTESIAN_POINT('',(6.17052798331,-0.114121842783));
#3782 = CARTESIAN_POINT('',(6.225047332095,-0.126531170113));
#3783 = CARTESIAN_POINT('',(6.28318530718,-0.137434483612));
#3784 = ( GEOMETRIC_REPRESENTATION_CONTEXT(2) 
PARAMETRIC_REPRESENTATION_CONTEXT() REPRESENTATION_CONTEXT('2D SPACE',''
  ) );
#3785 = PCURVE('',#3126,#3786);
#3786 = DEFINITIONAL_REPRESENTATION('',(#3787),#3791);
#3787 = ( BOUNDED_CURVE() B_SPLINE_CURVE(2,(#3788,#3789,#3790),
.UNSPECIFIED.,.F.,.F.) B_SPLINE_CURVE_WITH_KNOTS((3,3),(-1.495705589678,
-0.835122811202),.PIECEWISE_BEZIER_KNOTS.) CURVE() 
GEOMETRIC_REPRESENTATION_ITEM() RATIONAL_B_SPLINE_CURVE((1.,
1.055043888988,1.)) REPRESENTATION_ITEM('') );
#3788 = CARTESIAN_POINT('',(1.662601965332,1.454810904985));
#3789 = CARTESIAN_POINT('',(1.860633633467,1.550557743508));
#3790 = CARTESIAN_POINT('',(1.976366896134,1.592830539905));
#3791 = ( GEOMETRIC_REPRESENTATION_CONTEXT(2) 
PARAMETRIC_REPRESENTATION_CONTEXT() REPRESENTATION_CONTEXT('2D SPACE',''
  ) );
#3792 = ADVANCED_FACE('',(#3793),#3055,.T.);
#3793 = FACE_BOUND('',#3794,.T.);
#3794 = EDGE_LOOP('',(#3795,#3796,#3797,#3825));
#3795 = ORIENTED_EDGE('',*,*,#3200,.F.);
#3796 = ORIENTED_EDGE('',*,*,#3023,.T.);
#3797 = ORIENTED_EDGE('',*,*,#3798,.F.);
#3798 = EDGE_CURVE('',#3712,#3024,#3799,.T.);
#3799 = SURFACE_CURVE('',#3800,(#3805,#3812),.PCURVE_S1.);
#3800 = HYPERBOLA('',#3801,0.371946352015,0.181462181976);
#3801 = AXIS2_PLACEMENT_3D('',#3802,#3803,#3804);
#3802 = CARTESIAN_POINT('',(-0.121647131719,-0.138928276169,
    -0.770216787731));
#3803 = DIRECTION('',(0.65597202071,0.749159152089,9.198517753569E-02));
#3804 = DIRECTION('',(-6.059660960249E-02,-6.920494050974E-02,
    0.995760376353));
#3805 = PCURVE('',#3055,#3806);
#3806 = DEFINITIONAL_REPRESENTATION('',(#3807),#3811);
#3807 = ( BOUNDED_CURVE() B_SPLINE_CURVE(2,(#3808,#3809,#3810),
.UNSPECIFIED.,.F.,.F.) B_SPLINE_CURVE_WITH_KNOTS((3,3),(1.848372210415,
2.989476012915),.PIECEWISE_BEZIER_KNOTS.) CURVE() 
GEOMETRIC_REPRESENTATION_ITEM() RATIONAL_B_SPLINE_CURVE((1.,
1.167228320098,1.)) REPRESENTATION_ITEM('') );
#3808 = CARTESIAN_POINT('',(-1.662601965332,1.454810904985));
#3809 = CARTESIAN_POINT('',(-1.358102671592,0.860886137787));
#3810 = CARTESIAN_POINT('',(-0.425667776949,-1.040690680192));
#3811 = ( GEOMETRIC_REPRESENTATION_CONTEXT(2) 
PARAMETRIC_REPRESENTATION_CONTEXT() REPRESENTATION_CONTEXT('2D SPACE',''
  ) );
#3812 = PCURVE('',#3084,#3813);
#3813 = DEFINITIONAL_REPRESENTATION('',(#3814),#3824);
#3814 = B_SPLINE_CURVE_WITH_KNOTS('',8,(#3815,#3816,#3817,#3818,#3819,
    #3820,#3821,#3822,#3823),.UNSPECIFIED.,.F.,.F.,(9,9),(1.848372210415
    ,2.989476012915),.PIECEWISE_BEZIER_KNOTS.);
#3815 = CARTESIAN_POINT('',(5.079133340097,-2.484921597644));
#3816 = CARTESIAN_POINT('',(5.119894597157,-2.32136426796));
#3817 = CARTESIAN_POINT('',(5.154673493286,-2.129788349019));
#3818 = CARTESIAN_POINT('',(5.18432314752,-1.905123169398));
#3819 = CARTESIAN_POINT('',(5.209647841559,-1.641081601326));
#3820 = CARTESIAN_POINT('',(5.231327822094,-1.329831301187));
#3821 = CARTESIAN_POINT('',(5.249935608978,-0.961529118448));
#3822 = CARTESIAN_POINT('',(5.265947256338,-0.523663675461));
#3823 = CARTESIAN_POINT('',(5.279759571906,8.94934361602E-17));
#3824 = ( GEOMETRIC_REPRESENTATION_CONTEXT(2) 
PARAMETRIC_REPRESENTATION_CONTEXT() REPRESENTATION_CONTEXT('2D SPACE',''
  ) );
#3825 = ORIENTED_EDGE('',*,*,#3711,.F.);
#3826 = ADVANCED_FACE('',(#3827),#2976,.T.);
#3827 = FACE_BOUND('',#3828,.T.);
#3828 = EDGE_LOOP('',(#3829,#3850,#3851,#3852));
#3829 = ORIENTED_EDGE('',*,*,#3830,.F.);
#3830 = EDGE_CURVE('',#2910,#3653,#3831,.T.);
#3831 = SURFACE_CURVE('',#3832,(#3836,#3843),.PCURVE_S1.);
#3832 = LINE('',#3833,#3834);
#3833 = CARTESIAN_POINT('',(-0.205,-0.970096852285,3.669696007085));
#3834 = VECTOR('',#3835,1.);
#3835 = DIRECTION('',(0.,0.121869343405,-0.992546151641));
#3836 = PCURVE('',#2976,#3837);
#3837 = DEFINITIONAL_REPRESENTATION('',(#3838),#3842);
#3838 = LINE('',#3839,#3840);
#3839 = CARTESIAN_POINT('',(-0.187776159379,-1.797998256873));
#3840 = VECTOR('',#3841,1.);
#3841 = DIRECTION('',(4.338992808727E-02,0.999058213589));
#3842 = ( GEOMETRIC_REPRESENTATION_CONTEXT(2) 
PARAMETRIC_REPRESENTATION_CONTEXT() REPRESENTATION_CONTEXT('2D SPACE',''
  ) );
#3843 = PCURVE('',#2941,#3844);
#3844 = DEFINITIONAL_REPRESENTATION('',(#3845),#3849);
#3845 = LINE('',#3846,#3847);
#3846 = CARTESIAN_POINT('',(1.431109962531,-1.793883936131));
#3847 = VECTOR('',#3848,1.);
#3848 = DIRECTION('',(8.028325022222E-02,0.996772090166));
#3849 = ( GEOMETRIC_REPRESENTATION_CONTEXT(2) 
PARAMETRIC_REPRESENTATION_CONTEXT() REPRESENTATION_CONTEXT('2D SPACE',''
  ) );
#3850 = ORIENTED_EDGE('',*,*,#2953,.T.);
#3851 = ORIENTED_EDGE('',*,*,#3178,.T.);
#3852 = ORIENTED_EDGE('',*,*,#3682,.F.);
#3853 = ADVANCED_FACE('',(#3854),#2391,.T.);
#3854 = FACE_BOUND('',#3855,.T.);
#3855 = EDGE_LOOP('',(#3856,#3877,#3878,#3899));
#3856 = ORIENTED_EDGE('',*,*,#3857,.F.);
#3857 = EDGE_CURVE('',#2367,#3225,#3858,.T.);
#3858 = SURFACE_CURVE('',#3859,(#3863,#3870),.PCURVE_S1.);
#3859 = LINE('',#3860,#3861);
#3860 = CARTESIAN_POINT('',(0.970096852285,-0.205,3.669696007085));
#3861 = VECTOR('',#3862,1.);
#3862 = DIRECTION('',(-0.121869343405,0.,-0.992546151641));
#3863 = PCURVE('',#2391,#3864);
#3864 = DEFINITIONAL_REPRESENTATION('',(#3865),#3869);
#3865 = LINE('',#3866,#3867);
#3866 = CARTESIAN_POINT('',(-0.187776159379,-1.797998256873));
#3867 = VECTOR('',#3868,1.);
#3868 = DIRECTION('',(4.338992808727E-02,0.999058213589));
#3869 = ( GEOMETRIC_REPRESENTATION_CONTEXT(2) 
PARAMETRIC_REPRESENTATION_CONTEXT() REPRESENTATION_CONTEXT('2D SPACE',''
  ) );
#3870 = PCURVE('',#3126,#3871);
#3871 = DEFINITIONAL_REPRESENTATION('',(#3872),#3876);
#3872 = LINE('',#3873,#3874);
#3873 = CARTESIAN_POINT('',(1.431109962531,-1.793883936131));
#3874 = VECTOR('',#3875,1.);
#3875 = DIRECTION('',(8.028325022222E-02,0.996772090166));
#3876 = ( GEOMETRIC_REPRESENTATION_CONTEXT(2) 
PARAMETRIC_REPRESENTATION_CONTEXT() REPRESENTATION_CONTEXT('2D SPACE',''
  ) );
#3877 = ORIENTED_EDGE('',*,*,#2366,.T.);
#3878 = ORIENTED_EDGE('',*,*,#3879,.T.);
#3879 = EDGE_CURVE('',#2369,#3227,#3880,.T.);
#3880 = SURFACE_CURVE('',#3881,(#3885,#3892),.PCURVE_S1.);
#3881 = LINE('',#3882,#3883);
#3882 = CARTESIAN_POINT('',(0.891991284286,0.,3.669696007085));
#3883 = VECTOR('',#3884,1.);
#3884 = DIRECTION('',(-0.121869343405,0.,-0.992546151641));
#3885 = PCURVE('',#2391,#3886);
#3886 = DEFINITIONAL_REPRESENTATION('',(#3887),#3891);
#3887 = LINE('',#3888,#3889);
#3888 = CARTESIAN_POINT('',(3.159904376042E-02,-1.797998256873));
#3889 = VECTOR('',#3890,1.);
#3890 = DIRECTION('',(4.338992808727E-02,0.999058213589));
#3891 = ( GEOMETRIC_REPRESENTATION_CONTEXT(2) 
PARAMETRIC_REPRESENTATION_CONTEXT() REPRESENTATION_CONTEXT('2D SPACE',''
  ) );
#3892 = PCURVE('',#2450,#3893);
#3893 = DEFINITIONAL_REPRESENTATION('',(#3894),#3898);
#3894 = LINE('',#3895,#3896);
#3895 = CARTESIAN_POINT('',(-3.159904376042E-02,-1.797998256873));
#3896 = VECTOR('',#3897,1.);
#3897 = DIRECTION('',(-4.338992808727E-02,0.999058213589));
#3898 = ( GEOMETRIC_REPRESENTATION_CONTEXT(2) 
PARAMETRIC_REPRESENTATION_CONTEXT() REPRESENTATION_CONTEXT('2D SPACE',''
  ) );
#3899 = ORIENTED_EDGE('',*,*,#3224,.F.);
#3900 = ADVANCED_FACE('',(#3901),#3126,.T.);
#3901 = FACE_BOUND('',#3902,.T.);
#3902 = EDGE_LOOP('',(#3903,#3904,#3905,#3906));
#3903 = ORIENTED_EDGE('',*,*,#3096,.T.);
#3904 = ORIENTED_EDGE('',*,*,#3857,.T.);
#3905 = ORIENTED_EDGE('',*,*,#3765,.F.);
#3906 = ORIENTED_EDGE('',*,*,#3907,.F.);
#3907 = EDGE_CURVE('',#3068,#3742,#3908,.T.);
#3908 = SURFACE_CURVE('',#3909,(#3914,#3921),.PCURVE_S1.);
#3909 = HYPERBOLA('',#3910,0.371946352015,0.181462181976);
#3910 = AXIS2_PLACEMENT_3D('',#3911,#3912,#3913);
#3911 = CARTESIAN_POINT('',(0.138928276169,0.121647131719,
    -0.770216787731));
#3912 = DIRECTION('',(-0.749159152089,-0.65597202071,9.198517753569E-02)
  );
#3913 = DIRECTION('',(6.920494050974E-02,6.059660960249E-02,
    0.995760376353));
#3914 = PCURVE('',#3126,#3915);
#3915 = DEFINITIONAL_REPRESENTATION('',(#3916),#3920);
#3916 = ( BOUNDED_CURVE() B_SPLINE_CURVE(2,(#3917,#3918,#3919),
.UNSPECIFIED.,.F.,.F.) B_SPLINE_CURVE_WITH_KNOTS((3,3),(-2.989476012915,
-1.848372210415),.PIECEWISE_BEZIER_KNOTS.) CURVE() 
GEOMETRIC_REPRESENTATION_ITEM() RATIONAL_B_SPLINE_CURVE((1.,
1.167228320098,1.)) REPRESENTATION_ITEM('') );
#3917 = CARTESIAN_POINT('',(0.425667776949,-1.040690680192));
#3918 = CARTESIAN_POINT('',(1.358102671592,0.860886137787));
#3919 = CARTESIAN_POINT('',(1.662601965332,1.454810904985));
#3920 = ( GEOMETRIC_REPRESENTATION_CONTEXT(2) 
PARAMETRIC_REPRESENTATION_CONTEXT() REPRESENTATION_CONTEXT('2D SPACE',''
  ) );
#3921 = PCURVE('',#3084,#3922);
#3922 = DEFINITIONAL_REPRESENTATION('',(#3923),#3933);
#3923 = B_SPLINE_CURVE_WITH_KNOTS('',8,(#3924,#3925,#3926,#3927,#3928,
    #3929,#3930,#3931,#3932),.UNSPECIFIED.,.F.,.F.,(9,9),(
    -2.989476012915,-1.848372210415),.PIECEWISE_BEZIER_KNOTS.);
#3924 = CARTESIAN_POINT('',(5.715814715658,1.789868723204E-16));
#3925 = CARTESIAN_POINT('',(5.729627031227,-0.523663675461));
#3926 = CARTESIAN_POINT('',(5.74563867858,-0.961529118451));
#3927 = CARTESIAN_POINT('',(5.764246465464,-1.329831301185));
#3928 = CARTESIAN_POINT('',(5.785926446017,-1.641081601343));
#3929 = CARTESIAN_POINT('',(5.811251140021,-1.905123169395));
#3930 = CARTESIAN_POINT('',(5.840900794273,-2.129788349023));
#3931 = CARTESIAN_POINT('',(5.875679690408,-2.32136426796));
#3932 = CARTESIAN_POINT('',(5.916440947467,-2.484921597644));
#3933 = ( GEOMETRIC_REPRESENTATION_CONTEXT(2) 
PARAMETRIC_REPRESENTATION_CONTEXT() REPRESENTATION_CONTEXT('2D SPACE',''
  ) );
#3934 = ADVANCED_FACE('',(#3935),#3084,.F.);
#3935 = FACE_BOUND('',#3936,.T.);
#3936 = EDGE_LOOP('',(#3937,#3938,#3939,#3940));
#3937 = ORIENTED_EDGE('',*,*,#3741,.F.);
#3938 = ORIENTED_EDGE('',*,*,#3798,.T.);
#3939 = ORIENTED_EDGE('',*,*,#3067,.F.);
#3940 = ORIENTED_EDGE('',*,*,#3907,.T.);
#3941 = ADVANCED_FACE('',(#3942),#2941,.T.);
#3942 = FACE_BOUND('',#3943,.T.);
#3943 = EDGE_LOOP('',(#3944,#3945,#3946,#3947));
#3944 = ORIENTED_EDGE('',*,*,#2909,.T.);
#3945 = ORIENTED_EDGE('',*,*,#3830,.T.);
#3946 = ORIENTED_EDGE('',*,*,#3652,.F.);
#3947 = ORIENTED_EDGE('',*,*,#3948,.F.);
#3948 = EDGE_CURVE('',#2881,#3629,#3949,.T.);
#3949 = SURFACE_CURVE('',#3950,(#3955,#3962),.PCURVE_S1.);
#3950 = HYPERBOLA('',#3951,0.371946352015,0.181462181976);
#3951 = AXIS2_PLACEMENT_3D('',#3952,#3953,#3954);
#3952 = CARTESIAN_POINT('',(0.121647131719,-0.138928276169,
    -0.770216787731));
#3953 = DIRECTION('',(-0.65597202071,0.749159152089,9.198517753569E-02)
  );
#3954 = DIRECTION('',(6.059660960249E-02,-6.920494050974E-02,
    0.995760376353));
#3955 = PCURVE('',#2941,#3956);
#3956 = DEFINITIONAL_REPRESENTATION('',(#3957),#3961);
#3957 = ( BOUNDED_CURVE() B_SPLINE_CURVE(2,(#3958,#3959,#3960),
.UNSPECIFIED.,.F.,.F.) B_SPLINE_CURVE_WITH_KNOTS((3,3),(-2.989476012915,
-1.848372210415),.PIECEWISE_BEZIER_KNOTS.) CURVE() 
GEOMETRIC_REPRESENTATION_ITEM() RATIONAL_B_SPLINE_CURVE((1.,
1.167228320098,1.)) REPRESENTATION_ITEM('') );
#3958 = CARTESIAN_POINT('',(0.425667776949,-1.040690680192));
#3959 = CARTESIAN_POINT('',(1.358102671592,0.860886137787));
#3960 = CARTESIAN_POINT('',(1.662601965332,1.454810904985));
#3961 = ( GEOMETRIC_REPRESENTATION_CONTEXT(2) 
PARAMETRIC_REPRESENTATION_CONTEXT() REPRESENTATION_CONTEXT('2D SPACE',''
  ) );
#3962 = PCURVE('',#2897,#3963);
#3963 = DEFINITIONAL_REPRESENTATION('',(#3964),#3974);
#3964 = B_SPLINE_CURVE_WITH_KNOTS('',8,(#3965,#3966,#3967,#3968,#3969,
    #3970,#3971,#3972,#3973),.UNSPECIFIED.,.F.,.F.,(9,9),(
    -2.989476012915,-1.848372210415),.PIECEWISE_BEZIER_KNOTS.);
#3965 = CARTESIAN_POINT('',(4.145018388864,2.129943780613E-15));
#3966 = CARTESIAN_POINT('',(4.158830704432,-0.523663675461));
#3967 = CARTESIAN_POINT('',(4.174842351782,-0.961529118452));
#3968 = CARTESIAN_POINT('',(4.193450138697,-1.32983130118));
#3969 = CARTESIAN_POINT('',(4.215130119166,-1.641081601348));
#3970 = CARTESIAN_POINT('',(4.240454813262,-1.905123169388));
#3971 = CARTESIAN_POINT('',(4.270104467473,-2.129788349023));
#3972 = CARTESIAN_POINT('',(4.304883363613,-2.32136426796));
#3973 = CARTESIAN_POINT('',(4.345644620672,-2.484921597644));
#3974 = ( GEOMETRIC_REPRESENTATION_CONTEXT(2) 
PARAMETRIC_REPRESENTATION_CONTEXT() REPRESENTATION_CONTEXT('2D SPACE',''
  ) );
#3975 = ADVANCED_FACE('',(#3976),#2897,.F.);
#3976 = FACE_BOUND('',#3977,.T.);
#3977 = EDGE_LOOP('',(#3978,#3979,#4007,#4008));
#3978 = ORIENTED_EDGE('',*,*,#3628,.F.);
#3979 = ORIENTED_EDGE('',*,*,#3980,.T.);
#3980 = EDGE_CURVE('',#3599,#2837,#3981,.T.);
#3981 = SURFACE_CURVE('',#3982,(#3987,#4000),.PCURVE_S1.);
#3982 = HYPERBOLA('',#3983,0.371946352015,0.181462181976);
#3983 = AXIS2_PLACEMENT_3D('',#3984,#3985,#3986);
#3984 = CARTESIAN_POINT('',(-0.138928276169,0.121647131719,
    -0.770216787731));
#3985 = DIRECTION('',(0.749159152089,-0.65597202071,9.198517753569E-02)
  );
#3986 = DIRECTION('',(-6.920494050974E-02,6.059660960249E-02,
    0.995760376353));
#3987 = PCURVE('',#2897,#3988);
#3988 = DEFINITIONAL_REPRESENTATION('',(#3989),#3999);
#3989 = B_SPLINE_CURVE_WITH_KNOTS('',8,(#3990,#3991,#3992,#3993,#3994,
    #3995,#3996,#3997,#3998),.UNSPECIFIED.,.F.,.F.,(9,9),(1.848372210415
    ,2.989476012915),.PIECEWISE_BEZIER_KNOTS.);
#3990 = CARTESIAN_POINT('',(3.508337013302,-2.484921597644));
#3991 = CARTESIAN_POINT('',(3.549098270362,-2.32136426796));
#3992 = CARTESIAN_POINT('',(3.583877166498,-2.129788349022));
#3993 = CARTESIAN_POINT('',(3.613526820707,-1.905123169397));
#3994 = CARTESIAN_POINT('',(3.63885151481,-1.641081601345));
#3995 = CARTESIAN_POINT('',(3.660531495267,-1.329831301187));
#3996 = CARTESIAN_POINT('',(3.67913928219,-0.96152911845));
#3997 = CARTESIAN_POINT('',(3.695150929543,-0.523663675461));
#3998 = CARTESIAN_POINT('',(3.708963245111,2.845891269894E-15));
#3999 = ( GEOMETRIC_REPRESENTATION_CONTEXT(2) 
PARAMETRIC_REPRESENTATION_CONTEXT() REPRESENTATION_CONTEXT('2D SPACE',''
  ) );
#4000 = PCURVE('',#2868,#4001);
#4001 = DEFINITIONAL_REPRESENTATION('',(#4002),#4006);
#4002 = ( BOUNDED_CURVE() B_SPLINE_CURVE(2,(#4003,#4004,#4005),
.UNSPECIFIED.,.F.,.F.) B_SPLINE_CURVE_WITH_KNOTS((3,3),(1.848372210415,
2.989476012915),.PIECEWISE_BEZIER_KNOTS.) CURVE() 
GEOMETRIC_REPRESENTATION_ITEM() RATIONAL_B_SPLINE_CURVE((1.,
1.167228320098,1.)) REPRESENTATION_ITEM('') );
#4003 = CARTESIAN_POINT('',(-1.662601965332,1.454810904985));
#4004 = CARTESIAN_POINT('',(-1.358102671592,0.860886137787));
#4005 = CARTESIAN_POINT('',(-0.425667776949,-1.040690680192));
#4006 = ( GEOMETRIC_REPRESENTATION_CONTEXT(2) 
PARAMETRIC_REPRESENTATION_CONTEXT() REPRESENTATION_CONTEXT('2D SPACE',''
  ) );
#4007 = ORIENTED_EDGE('',*,*,#2880,.F.);
#4008 = ORIENTED_EDGE('',*,*,#3948,.T.);
#4009 = ADVANCED_FACE('',(#4010),#2868,.T.);
#4010 = FACE_BOUND('',#4011,.T.);
#4011 = EDGE_LOOP('',(#4012,#4033,#4034,#4035));
#4012 = ORIENTED_EDGE('',*,*,#4013,.F.);
#4013 = EDGE_CURVE('',#2802,#3569,#4014,.T.);
#4014 = SURFACE_CURVE('',#4015,(#4019,#4026),.PCURVE_S1.);
#4015 = LINE('',#4016,#4017);
#4016 = CARTESIAN_POINT('',(-0.970096852285,-0.205,3.669696007085));
#4017 = VECTOR('',#4018,1.);
#4018 = DIRECTION('',(0.121869343405,-0.,-0.992546151641));
#4019 = PCURVE('',#2868,#4020);
#4020 = DEFINITIONAL_REPRESENTATION('',(#4021),#4025);
#4021 = LINE('',#4022,#4023);
#4022 = CARTESIAN_POINT('',(-1.431109962531,-1.793883936131));
#4023 = VECTOR('',#4024,1.);
#4024 = DIRECTION('',(-8.028325022222E-02,0.996772090166));
#4025 = ( GEOMETRIC_REPRESENTATION_CONTEXT(2) 
PARAMETRIC_REPRESENTATION_CONTEXT() REPRESENTATION_CONTEXT('2D SPACE',''
  ) );
#4026 = PCURVE('',#2824,#4027);
#4027 = DEFINITIONAL_REPRESENTATION('',(#4028),#4032);
#4028 = LINE('',#4029,#4030);
#4029 = CARTESIAN_POINT('',(0.187776159379,-1.797998256873));
#4030 = VECTOR('',#4031,1.);
#4031 = DIRECTION('',(-4.338992808727E-02,0.999058213589));
#4032 = ( GEOMETRIC_REPRESENTATION_CONTEXT(2) 
PARAMETRIC_REPRESENTATION_CONTEXT() REPRESENTATION_CONTEXT('2D SPACE',''
  ) );
#4033 = ORIENTED_EDGE('',*,*,#2836,.T.);
#4034 = ORIENTED_EDGE('',*,*,#3980,.F.);
#4035 = ORIENTED_EDGE('',*,*,#3598,.F.);
#4036 = ADVANCED_FACE('',(#4037),#2824,.T.);
#4037 = FACE_BOUND('',#4038,.T.);
#4038 = EDGE_LOOP('',(#4039,#4040,#4061,#4062));
#4039 = ORIENTED_EDGE('',*,*,#3568,.F.);
#4040 = ORIENTED_EDGE('',*,*,#4041,.F.);
#4041 = EDGE_CURVE('',#2767,#3539,#4042,.T.);
#4042 = SURFACE_CURVE('',#4043,(#4047,#4054),.PCURVE_S1.);
#4043 = LINE('',#4044,#4045);
#4044 = CARTESIAN_POINT('',(-0.891991284286,0.,3.669696007085));
#4045 = VECTOR('',#4046,1.);
#4046 = DIRECTION('',(0.121869343405,-0.,-0.992546151641));
#4047 = PCURVE('',#2824,#4048);
#4048 = DEFINITIONAL_REPRESENTATION('',(#4049),#4053);
#4049 = LINE('',#4050,#4051);
#4050 = CARTESIAN_POINT('',(-3.159904376042E-02,-1.797998256873));
#4051 = VECTOR('',#4052,1.);
#4052 = DIRECTION('',(-4.338992808727E-02,0.999058213589));
#4053 = ( GEOMETRIC_REPRESENTATION_CONTEXT(2) 
PARAMETRIC_REPRESENTATION_CONTEXT() REPRESENTATION_CONTEXT('2D SPACE',''
  ) );
#4054 = PCURVE('',#2789,#4055);
#4055 = DEFINITIONAL_REPRESENTATION('',(#4056),#4060);
#4056 = LINE('',#4057,#4058);
#4057 = CARTESIAN_POINT('',(3.159904376042E-02,-1.797998256873));
#4058 = VECTOR('',#4059,1.);
#4059 = DIRECTION('',(4.338992808727E-02,0.999058213589));
#4060 = ( GEOMETRIC_REPRESENTATION_CONTEXT(2) 
PARAMETRIC_REPRESENTATION_CONTEXT() REPRESENTATION_CONTEXT('2D SPACE',''
  ) );
#4061 = ORIENTED_EDGE('',*,*,#2801,.T.);
#4062 = ORIENTED_EDGE('',*,*,#4013,.T.);
#4063 = ADVANCED_FACE('',(#4064),#2789,.T.);
#4064 = FACE_BOUND('',#4065,.T.);
#4065 = EDGE_LOOP('',(#4066,#4087,#4088,#4089));
#4066 = ORIENTED_EDGE('',*,*,#4067,.F.);
#4067 = EDGE_CURVE('',#2723,#3509,#4068,.T.);
#4068 = SURFACE_CURVE('',#4069,(#4073,#4080),.PCURVE_S1.);
#4069 = LINE('',#4070,#4071);
#4070 = CARTESIAN_POINT('',(-0.970096852285,0.205,3.669696007085));
#4071 = VECTOR('',#4072,1.);
#4072 = DIRECTION('',(0.121869343405,-0.,-0.992546151641));
#4073 = PCURVE('',#2789,#4074);
#4074 = DEFINITIONAL_REPRESENTATION('',(#4075),#4079);
#4075 = LINE('',#4076,#4077);
#4076 = CARTESIAN_POINT('',(-0.187776159379,-1.797998256873));
#4077 = VECTOR('',#4078,1.);
#4078 = DIRECTION('',(4.338992808727E-02,0.999058213589));
#4079 = ( GEOMETRIC_REPRESENTATION_CONTEXT(2) 
PARAMETRIC_REPRESENTATION_CONTEXT() REPRESENTATION_CONTEXT('2D SPACE',''
  ) );
#4080 = PCURVE('',#2754,#4081);
#4081 = DEFINITIONAL_REPRESENTATION('',(#4082),#4086);
#4082 = LINE('',#4083,#4084);
#4083 = CARTESIAN_POINT('',(1.431109962531,-1.793883936131));
#4084 = VECTOR('',#4085,1.);
#4085 = DIRECTION('',(8.028325022222E-02,0.996772090166));
#4086 = ( GEOMETRIC_REPRESENTATION_CONTEXT(2) 
PARAMETRIC_REPRESENTATION_CONTEXT() REPRESENTATION_CONTEXT('2D SPACE',''
  ) );
#4087 = ORIENTED_EDGE('',*,*,#2766,.T.);
#4088 = ORIENTED_EDGE('',*,*,#4041,.T.);
#4089 = ORIENTED_EDGE('',*,*,#3538,.F.);
#4090 = ADVANCED_FACE('',(#4091),#2754,.T.);
#4091 = FACE_BOUND('',#4092,.T.);
#4092 = EDGE_LOOP('',(#4093,#4094,#4095,#4096));
#4093 = ORIENTED_EDGE('',*,*,#2722,.T.);
#4094 = ORIENTED_EDGE('',*,*,#4067,.T.);
#4095 = ORIENTED_EDGE('',*,*,#3508,.F.);
#4096 = ORIENTED_EDGE('',*,*,#4097,.F.);
#4097 = EDGE_CURVE('',#2694,#3485,#4098,.T.);
#4098 = SURFACE_CURVE('',#4099,(#4104,#4111),.PCURVE_S1.);
#4099 = HYPERBOLA('',#4100,0.371946352015,0.181462181976);
#4100 = AXIS2_PLACEMENT_3D('',#4101,#4102,#4103);
#4101 = CARTESIAN_POINT('',(-0.138928276169,-0.121647131719,
    -0.770216787731));
#4102 = DIRECTION('',(0.749159152089,0.65597202071,9.198517753569E-02));
#4103 = DIRECTION('',(-6.920494050974E-02,-6.059660960249E-02,
    0.995760376353));
#4104 = PCURVE('',#2754,#4105);
#4105 = DEFINITIONAL_REPRESENTATION('',(#4106),#4110);
#4106 = ( BOUNDED_CURVE() B_SPLINE_CURVE(2,(#4107,#4108,#4109),
.UNSPECIFIED.,.F.,.F.) B_SPLINE_CURVE_WITH_KNOTS((3,3),(-2.989476012915,
-1.848372210415),.PIECEWISE_BEZIER_KNOTS.) CURVE() 
GEOMETRIC_REPRESENTATION_ITEM() RATIONAL_B_SPLINE_CURVE((1.,
1.167228320098,1.)) REPRESENTATION_ITEM('') );
#4107 = CARTESIAN_POINT('',(0.425667776949,-1.040690680192));
#4108 = CARTESIAN_POINT('',(1.358102671592,0.860886137787));
#4109 = CARTESIAN_POINT('',(1.662601965332,1.454810904985));
#4110 = ( GEOMETRIC_REPRESENTATION_CONTEXT(2) 
PARAMETRIC_REPRESENTATION_CONTEXT() REPRESENTATION_CONTEXT('2D SPACE',''
  ) );
#4111 = PCURVE('',#2710,#4112);
#4112 = DEFINITIONAL_REPRESENTATION('',(#4113),#4123);
#4113 = B_SPLINE_CURVE_WITH_KNOTS('',8,(#4114,#4115,#4116,#4117,#4118,
    #4119,#4120,#4121,#4122),.UNSPECIFIED.,.F.,.F.,(9,9),(
    -2.989476012915,-1.848372210415),.PIECEWISE_BEZIER_KNOTS.);
#4114 = CARTESIAN_POINT('',(2.574222062069,1.780919379588E-15));
#4115 = CARTESIAN_POINT('',(2.588034377637,-0.523663675461));
#4116 = CARTESIAN_POINT('',(2.604046024988,-0.961529118453));
#4117 = CARTESIAN_POINT('',(2.622653811893,-1.329831301174));
#4118 = CARTESIAN_POINT('',(2.644333792379,-1.641081601356));
#4119 = CARTESIAN_POINT('',(2.669658486453,-1.905123169383));
#4120 = CARTESIAN_POINT('',(2.69930814068,-2.129788349025));
#4121 = CARTESIAN_POINT('',(2.734087036818,-2.32136426796));
#4122 = CARTESIAN_POINT('',(2.774848293877,-2.484921597644));
#4123 = ( GEOMETRIC_REPRESENTATION_CONTEXT(2) 
PARAMETRIC_REPRESENTATION_CONTEXT() REPRESENTATION_CONTEXT('2D SPACE',''
  ) );
#4124 = ADVANCED_FACE('',(#4125),#2710,.F.);
#4125 = FACE_BOUND('',#4126,.T.);
#4126 = EDGE_LOOP('',(#4127,#4128,#4156,#4157));
#4127 = ORIENTED_EDGE('',*,*,#3484,.F.);
#4128 = ORIENTED_EDGE('',*,*,#4129,.T.);
#4129 = EDGE_CURVE('',#3455,#2650,#4130,.T.);
#4130 = SURFACE_CURVE('',#4131,(#4136,#4149),.PCURVE_S1.);
#4131 = HYPERBOLA('',#4132,0.371946352015,0.181462181976);
#4132 = AXIS2_PLACEMENT_3D('',#4133,#4134,#4135);
#4133 = CARTESIAN_POINT('',(0.121647131719,0.138928276169,
    -0.770216787731));
#4134 = DIRECTION('',(-0.65597202071,-0.749159152089,9.198517753569E-02)
  );
#4135 = DIRECTION('',(6.059660960249E-02,6.920494050974E-02,
    0.995760376353));
#4136 = PCURVE('',#2710,#4137);
#4137 = DEFINITIONAL_REPRESENTATION('',(#4138),#4148);
#4138 = B_SPLINE_CURVE_WITH_KNOTS('',8,(#4139,#4140,#4141,#4142,#4143,
    #4144,#4145,#4146,#4147),.UNSPECIFIED.,.F.,.F.,(9,9),(1.848372210415
    ,2.989476012915),.PIECEWISE_BEZIER_KNOTS.);
#4139 = CARTESIAN_POINT('',(1.937540686507,-2.484921597644));
#4140 = CARTESIAN_POINT('',(1.978301943567,-2.32136426796));
#4141 = CARTESIAN_POINT('',(2.013080839706,-2.129788349022));
#4142 = CARTESIAN_POINT('',(2.042730493908,-1.905123169399));
#4143 = CARTESIAN_POINT('',(2.06805518801,-1.641081601342));
#4144 = CARTESIAN_POINT('',(2.089735168477,-1.329831301188));
#4145 = CARTESIAN_POINT('',(2.108342955398,-0.96152911845));
#4146 = CARTESIAN_POINT('',(2.124354602748,-0.523663675461));
#4147 = CARTESIAN_POINT('',(2.138166918316,1.601932507268E-15));
#4148 = ( GEOMETRIC_REPRESENTATION_CONTEXT(2) 
PARAMETRIC_REPRESENTATION_CONTEXT() REPRESENTATION_CONTEXT('2D SPACE',''
  ) );
#4149 = PCURVE('',#2681,#4150);
#4150 = DEFINITIONAL_REPRESENTATION('',(#4151),#4155);
#4151 = ( BOUNDED_CURVE() B_SPLINE_CURVE(2,(#4152,#4153,#4154),
.UNSPECIFIED.,.F.,.F.) B_SPLINE_CURVE_WITH_KNOTS((3,3),(1.848372210415,
2.989476012915),.PIECEWISE_BEZIER_KNOTS.) CURVE() 
GEOMETRIC_REPRESENTATION_ITEM() RATIONAL_B_SPLINE_CURVE((1.,
1.167228320098,1.)) REPRESENTATION_ITEM('') );
#4152 = CARTESIAN_POINT('',(-1.662601965332,1.454810904985));
#4153 = CARTESIAN_POINT('',(-1.358102671592,0.860886137787));
#4154 = CARTESIAN_POINT('',(-0.425667776949,-1.040690680192));
#4155 = ( GEOMETRIC_REPRESENTATION_CONTEXT(2) 
PARAMETRIC_REPRESENTATION_CONTEXT() REPRESENTATION_CONTEXT('2D SPACE',''
  ) );
#4156 = ORIENTED_EDGE('',*,*,#2693,.F.);
#4157 = ORIENTED_EDGE('',*,*,#4097,.T.);
#4158 = ADVANCED_FACE('',(#4159),#2681,.T.);
#4159 = FACE_BOUND('',#4160,.T.);
#4160 = EDGE_LOOP('',(#4161,#4182,#4183,#4184));
#4161 = ORIENTED_EDGE('',*,*,#4162,.F.);
#4162 = EDGE_CURVE('',#2615,#3425,#4163,.T.);
#4163 = SURFACE_CURVE('',#4164,(#4168,#4175),.PCURVE_S1.);
#4164 = LINE('',#4165,#4166);
#4165 = CARTESIAN_POINT('',(-0.205,0.970096852285,3.669696007085));
#4166 = VECTOR('',#4167,1.);
#4167 = DIRECTION('',(-0.,-0.121869343405,-0.992546151641));
#4168 = PCURVE('',#2681,#4169);
#4169 = DEFINITIONAL_REPRESENTATION('',(#4170),#4174);
#4170 = LINE('',#4171,#4172);
#4171 = CARTESIAN_POINT('',(-1.431109962531,-1.793883936131));
#4172 = VECTOR('',#4173,1.);
#4173 = DIRECTION('',(-8.028325022222E-02,0.996772090166));
#4174 = ( GEOMETRIC_REPRESENTATION_CONTEXT(2) 
PARAMETRIC_REPRESENTATION_CONTEXT() REPRESENTATION_CONTEXT('2D SPACE',''
  ) );
#4175 = PCURVE('',#2637,#4176);
#4176 = DEFINITIONAL_REPRESENTATION('',(#4177),#4181);
#4177 = LINE('',#4178,#4179);
#4178 = CARTESIAN_POINT('',(0.187776159379,-1.797998256873));
#4179 = VECTOR('',#4180,1.);
#4180 = DIRECTION('',(-4.338992808727E-02,0.999058213589));
#4181 = ( GEOMETRIC_REPRESENTATION_CONTEXT(2) 
PARAMETRIC_REPRESENTATION_CONTEXT() REPRESENTATION_CONTEXT('2D SPACE',''
  ) );
#4182 = ORIENTED_EDGE('',*,*,#2649,.T.);
#4183 = ORIENTED_EDGE('',*,*,#4129,.F.);
#4184 = ORIENTED_EDGE('',*,*,#3454,.F.);
#4185 = ADVANCED_FACE('',(#4186),#2637,.T.);
#4186 = FACE_BOUND('',#4187,.T.);
#4187 = EDGE_LOOP('',(#4188,#4189,#4210,#4211));
#4188 = ORIENTED_EDGE('',*,*,#3424,.F.);
#4189 = ORIENTED_EDGE('',*,*,#4190,.F.);
#4190 = EDGE_CURVE('',#2580,#3395,#4191,.T.);
#4191 = SURFACE_CURVE('',#4192,(#4196,#4203),.PCURVE_S1.);
#4192 = LINE('',#4193,#4194);
#4193 = CARTESIAN_POINT('',(0.,0.891991284286,3.669696007085));
#4194 = VECTOR('',#4195,1.);
#4195 = DIRECTION('',(-0.,-0.121869343405,-0.992546151641));
#4196 = PCURVE('',#2637,#4197);
#4197 = DEFINITIONAL_REPRESENTATION('',(#4198),#4202);
#4198 = LINE('',#4199,#4200);
#4199 = CARTESIAN_POINT('',(-3.159904376042E-02,-1.797998256873));
#4200 = VECTOR('',#4201,1.);
#4201 = DIRECTION('',(-4.338992808727E-02,0.999058213589));
#4202 = ( GEOMETRIC_REPRESENTATION_CONTEXT(2) 
PARAMETRIC_REPRESENTATION_CONTEXT() REPRESENTATION_CONTEXT('2D SPACE',''
  ) );
#4203 = PCURVE('',#2602,#4204);
#4204 = DEFINITIONAL_REPRESENTATION('',(#4205),#4209);
#4205 = LINE('',#4206,#4207);
#4206 = CARTESIAN_POINT('',(3.159904376042E-02,-1.797998256873));
#4207 = VECTOR('',#4208,1.);
#4208 = DIRECTION('',(4.338992808727E-02,0.999058213589));
#4209 = ( GEOMETRIC_REPRESENTATION_CONTEXT(2) 
PARAMETRIC_REPRESENTATION_CONTEXT() REPRESENTATION_CONTEXT('2D SPACE',''
  ) );
#4210 = ORIENTED_EDGE('',*,*,#2614,.T.);
#4211 = ORIENTED_EDGE('',*,*,#4162,.T.);
#4212 = ADVANCED_FACE('',(#4213),#2602,.T.);
#4213 = FACE_BOUND('',#4214,.T.);
#4214 = EDGE_LOOP('',(#4215,#4236,#4237,#4238));
#4215 = ORIENTED_EDGE('',*,*,#4216,.F.);
#4216 = EDGE_CURVE('',#2536,#3365,#4217,.T.);
#4217 = SURFACE_CURVE('',#4218,(#4222,#4229),.PCURVE_S1.);
#4218 = LINE('',#4219,#4220);
#4219 = CARTESIAN_POINT('',(0.205,0.970096852285,3.669696007085));
#4220 = VECTOR('',#4221,1.);
#4221 = DIRECTION('',(-0.,-0.121869343405,-0.992546151641));
#4222 = PCURVE('',#2602,#4223);
#4223 = DEFINITIONAL_REPRESENTATION('',(#4224),#4228);
#4224 = LINE('',#4225,#4226);
#4225 = CARTESIAN_POINT('',(-0.187776159379,-1.797998256873));
#4226 = VECTOR('',#4227,1.);
#4227 = DIRECTION('',(4.338992808727E-02,0.999058213589));
#4228 = ( GEOMETRIC_REPRESENTATION_CONTEXT(2) 
PARAMETRIC_REPRESENTATION_CONTEXT() REPRESENTATION_CONTEXT('2D SPACE',''
  ) );
#4229 = PCURVE('',#2567,#4230);
#4230 = DEFINITIONAL_REPRESENTATION('',(#4231),#4235);
#4231 = LINE('',#4232,#4233);
#4232 = CARTESIAN_POINT('',(1.431109962531,-1.793883936131));
#4233 = VECTOR('',#4234,1.);
#4234 = DIRECTION('',(8.028325022222E-02,0.996772090166));
#4235 = ( GEOMETRIC_REPRESENTATION_CONTEXT(2) 
PARAMETRIC_REPRESENTATION_CONTEXT() REPRESENTATION_CONTEXT('2D SPACE',''
  ) );
#4236 = ORIENTED_EDGE('',*,*,#2579,.T.);
#4237 = ORIENTED_EDGE('',*,*,#4190,.T.);
#4238 = ORIENTED_EDGE('',*,*,#3394,.F.);
#4239 = ADVANCED_FACE('',(#4240),#2567,.T.);
#4240 = FACE_BOUND('',#4241,.T.);
#4241 = EDGE_LOOP('',(#4242,#4243,#4244,#4245));
#4242 = ORIENTED_EDGE('',*,*,#2535,.T.);
#4243 = ORIENTED_EDGE('',*,*,#4216,.T.);
#4244 = ORIENTED_EDGE('',*,*,#3364,.F.);
#4245 = ORIENTED_EDGE('',*,*,#4246,.F.);
#4246 = EDGE_CURVE('',#2507,#3341,#4247,.T.);
#4247 = SURFACE_CURVE('',#4248,(#4253,#4260),.PCURVE_S1.);
#4248 = HYPERBOLA('',#4249,0.371946352015,0.181462181976);
#4249 = AXIS2_PLACEMENT_3D('',#4250,#4251,#4252);
#4250 = CARTESIAN_POINT('',(-0.121647131719,0.138928276169,
    -0.770216787731));
#4251 = DIRECTION('',(0.65597202071,-0.749159152089,9.198517753569E-02)
  );
#4252 = DIRECTION('',(-6.059660960249E-02,6.920494050974E-02,
    0.995760376353));
#4253 = PCURVE('',#2567,#4254);
#4254 = DEFINITIONAL_REPRESENTATION('',(#4255),#4259);
#4255 = ( BOUNDED_CURVE() B_SPLINE_CURVE(2,(#4256,#4257,#4258),
.UNSPECIFIED.,.F.,.F.) B_SPLINE_CURVE_WITH_KNOTS((3,3),(-2.989476012915,
-1.848372210415),.PIECEWISE_BEZIER_KNOTS.) CURVE() 
GEOMETRIC_REPRESENTATION_ITEM() RATIONAL_B_SPLINE_CURVE((1.,
1.167228320098,1.)) REPRESENTATION_ITEM('') );
#4256 = CARTESIAN_POINT('',(0.425667776949,-1.040690680192));
#4257 = CARTESIAN_POINT('',(1.358102671592,0.860886137787));
#4258 = CARTESIAN_POINT('',(1.662601965332,1.454810904985));
#4259 = ( GEOMETRIC_REPRESENTATION_CONTEXT(2) 
PARAMETRIC_REPRESENTATION_CONTEXT() REPRESENTATION_CONTEXT('2D SPACE',''
  ) );
#4260 = PCURVE('',#2523,#4261);
#4261 = DEFINITIONAL_REPRESENTATION('',(#4262),#4272);
#4262 = B_SPLINE_CURVE_WITH_KNOTS('',8,(#4263,#4264,#4265,#4266,#4267,
    #4268,#4269,#4270,#4271),.UNSPECIFIED.,.F.,.F.,(9,9),(
    -2.989476012915,-1.848372210415),.PIECEWISE_BEZIER_KNOTS.);
#4263 = CARTESIAN_POINT('',(1.003425735274,1.780919379588E-15));
#4264 = CARTESIAN_POINT('',(1.017238050842,-0.523663675461));
#4265 = CARTESIAN_POINT('',(1.033249698194,-0.961529118453));
#4266 = CARTESIAN_POINT('',(1.051857485103,-1.329831301171));
#4267 = CARTESIAN_POINT('',(1.073537465588,-1.641081601356));
#4268 = CARTESIAN_POINT('',(1.098862159667,-1.905123169383));
#4269 = CARTESIAN_POINT('',(1.128511813886,-2.129788349026));
#4270 = CARTESIAN_POINT('',(1.163290710023,-2.32136426796));
#4271 = CARTESIAN_POINT('',(1.204051967083,-2.484921597644));
#4272 = ( GEOMETRIC_REPRESENTATION_CONTEXT(2) 
PARAMETRIC_REPRESENTATION_CONTEXT() REPRESENTATION_CONTEXT('2D SPACE',''
  ) );
#4273 = ADVANCED_FACE('',(#4274),#2523,.F.);
#4274 = FACE_BOUND('',#4275,.T.);
#4275 = EDGE_LOOP('',(#4276,#4277,#4305,#4306));
#4276 = ORIENTED_EDGE('',*,*,#3340,.F.);
#4277 = ORIENTED_EDGE('',*,*,#4278,.T.);
#4278 = EDGE_CURVE('',#3311,#2463,#4279,.T.);
#4279 = SURFACE_CURVE('',#4280,(#4285,#4298),.PCURVE_S1.);
#4280 = HYPERBOLA('',#4281,0.371946352015,0.181462181976);
#4281 = AXIS2_PLACEMENT_3D('',#4282,#4283,#4284);
#4282 = CARTESIAN_POINT('',(0.138928276169,-0.121647131719,
    -0.770216787731));
#4283 = DIRECTION('',(-0.749159152089,0.65597202071,9.198517753569E-02)
  );
#4284 = DIRECTION('',(6.920494050974E-02,-6.059660960249E-02,
    0.995760376353));
#4285 = PCURVE('',#2523,#4286);
#4286 = DEFINITIONAL_REPRESENTATION('',(#4287),#4297);
#4287 = B_SPLINE_CURVE_WITH_KNOTS('',8,(#4288,#4289,#4290,#4291,#4292,
    #4293,#4294,#4295,#4296),.UNSPECIFIED.,.F.,.F.,(9,9),(1.848372210415
    ,2.989476012915),.PIECEWISE_BEZIER_KNOTS.);
#4288 = CARTESIAN_POINT('',(0.366744359712,-2.484921597644));
#4289 = CARTESIAN_POINT('',(0.407505616772,-2.32136426796));
#4290 = CARTESIAN_POINT('',(0.44228451291,-2.129788349023));
#4291 = CARTESIAN_POINT('',(0.471934167125,-1.90512316939));
#4292 = CARTESIAN_POINT('',(0.497258861208,-1.641081601341));
#4293 = CARTESIAN_POINT('',(0.518938841688,-1.329831301179));
#4294 = CARTESIAN_POINT('',(0.537546628601,-0.961529118452));
#4295 = CARTESIAN_POINT('',(0.553558275953,-0.523663675461));
#4296 = CARTESIAN_POINT('',(0.567370591521,3.579737446408E-16));
#4297 = ( GEOMETRIC_REPRESENTATION_CONTEXT(2) 
PARAMETRIC_REPRESENTATION_CONTEXT() REPRESENTATION_CONTEXT('2D SPACE',''
  ) );
#4298 = PCURVE('',#2494,#4299);
#4299 = DEFINITIONAL_REPRESENTATION('',(#4300),#4304);
#4300 = ( BOUNDED_CURVE() B_SPLINE_CURVE(2,(#4301,#4302,#4303),
.UNSPECIFIED.,.F.,.F.) B_SPLINE_CURVE_WITH_KNOTS((3,3),(1.848372210415,
2.989476012915),.PIECEWISE_BEZIER_KNOTS.) CURVE() 
GEOMETRIC_REPRESENTATION_ITEM() RATIONAL_B_SPLINE_CURVE((1.,
1.167228320098,1.)) REPRESENTATION_ITEM('') );
#4301 = CARTESIAN_POINT('',(-1.662601965332,1.454810904985));
#4302 = CARTESIAN_POINT('',(-1.358102671592,0.860886137787));
#4303 = CARTESIAN_POINT('',(-0.425667776949,-1.040690680192));
#4304 = ( GEOMETRIC_REPRESENTATION_CONTEXT(2) 
PARAMETRIC_REPRESENTATION_CONTEXT() REPRESENTATION_CONTEXT('2D SPACE',''
  ) );
#4305 = ORIENTED_EDGE('',*,*,#2506,.F.);
#4306 = ORIENTED_EDGE('',*,*,#4246,.T.);
#4307 = ADVANCED_FACE('',(#4308),#2494,.T.);
#4308 = FACE_BOUND('',#4309,.T.);
#4309 = EDGE_LOOP('',(#4310,#4331,#4332,#4333));
#4310 = ORIENTED_EDGE('',*,*,#4311,.F.);
#4311 = EDGE_CURVE('',#2428,#3281,#4312,.T.);
#4312 = SURFACE_CURVE('',#4313,(#4317,#4324),.PCURVE_S1.);
#4313 = LINE('',#4314,#4315);
#4314 = CARTESIAN_POINT('',(0.970096852285,0.205,3.669696007085));
#4315 = VECTOR('',#4316,1.);
#4316 = DIRECTION('',(-0.121869343405,0.,-0.992546151641));
#4317 = PCURVE('',#2494,#4318);
#4318 = DEFINITIONAL_REPRESENTATION('',(#4319),#4323);
#4319 = LINE('',#4320,#4321);
#4320 = CARTESIAN_POINT('',(-1.431109962531,-1.793883936131));
#4321 = VECTOR('',#4322,1.);
#4322 = DIRECTION('',(-8.028325022222E-02,0.996772090166));
#4323 = ( GEOMETRIC_REPRESENTATION_CONTEXT(2) 
PARAMETRIC_REPRESENTATION_CONTEXT() REPRESENTATION_CONTEXT('2D SPACE',''
  ) );
#4324 = PCURVE('',#2450,#4325);
#4325 = DEFINITIONAL_REPRESENTATION('',(#4326),#4330);
#4326 = LINE('',#4327,#4328);
#4327 = CARTESIAN_POINT('',(0.187776159379,-1.797998256873));
#4328 = VECTOR('',#4329,1.);
#4329 = DIRECTION('',(-4.338992808727E-02,0.999058213589));
#4330 = ( GEOMETRIC_REPRESENTATION_CONTEXT(2) 
PARAMETRIC_REPRESENTATION_CONTEXT() REPRESENTATION_CONTEXT('2D SPACE',''
  ) );
#4331 = ORIENTED_EDGE('',*,*,#2462,.T.);
#4332 = ORIENTED_EDGE('',*,*,#4278,.F.);
#4333 = ORIENTED_EDGE('',*,*,#3310,.F.);
#4334 = ADVANCED_FACE('',(#4335),#2450,.T.);
#4335 = FACE_BOUND('',#4336,.T.);
#4336 = EDGE_LOOP('',(#4337,#4338,#4339,#4340));
#4337 = ORIENTED_EDGE('',*,*,#3280,.F.);
#4338 = ORIENTED_EDGE('',*,*,#3879,.F.);
#4339 = ORIENTED_EDGE('',*,*,#2427,.T.);
#4340 = ORIENTED_EDGE('',*,*,#4311,.T.);
#4341 = ( GEOMETRIC_REPRESENTATION_CONTEXT(3) 
GLOBAL_UNCERTAINTY_ASSIGNED_CONTEXT((#4345)) 
GLOBAL_UNIT_ASSIGNED_CONTEXT((#4342,#4343,#4344)) REPRESENTATION_CONTEXT
('Context #1','3D Context with UNIT and UNCERTAINTY') );
#4342 = ( LENGTH_UNIT() NAMED_UNIT(*) SI_UNIT(.MILLI.,.METRE.) );
#4343 = ( NAMED_UNIT(*) PLANE_ANGLE_UNIT() SI_UNIT($,.RADIAN.) );
#4344 = ( NAMED_UNIT(*) SI_UNIT($,.STERADIAN.) SOLID_ANGLE_UNIT() );
#4345 = UNCERTAINTY_MEASURE_WITH_UNIT(LENGTH_MEASURE(1.E-07),#4342,
  'distance_accuracy_value','confusion accuracy');
#4346 = SHAPE_DEFINITION_REPRESENTATION(#4347,#2117);
#4347 = PRODUCT_DEFINITION_SHAPE('','',#4348);
#4348 = PRODUCT_DEFINITION('design','',#4349,#4352);
#4349 = PRODUCT_DEFINITION_FORMATION('','',#4350);
#4350 = PRODUCT('Bolt','Bolt','',(#4351));
#4351 = PRODUCT_CONTEXT('',#2,'mechanical');
#4352 = PRODUCT_DEFINITION_CONTEXT('part definition',#2,'design');
#4353 = CONTEXT_DEPENDENT_SHAPE_REPRESENTATION(#4354,#4356);
#4354 = ( REPRESENTATION_RELATIONSHIP('','',#2117,#2103) 
REPRESENTATION_RELATIONSHIP_WITH_TRANSFORMATION(#4355) 
SHAPE_REPRESENTATION_RELATIONSHIP() );
#4355 = ITEM_DEFINED_TRANSFORMATION('','',#11,#2104);
#4356 = PRODUCT_DEFINITION_SHAPE('Placement','Placement of an item',
  #4357);
#4357 = NEXT_ASSEMBLY_USAGE_OCCURRENCE('16','0','',#2098,#4348,$);
#4358 = PRODUCT_RELATED_PRODUCT_CATEGORY('part',$,(#4350));
#4359 = CONTEXT_DEPENDENT_SHAPE_REPRESENTATION(#4360,#4362);
#4360 = ( REPRESENTATION_RELATIONSHIP('','',#2117,#2103) 
REPRESENTATION_RELATIONSHIP_WITH_TRANSFORMATION(#4361) 
SHAPE_REPRESENTATION_RELATIONSHIP() );
#4361 = ITEM_DEFINED_TRANSFORMATION('','',#11,#2108);
#4362 = PRODUCT_DEFINITION_SHAPE('Placement','Placement of an item',
  #4363);
#4363 = NEXT_ASSEMBLY_USAGE_OCCURRENCE('17','1','',#2098,#4348,$);
#4364 = CONTEXT_DEPENDENT_SHAPE_REPRESENTATION(#4365,#4367);
#4365 = ( REPRESENTATION_RELATIONSHIP('','',#2103,#10) 
REPRESENTATION_RELATIONSHIP_WITH_TRANSFORMATION(#4366) 
SHAPE_REPRESENTATION_RELATIONSHIP() );
#4366 = ITEM_DEFINED_TRANSFORMATION('','',#11,#19);
#4367 = PRODUCT_DEFINITION_SHAPE('Placement','Placement of an item',
  #4368);
#4368 = NEXT_ASSEMBLY_USAGE_OCCURRENCE('18','BoltArray','',#5,#2098,$);
#4369 = PRODUCT_RELATED_PRODUCT_CATEGORY('part',$,(#2100));
#4370 = SHAPE_DEFINITION_REPRESENTATION(#4371,#4377);
#4371 = PRODUCT_DEFINITION_SHAPE('','',#4372);
#4372 = PRODUCT_DEFINITION('design','',#4373,#4376);
#4373 = PRODUCT_DEFINITION_FORMATION('','',#4374);
#4374 = PRODUCT('WasherArray','WasherArray','',(#4375));
#4375 = PRODUCT_CONTEXT('',#2,'mechanical');
#4376 = PRODUCT_DEFINITION_CONTEXT('part definition',#2,'design');
#4377 = SHAPE_REPRESENTATION('',(#11,#4378,#4382),#4386);
#4378 = AXIS2_PLACEMENT_3D('',#4379,#4380,#4381);
#4379 = CARTESIAN_POINT('',(0.,0.,7.3));
#4380 = DIRECTION('',(0.,0.,1.));
#4381 = DIRECTION('',(1.,0.,0.));
#4382 = AXIS2_PLACEMENT_3D('',#4383,#4384,#4385);
#4383 = CARTESIAN_POINT('',(8.5,0.,7.3));
#4384 = DIRECTION('',(0.,0.,1.));
#4385 = DIRECTION('',(1.,0.,0.));
#4386 = ( GEOMETRIC_REPRESENTATION_CONTEXT(3) 
GLOBAL_UNCERTAINTY_ASSIGNED_CONTEXT((#4390)) 
GLOBAL_UNIT_ASSIGNED_CONTEXT((#4387,#4388,#4389)) REPRESENTATION_CONTEXT
('Context #1','3D Context with UNIT and UNCERTAINTY') );
#4387 = ( LENGTH_UNIT() NAMED_UNIT(*) SI_UNIT(.MILLI.,.METRE.) );
#4388 = ( NAMED_UNIT(*) PLANE_ANGLE_UNIT() SI_UNIT($,.RADIAN.) );
#4389 = ( NAMED_UNIT(*) SI_UNIT($,.STERADIAN.) SOLID_ANGLE_UNIT() );
#4390 = UNCERTAINTY_MEASURE_WITH_UNIT(LENGTH_MEASURE(1.E-07),#4387,
  'distance_accuracy_value','confusion accuracy');
#4391 = ADVANCED_BREP_SHAPE_REPRESENTATION('',(#11,#4392),#5126);
#4392 = MANIFOLD_SOLID_BREP('',#4393);
#4393 = CLOSED_SHELL('',(#4394,#4514,#4592,#4668,#4746,#4822,#4900,#4971
    ,#5020,#5098,#5112));
#4394 = ADVANCED_FACE('',(#4395),#4409,.T.);
#4395 = FACE_BOUND('',#4396,.T.);
#4396 = EDGE_LOOP('',(#4397,#4432,#4460,#4488));
#4397 = ORIENTED_EDGE('',*,*,#4398,.T.);
#4398 = EDGE_CURVE('',#4399,#4401,#4403,.T.);
#4399 = VERTEX_POINT('',#4400);
#4400 = CARTESIAN_POINT('',(-3.,-2.5,0.));
#4401 = VERTEX_POINT('',#4402);
#4402 = CARTESIAN_POINT('',(-3.,-2.5,1.));
#4403 = SURFACE_CURVE('',#4404,(#4408,#4420),.PCURVE_S1.);
#4404 = LINE('',#4405,#4406);
#4405 = CARTESIAN_POINT('',(-3.,-2.5,0.));
#4406 = VECTOR('',#4407,1.);
#4407 = DIRECTION('',(0.,0.,1.));
#4408 = PCURVE('',#4409,#4414);
#4409 = PLANE('',#4410);
#4410 = AXIS2_PLACEMENT_3D('',#4411,#4412,#4413);
#4411 = CARTESIAN_POINT('',(-3.,-2.5,0.));
#4412 = DIRECTION('',(-1.,0.,0.));
#4413 = DIRECTION('',(0.,1.,0.));
#4414 = DEFINITIONAL_REPRESENTATION('',(#4415),#4419);
#4415 = LINE('',#4416,#4417);
#4416 = CARTESIAN_POINT('',(0.,0.));
#4417 = VECTOR('',#4418,1.);
#4418 = DIRECTION('',(0.,-1.));
#4419 = ( GEOMETRIC_REPRESENTATION_CONTEXT(2) 
PARAMETRIC_REPRESENTATION_CONTEXT() REPRESENTATION_CONTEXT('2D SPACE',''
  ) );
#4420 = PCURVE('',#4421,#4426);
#4421 = CYLINDRICAL_SURFACE('',#4422,0.5);
#4422 = AXIS2_PLACEMENT_3D('',#4423,#4424,#4425);
#4423 = CARTESIAN_POINT('',(-2.5,-2.5,0.));
#4424 = DIRECTION('',(-0.,-0.,-1.));
#4425 = DIRECTION('',(1.,0.,0.));
#4426 = DEFINITIONAL_REPRESENTATION('',(#4427),#4431);
#4427 = LINE('',#4428,#4429);
#4428 = CARTESIAN_POINT('',(-3.14159265359,0.));
#4429 = VECTOR('',#4430,1.);
#4430 = DIRECTION('',(-0.,-1.));
#4431 = ( GEOMETRIC_REPRESENTATION_CONTEXT(2) 
PARAMETRIC_REPRESENTATION_CONTEXT() REPRESENTATION_CONTEXT('2D SPACE',''
  ) );
#4432 = ORIENTED_EDGE('',*,*,#4433,.T.);
#4433 = EDGE_CURVE('',#4401,#4434,#4436,.T.);
#4434 = VERTEX_POINT('',#4435);
#4435 = CARTESIAN_POINT('',(-3.,2.5,1.));
#4436 = SURFACE_CURVE('',#4437,(#4441,#4448),.PCURVE_S1.);
#4437 = LINE('',#4438,#4439);
#4438 = CARTESIAN_POINT('',(-3.,-2.5,1.));
#4439 = VECTOR('',#4440,1.);
#4440 = DIRECTION('',(0.,1.,0.));
#4441 = PCURVE('',#4409,#4442);
#4442 = DEFINITIONAL_REPRESENTATION('',(#4443),#4447);
#4443 = LINE('',#4444,#4445);
#4444 = CARTESIAN_POINT('',(0.,-1.));
#4445 = VECTOR('',#4446,1.);
#4446 = DIRECTION('',(1.,0.));
#4447 = ( GEOMETRIC_REPRESENTATION_CONTEXT(2) 
PARAMETRIC_REPRESENTATION_CONTEXT() REPRESENTATION_CONTEXT('2D SPACE',''
  ) );
#4448 = PCURVE('',#4449,#4454);
#4449 = PLANE('',#4450);
#4450 = AXIS2_PLACEMENT_3D('',#4451,#4452,#4453);
#4451 = CARTESIAN_POINT('',(-4.9E-16,7.5E-16,1.));
#4452 = DIRECTION('',(0.,0.,1.));
#4453 = DIRECTION('',(1.,0.,0.));
#4454 = DEFINITIONAL_REPRESENTATION('',(#4455),#4459);
#4455 = LINE('',#4456,#4457);
#4456 = CARTESIAN_POINT('',(-3.,-2.5));
#4457 = VECTOR('',#4458,1.);
#4458 = DIRECTION('',(0.,1.));
#4459 = ( GEOMETRIC_REPRESENTATION_CONTEXT(2) 
PARAMETRIC_REPRESENTATION_CONTEXT() REPRESENTATION_CONTEXT('2D SPACE',''
  ) );
#4460 = ORIENTED_EDGE('',*,*,#4461,.F.);
#4461 = EDGE_CURVE('',#4462,#4434,#4464,.T.);
#4462 = VERTEX_POINT('',#4463);
#4463 = CARTESIAN_POINT('',(-3.,2.5,0.));
#4464 = SURFACE_CURVE('',#4465,(#4469,#4476),.PCURVE_S1.);
#4465 = LINE('',#4466,#4467);
#4466 = CARTESIAN_POINT('',(-3.,2.5,0.));
#4467 = VECTOR('',#4468,1.);
#4468 = DIRECTION('',(0.,0.,1.));
#4469 = PCURVE('',#4409,#4470);
#4470 = DEFINITIONAL_REPRESENTATION('',(#4471),#4475);
#4471 = LINE('',#4472,#4473);
#4472 = CARTESIAN_POINT('',(5.,0.));
#4473 = VECTOR('',#4474,1.);
#4474 = DIRECTION('',(0.,-1.));
#4475 = ( GEOMETRIC_REPRESENTATION_CONTEXT(2) 
PARAMETRIC_REPRESENTATION_CONTEXT() REPRESENTATION_CONTEXT('2D SPACE',''
  ) );
#4476 = PCURVE('',#4477,#4482);
#4477 = CYLINDRICAL_SURFACE('',#4478,0.5);
#4478 = AXIS2_PLACEMENT_3D('',#4479,#4480,#4481);
#4479 = CARTESIAN_POINT('',(-2.5,2.5,0.));
#4480 = DIRECTION('',(-0.,-0.,-1.));
#4481 = DIRECTION('',(1.,0.,0.));
#4482 = DEFINITIONAL_REPRESENTATION('',(#4483),#4487);
#4483 = LINE('',#4484,#4485);
#4484 = CARTESIAN_POINT('',(-3.14159265359,0.));
#4485 = VECTOR('',#4486,1.);
#4486 = DIRECTION('',(-0.,-1.));
#4487 = ( GEOMETRIC_REPRESENTATION_CONTEXT(2) 
PARAMETRIC_REPRESENTATION_CONTEXT() REPRESENTATION_CONTEXT('2D SPACE',''
  ) );
#4488 = ORIENTED_EDGE('',*,*,#4489,.F.);
#4489 = EDGE_CURVE('',#4399,#4462,#4490,.T.);
#4490 = SURFACE_CURVE('',#4491,(#4495,#4502),.PCURVE_S1.);
#4491 = LINE('',#4492,#4493);
#4492 = CARTESIAN_POINT('',(-3.,-2.5,0.));
#4493 = VECTOR('',#4494,1.);
#4494 = DIRECTION('',(0.,1.,0.));
#4495 = PCURVE('',#4409,#4496);
#4496 = DEFINITIONAL_REPRESENTATION('',(#4497),#4501);
#4497 = LINE('',#4498,#4499);
#4498 = CARTESIAN_POINT('',(0.,0.));
#4499 = VECTOR('',#4500,1.);
#4500 = DIRECTION('',(1.,0.));
#4501 = ( GEOMETRIC_REPRESENTATION_CONTEXT(2) 
PARAMETRIC_REPRESENTATION_CONTEXT() REPRESENTATION_CONTEXT('2D SPACE',''
  ) );
#4502 = PCURVE('',#4503,#4508);
#4503 = PLANE('',#4504);
#4504 = AXIS2_PLACEMENT_3D('',#4505,#4506,#4507);
#4505 = CARTESIAN_POINT('',(-4.9E-16,7.5E-16,0.));
#4506 = DIRECTION('',(0.,0.,1.));
#4507 = DIRECTION('',(1.,0.,0.));
#4508 = DEFINITIONAL_REPRESENTATION('',(#4509),#4513);
#4509 = LINE('',#4510,#4511);
#4510 = CARTESIAN_POINT('',(-3.,-2.5));
#4511 = VECTOR('',#4512,1.);
#4512 = DIRECTION('',(0.,1.));
#4513 = ( GEOMETRIC_REPRESENTATION_CONTEXT(2) 
PARAMETRIC_REPRESENTATION_CONTEXT() REPRESENTATION_CONTEXT('2D SPACE',''
  ) );
#4514 = ADVANCED_FACE('',(#4515),#4477,.T.);
#4515 = FACE_BOUND('',#4516,.F.);
#4516 = EDGE_LOOP('',(#4517,#4547,#4569,#4570));
#4517 = ORIENTED_EDGE('',*,*,#4518,.T.);
#4518 = EDGE_CURVE('',#4519,#4521,#4523,.T.);
#4519 = VERTEX_POINT('',#4520);
#4520 = CARTESIAN_POINT('',(-2.5,3.,0.));
#4521 = VERTEX_POINT('',#4522);
#4522 = CARTESIAN_POINT('',(-2.5,3.,1.));
#4523 = SURFACE_CURVE('',#4524,(#4528,#4535),.PCURVE_S1.);
#4524 = LINE('',#4525,#4526);
#4525 = CARTESIAN_POINT('',(-2.5,3.,0.));
#4526 = VECTOR('',#4527,1.);
#4527 = DIRECTION('',(0.,0.,1.));
#4528 = PCURVE('',#4477,#4529);
#4529 = DEFINITIONAL_REPRESENTATION('',(#4530),#4534);
#4530 = LINE('',#4531,#4532);
#4531 = CARTESIAN_POINT('',(-1.570796326795,0.));
#4532 = VECTOR('',#4533,1.);
#4533 = DIRECTION('',(-0.,-1.));
#4534 = ( GEOMETRIC_REPRESENTATION_CONTEXT(2) 
PARAMETRIC_REPRESENTATION_CONTEXT() REPRESENTATION_CONTEXT('2D SPACE',''
  ) );
#4535 = PCURVE('',#4536,#4541);
#4536 = PLANE('',#4537);
#4537 = AXIS2_PLACEMENT_3D('',#4538,#4539,#4540);
#4538 = CARTESIAN_POINT('',(-2.5,3.,0.));
#4539 = DIRECTION('',(9.8E-16,1.,0.));
#4540 = DIRECTION('',(1.,-9.8E-16,0.));
#4541 = DEFINITIONAL_REPRESENTATION('',(#4542),#4546);
#4542 = LINE('',#4543,#4544);
#4543 = CARTESIAN_POINT('',(0.,0.));
#4544 = VECTOR('',#4545,1.);
#4545 = DIRECTION('',(0.,-1.));
#4546 = ( GEOMETRIC_REPRESENTATION_CONTEXT(2) 
PARAMETRIC_REPRESENTATION_CONTEXT() REPRESENTATION_CONTEXT('2D SPACE',''
  ) );
#4547 = ORIENTED_EDGE('',*,*,#4548,.T.);
#4548 = EDGE_CURVE('',#4521,#4434,#4549,.T.);
#4549 = SURFACE_CURVE('',#4550,(#4555,#4562),.PCURVE_S1.);
#4550 = CIRCLE('',#4551,0.5);
#4551 = AXIS2_PLACEMENT_3D('',#4552,#4553,#4554);
#4552 = CARTESIAN_POINT('',(-2.5,2.5,1.));
#4553 = DIRECTION('',(0.,0.,1.));
#4554 = DIRECTION('',(1.,0.,0.));
#4555 = PCURVE('',#4477,#4556);
#4556 = DEFINITIONAL_REPRESENTATION('',(#4557),#4561);
#4557 = LINE('',#4558,#4559);
#4558 = CARTESIAN_POINT('',(-0.,-1.));
#4559 = VECTOR('',#4560,1.);
#4560 = DIRECTION('',(-1.,0.));
#4561 = ( GEOMETRIC_REPRESENTATION_CONTEXT(2) 
PARAMETRIC_REPRESENTATION_CONTEXT() REPRESENTATION_CONTEXT('2D SPACE',''
  ) );
#4562 = PCURVE('',#4449,#4563);
#4563 = DEFINITIONAL_REPRESENTATION('',(#4564),#4568);
#4564 = CIRCLE('',#4565,0.5);
#4565 = AXIS2_PLACEMENT_2D('',#4566,#4567);
#4566 = CARTESIAN_POINT('',(-2.5,2.5));
#4567 = DIRECTION('',(1.,0.));
#4568 = ( GEOMETRIC_REPRESENTATION_CONTEXT(2) 
PARAMETRIC_REPRESENTATION_CONTEXT() REPRESENTATION_CONTEXT('2D SPACE',''
  ) );
#4569 = ORIENTED_EDGE('',*,*,#4461,.F.);
#4570 = ORIENTED_EDGE('',*,*,#4571,.F.);
#4571 = EDGE_CURVE('',#4519,#4462,#4572,.T.);
#4572 = SURFACE_CURVE('',#4573,(#4578,#4585),.PCURVE_S1.);
#4573 = CIRCLE('',#4574,0.5);
#4574 = AXIS2_PLACEMENT_3D('',#4575,#4576,#4577);
#4575 = CARTESIAN_POINT('',(-2.5,2.5,0.));
#4576 = DIRECTION('',(0.,0.,1.));
#4577 = DIRECTION('',(1.,0.,0.));
#4578 = PCURVE('',#4477,#4579);
#4579 = DEFINITIONAL_REPRESENTATION('',(#4580),#4584);
#4580 = LINE('',#4581,#4582);
#4581 = CARTESIAN_POINT('',(-0.,0.));
#4582 = VECTOR('',#4583,1.);
#4583 = DIRECTION('',(-1.,0.));
#4584 = ( GEOMETRIC_REPRESENTATION_CONTEXT(2) 
PARAMETRIC_REPRESENTATION_CONTEXT() REPRESENTATION_CONTEXT('2D SPACE',''
  ) );
#4585 = PCURVE('',#4503,#4586);
#4586 = DEFINITIONAL_REPRESENTATION('',(#4587),#4591);
#4587 = CIRCLE('',#4588,0.5);
#4588 = AXIS2_PLACEMENT_2D('',#4589,#4590);
#4589 = CARTESIAN_POINT('',(-2.5,2.5));
#4590 = DIRECTION('',(1.,0.));
#4591 = ( GEOMETRIC_REPRESENTATION_CONTEXT(2) 
PARAMETRIC_REPRESENTATION_CONTEXT() REPRESENTATION_CONTEXT('2D SPACE',''
  ) );
#4592 = ADVANCED_FACE('',(#4593),#4536,.T.);
#4593 = FACE_BOUND('',#4594,.T.);
#4594 = EDGE_LOOP('',(#4595,#4596,#4619,#4647));
#4595 = ORIENTED_EDGE('',*,*,#4518,.T.);
#4596 = ORIENTED_EDGE('',*,*,#4597,.T.);
#4597 = EDGE_CURVE('',#4521,#4598,#4600,.T.);
#4598 = VERTEX_POINT('',#4599);
#4599 = CARTESIAN_POINT('',(2.5,3.,1.));
#4600 = SURFACE_CURVE('',#4601,(#4605,#4612),.PCURVE_S1.);
#4601 = LINE('',#4602,#4603);
#4602 = CARTESIAN_POINT('',(-2.5,3.,1.));
#4603 = VECTOR('',#4604,1.);
#4604 = DIRECTION('',(1.,-9.8E-16,0.));
#4605 = PCURVE('',#4536,#4606);
#4606 = DEFINITIONAL_REPRESENTATION('',(#4607),#4611);
#4607 = LINE('',#4608,#4609);
#4608 = CARTESIAN_POINT('',(0.,-1.));
#4609 = VECTOR('',#4610,1.);
#4610 = DIRECTION('',(1.,0.));
#4611 = ( GEOMETRIC_REPRESENTATION_CONTEXT(2) 
PARAMETRIC_REPRESENTATION_CONTEXT() REPRESENTATION_CONTEXT('2D SPACE',''
  ) );
#4612 = PCURVE('',#4449,#4613);
#4613 = DEFINITIONAL_REPRESENTATION('',(#4614),#4618);
#4614 = LINE('',#4615,#4616);
#4615 = CARTESIAN_POINT('',(-2.5,3.));
#4616 = VECTOR('',#4617,1.);
#4617 = DIRECTION('',(1.,-9.8E-16));
#4618 = ( GEOMETRIC_REPRESENTATION_CONTEXT(2) 
PARAMETRIC_REPRESENTATION_CONTEXT() REPRESENTATION_CONTEXT('2D SPACE',''
  ) );
#4619 = ORIENTED_EDGE('',*,*,#4620,.F.);
#4620 = EDGE_CURVE('',#4621,#4598,#4623,.T.);
#4621 = VERTEX_POINT('',#4622);
#4622 = CARTESIAN_POINT('',(2.5,3.,0.));
#4623 = SURFACE_CURVE('',#4624,(#4628,#4635),.PCURVE_S1.);
#4624 = LINE('',#4625,#4626);
#4625 = CARTESIAN_POINT('',(2.5,3.,0.));
#4626 = VECTOR('',#4627,1.);
#4627 = DIRECTION('',(0.,0.,1.));
#4628 = PCURVE('',#4536,#4629);
#4629 = DEFINITIONAL_REPRESENTATION('',(#4630),#4634);
#4630 = LINE('',#4631,#4632);
#4631 = CARTESIAN_POINT('',(5.,0.));
#4632 = VECTOR('',#4633,1.);
#4633 = DIRECTION('',(0.,-1.));
#4634 = ( GEOMETRIC_REPRESENTATION_CONTEXT(2) 
PARAMETRIC_REPRESENTATION_CONTEXT() REPRESENTATION_CONTEXT('2D SPACE',''
  ) );
#4635 = PCURVE('',#4636,#4641);
#4636 = CYLINDRICAL_SURFACE('',#4637,0.5);
#4637 = AXIS2_PLACEMENT_3D('',#4638,#4639,#4640);
#4638 = CARTESIAN_POINT('',(2.5,2.5,0.));
#4639 = DIRECTION('',(-0.,-0.,-1.));
#4640 = DIRECTION('',(1.,0.,0.));
#4641 = DEFINITIONAL_REPRESENTATION('',(#4642),#4646);
#4642 = LINE('',#4643,#4644);
#4643 = CARTESIAN_POINT('',(-1.570796326795,0.));
#4644 = VECTOR('',#4645,1.);
#4645 = DIRECTION('',(-0.,-1.));
#4646 = ( GEOMETRIC_REPRESENTATION_CONTEXT(2) 
PARAMETRIC_REPRESENTATION_CONTEXT() REPRESENTATION_CONTEXT('2D SPACE',''
  ) );
#4647 = ORIENTED_EDGE('',*,*,#4648,.F.);
#4648 = EDGE_CURVE('',#4519,#4621,#4649,.T.);
#4649 = SURFACE_CURVE('',#4650,(#4654,#4661),.PCURVE_S1.);
#4650 = LINE('',#4651,#4652);
#4651 = CARTESIAN_POINT('',(-2.5,3.,0.));
#4652 = VECTOR('',#4653,1.);
#4653 = DIRECTION('',(1.,-9.8E-16,0.));
#4654 = PCURVE('',#4536,#4655);
#4655 = DEFINITIONAL_REPRESENTATION('',(#4656),#4660);
#4656 = LINE('',#4657,#4658);
#4657 = CARTESIAN_POINT('',(0.,0.));
#4658 = VECTOR('',#4659,1.);
#4659 = DIRECTION('',(1.,0.));
#4660 = ( GEOMETRIC_REPRESENTATION_CONTEXT(2) 
PARAMETRIC_REPRESENTATION_CONTEXT() REPRESENTATION_CONTEXT('2D SPACE',''
  ) );
#4661 = PCURVE('',#4503,#4662);
#4662 = DEFINITIONAL_REPRESENTATION('',(#4663),#4667);
#4663 = LINE('',#4664,#4665);
#4664 = CARTESIAN_POINT('',(-2.5,3.));
#4665 = VECTOR('',#4666,1.);
#4666 = DIRECTION('',(1.,-9.8E-16));
#4667 = ( GEOMETRIC_REPRESENTATION_CONTEXT(2) 
PARAMETRIC_REPRESENTATION_CONTEXT() REPRESENTATION_CONTEXT('2D SPACE',''
  ) );
#4668 = ADVANCED_FACE('',(#4669),#4636,.T.);
#4669 = FACE_BOUND('',#4670,.F.);
#4670 = EDGE_LOOP('',(#4671,#4701,#4723,#4724));
#4671 = ORIENTED_EDGE('',*,*,#4672,.T.);
#4672 = EDGE_CURVE('',#4673,#4675,#4677,.T.);
#4673 = VERTEX_POINT('',#4674);
#4674 = CARTESIAN_POINT('',(3.,2.5,0.));
#4675 = VERTEX_POINT('',#4676);
#4676 = CARTESIAN_POINT('',(3.,2.5,1.));
#4677 = SURFACE_CURVE('',#4678,(#4682,#4689),.PCURVE_S1.);
#4678 = LINE('',#4679,#4680);
#4679 = CARTESIAN_POINT('',(3.,2.5,0.));
#4680 = VECTOR('',#4681,1.);
#4681 = DIRECTION('',(0.,0.,1.));
#4682 = PCURVE('',#4636,#4683);
#4683 = DEFINITIONAL_REPRESENTATION('',(#4684),#4688);
#4684 = LINE('',#4685,#4686);
#4685 = CARTESIAN_POINT('',(8.9E-16,-0.));
#4686 = VECTOR('',#4687,1.);
#4687 = DIRECTION('',(-0.,-1.));
#4688 = ( GEOMETRIC_REPRESENTATION_CONTEXT(2) 
PARAMETRIC_REPRESENTATION_CONTEXT() REPRESENTATION_CONTEXT('2D SPACE',''
  ) );
#4689 = PCURVE('',#4690,#4695);
#4690 = PLANE('',#4691);
#4691 = AXIS2_PLACEMENT_3D('',#4692,#4693,#4694);
#4692 = CARTESIAN_POINT('',(3.,2.5,0.));
#4693 = DIRECTION('',(1.,0.,0.));
#4694 = DIRECTION('',(0.,-1.,0.));
#4695 = DEFINITIONAL_REPRESENTATION('',(#4696),#4700);
#4696 = LINE('',#4697,#4698);
#4697 = CARTESIAN_POINT('',(0.,0.));
#4698 = VECTOR('',#4699,1.);
#4699 = DIRECTION('',(0.,-1.));
#4700 = ( GEOMETRIC_REPRESENTATION_CONTEXT(2) 
PARAMETRIC_REPRESENTATION_CONTEXT() REPRESENTATION_CONTEXT('2D SPACE',''
  ) );
#4701 = ORIENTED_EDGE('',*,*,#4702,.T.);
#4702 = EDGE_CURVE('',#4675,#4598,#4703,.T.);
#4703 = SURFACE_CURVE('',#4704,(#4709,#4716),.PCURVE_S1.);
#4704 = CIRCLE('',#4705,0.5);
#4705 = AXIS2_PLACEMENT_3D('',#4706,#4707,#4708);
#4706 = CARTESIAN_POINT('',(2.5,2.5,1.));
#4707 = DIRECTION('',(0.,0.,1.));
#4708 = DIRECTION('',(1.,0.,0.));
#4709 = PCURVE('',#4636,#4710);
#4710 = DEFINITIONAL_REPRESENTATION('',(#4711),#4715);
#4711 = LINE('',#4712,#4713);
#4712 = CARTESIAN_POINT('',(-0.,-1.));
#4713 = VECTOR('',#4714,1.);
#4714 = DIRECTION('',(-1.,0.));
#4715 = ( GEOMETRIC_REPRESENTATION_CONTEXT(2) 
PARAMETRIC_REPRESENTATION_CONTEXT() REPRESENTATION_CONTEXT('2D SPACE',''
  ) );
#4716 = PCURVE('',#4449,#4717);
#4717 = DEFINITIONAL_REPRESENTATION('',(#4718),#4722);
#4718 = CIRCLE('',#4719,0.5);
#4719 = AXIS2_PLACEMENT_2D('',#4720,#4721);
#4720 = CARTESIAN_POINT('',(2.5,2.5));
#4721 = DIRECTION('',(1.,0.));
#4722 = ( GEOMETRIC_REPRESENTATION_CONTEXT(2) 
PARAMETRIC_REPRESENTATION_CONTEXT() REPRESENTATION_CONTEXT('2D SPACE',''
  ) );
#4723 = ORIENTED_EDGE('',*,*,#4620,.F.);
#4724 = ORIENTED_EDGE('',*,*,#4725,.F.);
#4725 = EDGE_CURVE('',#4673,#4621,#4726,.T.);
#4726 = SURFACE_CURVE('',#4727,(#4732,#4739),.PCURVE_S1.);
#4727 = CIRCLE('',#4728,0.5);
#4728 = AXIS2_PLACEMENT_3D('',#4729,#4730,#4731);
#4729 = CARTESIAN_POINT('',(2.5,2.5,0.));
#4730 = DIRECTION('',(0.,0.,1.));
#4731 = DIRECTION('',(1.,0.,0.));
#4732 = PCURVE('',#4636,#4733);
#4733 = DEFINITIONAL_REPRESENTATION('',(#4734),#4738);
#4734 = LINE('',#4735,#4736);
#4735 = CARTESIAN_POINT('',(-0.,0.));
#4736 = VECTOR('',#4737,1.);
#4737 = DIRECTION('',(-1.,0.));
#4738 = ( GEOMETRIC_REPRESENTATION_CONTEXT(2) 
PARAMETRIC_REPRESENTATION_CONTEXT() REPRESENTATION_CONTEXT('2D SPACE',''
  ) );
#4739 = PCURVE('',#4503,#4740);
#4740 = DEFINITIONAL_REPRESENTATION('',(#4741),#4745);
#4741 = CIRCLE('',#4742,0.5);
#4742 = AXIS2_PLACEMENT_2D('',#4743,#4744);
#4743 = CARTESIAN_POINT('',(2.5,2.5));
#4744 = DIRECTION('',(1.,0.));
#4745 = ( GEOMETRIC_REPRESENTATION_CONTEXT(2) 
PARAMETRIC_REPRESENTATION_CONTEXT() REPRESENTATION_CONTEXT('2D SPACE',''
  ) );
#4746 = ADVANCED_FACE('',(#4747),#4690,.T.);
#4747 = FACE_BOUND('',#4748,.T.);
#4748 = EDGE_LOOP('',(#4749,#4750,#4773,#4801));
#4749 = ORIENTED_EDGE('',*,*,#4672,.T.);
#4750 = ORIENTED_EDGE('',*,*,#4751,.T.);
#4751 = EDGE_CURVE('',#4675,#4752,#4754,.T.);
#4752 = VERTEX_POINT('',#4753);
#4753 = CARTESIAN_POINT('',(3.,-2.5,1.));
#4754 = SURFACE_CURVE('',#4755,(#4759,#4766),.PCURVE_S1.);
#4755 = LINE('',#4756,#4757);
#4756 = CARTESIAN_POINT('',(3.,2.5,1.));
#4757 = VECTOR('',#4758,1.);
#4758 = DIRECTION('',(0.,-1.,0.));
#4759 = PCURVE('',#4690,#4760);
#4760 = DEFINITIONAL_REPRESENTATION('',(#4761),#4765);
#4761 = LINE('',#4762,#4763);
#4762 = CARTESIAN_POINT('',(0.,-1.));
#4763 = VECTOR('',#4764,1.);
#4764 = DIRECTION('',(1.,0.));
#4765 = ( GEOMETRIC_REPRESENTATION_CONTEXT(2) 
PARAMETRIC_REPRESENTATION_CONTEXT() REPRESENTATION_CONTEXT('2D SPACE',''
  ) );
#4766 = PCURVE('',#4449,#4767);
#4767 = DEFINITIONAL_REPRESENTATION('',(#4768),#4772);
#4768 = LINE('',#4769,#4770);
#4769 = CARTESIAN_POINT('',(3.,2.5));
#4770 = VECTOR('',#4771,1.);
#4771 = DIRECTION('',(0.,-1.));
#4772 = ( GEOMETRIC_REPRESENTATION_CONTEXT(2) 
PARAMETRIC_REPRESENTATION_CONTEXT() REPRESENTATION_CONTEXT('2D SPACE',''
  ) );
#4773 = ORIENTED_EDGE('',*,*,#4774,.F.);
#4774 = EDGE_CURVE('',#4775,#4752,#4777,.T.);
#4775 = VERTEX_POINT('',#4776);
#4776 = CARTESIAN_POINT('',(3.,-2.5,0.));
#4777 = SURFACE_CURVE('',#4778,(#4782,#4789),.PCURVE_S1.);
#4778 = LINE('',#4779,#4780);
#4779 = CARTESIAN_POINT('',(3.,-2.5,0.));
#4780 = VECTOR('',#4781,1.);
#4781 = DIRECTION('',(0.,0.,1.));
#4782 = PCURVE('',#4690,#4783);
#4783 = DEFINITIONAL_REPRESENTATION('',(#4784),#4788);
#4784 = LINE('',#4785,#4786);
#4785 = CARTESIAN_POINT('',(5.,0.));
#4786 = VECTOR('',#4787,1.);
#4787 = DIRECTION('',(0.,-1.));
#4788 = ( GEOMETRIC_REPRESENTATION_CONTEXT(2) 
PARAMETRIC_REPRESENTATION_CONTEXT() REPRESENTATION_CONTEXT('2D SPACE',''
  ) );
#4789 = PCURVE('',#4790,#4795);
#4790 = CYLINDRICAL_SURFACE('',#4791,0.5);
#4791 = AXIS2_PLACEMENT_3D('',#4792,#4793,#4794);
#4792 = CARTESIAN_POINT('',(2.5,-2.5,0.));
#4793 = DIRECTION('',(-0.,-0.,-1.));
#4794 = DIRECTION('',(1.,0.,0.));
#4795 = DEFINITIONAL_REPRESENTATION('',(#4796),#4800);
#4796 = LINE('',#4797,#4798);
#4797 = CARTESIAN_POINT('',(-6.28318530718,0.));
#4798 = VECTOR('',#4799,1.);
#4799 = DIRECTION('',(-0.,-1.));
#4800 = ( GEOMETRIC_REPRESENTATION_CONTEXT(2) 
PARAMETRIC_REPRESENTATION_CONTEXT() REPRESENTATION_CONTEXT('2D SPACE',''
  ) );
#4801 = ORIENTED_EDGE('',*,*,#4802,.F.);
#4802 = EDGE_CURVE('',#4673,#4775,#4803,.T.);
#4803 = SURFACE_CURVE('',#4804,(#4808,#4815),.PCURVE_S1.);
#4804 = LINE('',#4805,#4806);
#4805 = CARTESIAN_POINT('',(3.,2.5,0.));
#4806 = VECTOR('',#4807,1.);
#4807 = DIRECTION('',(0.,-1.,0.));
#4808 = PCURVE('',#4690,#4809);
#4809 = DEFINITIONAL_REPRESENTATION('',(#4810),#4814);
#4810 = LINE('',#4811,#4812);
#4811 = CARTESIAN_POINT('',(0.,0.));
#4812 = VECTOR('',#4813,1.);
#4813 = DIRECTION('',(1.,0.));
#4814 = ( GEOMETRIC_REPRESENTATION_CONTEXT(2) 
PARAMETRIC_REPRESENTATION_CONTEXT() REPRESENTATION_CONTEXT('2D SPACE',''
  ) );
#4815 = PCURVE('',#4503,#4816);
#4816 = DEFINITIONAL_REPRESENTATION('',(#4817),#4821);
#4817 = LINE('',#4818,#4819);
#4818 = CARTESIAN_POINT('',(3.,2.5));
#4819 = VECTOR('',#4820,1.);
#4820 = DIRECTION('',(0.,-1.));
#4821 = ( GEOMETRIC_REPRESENTATION_CONTEXT(2) 
PARAMETRIC_REPRESENTATION_CONTEXT() REPRESENTATION_CONTEXT('2D SPACE',''
  ) );
#4822 = ADVANCED_FACE('',(#4823),#4790,.T.);
#4823 = FACE_BOUND('',#4824,.F.);
#4824 = EDGE_LOOP('',(#4825,#4855,#4877,#4878));
#4825 = ORIENTED_EDGE('',*,*,#4826,.T.);
#4826 = EDGE_CURVE('',#4827,#4829,#4831,.T.);
#4827 = VERTEX_POINT('',#4828);
#4828 = CARTESIAN_POINT('',(2.5,-3.,0.));
#4829 = VERTEX_POINT('',#4830);
#4830 = CARTESIAN_POINT('',(2.5,-3.,1.));
#4831 = SURFACE_CURVE('',#4832,(#4836,#4843),.PCURVE_S1.);
#4832 = LINE('',#4833,#4834);
#4833 = CARTESIAN_POINT('',(2.5,-3.,0.));
#4834 = VECTOR('',#4835,1.);
#4835 = DIRECTION('',(0.,0.,1.));
#4836 = PCURVE('',#4790,#4837);
#4837 = DEFINITIONAL_REPRESENTATION('',(#4838),#4842);
#4838 = LINE('',#4839,#4840);
#4839 = CARTESIAN_POINT('',(-4.712388980385,0.));
#4840 = VECTOR('',#4841,1.);
#4841 = DIRECTION('',(-0.,-1.));
#4842 = ( GEOMETRIC_REPRESENTATION_CONTEXT(2) 
PARAMETRIC_REPRESENTATION_CONTEXT() REPRESENTATION_CONTEXT('2D SPACE',''
  ) );
#4843 = PCURVE('',#4844,#4849);
#4844 = PLANE('',#4845);
#4845 = AXIS2_PLACEMENT_3D('',#4846,#4847,#4848);
#4846 = CARTESIAN_POINT('',(2.5,-3.,0.));
#4847 = DIRECTION('',(0.,-1.,0.));
#4848 = DIRECTION('',(-1.,0.,0.));
#4849 = DEFINITIONAL_REPRESENTATION('',(#4850),#4854);
#4850 = LINE('',#4851,#4852);
#4851 = CARTESIAN_POINT('',(0.,-0.));
#4852 = VECTOR('',#4853,1.);
#4853 = DIRECTION('',(0.,-1.));
#4854 = ( GEOMETRIC_REPRESENTATION_CONTEXT(2) 
PARAMETRIC_REPRESENTATION_CONTEXT() REPRESENTATION_CONTEXT('2D SPACE',''
  ) );
#4855 = ORIENTED_EDGE('',*,*,#4856,.T.);
#4856 = EDGE_CURVE('',#4829,#4752,#4857,.T.);
#4857 = SURFACE_CURVE('',#4858,(#4863,#4870),.PCURVE_S1.);
#4858 = CIRCLE('',#4859,0.5);
#4859 = AXIS2_PLACEMENT_3D('',#4860,#4861,#4862);
#4860 = CARTESIAN_POINT('',(2.5,-2.5,1.));
#4861 = DIRECTION('',(0.,0.,1.));
#4862 = DIRECTION('',(1.,0.,0.));
#4863 = PCURVE('',#4790,#4864);
#4864 = DEFINITIONAL_REPRESENTATION('',(#4865),#4869);
#4865 = LINE('',#4866,#4867);
#4866 = CARTESIAN_POINT('',(-0.,-1.));
#4867 = VECTOR('',#4868,1.);
#4868 = DIRECTION('',(-1.,0.));
#4869 = ( GEOMETRIC_REPRESENTATION_CONTEXT(2) 
PARAMETRIC_REPRESENTATION_CONTEXT() REPRESENTATION_CONTEXT('2D SPACE',''
  ) );
#4870 = PCURVE('',#4449,#4871);
#4871 = DEFINITIONAL_REPRESENTATION('',(#4872),#4876);
#4872 = CIRCLE('',#4873,0.5);
#4873 = AXIS2_PLACEMENT_2D('',#4874,#4875);
#4874 = CARTESIAN_POINT('',(2.5,-2.5));
#4875 = DIRECTION('',(1.,0.));
#4876 = ( GEOMETRIC_REPRESENTATION_CONTEXT(2) 
PARAMETRIC_REPRESENTATION_CONTEXT() REPRESENTATION_CONTEXT('2D SPACE',''
  ) );
#4877 = ORIENTED_EDGE('',*,*,#4774,.F.);
#4878 = ORIENTED_EDGE('',*,*,#4879,.F.);
#4879 = EDGE_CURVE('',#4827,#4775,#4880,.T.);
#4880 = SURFACE_CURVE('',#4881,(#4886,#4893),.PCURVE_S1.);
#4881 = CIRCLE('',#4882,0.5);
#4882 = AXIS2_PLACEMENT_3D('',#4883,#4884,#4885);
#4883 = CARTESIAN_POINT('',(2.5,-2.5,0.));
#4884 = DIRECTION('',(0.,0.,1.));
#4885 = DIRECTION('',(1.,0.,0.));
#4886 = PCURVE('',#4790,#4887);
#4887 = DEFINITIONAL_REPRESENTATION('',(#4888),#4892);
#4888 = LINE('',#4889,#4890);
#4889 = CARTESIAN_POINT('',(-0.,0.));
#4890 = VECTOR('',#4891,1.);
#4891 = DIRECTION('',(-1.,0.));
#4892 = ( GEOMETRIC_REPRESENTATION_CONTEXT(2) 
PARAMETRIC_REPRESENTATION_CONTEXT() REPRESENTATION_CONTEXT('2D SPACE',''
  ) );
#4893 = PCURVE('',#4503,#4894);
#4894 = DEFINITIONAL_REPRESENTATION('',(#4895),#4899);
#4895 = CIRCLE('',#4896,0.5);
#4896 = AXIS2_PLACEMENT_2D('',#4897,#4898);
#4897 = CARTESIAN_POINT('',(2.5,-2.5));
#4898 = DIRECTION('',(1.,0.));
#4899 = ( GEOMETRIC_REPRESENTATION_CONTEXT(2) 
PARAMETRIC_REPRESENTATION_CONTEXT() REPRESENTATION_CONTEXT('2D SPACE',''
  ) );
#4900 = ADVANCED_FACE('',(#4901),#4844,.T.);
#4901 = FACE_BOUND('',#4902,.T.);
#4902 = EDGE_LOOP('',(#4903,#4904,#4927,#4950));
#4903 = ORIENTED_EDGE('',*,*,#4826,.T.);
#4904 = ORIENTED_EDGE('',*,*,#4905,.T.);
#4905 = EDGE_CURVE('',#4829,#4906,#4908,.T.);
#4906 = VERTEX_POINT('',#4907);
#4907 = CARTESIAN_POINT('',(-2.5,-3.,1.));
#4908 = SURFACE_CURVE('',#4909,(#4913,#4920),.PCURVE_S1.);
#4909 = LINE('',#4910,#4911);
#4910 = CARTESIAN_POINT('',(2.5,-3.,1.));
#4911 = VECTOR('',#4912,1.);
#4912 = DIRECTION('',(-1.,0.,0.));
#4913 = PCURVE('',#4844,#4914);
#4914 = DEFINITIONAL_REPRESENTATION('',(#4915),#4919);
#4915 = LINE('',#4916,#4917);
#4916 = CARTESIAN_POINT('',(0.,-1.));
#4917 = VECTOR('',#4918,1.);
#4918 = DIRECTION('',(1.,0.));
#4919 = ( GEOMETRIC_REPRESENTATION_CONTEXT(2) 
PARAMETRIC_REPRESENTATION_CONTEXT() REPRESENTATION_CONTEXT('2D SPACE',''
  ) );
#4920 = PCURVE('',#4449,#4921);
#4921 = DEFINITIONAL_REPRESENTATION('',(#4922),#4926);
#4922 = LINE('',#4923,#4924);
#4923 = CARTESIAN_POINT('',(2.5,-3.));
#4924 = VECTOR('',#4925,1.);
#4925 = DIRECTION('',(-1.,0.));
#4926 = ( GEOMETRIC_REPRESENTATION_CONTEXT(2) 
PARAMETRIC_REPRESENTATION_CONTEXT() REPRESENTATION_CONTEXT('2D SPACE',''
  ) );
#4927 = ORIENTED_EDGE('',*,*,#4928,.F.);
#4928 = EDGE_CURVE('',#4929,#4906,#4931,.T.);
#4929 = VERTEX_POINT('',#4930);
#4930 = CARTESIAN_POINT('',(-2.5,-3.,0.));
#4931 = SURFACE_CURVE('',#4932,(#4936,#4943),.PCURVE_S1.);
#4932 = LINE('',#4933,#4934);
#4933 = CARTESIAN_POINT('',(-2.5,-3.,0.));
#4934 = VECTOR('',#4935,1.);
#4935 = DIRECTION('',(0.,0.,1.));
#4936 = PCURVE('',#4844,#4937);
#4937 = DEFINITIONAL_REPRESENTATION('',(#4938),#4942);
#4938 = LINE('',#4939,#4940);
#4939 = CARTESIAN_POINT('',(5.,0.));
#4940 = VECTOR('',#4941,1.);
#4941 = DIRECTION('',(0.,-1.));
#4942 = ( GEOMETRIC_REPRESENTATION_CONTEXT(2) 
PARAMETRIC_REPRESENTATION_CONTEXT() REPRESENTATION_CONTEXT('2D SPACE',''
  ) );
#4943 = PCURVE('',#4421,#4944);
#4944 = DEFINITIONAL_REPRESENTATION('',(#4945),#4949);
#4945 = LINE('',#4946,#4947);
#4946 = CARTESIAN_POINT('',(-4.712388980385,0.));
#4947 = VECTOR('',#4948,1.);
#4948 = DIRECTION('',(-0.,-1.));
#4949 = ( GEOMETRIC_REPRESENTATION_CONTEXT(2) 
PARAMETRIC_REPRESENTATION_CONTEXT() REPRESENTATION_CONTEXT('2D SPACE',''
  ) );
#4950 = ORIENTED_EDGE('',*,*,#4951,.F.);
#4951 = EDGE_CURVE('',#4827,#4929,#4952,.T.);
#4952 = SURFACE_CURVE('',#4953,(#4957,#4964),.PCURVE_S1.);
#4953 = LINE('',#4954,#4955);
#4954 = CARTESIAN_POINT('',(2.5,-3.,0.));
#4955 = VECTOR('',#4956,1.);
#4956 = DIRECTION('',(-1.,0.,0.));
#4957 = PCURVE('',#4844,#4958);
#4958 = DEFINITIONAL_REPRESENTATION('',(#4959),#4963);
#4959 = LINE('',#4960,#4961);
#4960 = CARTESIAN_POINT('',(0.,-0.));
#4961 = VECTOR('',#4962,1.);
#4962 = DIRECTION('',(1.,0.));
#4963 = ( GEOMETRIC_REPRESENTATION_CONTEXT(2) 
PARAMETRIC_REPRESENTATION_CONTEXT() REPRESENTATION_CONTEXT('2D SPACE',''
  ) );
#4964 = PCURVE('',#4503,#4965);
#4965 = DEFINITIONAL_REPRESENTATION('',(#4966),#4970);
#4966 = LINE('',#4967,#4968);
#4967 = CARTESIAN_POINT('',(2.5,-3.));
#4968 = VECTOR('',#4969,1.);
#4969 = DIRECTION('',(-1.,0.));
#4970 = ( GEOMETRIC_REPRESENTATION_CONTEXT(2) 
PARAMETRIC_REPRESENTATION_CONTEXT() REPRESENTATION_CONTEXT('2D SPACE',''
  ) );
#4971 = ADVANCED_FACE('',(#4972),#4421,.T.);
#4972 = FACE_BOUND('',#4973,.F.);
#4973 = EDGE_LOOP('',(#4974,#4975,#4997,#4998));
#4974 = ORIENTED_EDGE('',*,*,#4398,.T.);
#4975 = ORIENTED_EDGE('',*,*,#4976,.T.);
#4976 = EDGE_CURVE('',#4401,#4906,#4977,.T.);
#4977 = SURFACE_CURVE('',#4978,(#4983,#4990),.PCURVE_S1.);
#4978 = CIRCLE('',#4979,0.5);
#4979 = AXIS2_PLACEMENT_3D('',#4980,#4981,#4982);
#4980 = CARTESIAN_POINT('',(-2.5,-2.5,1.));
#4981 = DIRECTION('',(0.,0.,1.));
#4982 = DIRECTION('',(1.,0.,0.));
#4983 = PCURVE('',#4421,#4984);
#4984 = DEFINITIONAL_REPRESENTATION('',(#4985),#4989);
#4985 = LINE('',#4986,#4987);
#4986 = CARTESIAN_POINT('',(-0.,-1.));
#4987 = VECTOR('',#4988,1.);
#4988 = DIRECTION('',(-1.,0.));
#4989 = ( GEOMETRIC_REPRESENTATION_CONTEXT(2) 
PARAMETRIC_REPRESENTATION_CONTEXT() REPRESENTATION_CONTEXT('2D SPACE',''
  ) );
#4990 = PCURVE('',#4449,#4991);
#4991 = DEFINITIONAL_REPRESENTATION('',(#4992),#4996);
#4992 = CIRCLE('',#4993,0.5);
#4993 = AXIS2_PLACEMENT_2D('',#4994,#4995);
#4994 = CARTESIAN_POINT('',(-2.5,-2.5));
#4995 = DIRECTION('',(1.,0.));
#4996 = ( GEOMETRIC_REPRESENTATION_CONTEXT(2) 
PARAMETRIC_REPRESENTATION_CONTEXT() REPRESENTATION_CONTEXT('2D SPACE',''
  ) );
#4997 = ORIENTED_EDGE('',*,*,#4928,.F.);
#4998 = ORIENTED_EDGE('',*,*,#4999,.F.);
#4999 = EDGE_CURVE('',#4399,#4929,#5000,.T.);
#5000 = SURFACE_CURVE('',#5001,(#5006,#5013),.PCURVE_S1.);
#5001 = CIRCLE('',#5002,0.5);
#5002 = AXIS2_PLACEMENT_3D('',#5003,#5004,#5005);
#5003 = CARTESIAN_POINT('',(-2.5,-2.5,0.));
#5004 = DIRECTION('',(0.,0.,1.));
#5005 = DIRECTION('',(1.,0.,0.));
#5006 = PCURVE('',#4421,#5007);
#5007 = DEFINITIONAL_REPRESENTATION('',(#5008),#5012);
#5008 = LINE('',#5009,#5010);
#5009 = CARTESIAN_POINT('',(-0.,0.));
#5010 = VECTOR('',#5011,1.);
#5011 = DIRECTION('',(-1.,0.));
#5012 = ( GEOMETRIC_REPRESENTATION_CONTEXT(2) 
PARAMETRIC_REPRESENTATION_CONTEXT() REPRESENTATION_CONTEXT('2D SPACE',''
  ) );
#5013 = PCURVE('',#4503,#5014);
#5014 = DEFINITIONAL_REPRESENTATION('',(#5015),#5019);
#5015 = CIRCLE('',#5016,0.5);
#5016 = AXIS2_PLACEMENT_2D('',#5017,#5018);
#5017 = CARTESIAN_POINT('',(-2.5,-2.5));
#5018 = DIRECTION('',(1.,0.));
#5019 = ( GEOMETRIC_REPRESENTATION_CONTEXT(2) 
PARAMETRIC_REPRESENTATION_CONTEXT() REPRESENTATION_CONTEXT('2D SPACE',''
  ) );
#5020 = ADVANCED_FACE('',(#5021),#5035,.F.);
#5021 = FACE_BOUND('',#5022,.T.);
#5022 = EDGE_LOOP('',(#5023,#5053,#5075,#5076));
#5023 = ORIENTED_EDGE('',*,*,#5024,.T.);
#5024 = EDGE_CURVE('',#5025,#5027,#5029,.T.);
#5025 = VERTEX_POINT('',#5026);
#5026 = CARTESIAN_POINT('',(1.6,0.,0.));
#5027 = VERTEX_POINT('',#5028);
#5028 = CARTESIAN_POINT('',(1.6,0.,1.));
#5029 = SEAM_CURVE('',#5030,(#5034,#5046),.PCURVE_S1.);
#5030 = LINE('',#5031,#5032);
#5031 = CARTESIAN_POINT('',(1.6,0.,0.));
#5032 = VECTOR('',#5033,1.);
#5033 = DIRECTION('',(0.,0.,1.));
#5034 = PCURVE('',#5035,#5040);
#5035 = CYLINDRICAL_SURFACE('',#5036,1.6);
#5036 = AXIS2_PLACEMENT_3D('',#5037,#5038,#5039);
#5037 = CARTESIAN_POINT('',(0.,0.,0.));
#5038 = DIRECTION('',(-0.,-0.,-1.));
#5039 = DIRECTION('',(1.,0.,0.));
#5040 = DEFINITIONAL_REPRESENTATION('',(#5041),#5045);
#5041 = LINE('',#5042,#5043);
#5042 = CARTESIAN_POINT('',(-0.,0.));
#5043 = VECTOR('',#5044,1.);
#5044 = DIRECTION('',(-0.,-1.));
#5045 = ( GEOMETRIC_REPRESENTATION_CONTEXT(2) 
PARAMETRIC_REPRESENTATION_CONTEXT() REPRESENTATION_CONTEXT('2D SPACE',''
  ) );
#5046 = PCURVE('',#5035,#5047);
#5047 = DEFINITIONAL_REPRESENTATION('',(#5048),#5052);
#5048 = LINE('',#5049,#5050);
#5049 = CARTESIAN_POINT('',(-6.28318530718,0.));
#5050 = VECTOR('',#5051,1.);
#5051 = DIRECTION('',(-0.,-1.));
#5052 = ( GEOMETRIC_REPRESENTATION_CONTEXT(2) 
PARAMETRIC_REPRESENTATION_CONTEXT() REPRESENTATION_CONTEXT('2D SPACE',''
  ) );
#5053 = ORIENTED_EDGE('',*,*,#5054,.T.);
#5054 = EDGE_CURVE('',#5027,#5027,#5055,.T.);
#5055 = SURFACE_CURVE('',#5056,(#5061,#5068),.PCURVE_S1.);
#5056 = CIRCLE('',#5057,1.6);
#5057 = AXIS2_PLACEMENT_3D('',#5058,#5059,#5060);
#5058 = CARTESIAN_POINT('',(0.,0.,1.));
#5059 = DIRECTION('',(0.,0.,1.));
#5060 = DIRECTION('',(1.,0.,0.));
#5061 = PCURVE('',#5035,#5062);
#5062 = DEFINITIONAL_REPRESENTATION('',(#5063),#5067);
#5063 = LINE('',#5064,#5065);
#5064 = CARTESIAN_POINT('',(-0.,-1.));
#5065 = VECTOR('',#5066,1.);
#5066 = DIRECTION('',(-1.,0.));
#5067 = ( GEOMETRIC_REPRESENTATION_CONTEXT(2) 
PARAMETRIC_REPRESENTATION_CONTEXT() REPRESENTATION_CONTEXT('2D SPACE',''
  ) );
#5068 = PCURVE('',#4449,#5069);
#5069 = DEFINITIONAL_REPRESENTATION('',(#5070),#5074);
#5070 = CIRCLE('',#5071,1.6);
#5071 = AXIS2_PLACEMENT_2D('',#5072,#5073);
#5072 = CARTESIAN_POINT('',(4.9E-16,-7.5E-16));
#5073 = DIRECTION('',(1.,0.));
#5074 = ( GEOMETRIC_REPRESENTATION_CONTEXT(2) 
PARAMETRIC_REPRESENTATION_CONTEXT() REPRESENTATION_CONTEXT('2D SPACE',''
  ) );
#5075 = ORIENTED_EDGE('',*,*,#5024,.F.);
#5076 = ORIENTED_EDGE('',*,*,#5077,.F.);
#5077 = EDGE_CURVE('',#5025,#5025,#5078,.T.);
#5078 = SURFACE_CURVE('',#5079,(#5084,#5091),.PCURVE_S1.);
#5079 = CIRCLE('',#5080,1.6);
#5080 = AXIS2_PLACEMENT_3D('',#5081,#5082,#5083);
#5081 = CARTESIAN_POINT('',(0.,0.,0.));
#5082 = DIRECTION('',(0.,0.,1.));
#5083 = DIRECTION('',(1.,0.,0.));
#5084 = PCURVE('',#5035,#5085);
#5085 = DEFINITIONAL_REPRESENTATION('',(#5086),#5090);
#5086 = LINE('',#5087,#5088);
#5087 = CARTESIAN_POINT('',(-0.,0.));
#5088 = VECTOR('',#5089,1.);
#5089 = DIRECTION('',(-1.,0.));
#5090 = ( GEOMETRIC_REPRESENTATION_CONTEXT(2) 
PARAMETRIC_REPRESENTATION_CONTEXT() REPRESENTATION_CONTEXT('2D SPACE',''
  ) );
#5091 = PCURVE('',#4503,#5092);
#5092 = DEFINITIONAL_REPRESENTATION('',(#5093),#5097);
#5093 = CIRCLE('',#5094,1.6);
#5094 = AXIS2_PLACEMENT_2D('',#5095,#5096);
#5095 = CARTESIAN_POINT('',(4.9E-16,-7.5E-16));
#5096 = DIRECTION('',(1.,0.));
#5097 = ( GEOMETRIC_REPRESENTATION_CONTEXT(2) 
PARAMETRIC_REPRESENTATION_CONTEXT() REPRESENTATION_CONTEXT('2D SPACE',''
  ) );
#5098 = ADVANCED_FACE('',(#5099,#5109),#4503,.F.);
#5099 = FACE_BOUND('',#5100,.T.);
#5100 = EDGE_LOOP('',(#5101,#5102,#5103,#5104,#5105,#5106,#5107,#5108));
#5101 = ORIENTED_EDGE('',*,*,#4489,.T.);
#5102 = ORIENTED_EDGE('',*,*,#4571,.F.);
#5103 = ORIENTED_EDGE('',*,*,#4648,.T.);
#5104 = ORIENTED_EDGE('',*,*,#4725,.F.);
#5105 = ORIENTED_EDGE('',*,*,#4802,.T.);
#5106 = ORIENTED_EDGE('',*,*,#4879,.F.);
#5107 = ORIENTED_EDGE('',*,*,#4951,.T.);
#5108 = ORIENTED_EDGE('',*,*,#4999,.F.);
#5109 = FACE_BOUND('',#5110,.T.);
#5110 = EDGE_LOOP('',(#5111));
#5111 = ORIENTED_EDGE('',*,*,#5077,.T.);
#5112 = ADVANCED_FACE('',(#5113,#5123),#4449,.T.);
#5113 = FACE_BOUND('',#5114,.F.);
#5114 = EDGE_LOOP('',(#5115,#5116,#5117,#5118,#5119,#5120,#5121,#5122));
#5115 = ORIENTED_EDGE('',*,*,#4433,.T.);
#5116 = ORIENTED_EDGE('',*,*,#4548,.F.);
#5117 = ORIENTED_EDGE('',*,*,#4597,.T.);
#5118 = ORIENTED_EDGE('',*,*,#4702,.F.);
#5119 = ORIENTED_EDGE('',*,*,#4751,.T.);
#5120 = ORIENTED_EDGE('',*,*,#4856,.F.);
#5121 = ORIENTED_EDGE('',*,*,#4905,.T.);
#5122 = ORIENTED_EDGE('',*,*,#4976,.F.);
#5123 = FACE_BOUND('',#5124,.F.);
#5124 = EDGE_LOOP('',(#5125));
#5125 = ORIENTED_EDGE('',*,*,#5054,.T.);
#5126 = ( GEOMETRIC_REPRESENTATION_CONTEXT(3) 
GLOBAL_UNCERTAINTY_ASSIGNED_CONTEXT((#5130)) 
GLOBAL_UNIT_ASSIGNED_CONTEXT((#5127,#5128,#5129)) REPRESENTATION_CONTEXT
('Context #1','3D Context with UNIT and UNCERTAINTY') );
#5127 = ( LENGTH_UNIT() NAMED_UNIT(*) SI_UNIT(.MILLI.,.METRE.) );
#5128 = ( NAMED_UNIT(*) PLANE_ANGLE_UNIT() SI_UNIT($,.RADIAN.) );
#5129 = ( NAMED_UNIT(*) SI_UNIT($,.STERADIAN.) SOLID_ANGLE_UNIT() );
#5130 = UNCERTAINTY_MEASURE_WITH_UNIT(LENGTH_MEASURE(1.E-07),#5127,
  'distance_accuracy_value','confusion accuracy');
#5131 = SHAPE_DEFINITION_REPRESENTATION(#5132,#4391);
#5132 = PRODUCT_DEFINITION_SHAPE('','',#5133);
#5133 = PRODUCT_DEFINITION('design','',#5134,#5137);
#5134 = PRODUCT_DEFINITION_FORMATION('','',#5135);
#5135 = PRODUCT('Washer','Washer','',(#5136));
#5136 = PRODUCT_CONTEXT('',#2,'mechanical');
#5137 = PRODUCT_DEFINITION_CONTEXT('part definition',#2,'design');
#5138 = CONTEXT_DEPENDENT_SHAPE_REPRESENTATION(#5139,#5141);
#5139 = ( REPRESENTATION_RELATIONSHIP('','',#4391,#4377) 
REPRESENTATION_RELATIONSHIP_WITH_TRANSFORMATION(#5140) 
SHAPE_REPRESENTATION_RELATIONSHIP() );
#5140 = ITEM_DEFINED_TRANSFORMATION('','',#11,#4378);
#5141 = PRODUCT_DEFINITION_SHAPE('Placement','Placement of an item',
  #5142);
#5142 = NEXT_ASSEMBLY_USAGE_OCCURRENCE('19','0','',#4372,#5133,$);
#5143 = PRODUCT_RELATED_PRODUCT_CATEGORY('part',$,(#5135));
#5144 = CONTEXT_DEPENDENT_SHAPE_REPRESENTATION(#5145,#5147);
#5145 = ( REPRESENTATION_RELATIONSHIP('','',#4391,#4377) 
REPRESENTATION_RELATIONSHIP_WITH_TRANSFORMATION(#5146) 
SHAPE_REPRESENTATION_RELATIONSHIP() );
#5146 = ITEM_DEFINED_TRANSFORMATION('','',#11,#4382);
#5147 = PRODUCT_DEFINITION_SHAPE('Placement','Placement of an item',
  #5148);
#5148 = NEXT_ASSEMBLY_USAGE_OCCURRENCE('20','1','',#4372,#5133,$);
#5149 = CONTEXT_DEPENDENT_SHAPE_REPRESENTATION(#5150,#5152);
#5150 = ( REPRESENTATION_RELATIONSHIP('','',#4377,#10) 
REPRESENTATION_RELATIONSHIP_WITH_TRANSFORMATION(#5151) 
SHAPE_REPRESENTATION_RELATIONSHIP() );
#5151 = ITEM_DEFINED_TRANSFORMATION('','',#11,#23);
#5152 = PRODUCT_DEFINITION_SHAPE('Placement','Placement of an item',
  #5153);
#5153 = NEXT_ASSEMBLY_USAGE_OCCURRENCE('21','WasherArray','',#5,#4372,$
  );
#5154 = PRODUCT_RELATED_PRODUCT_CATEGORY('part',$,(#4374));
#5155 = SHAPE_DEFINITION_REPRESENTATION(#5156,#5162);
#5156 = PRODUCT_DEFINITION_SHAPE('','',#5157);
#5157 = PRODUCT_DEFINITION('design','',#5158,#5161);
#5158 = PRODUCT_DEFINITION_FORMATION('','',#5159);
#5159 = PRODUCT('InsulatorArray','InsulatorArray','',(#5160));
#5160 = PRODUCT_CONTEXT('',#2,'mechanical');
#5161 = PRODUCT_DEFINITION_CONTEXT('part definition',#2,'design');
#5162 = SHAPE_REPRESENTATION('',(#11,#5163,#5167),#5171);
#5163 = AXIS2_PLACEMENT_3D('',#5164,#5165,#5166);
#5164 = CARTESIAN_POINT('',(0.,0.,0.));
#5165 = DIRECTION('',(0.,0.,1.));
#5166 = DIRECTION('',(1.,0.,0.));
#5167 = AXIS2_PLACEMENT_3D('',#5168,#5169,#5170);
#5168 = CARTESIAN_POINT('',(8.5,0.,0.));
#5169 = DIRECTION('',(0.,0.,1.));
#5170 = DIRECTION('',(1.,0.,0.));
#5171 = ( GEOMETRIC_REPRESENTATION_CONTEXT(3) 
GLOBAL_UNCERTAINTY_ASSIGNED_CONTEXT((#5175)) 
GLOBAL_UNIT_ASSIGNED_CONTEXT((#5172,#5173,#5174)) REPRESENTATION_CONTEXT
('Context #1','3D Context with UNIT and UNCERTAINTY') );
#5172 = ( LENGTH_UNIT() NAMED_UNIT(*) SI_UNIT(.MILLI.,.METRE.) );
#5173 = ( NAMED_UNIT(*) PLANE_ANGLE_UNIT() SI_UNIT($,.RADIAN.) );
#5174 = ( NAMED_UNIT(*) SI_UNIT($,.STERADIAN.) SOLID_ANGLE_UNIT() );
#5175 = UNCERTAINTY_MEASURE_WITH_UNIT(LENGTH_MEASURE(5.E-06),#5172,
  'distance_accuracy_value','confusion accuracy');
#5176 = ADVANCED_BREP_SHAPE_REPRESENTATION('',(#11,#5177),#10091);
#5177 = MANIFOLD_SOLID_BREP('',#5178);
#5178 = CLOSED_SHELL('',(#5179,#5299,#5380,#5732,#5782,#5837,#6054,#6130
    ,#6370,#6446,#6527,#6879,#6955,#7026,#7073,#7144,#7191,#7238,#7309,
    #7356,#7432,#7503,#7579,#7650,#7697,#7704,#7731,#7781,#7808,#7835,
    #8189,#8196,#8246,#8295,#8323,#8350,#8377,#8384,#8460,#8509,#8558,
    #8565,#8592,#8619,#8756,#8832,#8942,#9018,#9094,#9170,#9246,#9322,
    #9393,#9699,#9726,#9753,#9780,#9787,#9834,#9861,#9888,#9895,#10032,
    #10039,#10046));
#5179 = ADVANCED_FACE('',(#5180),#5194,.F.);
#5180 = FACE_BOUND('',#5181,.T.);
#5181 = EDGE_LOOP('',(#5182,#5217,#5245,#5273));
#5182 = ORIENTED_EDGE('',*,*,#5183,.F.);
#5183 = EDGE_CURVE('',#5184,#5186,#5188,.T.);
#5184 = VERTEX_POINT('',#5185);
#5185 = CARTESIAN_POINT('',(3.800000000001,6.000000000002,
    11.299999999999));
#5186 = VERTEX_POINT('',#5187);
#5187 = CARTESIAN_POINT('',(3.799999999999,6.,-1.108E-12));
#5188 = SURFACE_CURVE('',#5189,(#5193,#5205),.PCURVE_S1.);
#5189 = LINE('',#5190,#5191);
#5190 = CARTESIAN_POINT('',(3.800000000001,6.000000000002,
    11.299999999999));
#5191 = VECTOR('',#5192,1.);
#5192 = DIRECTION('',(-1.13E-13,-1.13E-13,-1.));
#5193 = PCURVE('',#5194,#5199);
#5194 = PLANE('',#5195);
#5195 = AXIS2_PLACEMENT_3D('',#5196,#5197,#5198);
#5196 = CARTESIAN_POINT('',(3.600000000001,6.000000000002,
    11.299999999999));
#5197 = DIRECTION('',(1.1291E-13,-1.,1.1291E-13));
#5198 = DIRECTION('',(1.1291E-13,1.1291E-13,1.));
#5199 = DEFINITIONAL_REPRESENTATION('',(#5200),#5204);
#5200 = LINE('',#5201,#5202);
#5201 = CARTESIAN_POINT('',(-2.286995751601E-15,-0.2));
#5202 = VECTOR('',#5203,1.);
#5203 = DIRECTION('',(-1.,9.000000000002E-17));
#5204 = ( GEOMETRIC_REPRESENTATION_CONTEXT(2) 
PARAMETRIC_REPRESENTATION_CONTEXT() REPRESENTATION_CONTEXT('2D SPACE',''
  ) );
#5205 = PCURVE('',#5206,#5211);
#5206 = PLANE('',#5207);
#5207 = AXIS2_PLACEMENT_3D('',#5208,#5209,#5210);
#5208 = CARTESIAN_POINT('',(3.700000000001,5.900000000002,
    11.299999999999));
#5209 = DIRECTION('',(0.707106781187,-0.707106781186,-3.E-17));
#5210 = DIRECTION('',(-1.130212132034E-13,-1.129787867966E-13,-1.));
#5211 = DEFINITIONAL_REPRESENTATION('',(#5212),#5216);
#5212 = LINE('',#5213,#5214);
#5213 = CARTESIAN_POINT('',(4.926389122033E-16,0.141421356237));
#5214 = VECTOR('',#5215,1.);
#5215 = DIRECTION('',(1.,0.));
#5216 = ( GEOMETRIC_REPRESENTATION_CONTEXT(2) 
PARAMETRIC_REPRESENTATION_CONTEXT() REPRESENTATION_CONTEXT('2D SPACE',''
  ) );
#5217 = ORIENTED_EDGE('',*,*,#5218,.T.);
#5218 = EDGE_CURVE('',#5184,#5219,#5221,.T.);
#5219 = VERTEX_POINT('',#5220);
#5220 = CARTESIAN_POINT('',(4.250000000001,6.000000000002,
    11.299999999999));
#5221 = SURFACE_CURVE('',#5222,(#5226,#5233),.PCURVE_S1.);
#5222 = LINE('',#5223,#5224);
#5223 = CARTESIAN_POINT('',(3.600000000001,6.000000000002,
    11.299999999999));
#5224 = VECTOR('',#5225,1.);
#5225 = DIRECTION('',(1.,1.1291E-13,-1.1291E-13));
#5226 = PCURVE('',#5194,#5227);
#5227 = DEFINITIONAL_REPRESENTATION('',(#5228),#5232);
#5228 = LINE('',#5229,#5230);
#5229 = CARTESIAN_POINT('',(0.,-0.));
#5230 = VECTOR('',#5231,1.);
#5231 = DIRECTION('',(1.274799222837E-26,-1.));
#5232 = ( GEOMETRIC_REPRESENTATION_CONTEXT(2) 
PARAMETRIC_REPRESENTATION_CONTEXT() REPRESENTATION_CONTEXT('2D SPACE',''
  ) );
#5233 = PCURVE('',#5234,#5239);
#5234 = CYLINDRICAL_SURFACE('',#5235,1.);
#5235 = AXIS2_PLACEMENT_3D('',#5236,#5237,#5238);
#5236 = CARTESIAN_POINT('',(3.600000000001,5.000000000002,
    11.299999999999));
#5237 = DIRECTION('',(-1.,-1.128E-13,1.1291E-13));
#5238 = DIRECTION('',(-1.128E-13,1.,-1.1291E-13));
#5239 = DEFINITIONAL_REPRESENTATION('',(#5240),#5244);
#5240 = LINE('',#5241,#5242);
#5241 = CARTESIAN_POINT('',(-1.0247E-13,0.));
#5242 = VECTOR('',#5243,1.);
#5243 = DIRECTION('',(-0.,-1.));
#5244 = ( GEOMETRIC_REPRESENTATION_CONTEXT(2) 
PARAMETRIC_REPRESENTATION_CONTEXT() REPRESENTATION_CONTEXT('2D SPACE',''
  ) );
#5245 = ORIENTED_EDGE('',*,*,#5246,.T.);
#5246 = EDGE_CURVE('',#5219,#5247,#5249,.T.);
#5247 = VERTEX_POINT('',#5248);
#5248 = CARTESIAN_POINT('',(4.249999999999,6.,-1.157E-12));
#5249 = SURFACE_CURVE('',#5250,(#5254,#5261),.PCURVE_S1.);
#5250 = LINE('',#5251,#5252);
#5251 = CARTESIAN_POINT('',(4.250000000001,6.000000000002,
    11.299999999999));
#5252 = VECTOR('',#5253,1.);
#5253 = DIRECTION('',(-1.13E-13,-1.13E-13,-1.));
#5254 = PCURVE('',#5194,#5255);
#5255 = DEFINITIONAL_REPRESENTATION('',(#5256),#5260);
#5256 = LINE('',#5257,#5258);
#5257 = CARTESIAN_POINT('',(-1.215487254802E-15,-0.65));
#5258 = VECTOR('',#5259,1.);
#5259 = DIRECTION('',(-1.,9.000000000002E-17));
#5260 = ( GEOMETRIC_REPRESENTATION_CONTEXT(2) 
PARAMETRIC_REPRESENTATION_CONTEXT() REPRESENTATION_CONTEXT('2D SPACE',''
  ) );
#5261 = PCURVE('',#5262,#5267);
#5262 = PLANE('',#5263);
#5263 = AXIS2_PLACEMENT_3D('',#5264,#5265,#5266);
#5264 = CARTESIAN_POINT('',(4.25,1.E-17,6.031080959421));
#5265 = DIRECTION('',(1.,-1.E-17,-1.1366E-13));
#5266 = DIRECTION('',(1.1366E-13,0.,1.));
#5267 = DEFINITIONAL_REPRESENTATION('',(#5268),#5272);
#5268 = LINE('',#5269,#5270);
#5269 = CARTESIAN_POINT('',(5.268919040578,-6.000000000002));
#5270 = VECTOR('',#5271,1.);
#5271 = DIRECTION('',(-1.,1.13E-13));
#5272 = ( GEOMETRIC_REPRESENTATION_CONTEXT(2) 
PARAMETRIC_REPRESENTATION_CONTEXT() REPRESENTATION_CONTEXT('2D SPACE',''
  ) );
#5273 = ORIENTED_EDGE('',*,*,#5274,.F.);
#5274 = EDGE_CURVE('',#5186,#5247,#5275,.T.);
#5275 = SURFACE_CURVE('',#5276,(#5280,#5287),.PCURVE_S1.);
#5276 = LINE('',#5277,#5278);
#5277 = CARTESIAN_POINT('',(3.599999999999,6.,-1.08393E-12));
#5278 = VECTOR('',#5279,1.);
#5279 = DIRECTION('',(1.,1.1291E-13,-1.1291E-13));
#5280 = PCURVE('',#5194,#5281);
#5281 = DEFINITIONAL_REPRESENTATION('',(#5282),#5286);
#5282 = LINE('',#5283,#5284);
#5283 = CARTESIAN_POINT('',(-11.3,-1.470010078154E-17));
#5284 = VECTOR('',#5285,1.);
#5285 = DIRECTION('',(1.274799222837E-26,-1.));
#5286 = ( GEOMETRIC_REPRESENTATION_CONTEXT(2) 
PARAMETRIC_REPRESENTATION_CONTEXT() REPRESENTATION_CONTEXT('2D SPACE',''
  ) );
#5287 = PCURVE('',#5288,#5293);
#5288 = PLANE('',#5289);
#5289 = AXIS2_PLACEMENT_3D('',#5290,#5291,#5292);
#5290 = CARTESIAN_POINT('',(-0.146513304614,1.401133423579E-16,
    -2.671936172246E-13));
#5291 = DIRECTION('',(-2.375691804263E-15,-4.85899540338E-28,-1.));
#5292 = DIRECTION('',(-1.,0.,2.375691804263E-15));
#5293 = DEFINITIONAL_REPRESENTATION('',(#5294),#5298);
#5294 = LINE('',#5295,#5296);
#5295 = CARTESIAN_POINT('',(-3.746513304613,6.));
#5296 = VECTOR('',#5297,1.);
#5297 = DIRECTION('',(-1.,1.1291E-13));
#5298 = ( GEOMETRIC_REPRESENTATION_CONTEXT(2) 
PARAMETRIC_REPRESENTATION_CONTEXT() REPRESENTATION_CONTEXT('2D SPACE',''
  ) );
#5299 = ADVANCED_FACE('',(#5300),#5206,.F.);
#5300 = FACE_BOUND('',#5301,.F.);
#5301 = EDGE_LOOP('',(#5302,#5330,#5358,#5379));
#5302 = ORIENTED_EDGE('',*,*,#5303,.F.);
#5303 = EDGE_CURVE('',#5304,#5184,#5306,.T.);
#5304 = VERTEX_POINT('',#5305);
#5305 = CARTESIAN_POINT('',(3.600000000001,5.800000000002,
    11.299999999999));
#5306 = SURFACE_CURVE('',#5307,(#5311,#5318),.PCURVE_S1.);
#5307 = LINE('',#5308,#5309);
#5308 = CARTESIAN_POINT('',(3.800000000001,6.000000000002,
    11.299999999999));
#5309 = VECTOR('',#5310,1.);
#5310 = DIRECTION('',(0.707106781186,0.707106781187,-8.748E-14));
#5311 = PCURVE('',#5206,#5312);
#5312 = DEFINITIONAL_REPRESENTATION('',(#5313),#5317);
#5313 = LINE('',#5314,#5315);
#5314 = CARTESIAN_POINT('',(4.926389122032E-16,0.141421356237));
#5315 = VECTOR('',#5316,1.);
#5316 = DIRECTION('',(-7.232613254816E-14,1.));
#5317 = ( GEOMETRIC_REPRESENTATION_CONTEXT(2) 
PARAMETRIC_REPRESENTATION_CONTEXT() REPRESENTATION_CONTEXT('2D SPACE',''
  ) );
#5318 = PCURVE('',#5319,#5324);
#5319 = CONICAL_SURFACE('',#5320,1.,0.785398163397);
#5320 = AXIS2_PLACEMENT_3D('',#5321,#5322,#5323);
#5321 = CARTESIAN_POINT('',(3.800000000001,5.000000000002,
    11.299999999999));
#5322 = DIRECTION('',(1.,1.1279E-13,-1.129E-13));
#5323 = DIRECTION('',(1.129E-13,9.77E-15,1.));
#5324 = DEFINITIONAL_REPRESENTATION('',(#5325),#5329);
#5325 = LINE('',#5326,#5327);
#5326 = CARTESIAN_POINT('',(-1.570796326795,0.));
#5327 = VECTOR('',#5328,1.);
#5328 = DIRECTION('',(-0.,1.));
#5329 = ( GEOMETRIC_REPRESENTATION_CONTEXT(2) 
PARAMETRIC_REPRESENTATION_CONTEXT() REPRESENTATION_CONTEXT('2D SPACE',''
  ) );
#5330 = ORIENTED_EDGE('',*,*,#5331,.T.);
#5331 = EDGE_CURVE('',#5304,#5332,#5334,.T.);
#5332 = VERTEX_POINT('',#5333);
#5333 = CARTESIAN_POINT('',(3.599999999999,5.8,-1.06E-12));
#5334 = SURFACE_CURVE('',#5335,(#5339,#5346),.PCURVE_S1.);
#5335 = LINE('',#5336,#5337);
#5336 = CARTESIAN_POINT('',(3.600000000001,5.800000000002,
    11.299999999999));
#5337 = VECTOR('',#5338,1.);
#5338 = DIRECTION('',(-1.13E-13,-1.13E-13,-1.));
#5339 = PCURVE('',#5206,#5340);
#5340 = DEFINITIONAL_REPRESENTATION('',(#5341),#5345);
#5341 = LINE('',#5342,#5343);
#5342 = CARTESIAN_POINT('',(-4.926389122032E-16,-0.141421356237));
#5343 = VECTOR('',#5344,1.);
#5344 = DIRECTION('',(1.,0.));
#5345 = ( GEOMETRIC_REPRESENTATION_CONTEXT(2) 
PARAMETRIC_REPRESENTATION_CONTEXT() REPRESENTATION_CONTEXT('2D SPACE',''
  ) );
#5346 = PCURVE('',#5347,#5352);
#5347 = PLANE('',#5348);
#5348 = AXIS2_PLACEMENT_3D('',#5349,#5350,#5351);
#5349 = CARTESIAN_POINT('',(3.6,0.,6.548963197516));
#5350 = DIRECTION('',(-1.,0.,1.0891E-13));
#5351 = DIRECTION('',(-1.0891E-13,0.,-1.));
#5352 = DEFINITIONAL_REPRESENTATION('',(#5353),#5357);
#5353 = LINE('',#5354,#5355);
#5354 = CARTESIAN_POINT('',(-4.751036802483,-5.800000000002));
#5355 = VECTOR('',#5356,1.);
#5356 = DIRECTION('',(1.,1.13E-13));
#5357 = ( GEOMETRIC_REPRESENTATION_CONTEXT(2) 
PARAMETRIC_REPRESENTATION_CONTEXT() REPRESENTATION_CONTEXT('2D SPACE',''
  ) );
#5358 = ORIENTED_EDGE('',*,*,#5359,.T.);
#5359 = EDGE_CURVE('',#5332,#5186,#5360,.T.);
#5360 = SURFACE_CURVE('',#5361,(#5365,#5372),.PCURVE_S1.);
#5361 = LINE('',#5362,#5363);
#5362 = CARTESIAN_POINT('',(2.58125,4.78125,-4.5913E-13));
#5363 = VECTOR('',#5364,1.);
#5364 = DIRECTION('',(0.707106781186,0.707106781187,-1.4091E-13));
#5365 = PCURVE('',#5206,#5366);
#5366 = DEFINITIONAL_REPRESENTATION('',(#5367),#5371);
#5367 = LINE('',#5368,#5369);
#5368 = CARTESIAN_POINT('',(11.3,-1.582151422905));
#5369 = VECTOR('',#5370,1.);
#5370 = DIRECTION('',(-1.889613254816E-14,1.));
#5371 = ( GEOMETRIC_REPRESENTATION_CONTEXT(2) 
PARAMETRIC_REPRESENTATION_CONTEXT() REPRESENTATION_CONTEXT('2D SPACE',''
  ) );
#5372 = PCURVE('',#5288,#5373);
#5373 = DEFINITIONAL_REPRESENTATION('',(#5374),#5378);
#5374 = LINE('',#5375,#5376);
#5375 = CARTESIAN_POINT('',(-2.727763304613,4.78125));
#5376 = VECTOR('',#5377,1.);
#5377 = DIRECTION('',(-0.707106781186,0.707106781187));
#5378 = ( GEOMETRIC_REPRESENTATION_CONTEXT(2) 
PARAMETRIC_REPRESENTATION_CONTEXT() REPRESENTATION_CONTEXT('2D SPACE',''
  ) );
#5379 = ORIENTED_EDGE('',*,*,#5183,.F.);
#5380 = ADVANCED_FACE('',(#5381),#5262,.T.);
#5381 = FACE_BOUND('',#5382,.T.);
#5382 = EDGE_LOOP('',(#5383,#5384,#5408,#5436,#5469,#5497,#5520,#5548,
    #5576,#5604,#5627,#5655,#5683,#5711));
#5383 = ORIENTED_EDGE('',*,*,#5246,.F.);
#5384 = ORIENTED_EDGE('',*,*,#5385,.T.);
#5385 = EDGE_CURVE('',#5219,#5386,#5388,.T.);
#5386 = VERTEX_POINT('',#5387);
#5387 = CARTESIAN_POINT('',(4.250000000001,5.000000000002,
    12.299999999999));
#5388 = SURFACE_CURVE('',#5389,(#5394,#5401),.PCURVE_S1.);
#5389 = CIRCLE('',#5390,1.);
#5390 = AXIS2_PLACEMENT_3D('',#5391,#5392,#5393);
#5391 = CARTESIAN_POINT('',(4.250000000001,5.000000000002,
    11.299999999999));
#5392 = DIRECTION('',(1.,1.13E-13,-1.13E-13));
#5393 = DIRECTION('',(-1.13E-13,1.,-1.13E-13));
#5394 = PCURVE('',#5262,#5395);
#5395 = DEFINITIONAL_REPRESENTATION('',(#5396),#5400);
#5396 = CIRCLE('',#5397,1.);
#5397 = AXIS2_PLACEMENT_2D('',#5398,#5399);
#5398 = CARTESIAN_POINT('',(5.268919040578,-5.000000000002));
#5399 = DIRECTION('',(-1.13E-13,-1.));
#5400 = ( GEOMETRIC_REPRESENTATION_CONTEXT(2) 
PARAMETRIC_REPRESENTATION_CONTEXT() REPRESENTATION_CONTEXT('2D SPACE',''
  ) );
#5401 = PCURVE('',#5234,#5402);
#5402 = DEFINITIONAL_REPRESENTATION('',(#5403),#5407);
#5403 = LINE('',#5404,#5405);
#5404 = CARTESIAN_POINT('',(-0.,-0.65));
#5405 = VECTOR('',#5406,1.);
#5406 = DIRECTION('',(-1.,0.));
#5407 = ( GEOMETRIC_REPRESENTATION_CONTEXT(2) 
PARAMETRIC_REPRESENTATION_CONTEXT() REPRESENTATION_CONTEXT('2D SPACE',''
  ) );
#5408 = ORIENTED_EDGE('',*,*,#5409,.F.);
#5409 = EDGE_CURVE('',#5410,#5386,#5412,.T.);
#5410 = VERTEX_POINT('',#5411);
#5411 = CARTESIAN_POINT('',(4.250000000001,-5.000000000002,
    12.299999999999));
#5412 = SURFACE_CURVE('',#5413,(#5417,#5424),.PCURVE_S1.);
#5413 = LINE('',#5414,#5415);
#5414 = CARTESIAN_POINT('',(4.250000000001,1.8689E-12,12.3));
#5415 = VECTOR('',#5416,1.);
#5416 = DIRECTION('',(-1.13E-13,1.,-1.13E-13));
#5417 = PCURVE('',#5262,#5418);
#5418 = DEFINITIONAL_REPRESENTATION('',(#5419),#5423);
#5419 = LINE('',#5420,#5421);
#5420 = CARTESIAN_POINT('',(6.268919040578,-1.86889E-12));
#5421 = VECTOR('',#5422,1.);
#5422 = DIRECTION('',(-1.13E-13,-1.));
#5423 = ( GEOMETRIC_REPRESENTATION_CONTEXT(2) 
PARAMETRIC_REPRESENTATION_CONTEXT() REPRESENTATION_CONTEXT('2D SPACE',''
  ) );
#5424 = PCURVE('',#5425,#5430);
#5425 = PLANE('',#5426);
#5426 = AXIS2_PLACEMENT_3D('',#5427,#5428,#5429);
#5427 = CARTESIAN_POINT('',(4.025000000001,-6.E-17,12.299999999999));
#5428 = DIRECTION('',(1.1053E-13,0.,1.));
#5429 = DIRECTION('',(1.,0.,-1.1053E-13));
#5430 = DEFINITIONAL_REPRESENTATION('',(#5431),#5435);
#5431 = LINE('',#5432,#5433);
#5432 = CARTESIAN_POINT('',(0.225,1.86896E-12));
#5433 = VECTOR('',#5434,1.);
#5434 = DIRECTION('',(-1.13E-13,1.));
#5435 = ( GEOMETRIC_REPRESENTATION_CONTEXT(2) 
PARAMETRIC_REPRESENTATION_CONTEXT() REPRESENTATION_CONTEXT('2D SPACE',''
  ) );
#5436 = ORIENTED_EDGE('',*,*,#5437,.F.);
#5437 = EDGE_CURVE('',#5438,#5410,#5440,.T.);
#5438 = VERTEX_POINT('',#5439);
#5439 = CARTESIAN_POINT('',(4.250000000001,-6.000000000002,
    11.299999999999));
#5440 = SURFACE_CURVE('',#5441,(#5446,#5457),.PCURVE_S1.);
#5441 = CIRCLE('',#5442,1.);
#5442 = AXIS2_PLACEMENT_3D('',#5443,#5444,#5445);
#5443 = CARTESIAN_POINT('',(4.250000000001,-5.000000000002,
    11.299999999999));
#5444 = DIRECTION('',(-1.,1.13E-13,1.13E-13));
#5445 = DIRECTION('',(-1.13E-13,-1.,-1.13E-13));
#5446 = PCURVE('',#5262,#5447);
#5447 = DEFINITIONAL_REPRESENTATION('',(#5448),#5456);
#5448 = ( BOUNDED_CURVE() B_SPLINE_CURVE(2,(#5449,#5450,#5451,#5452,
#5453,#5454,#5455),.UNSPECIFIED.,.T.,.F.) B_SPLINE_CURVE_WITH_KNOTS((1,2
    ,2,2,2,1),(-2.094395102393,0.,2.094395102393,4.188790204786,
6.28318530718,8.377580409573),.UNSPECIFIED.) CURVE() 
GEOMETRIC_REPRESENTATION_ITEM() RATIONAL_B_SPLINE_CURVE((1.,0.5,1.,0.5,
1.,0.5,1.)) REPRESENTATION_ITEM('') );
#5449 = CARTESIAN_POINT('',(5.268919040578,6.000000000002));
#5450 = CARTESIAN_POINT('',(7.000969848146,6.000000000002));
#5451 = CARTESIAN_POINT('',(6.134944444362,4.500000000002));
#5452 = CARTESIAN_POINT('',(5.268919040578,3.000000000002));
#5453 = CARTESIAN_POINT('',(4.402893636793,4.500000000002));
#5454 = CARTESIAN_POINT('',(3.536868233009,6.000000000002));
#5455 = CARTESIAN_POINT('',(5.268919040578,6.000000000002));
#5456 = ( GEOMETRIC_REPRESENTATION_CONTEXT(2) 
PARAMETRIC_REPRESENTATION_CONTEXT() REPRESENTATION_CONTEXT('2D SPACE',''
  ) );
#5457 = PCURVE('',#5458,#5463);
#5458 = CYLINDRICAL_SURFACE('',#5459,1.);
#5459 = AXIS2_PLACEMENT_3D('',#5460,#5461,#5462);
#5460 = CARTESIAN_POINT('',(3.600000000001,-5.000000000002,
    11.299999999999));
#5461 = DIRECTION('',(-1.,1.128E-13,1.1291E-13));
#5462 = DIRECTION('',(-1.128E-13,-1.,-1.1291E-13));
#5463 = DEFINITIONAL_REPRESENTATION('',(#5464),#5468);
#5464 = LINE('',#5465,#5466);
#5465 = CARTESIAN_POINT('',(0.,-0.65));
#5466 = VECTOR('',#5467,1.);
#5467 = DIRECTION('',(1.,0.));
#5468 = ( GEOMETRIC_REPRESENTATION_CONTEXT(2) 
PARAMETRIC_REPRESENTATION_CONTEXT() REPRESENTATION_CONTEXT('2D SPACE',''
  ) );
#5469 = ORIENTED_EDGE('',*,*,#5470,.T.);
#5470 = EDGE_CURVE('',#5438,#5471,#5473,.T.);
#5471 = VERTEX_POINT('',#5472);
#5472 = CARTESIAN_POINT('',(4.249999999999,-6.,-1.157E-12));
#5473 = SURFACE_CURVE('',#5474,(#5478,#5485),.PCURVE_S1.);
#5474 = LINE('',#5475,#5476);
#5475 = CARTESIAN_POINT('',(4.250000000001,-6.000000000002,
    11.299999999999));
#5476 = VECTOR('',#5477,1.);
#5477 = DIRECTION('',(-1.13E-13,1.13E-13,-1.));
#5478 = PCURVE('',#5262,#5479);
#5479 = DEFINITIONAL_REPRESENTATION('',(#5480),#5484);
#5480 = LINE('',#5481,#5482);
#5481 = CARTESIAN_POINT('',(5.268919040578,6.000000000002));
#5482 = VECTOR('',#5483,1.);
#5483 = DIRECTION('',(-1.,-1.13E-13));
#5484 = ( GEOMETRIC_REPRESENTATION_CONTEXT(2) 
PARAMETRIC_REPRESENTATION_CONTEXT() REPRESENTATION_CONTEXT('2D SPACE',''
  ) );
#5485 = PCURVE('',#5486,#5491);
#5486 = PLANE('',#5487);
#5487 = AXIS2_PLACEMENT_3D('',#5488,#5489,#5490);
#5488 = CARTESIAN_POINT('',(3.600000000001,-6.000000000002,
    11.299999999999));
#5489 = DIRECTION('',(1.1291E-13,1.,1.1291E-13));
#5490 = DIRECTION('',(-1.1291E-13,1.1291E-13,-1.));
#5491 = DEFINITIONAL_REPRESENTATION('',(#5492),#5496);
#5492 = LINE('',#5493,#5494);
#5493 = CARTESIAN_POINT('',(1.215487254802E-15,-0.65));
#5494 = VECTOR('',#5495,1.);
#5495 = DIRECTION('',(1.,9.000000000002E-17));
#5496 = ( GEOMETRIC_REPRESENTATION_CONTEXT(2) 
PARAMETRIC_REPRESENTATION_CONTEXT() REPRESENTATION_CONTEXT('2D SPACE',''
  ) );
#5497 = ORIENTED_EDGE('',*,*,#5498,.F.);
#5498 = EDGE_CURVE('',#5499,#5471,#5501,.T.);
#5499 = VERTEX_POINT('',#5500);
#5500 = CARTESIAN_POINT('',(4.25,-4.416305717362,0.));
#5501 = SURFACE_CURVE('',#5502,(#5506,#5513),.PCURVE_S1.);
#5502 = LINE('',#5503,#5504);
#5503 = CARTESIAN_POINT('',(4.249999999999,6.,-1.157E-12));
#5504 = VECTOR('',#5505,1.);
#5505 = DIRECTION('',(1.13E-13,-1.,1.13E-13));
#5506 = PCURVE('',#5262,#5507);
#5507 = DEFINITIONAL_REPRESENTATION('',(#5508),#5512);
#5508 = LINE('',#5509,#5510);
#5509 = CARTESIAN_POINT('',(-6.031080959422,-6.));
#5510 = VECTOR('',#5511,1.);
#5511 = DIRECTION('',(1.13E-13,1.));
#5512 = ( GEOMETRIC_REPRESENTATION_CONTEXT(2) 
PARAMETRIC_REPRESENTATION_CONTEXT() REPRESENTATION_CONTEXT('2D SPACE',''
  ) );
#5513 = PCURVE('',#5288,#5514);
#5514 = DEFINITIONAL_REPRESENTATION('',(#5515),#5519);
#5515 = LINE('',#5516,#5517);
#5516 = CARTESIAN_POINT('',(-4.396513304613,6.));
#5517 = VECTOR('',#5518,1.);
#5518 = DIRECTION('',(-1.13E-13,-1.));
#5519 = ( GEOMETRIC_REPRESENTATION_CONTEXT(2) 
PARAMETRIC_REPRESENTATION_CONTEXT() REPRESENTATION_CONTEXT('2D SPACE',''
  ) );
#5520 = ORIENTED_EDGE('',*,*,#5521,.T.);
#5521 = EDGE_CURVE('',#5499,#5522,#5524,.T.);
#5522 = VERTEX_POINT('',#5523);
#5523 = CARTESIAN_POINT('',(4.25,-4.416305717362,6.));
#5524 = SURFACE_CURVE('',#5525,(#5529,#5536),.PCURVE_S1.);
#5525 = LINE('',#5526,#5527);
#5526 = CARTESIAN_POINT('',(4.25,-4.416305717362,0.));
#5527 = VECTOR('',#5528,1.);
#5528 = DIRECTION('',(0.,0.,1.));
#5529 = PCURVE('',#5262,#5530);
#5530 = DEFINITIONAL_REPRESENTATION('',(#5531),#5535);
#5531 = LINE('',#5532,#5533);
#5532 = CARTESIAN_POINT('',(-6.031080959421,4.416305717362));
#5533 = VECTOR('',#5534,1.);
#5534 = DIRECTION('',(1.,1.1366E-30));
#5535 = ( GEOMETRIC_REPRESENTATION_CONTEXT(2) 
PARAMETRIC_REPRESENTATION_CONTEXT() REPRESENTATION_CONTEXT('2D SPACE',''
  ) );
#5536 = PCURVE('',#5537,#5542);
#5537 = PLANE('',#5538);
#5538 = AXIS2_PLACEMENT_3D('',#5539,#5540,#5541);
#5539 = CARTESIAN_POINT('',(4.25,-4.416305717362,0.));
#5540 = DIRECTION('',(-0.173648177667,0.984807753012,0.));
#5541 = DIRECTION('',(0.984807753012,0.173648177667,0.));
#5542 = DEFINITIONAL_REPRESENTATION('',(#5543),#5547);
#5543 = LINE('',#5544,#5545);
#5544 = CARTESIAN_POINT('',(-0.,-0.));
#5545 = VECTOR('',#5546,1.);
#5546 = DIRECTION('',(-0.,-1.));
#5547 = ( GEOMETRIC_REPRESENTATION_CONTEXT(2) 
PARAMETRIC_REPRESENTATION_CONTEXT() REPRESENTATION_CONTEXT('2D SPACE',''
  ) );
#5548 = ORIENTED_EDGE('',*,*,#5549,.F.);
#5549 = EDGE_CURVE('',#5550,#5522,#5552,.T.);
#5550 = VERTEX_POINT('',#5551);
#5551 = CARTESIAN_POINT('',(4.25,-3.583694282638,6.));
#5552 = SURFACE_CURVE('',#5553,(#5557,#5564),.PCURVE_S1.);
#5553 = LINE('',#5554,#5555);
#5554 = CARTESIAN_POINT('',(4.25,-3.583694282638,6.));
#5555 = VECTOR('',#5556,1.);
#5556 = DIRECTION('',(-0.,-1.,-0.));
#5557 = PCURVE('',#5262,#5558);
#5558 = DEFINITIONAL_REPRESENTATION('',(#5559),#5563);
#5559 = LINE('',#5560,#5561);
#5560 = CARTESIAN_POINT('',(-3.108095942134E-02,3.583694282638));
#5561 = VECTOR('',#5562,1.);
#5562 = DIRECTION('',(0.,1.));
#5563 = ( GEOMETRIC_REPRESENTATION_CONTEXT(2) 
PARAMETRIC_REPRESENTATION_CONTEXT() REPRESENTATION_CONTEXT('2D SPACE',''
  ) );
#5564 = PCURVE('',#5565,#5570);
#5565 = PLANE('',#5566);
#5566 = AXIS2_PLACEMENT_3D('',#5567,#5568,#5569);
#5567 = CARTESIAN_POINT('',(3.762516893523,-4.,6.));
#5568 = DIRECTION('',(0.,0.,1.));
#5569 = DIRECTION('',(-1.,-0.,-0.));
#5570 = DEFINITIONAL_REPRESENTATION('',(#5571),#5575);
#5571 = LINE('',#5572,#5573);
#5572 = CARTESIAN_POINT('',(-0.487483106477,-0.416305717362));
#5573 = VECTOR('',#5574,1.);
#5574 = DIRECTION('',(-0.,1.));
#5575 = ( GEOMETRIC_REPRESENTATION_CONTEXT(2) 
PARAMETRIC_REPRESENTATION_CONTEXT() REPRESENTATION_CONTEXT('2D SPACE',''
  ) );
#5576 = ORIENTED_EDGE('',*,*,#5577,.F.);
#5577 = EDGE_CURVE('',#5578,#5550,#5580,.T.);
#5578 = VERTEX_POINT('',#5579);
#5579 = CARTESIAN_POINT('',(4.25,-3.583694282638,0.));
#5580 = SURFACE_CURVE('',#5581,(#5585,#5592),.PCURVE_S1.);
#5581 = LINE('',#5582,#5583);
#5582 = CARTESIAN_POINT('',(4.25,-3.583694282638,0.));
#5583 = VECTOR('',#5584,1.);
#5584 = DIRECTION('',(0.,0.,1.));
#5585 = PCURVE('',#5262,#5586);
#5586 = DEFINITIONAL_REPRESENTATION('',(#5587),#5591);
#5587 = LINE('',#5588,#5589);
#5588 = CARTESIAN_POINT('',(-6.031080959421,3.583694282638));
#5589 = VECTOR('',#5590,1.);
#5590 = DIRECTION('',(1.,1.1366E-30));
#5591 = ( GEOMETRIC_REPRESENTATION_CONTEXT(2) 
PARAMETRIC_REPRESENTATION_CONTEXT() REPRESENTATION_CONTEXT('2D SPACE',''
  ) );
#5592 = PCURVE('',#5593,#5598);
#5593 = PLANE('',#5594);
#5594 = AXIS2_PLACEMENT_3D('',#5595,#5596,#5597);
#5595 = CARTESIAN_POINT('',(3.35,-3.425,0.));
#5596 = DIRECTION('',(-0.173648177667,-0.984807753012,-0.));
#5597 = DIRECTION('',(-0.984807753012,0.173648177667,0.));
#5598 = DEFINITIONAL_REPRESENTATION('',(#5599),#5603);
#5599 = LINE('',#5600,#5601);
#5600 = CARTESIAN_POINT('',(-0.913883950697,0.));
#5601 = VECTOR('',#5602,1.);
#5602 = DIRECTION('',(-0.,-1.));
#5603 = ( GEOMETRIC_REPRESENTATION_CONTEXT(2) 
PARAMETRIC_REPRESENTATION_CONTEXT() REPRESENTATION_CONTEXT('2D SPACE',''
  ) );
#5604 = ORIENTED_EDGE('',*,*,#5605,.F.);
#5605 = EDGE_CURVE('',#5606,#5578,#5608,.T.);
#5606 = VERTEX_POINT('',#5607);
#5607 = CARTESIAN_POINT('',(4.25,3.583694282638,0.));
#5608 = SURFACE_CURVE('',#5609,(#5613,#5620),.PCURVE_S1.);
#5609 = LINE('',#5610,#5611);
#5610 = CARTESIAN_POINT('',(4.249999999999,6.,-1.157E-12));
#5611 = VECTOR('',#5612,1.);
#5612 = DIRECTION('',(1.13E-13,-1.,1.13E-13));
#5613 = PCURVE('',#5262,#5614);
#5614 = DEFINITIONAL_REPRESENTATION('',(#5615),#5619);
#5615 = LINE('',#5616,#5617);
#5616 = CARTESIAN_POINT('',(-6.031080959422,-6.));
#5617 = VECTOR('',#5618,1.);
#5618 = DIRECTION('',(1.13E-13,1.));
#5619 = ( GEOMETRIC_REPRESENTATION_CONTEXT(2) 
PARAMETRIC_REPRESENTATION_CONTEXT() REPRESENTATION_CONTEXT('2D SPACE',''
  ) );
#5620 = PCURVE('',#5288,#5621);
#5621 = DEFINITIONAL_REPRESENTATION('',(#5622),#5626);
#5622 = LINE('',#5623,#5624);
#5623 = CARTESIAN_POINT('',(-4.396513304613,6.));
#5624 = VECTOR('',#5625,1.);
#5625 = DIRECTION('',(-1.13E-13,-1.));
#5626 = ( GEOMETRIC_REPRESENTATION_CONTEXT(2) 
PARAMETRIC_REPRESENTATION_CONTEXT() REPRESENTATION_CONTEXT('2D SPACE',''
  ) );
#5627 = ORIENTED_EDGE('',*,*,#5628,.T.);
#5628 = EDGE_CURVE('',#5606,#5629,#5631,.T.);
#5629 = VERTEX_POINT('',#5630);
#5630 = CARTESIAN_POINT('',(4.25,3.583694282638,6.));
#5631 = SURFACE_CURVE('',#5632,(#5636,#5643),.PCURVE_S1.);
#5632 = LINE('',#5633,#5634);
#5633 = CARTESIAN_POINT('',(4.25,3.583694282638,0.));
#5634 = VECTOR('',#5635,1.);
#5635 = DIRECTION('',(0.,0.,1.));
#5636 = PCURVE('',#5262,#5637);
#5637 = DEFINITIONAL_REPRESENTATION('',(#5638),#5642);
#5638 = LINE('',#5639,#5640);
#5639 = CARTESIAN_POINT('',(-6.031080959421,-3.583694282638));
#5640 = VECTOR('',#5641,1.);
#5641 = DIRECTION('',(1.,1.1366E-30));
#5642 = ( GEOMETRIC_REPRESENTATION_CONTEXT(2) 
PARAMETRIC_REPRESENTATION_CONTEXT() REPRESENTATION_CONTEXT('2D SPACE',''
  ) );
#5643 = PCURVE('',#5644,#5649);
#5644 = PLANE('',#5645);
#5645 = AXIS2_PLACEMENT_3D('',#5646,#5647,#5648);
#5646 = CARTESIAN_POINT('',(3.35,3.425,0.));
#5647 = DIRECTION('',(-0.173648177667,0.984807753012,0.));
#5648 = DIRECTION('',(0.984807753012,0.173648177667,0.));
#5649 = DEFINITIONAL_REPRESENTATION('',(#5650),#5654);
#5650 = LINE('',#5651,#5652);
#5651 = CARTESIAN_POINT('',(0.913883950697,0.));
#5652 = VECTOR('',#5653,1.);
#5653 = DIRECTION('',(0.,-1.));
#5654 = ( GEOMETRIC_REPRESENTATION_CONTEXT(2) 
PARAMETRIC_REPRESENTATION_CONTEXT() REPRESENTATION_CONTEXT('2D SPACE',''
  ) );
#5655 = ORIENTED_EDGE('',*,*,#5656,.T.);
#5656 = EDGE_CURVE('',#5629,#5657,#5659,.T.);
#5657 = VERTEX_POINT('',#5658);
#5658 = CARTESIAN_POINT('',(4.25,4.416305717362,6.));
#5659 = SURFACE_CURVE('',#5660,(#5664,#5671),.PCURVE_S1.);
#5660 = LINE('',#5661,#5662);
#5661 = CARTESIAN_POINT('',(4.25,3.583694282638,6.));
#5662 = VECTOR('',#5663,1.);
#5663 = DIRECTION('',(0.,1.,0.));
#5664 = PCURVE('',#5262,#5665);
#5665 = DEFINITIONAL_REPRESENTATION('',(#5666),#5670);
#5666 = LINE('',#5667,#5668);
#5667 = CARTESIAN_POINT('',(-3.108095942134E-02,-3.583694282638));
#5668 = VECTOR('',#5669,1.);
#5669 = DIRECTION('',(0.,-1.));
#5670 = ( GEOMETRIC_REPRESENTATION_CONTEXT(2) 
PARAMETRIC_REPRESENTATION_CONTEXT() REPRESENTATION_CONTEXT('2D SPACE',''
  ) );
#5671 = PCURVE('',#5672,#5677);
#5672 = PLANE('',#5673);
#5673 = AXIS2_PLACEMENT_3D('',#5674,#5675,#5676);
#5674 = CARTESIAN_POINT('',(3.762516893523,4.,6.));
#5675 = DIRECTION('',(0.,0.,1.));
#5676 = DIRECTION('',(1.,0.,0.));
#5677 = DEFINITIONAL_REPRESENTATION('',(#5678),#5682);
#5678 = LINE('',#5679,#5680);
#5679 = CARTESIAN_POINT('',(0.487483106477,-0.416305717362));
#5680 = VECTOR('',#5681,1.);
#5681 = DIRECTION('',(0.,1.));
#5682 = ( GEOMETRIC_REPRESENTATION_CONTEXT(2) 
PARAMETRIC_REPRESENTATION_CONTEXT() REPRESENTATION_CONTEXT('2D SPACE',''
  ) );
#5683 = ORIENTED_EDGE('',*,*,#5684,.F.);
#5684 = EDGE_CURVE('',#5685,#5657,#5687,.T.);
#5685 = VERTEX_POINT('',#5686);
#5686 = CARTESIAN_POINT('',(4.25,4.416305717362,0.));
#5687 = SURFACE_CURVE('',#5688,(#5692,#5699),.PCURVE_S1.);
#5688 = LINE('',#5689,#5690);
#5689 = CARTESIAN_POINT('',(4.25,4.416305717362,0.));
#5690 = VECTOR('',#5691,1.);
#5691 = DIRECTION('',(0.,0.,1.));
#5692 = PCURVE('',#5262,#5693);
#5693 = DEFINITIONAL_REPRESENTATION('',(#5694),#5698);
#5694 = LINE('',#5695,#5696);
#5695 = CARTESIAN_POINT('',(-6.031080959421,-4.416305717362));
#5696 = VECTOR('',#5697,1.);
#5697 = DIRECTION('',(1.,1.1366E-30));
#5698 = ( GEOMETRIC_REPRESENTATION_CONTEXT(2) 
PARAMETRIC_REPRESENTATION_CONTEXT() REPRESENTATION_CONTEXT('2D SPACE',''
  ) );
#5699 = PCURVE('',#5700,#5705);
#5700 = PLANE('',#5701);
#5701 = AXIS2_PLACEMENT_3D('',#5702,#5703,#5704);
#5702 = CARTESIAN_POINT('',(4.25,4.416305717362,0.));
#5703 = DIRECTION('',(-0.173648177667,-0.984807753012,0.));
#5704 = DIRECTION('',(-0.984807753012,0.173648177667,0.));
#5705 = DEFINITIONAL_REPRESENTATION('',(#5706),#5710);
#5706 = LINE('',#5707,#5708);
#5707 = CARTESIAN_POINT('',(0.,0.));
#5708 = VECTOR('',#5709,1.);
#5709 = DIRECTION('',(0.,-1.));
#5710 = ( GEOMETRIC_REPRESENTATION_CONTEXT(2) 
PARAMETRIC_REPRESENTATION_CONTEXT() REPRESENTATION_CONTEXT('2D SPACE',''
  ) );
#5711 = ORIENTED_EDGE('',*,*,#5712,.F.);
#5712 = EDGE_CURVE('',#5247,#5685,#5713,.T.);
#5713 = SURFACE_CURVE('',#5714,(#5718,#5725),.PCURVE_S1.);
#5714 = LINE('',#5715,#5716);
#5715 = CARTESIAN_POINT('',(4.249999999999,6.,-1.157E-12));
#5716 = VECTOR('',#5717,1.);
#5717 = DIRECTION('',(1.13E-13,-1.,1.13E-13));
#5718 = PCURVE('',#5262,#5719);
#5719 = DEFINITIONAL_REPRESENTATION('',(#5720),#5724);
#5720 = LINE('',#5721,#5722);
#5721 = CARTESIAN_POINT('',(-6.031080959422,-6.));
#5722 = VECTOR('',#5723,1.);
#5723 = DIRECTION('',(1.13E-13,1.));
#5724 = ( GEOMETRIC_REPRESENTATION_CONTEXT(2) 
PARAMETRIC_REPRESENTATION_CONTEXT() REPRESENTATION_CONTEXT('2D SPACE',''
  ) );
#5725 = PCURVE('',#5288,#5726);
#5726 = DEFINITIONAL_REPRESENTATION('',(#5727),#5731);
#5727 = LINE('',#5728,#5729);
#5728 = CARTESIAN_POINT('',(-4.396513304613,6.));
#5729 = VECTOR('',#5730,1.);
#5730 = DIRECTION('',(-1.13E-13,-1.));
#5731 = ( GEOMETRIC_REPRESENTATION_CONTEXT(2) 
PARAMETRIC_REPRESENTATION_CONTEXT() REPRESENTATION_CONTEXT('2D SPACE',''
  ) );
#5732 = ADVANCED_FACE('',(#5733),#5234,.T.);
#5733 = FACE_BOUND('',#5734,.F.);
#5734 = EDGE_LOOP('',(#5735,#5759,#5760,#5761));
#5735 = ORIENTED_EDGE('',*,*,#5736,.T.);
#5736 = EDGE_CURVE('',#5737,#5184,#5739,.T.);
#5737 = VERTEX_POINT('',#5738);
#5738 = CARTESIAN_POINT('',(3.800000000001,5.000000000002,
    12.299999999999));
#5739 = SURFACE_CURVE('',#5740,(#5745,#5752),.PCURVE_S1.);
#5740 = CIRCLE('',#5741,1.);
#5741 = AXIS2_PLACEMENT_3D('',#5742,#5743,#5744);
#5742 = CARTESIAN_POINT('',(3.800000000001,5.000000000002,
    11.299999999999));
#5743 = DIRECTION('',(-1.,-1.1279E-13,1.129E-13));
#5744 = DIRECTION('',(1.129E-13,9.77E-15,1.));
#5745 = PCURVE('',#5234,#5746);
#5746 = DEFINITIONAL_REPRESENTATION('',(#5747),#5751);
#5747 = LINE('',#5748,#5749);
#5748 = CARTESIAN_POINT('',(-1.570796326795,-0.2));
#5749 = VECTOR('',#5750,1.);
#5750 = DIRECTION('',(1.,-0.));
#5751 = ( GEOMETRIC_REPRESENTATION_CONTEXT(2) 
PARAMETRIC_REPRESENTATION_CONTEXT() REPRESENTATION_CONTEXT('2D SPACE',''
  ) );
#5752 = PCURVE('',#5319,#5753);
#5753 = DEFINITIONAL_REPRESENTATION('',(#5754),#5758);
#5754 = LINE('',#5755,#5756);
#5755 = CARTESIAN_POINT('',(-0.,0.));
#5756 = VECTOR('',#5757,1.);
#5757 = DIRECTION('',(-1.,0.));
#5758 = ( GEOMETRIC_REPRESENTATION_CONTEXT(2) 
PARAMETRIC_REPRESENTATION_CONTEXT() REPRESENTATION_CONTEXT('2D SPACE',''
  ) );
#5759 = ORIENTED_EDGE('',*,*,#5218,.T.);
#5760 = ORIENTED_EDGE('',*,*,#5385,.T.);
#5761 = ORIENTED_EDGE('',*,*,#5762,.F.);
#5762 = EDGE_CURVE('',#5737,#5386,#5763,.T.);
#5763 = SURFACE_CURVE('',#5764,(#5768,#5775),.PCURVE_S1.);
#5764 = LINE('',#5765,#5766);
#5765 = CARTESIAN_POINT('',(3.600000000001,5.000000000002,
    12.299999999999));
#5766 = VECTOR('',#5767,1.);
#5767 = DIRECTION('',(1.,1.1291E-13,-1.1291E-13));
#5768 = PCURVE('',#5234,#5769);
#5769 = DEFINITIONAL_REPRESENTATION('',(#5770),#5774);
#5770 = LINE('',#5771,#5772);
#5771 = CARTESIAN_POINT('',(-1.570796326795,0.));
#5772 = VECTOR('',#5773,1.);
#5773 = DIRECTION('',(-0.,-1.));
#5774 = ( GEOMETRIC_REPRESENTATION_CONTEXT(2) 
PARAMETRIC_REPRESENTATION_CONTEXT() REPRESENTATION_CONTEXT('2D SPACE',''
  ) );
#5775 = PCURVE('',#5425,#5776);
#5776 = DEFINITIONAL_REPRESENTATION('',(#5777),#5781);
#5777 = LINE('',#5778,#5779);
#5778 = CARTESIAN_POINT('',(-0.425,5.000000000002));
#5779 = VECTOR('',#5780,1.);
#5780 = DIRECTION('',(1.,1.1291E-13));
#5781 = ( GEOMETRIC_REPRESENTATION_CONTEXT(2) 
PARAMETRIC_REPRESENTATION_CONTEXT() REPRESENTATION_CONTEXT('2D SPACE',''
  ) );
#5782 = ADVANCED_FACE('',(#5783),#5319,.T.);
#5783 = FACE_BOUND('',#5784,.F.);
#5784 = EDGE_LOOP('',(#5785,#5813,#5835,#5836));
#5785 = ORIENTED_EDGE('',*,*,#5786,.F.);
#5786 = EDGE_CURVE('',#5787,#5737,#5789,.T.);
#5787 = VERTEX_POINT('',#5788);
#5788 = CARTESIAN_POINT('',(3.600000000001,5.000000000002,
    12.099999999999));
#5789 = SURFACE_CURVE('',#5790,(#5794,#5801),.PCURVE_S1.);
#5790 = LINE('',#5791,#5792);
#5791 = CARTESIAN_POINT('',(3.700000000001,5.000000000002,
    12.199999999999));
#5792 = VECTOR('',#5793,1.);
#5793 = DIRECTION('',(0.707106781187,1.5981E-13,0.707106781186));
#5794 = PCURVE('',#5319,#5795);
#5795 = DEFINITIONAL_REPRESENTATION('',(#5796),#5800);
#5796 = LINE('',#5797,#5798);
#5797 = CARTESIAN_POINT('',(-2.2E-16,-0.1));
#5798 = VECTOR('',#5799,1.);
#5799 = DIRECTION('',(-0.,1.));
#5800 = ( GEOMETRIC_REPRESENTATION_CONTEXT(2) 
PARAMETRIC_REPRESENTATION_CONTEXT() REPRESENTATION_CONTEXT('2D SPACE',''
  ) );
#5801 = PCURVE('',#5802,#5807);
#5802 = PLANE('',#5803);
#5803 = AXIS2_PLACEMENT_3D('',#5804,#5805,#5806);
#5804 = CARTESIAN_POINT('',(3.700000000001,-4.E-17,12.199999999999));
#5805 = DIRECTION('',(-0.707106781186,0.,0.707106781187));
#5806 = DIRECTION('',(0.707106781187,0.,0.707106781186));
#5807 = DEFINITIONAL_REPRESENTATION('',(#5808),#5812);
#5808 = LINE('',#5809,#5810);
#5809 = CARTESIAN_POINT('',(-3.890689112618E-13,5.000000000002));
#5810 = VECTOR('',#5811,1.);
#5811 = DIRECTION('',(1.,1.5981E-13));
#5812 = ( GEOMETRIC_REPRESENTATION_CONTEXT(2) 
PARAMETRIC_REPRESENTATION_CONTEXT() REPRESENTATION_CONTEXT('2D SPACE',''
  ) );
#5813 = ORIENTED_EDGE('',*,*,#5814,.T.);
#5814 = EDGE_CURVE('',#5787,#5304,#5815,.T.);
#5815 = SURFACE_CURVE('',#5816,(#5821,#5828),.PCURVE_S1.);
#5816 = CIRCLE('',#5817,0.8);
#5817 = AXIS2_PLACEMENT_3D('',#5818,#5819,#5820);
#5818 = CARTESIAN_POINT('',(3.600000000001,5.000000000002,
    11.299999999999));
#5819 = DIRECTION('',(-1.,-1.1279E-13,1.129E-13));
#5820 = DIRECTION('',(1.129E-13,9.77E-15,1.));
#5821 = PCURVE('',#5319,#5822);
#5822 = DEFINITIONAL_REPRESENTATION('',(#5823),#5827);
#5823 = LINE('',#5824,#5825);
#5824 = CARTESIAN_POINT('',(-0.,-0.2));
#5825 = VECTOR('',#5826,1.);
#5826 = DIRECTION('',(-1.,0.));
#5827 = ( GEOMETRIC_REPRESENTATION_CONTEXT(2) 
PARAMETRIC_REPRESENTATION_CONTEXT() REPRESENTATION_CONTEXT('2D SPACE',''
  ) );
#5828 = PCURVE('',#5347,#5829);
#5829 = DEFINITIONAL_REPRESENTATION('',(#5830),#5834);
#5830 = CIRCLE('',#5831,0.8);
#5831 = AXIS2_PLACEMENT_2D('',#5832,#5833);
#5832 = CARTESIAN_POINT('',(-4.751036802483,-5.000000000002));
#5833 = DIRECTION('',(-1.,-9.77E-15));
#5834 = ( GEOMETRIC_REPRESENTATION_CONTEXT(2) 
PARAMETRIC_REPRESENTATION_CONTEXT() REPRESENTATION_CONTEXT('2D SPACE',''
  ) );
#5835 = ORIENTED_EDGE('',*,*,#5303,.T.);
#5836 = ORIENTED_EDGE('',*,*,#5736,.F.);
#5837 = ADVANCED_FACE('',(#5838),#5347,.T.);
#5838 = FACE_BOUND('',#5839,.T.);
#5839 = EDGE_LOOP('',(#5840,#5863,#5891,#5919,#5947,#5970,#5998,#6031,
    #6052,#6053));
#5840 = ORIENTED_EDGE('',*,*,#5841,.T.);
#5841 = EDGE_CURVE('',#5332,#5842,#5844,.T.);
#5842 = VERTEX_POINT('',#5843);
#5843 = CARTESIAN_POINT('',(3.6,5.6,0.));
#5844 = SURFACE_CURVE('',#5845,(#5849,#5856),.PCURVE_S1.);
#5845 = LINE('',#5846,#5847);
#5846 = CARTESIAN_POINT('',(3.599999999999,6.,-1.084E-12));
#5847 = VECTOR('',#5848,1.);
#5848 = DIRECTION('',(1.13E-13,-1.,1.13E-13));
#5849 = PCURVE('',#5347,#5850);
#5850 = DEFINITIONAL_REPRESENTATION('',(#5851),#5855);
#5851 = LINE('',#5852,#5853);
#5852 = CARTESIAN_POINT('',(6.548963197517,-6.));
#5853 = VECTOR('',#5854,1.);
#5854 = DIRECTION('',(-1.13E-13,1.));
#5855 = ( GEOMETRIC_REPRESENTATION_CONTEXT(2) 
PARAMETRIC_REPRESENTATION_CONTEXT() REPRESENTATION_CONTEXT('2D SPACE',''
  ) );
#5856 = PCURVE('',#5288,#5857);
#5857 = DEFINITIONAL_REPRESENTATION('',(#5858),#5862);
#5858 = LINE('',#5859,#5860);
#5859 = CARTESIAN_POINT('',(-3.746513304613,6.));
#5860 = VECTOR('',#5861,1.);
#5861 = DIRECTION('',(-1.13E-13,-1.));
#5862 = ( GEOMETRIC_REPRESENTATION_CONTEXT(2) 
PARAMETRIC_REPRESENTATION_CONTEXT() REPRESENTATION_CONTEXT('2D SPACE',''
  ) );
#5863 = ORIENTED_EDGE('',*,*,#5864,.T.);
#5864 = EDGE_CURVE('',#5842,#5865,#5867,.T.);
#5865 = VERTEX_POINT('',#5866);
#5866 = CARTESIAN_POINT('',(3.6,5.6,6.3));
#5867 = SURFACE_CURVE('',#5868,(#5872,#5879),.PCURVE_S1.);
#5868 = LINE('',#5869,#5870);
#5869 = CARTESIAN_POINT('',(3.6,5.6,0.));
#5870 = VECTOR('',#5871,1.);
#5871 = DIRECTION('',(0.,0.,1.));
#5872 = PCURVE('',#5347,#5873);
#5873 = DEFINITIONAL_REPRESENTATION('',(#5874),#5878);
#5874 = LINE('',#5875,#5876);
#5875 = CARTESIAN_POINT('',(6.548963197516,-5.6));
#5876 = VECTOR('',#5877,1.);
#5877 = DIRECTION('',(-1.,0.));
#5878 = ( GEOMETRIC_REPRESENTATION_CONTEXT(2) 
PARAMETRIC_REPRESENTATION_CONTEXT() REPRESENTATION_CONTEXT('2D SPACE',''
  ) );
#5879 = PCURVE('',#5880,#5885);
#5880 = PLANE('',#5881);
#5881 = AXIS2_PLACEMENT_3D('',#5882,#5883,#5884);
#5882 = CARTESIAN_POINT('',(0.,5.6,3.15));
#5883 = DIRECTION('',(0.,1.,0.));
#5884 = DIRECTION('',(0.,0.,1.));
#5885 = DEFINITIONAL_REPRESENTATION('',(#5886),#5890);
#5886 = LINE('',#5887,#5888);
#5887 = CARTESIAN_POINT('',(-3.15,3.6));
#5888 = VECTOR('',#5889,1.);
#5889 = DIRECTION('',(1.,0.));
#5890 = ( GEOMETRIC_REPRESENTATION_CONTEXT(2) 
PARAMETRIC_REPRESENTATION_CONTEXT() REPRESENTATION_CONTEXT('2D SPACE',''
  ) );
#5891 = ORIENTED_EDGE('',*,*,#5892,.F.);
#5892 = EDGE_CURVE('',#5893,#5865,#5895,.T.);
#5893 = VERTEX_POINT('',#5894);
#5894 = CARTESIAN_POINT('',(3.6,-5.6,6.3));
#5895 = SURFACE_CURVE('',#5896,(#5900,#5907),.PCURVE_S1.);
#5896 = LINE('',#5897,#5898);
#5897 = CARTESIAN_POINT('',(3.6,0.,6.3));
#5898 = VECTOR('',#5899,1.);
#5899 = DIRECTION('',(0.,1.,0.));
#5900 = PCURVE('',#5347,#5901);
#5901 = DEFINITIONAL_REPRESENTATION('',(#5902),#5906);
#5902 = LINE('',#5903,#5904);
#5903 = CARTESIAN_POINT('',(0.248963197516,-0.));
#5904 = VECTOR('',#5905,1.);
#5905 = DIRECTION('',(0.,-1.));
#5906 = ( GEOMETRIC_REPRESENTATION_CONTEXT(2) 
PARAMETRIC_REPRESENTATION_CONTEXT() REPRESENTATION_CONTEXT('2D SPACE',''
  ) );
#5907 = PCURVE('',#5908,#5913);
#5908 = PLANE('',#5909);
#5909 = AXIS2_PLACEMENT_3D('',#5910,#5911,#5912);
#5910 = CARTESIAN_POINT('',(1.E-16,1.E-16,6.3));
#5911 = DIRECTION('',(0.,0.,1.));
#5912 = DIRECTION('',(1.,0.,0.));
#5913 = DEFINITIONAL_REPRESENTATION('',(#5914),#5918);
#5914 = LINE('',#5915,#5916);
#5915 = CARTESIAN_POINT('',(3.6,-1.E-16));
#5916 = VECTOR('',#5917,1.);
#5917 = DIRECTION('',(0.,1.));
#5918 = ( GEOMETRIC_REPRESENTATION_CONTEXT(2) 
PARAMETRIC_REPRESENTATION_CONTEXT() REPRESENTATION_CONTEXT('2D SPACE',''
  ) );
#5919 = ORIENTED_EDGE('',*,*,#5920,.F.);
#5920 = EDGE_CURVE('',#5921,#5893,#5923,.T.);
#5921 = VERTEX_POINT('',#5922);
#5922 = CARTESIAN_POINT('',(3.6,-5.6,0.));
#5923 = SURFACE_CURVE('',#5924,(#5928,#5935),.PCURVE_S1.);
#5924 = LINE('',#5925,#5926);
#5925 = CARTESIAN_POINT('',(3.6,-5.6,0.));
#5926 = VECTOR('',#5927,1.);
#5927 = DIRECTION('',(0.,0.,1.));
#5928 = PCURVE('',#5347,#5929);
#5929 = DEFINITIONAL_REPRESENTATION('',(#5930),#5934);
#5930 = LINE('',#5931,#5932);
#5931 = CARTESIAN_POINT('',(6.548963197516,5.6));
#5932 = VECTOR('',#5933,1.);
#5933 = DIRECTION('',(-1.,0.));
#5934 = ( GEOMETRIC_REPRESENTATION_CONTEXT(2) 
PARAMETRIC_REPRESENTATION_CONTEXT() REPRESENTATION_CONTEXT('2D SPACE',''
  ) );
#5935 = PCURVE('',#5936,#5941);
#5936 = PLANE('',#5937);
#5937 = AXIS2_PLACEMENT_3D('',#5938,#5939,#5940);
#5938 = CARTESIAN_POINT('',(0.,-5.6,3.15));
#5939 = DIRECTION('',(-0.,-1.,-0.));
#5940 = DIRECTION('',(0.,0.,-1.));
#5941 = DEFINITIONAL_REPRESENTATION('',(#5942),#5946);
#5942 = LINE('',#5943,#5944);
#5943 = CARTESIAN_POINT('',(3.15,3.6));
#5944 = VECTOR('',#5945,1.);
#5945 = DIRECTION('',(-1.,0.));
#5946 = ( GEOMETRIC_REPRESENTATION_CONTEXT(2) 
PARAMETRIC_REPRESENTATION_CONTEXT() REPRESENTATION_CONTEXT('2D SPACE',''
  ) );
#5947 = ORIENTED_EDGE('',*,*,#5948,.F.);
#5948 = EDGE_CURVE('',#5949,#5921,#5951,.T.);
#5949 = VERTEX_POINT('',#5950);
#5950 = CARTESIAN_POINT('',(3.599999999999,-5.8,-1.06E-12));
#5951 = SURFACE_CURVE('',#5952,(#5956,#5963),.PCURVE_S1.);
#5952 = LINE('',#5953,#5954);
#5953 = CARTESIAN_POINT('',(3.599999999999,-6.,-1.084E-12));
#5954 = VECTOR('',#5955,1.);
#5955 = DIRECTION('',(1.13E-13,1.,1.13E-13));
#5956 = PCURVE('',#5347,#5957);
#5957 = DEFINITIONAL_REPRESENTATION('',(#5958),#5962);
#5958 = LINE('',#5959,#5960);
#5959 = CARTESIAN_POINT('',(6.548963197517,6.));
#5960 = VECTOR('',#5961,1.);
#5961 = DIRECTION('',(-1.13E-13,-1.));
#5962 = ( GEOMETRIC_REPRESENTATION_CONTEXT(2) 
PARAMETRIC_REPRESENTATION_CONTEXT() REPRESENTATION_CONTEXT('2D SPACE',''
  ) );
#5963 = PCURVE('',#5288,#5964);
#5964 = DEFINITIONAL_REPRESENTATION('',(#5965),#5969);
#5965 = LINE('',#5966,#5967);
#5966 = CARTESIAN_POINT('',(-3.746513304613,-6.));
#5967 = VECTOR('',#5968,1.);
#5968 = DIRECTION('',(-1.13E-13,1.));
#5969 = ( GEOMETRIC_REPRESENTATION_CONTEXT(2) 
PARAMETRIC_REPRESENTATION_CONTEXT() REPRESENTATION_CONTEXT('2D SPACE',''
  ) );
#5970 = ORIENTED_EDGE('',*,*,#5971,.F.);
#5971 = EDGE_CURVE('',#5972,#5949,#5974,.T.);
#5972 = VERTEX_POINT('',#5973);
#5973 = CARTESIAN_POINT('',(3.600000000001,-5.800000000002,
    11.299999999999));
#5974 = SURFACE_CURVE('',#5975,(#5979,#5986),.PCURVE_S1.);
#5975 = LINE('',#5976,#5977);
#5976 = CARTESIAN_POINT('',(3.600000000001,-5.800000000002,
    11.299999999999));
#5977 = VECTOR('',#5978,1.);
#5978 = DIRECTION('',(-1.13E-13,1.13E-13,-1.));
#5979 = PCURVE('',#5347,#5980);
#5980 = DEFINITIONAL_REPRESENTATION('',(#5981),#5985);
#5981 = LINE('',#5982,#5983);
#5982 = CARTESIAN_POINT('',(-4.751036802483,5.800000000002));
#5983 = VECTOR('',#5984,1.);
#5984 = DIRECTION('',(1.,-1.13E-13));
#5985 = ( GEOMETRIC_REPRESENTATION_CONTEXT(2) 
PARAMETRIC_REPRESENTATION_CONTEXT() REPRESENTATION_CONTEXT('2D SPACE',''
  ) );
#5986 = PCURVE('',#5987,#5992);
#5987 = PLANE('',#5988);
#5988 = AXIS2_PLACEMENT_3D('',#5989,#5990,#5991);
#5989 = CARTESIAN_POINT('',(3.700000000001,-5.900000000002,
    11.299999999999));
#5990 = DIRECTION('',(0.707106781187,0.707106781186,-3.E-17));
#5991 = DIRECTION('',(1.130212132034E-13,-1.129787867966E-13,1.));
#5992 = DEFINITIONAL_REPRESENTATION('',(#5993),#5997);
#5993 = LINE('',#5994,#5995);
#5994 = CARTESIAN_POINT('',(4.926389122032E-16,-0.141421356237));
#5995 = VECTOR('',#5996,1.);
#5996 = DIRECTION('',(-1.,0.));
#5997 = ( GEOMETRIC_REPRESENTATION_CONTEXT(2) 
PARAMETRIC_REPRESENTATION_CONTEXT() REPRESENTATION_CONTEXT('2D SPACE',''
  ) );
#5998 = ORIENTED_EDGE('',*,*,#5999,.F.);
#5999 = EDGE_CURVE('',#6000,#5972,#6002,.T.);
#6000 = VERTEX_POINT('',#6001);
#6001 = CARTESIAN_POINT('',(3.600000000001,-5.000000000002,
    12.099999999999));
#6002 = SURFACE_CURVE('',#6003,(#6008,#6019),.PCURVE_S1.);
#6003 = CIRCLE('',#6004,0.8);
#6004 = AXIS2_PLACEMENT_3D('',#6005,#6006,#6007);
#6005 = CARTESIAN_POINT('',(3.600000000001,-5.000000000002,
    11.299999999999));
#6006 = DIRECTION('',(1.,-1.1279E-13,-1.129E-13));
#6007 = DIRECTION('',(1.129E-13,-9.77E-15,1.));
#6008 = PCURVE('',#5347,#6009);
#6009 = DEFINITIONAL_REPRESENTATION('',(#6010),#6018);
#6010 = ( BOUNDED_CURVE() B_SPLINE_CURVE(2,(#6011,#6012,#6013,#6014,
#6015,#6016,#6017),.UNSPECIFIED.,.T.,.F.) B_SPLINE_CURVE_WITH_KNOTS((1,2
    ,2,2,2,1),(-2.094395102393,0.,2.094395102393,4.188790204786,
6.28318530718,8.377580409573),.UNSPECIFIED.) CURVE() 
GEOMETRIC_REPRESENTATION_ITEM() RATIONAL_B_SPLINE_CURVE((1.,0.5,1.,0.5,
1.,0.5,1.)) REPRESENTATION_ITEM('') );
#6011 = CARTESIAN_POINT('',(-5.551036802483,5.000000000002));
#6012 = CARTESIAN_POINT('',(-5.551036802483,6.385640646057));
#6013 = CARTESIAN_POINT('',(-4.351036802483,5.692820323029));
#6014 = CARTESIAN_POINT('',(-3.151036802483,5.000000000002));
#6015 = CARTESIAN_POINT('',(-4.351036802483,4.307179676974));
#6016 = CARTESIAN_POINT('',(-5.551036802483,3.614359353947));
#6017 = CARTESIAN_POINT('',(-5.551036802483,5.000000000002));
#6018 = ( GEOMETRIC_REPRESENTATION_CONTEXT(2) 
PARAMETRIC_REPRESENTATION_CONTEXT() REPRESENTATION_CONTEXT('2D SPACE',''
  ) );
#6019 = PCURVE('',#6020,#6025);
#6020 = CONICAL_SURFACE('',#6021,1.,0.785398163397);
#6021 = AXIS2_PLACEMENT_3D('',#6022,#6023,#6024);
#6022 = CARTESIAN_POINT('',(3.800000000001,-5.000000000002,
    11.299999999999));
#6023 = DIRECTION('',(1.,-1.1279E-13,-1.129E-13));
#6024 = DIRECTION('',(1.129E-13,-9.77E-15,1.));
#6025 = DEFINITIONAL_REPRESENTATION('',(#6026),#6030);
#6026 = LINE('',#6027,#6028);
#6027 = CARTESIAN_POINT('',(0.,-0.2));
#6028 = VECTOR('',#6029,1.);
#6029 = DIRECTION('',(1.,0.));
#6030 = ( GEOMETRIC_REPRESENTATION_CONTEXT(2) 
PARAMETRIC_REPRESENTATION_CONTEXT() REPRESENTATION_CONTEXT('2D SPACE',''
  ) );
#6031 = ORIENTED_EDGE('',*,*,#6032,.F.);
#6032 = EDGE_CURVE('',#5787,#6000,#6033,.T.);
#6033 = SURFACE_CURVE('',#6034,(#6038,#6045),.PCURVE_S1.);
#6034 = LINE('',#6035,#6036);
#6035 = CARTESIAN_POINT('',(3.600000000001,-1.7733E-12,12.1));
#6036 = VECTOR('',#6037,1.);
#6037 = DIRECTION('',(-1.13E-13,-1.,-1.13E-13));
#6038 = PCURVE('',#5347,#6039);
#6039 = DEFINITIONAL_REPRESENTATION('',(#6040),#6044);
#6040 = LINE('',#6041,#6042);
#6041 = CARTESIAN_POINT('',(-5.551036802484,1.7733E-12));
#6042 = VECTOR('',#6043,1.);
#6043 = DIRECTION('',(1.13E-13,1.));
#6044 = ( GEOMETRIC_REPRESENTATION_CONTEXT(2) 
PARAMETRIC_REPRESENTATION_CONTEXT() REPRESENTATION_CONTEXT('2D SPACE',''
  ) );
#6045 = PCURVE('',#5802,#6046);
#6046 = DEFINITIONAL_REPRESENTATION('',(#6047),#6051);
#6047 = LINE('',#6048,#6049);
#6048 = CARTESIAN_POINT('',(-0.141421356237,-1.77326E-12));
#6049 = VECTOR('',#6050,1.);
#6050 = DIRECTION('',(-1.598061325482E-13,-1.));
#6051 = ( GEOMETRIC_REPRESENTATION_CONTEXT(2) 
PARAMETRIC_REPRESENTATION_CONTEXT() REPRESENTATION_CONTEXT('2D SPACE',''
  ) );
#6052 = ORIENTED_EDGE('',*,*,#5814,.T.);
#6053 = ORIENTED_EDGE('',*,*,#5331,.T.);
#6054 = ADVANCED_FACE('',(#6055),#5880,.T.);
#6055 = FACE_BOUND('',#6056,.T.);
#6056 = EDGE_LOOP('',(#6057,#6058,#6081,#6109));
#6057 = ORIENTED_EDGE('',*,*,#5864,.F.);
#6058 = ORIENTED_EDGE('',*,*,#6059,.F.);
#6059 = EDGE_CURVE('',#6060,#5842,#6062,.T.);
#6060 = VERTEX_POINT('',#6061);
#6061 = CARTESIAN_POINT('',(-3.6,5.6,0.));
#6062 = SURFACE_CURVE('',#6063,(#6067,#6074),.PCURVE_S1.);
#6063 = LINE('',#6064,#6065);
#6064 = CARTESIAN_POINT('',(-3.6,5.6,0.));
#6065 = VECTOR('',#6066,1.);
#6066 = DIRECTION('',(1.,0.,0.));
#6067 = PCURVE('',#5880,#6068);
#6068 = DEFINITIONAL_REPRESENTATION('',(#6069),#6073);
#6069 = LINE('',#6070,#6071);
#6070 = CARTESIAN_POINT('',(-3.15,-3.6));
#6071 = VECTOR('',#6072,1.);
#6072 = DIRECTION('',(0.,1.));
#6073 = ( GEOMETRIC_REPRESENTATION_CONTEXT(2) 
PARAMETRIC_REPRESENTATION_CONTEXT() REPRESENTATION_CONTEXT('2D SPACE',''
  ) );
#6074 = PCURVE('',#5288,#6075);
#6075 = DEFINITIONAL_REPRESENTATION('',(#6076),#6080);
#6076 = LINE('',#6077,#6078);
#6077 = CARTESIAN_POINT('',(3.453486695386,5.6));
#6078 = VECTOR('',#6079,1.);
#6079 = DIRECTION('',(-1.,-1.154347555676E-42));
#6080 = ( GEOMETRIC_REPRESENTATION_CONTEXT(2) 
PARAMETRIC_REPRESENTATION_CONTEXT() REPRESENTATION_CONTEXT('2D SPACE',''
  ) );
#6081 = ORIENTED_EDGE('',*,*,#6082,.T.);
#6082 = EDGE_CURVE('',#6060,#6083,#6085,.T.);
#6083 = VERTEX_POINT('',#6084);
#6084 = CARTESIAN_POINT('',(-3.6,5.6,6.3));
#6085 = SURFACE_CURVE('',#6086,(#6090,#6097),.PCURVE_S1.);
#6086 = LINE('',#6087,#6088);
#6087 = CARTESIAN_POINT('',(-3.6,5.6,0.));
#6088 = VECTOR('',#6089,1.);
#6089 = DIRECTION('',(0.,0.,1.));
#6090 = PCURVE('',#5880,#6091);
#6091 = DEFINITIONAL_REPRESENTATION('',(#6092),#6096);
#6092 = LINE('',#6093,#6094);
#6093 = CARTESIAN_POINT('',(-3.15,-3.6));
#6094 = VECTOR('',#6095,1.);
#6095 = DIRECTION('',(1.,0.));
#6096 = ( GEOMETRIC_REPRESENTATION_CONTEXT(2) 
PARAMETRIC_REPRESENTATION_CONTEXT() REPRESENTATION_CONTEXT('2D SPACE',''
  ) );
#6097 = PCURVE('',#6098,#6103);
#6098 = PLANE('',#6099);
#6099 = AXIS2_PLACEMENT_3D('',#6100,#6101,#6102);
#6100 = CARTESIAN_POINT('',(-3.6,-1.2E-16,6.548963197516));
#6101 = DIRECTION('',(1.,0.,1.0891E-13));
#6102 = DIRECTION('',(-1.0891E-13,0.,1.));
#6103 = DEFINITIONAL_REPRESENTATION('',(#6104),#6108);
#6104 = LINE('',#6105,#6106);
#6105 = CARTESIAN_POINT('',(-6.548963197516,-5.6));
#6106 = VECTOR('',#6107,1.);
#6107 = DIRECTION('',(1.,0.));
#6108 = ( GEOMETRIC_REPRESENTATION_CONTEXT(2) 
PARAMETRIC_REPRESENTATION_CONTEXT() REPRESENTATION_CONTEXT('2D SPACE',''
  ) );
#6109 = ORIENTED_EDGE('',*,*,#6110,.T.);
#6110 = EDGE_CURVE('',#6083,#5865,#6111,.T.);
#6111 = SURFACE_CURVE('',#6112,(#6116,#6123),.PCURVE_S1.);
#6112 = LINE('',#6113,#6114);
#6113 = CARTESIAN_POINT('',(-3.6,5.6,6.3));
#6114 = VECTOR('',#6115,1.);
#6115 = DIRECTION('',(1.,0.,0.));
#6116 = PCURVE('',#5880,#6117);
#6117 = DEFINITIONAL_REPRESENTATION('',(#6118),#6122);
#6118 = LINE('',#6119,#6120);
#6119 = CARTESIAN_POINT('',(3.15,-3.6));
#6120 = VECTOR('',#6121,1.);
#6121 = DIRECTION('',(0.,1.));
#6122 = ( GEOMETRIC_REPRESENTATION_CONTEXT(2) 
PARAMETRIC_REPRESENTATION_CONTEXT() REPRESENTATION_CONTEXT('2D SPACE',''
  ) );
#6123 = PCURVE('',#5908,#6124);
#6124 = DEFINITIONAL_REPRESENTATION('',(#6125),#6129);
#6125 = LINE('',#6126,#6127);
#6126 = CARTESIAN_POINT('',(-3.6,5.6));
#6127 = VECTOR('',#6128,1.);
#6128 = DIRECTION('',(1.,0.));
#6129 = ( GEOMETRIC_REPRESENTATION_CONTEXT(2) 
PARAMETRIC_REPRESENTATION_CONTEXT() REPRESENTATION_CONTEXT('2D SPACE',''
  ) );
#6130 = ADVANCED_FACE('',(#6131),#6098,.T.);
#6131 = FACE_BOUND('',#6132,.T.);
#6132 = EDGE_LOOP('',(#6133,#6156,#6184,#6217,#6245,#6274,#6302,#6325,
    #6348,#6369));
#6133 = ORIENTED_EDGE('',*,*,#6134,.F.);
#6134 = EDGE_CURVE('',#6135,#6060,#6137,.T.);
#6135 = VERTEX_POINT('',#6136);
#6136 = CARTESIAN_POINT('',(-3.599999999999,5.8,-1.06E-12));
#6137 = SURFACE_CURVE('',#6138,(#6142,#6149),.PCURVE_S1.);
#6138 = LINE('',#6139,#6140);
#6139 = CARTESIAN_POINT('',(-3.599999999999,6.,-1.084E-12));
#6140 = VECTOR('',#6141,1.);
#6141 = DIRECTION('',(-1.13E-13,-1.,1.13E-13));
#6142 = PCURVE('',#6098,#6143);
#6143 = DEFINITIONAL_REPRESENTATION('',(#6144),#6148);
#6144 = LINE('',#6145,#6146);
#6145 = CARTESIAN_POINT('',(-6.548963197517,-6.));
#6146 = VECTOR('',#6147,1.);
#6147 = DIRECTION('',(1.13E-13,1.));
#6148 = ( GEOMETRIC_REPRESENTATION_CONTEXT(2) 
PARAMETRIC_REPRESENTATION_CONTEXT() REPRESENTATION_CONTEXT('2D SPACE',''
  ) );
#6149 = PCURVE('',#5288,#6150);
#6150 = DEFINITIONAL_REPRESENTATION('',(#6151),#6155);
#6151 = LINE('',#6152,#6153);
#6152 = CARTESIAN_POINT('',(3.453486695386,6.));
#6153 = VECTOR('',#6154,1.);
#6154 = DIRECTION('',(1.13E-13,-1.));
#6155 = ( GEOMETRIC_REPRESENTATION_CONTEXT(2) 
PARAMETRIC_REPRESENTATION_CONTEXT() REPRESENTATION_CONTEXT('2D SPACE',''
  ) );
#6156 = ORIENTED_EDGE('',*,*,#6157,.F.);
#6157 = EDGE_CURVE('',#6158,#6135,#6160,.T.);
#6158 = VERTEX_POINT('',#6159);
#6159 = CARTESIAN_POINT('',(-3.600000000001,5.800000000002,
    11.299999999999));
#6160 = SURFACE_CURVE('',#6161,(#6165,#6172),.PCURVE_S1.);
#6161 = LINE('',#6162,#6163);
#6162 = CARTESIAN_POINT('',(-3.600000000001,5.800000000002,
    11.299999999999));
#6163 = VECTOR('',#6164,1.);
#6164 = DIRECTION('',(1.13E-13,-1.13E-13,-1.));
#6165 = PCURVE('',#6098,#6166);
#6166 = DEFINITIONAL_REPRESENTATION('',(#6167),#6171);
#6167 = LINE('',#6168,#6169);
#6168 = CARTESIAN_POINT('',(4.751036802483,-5.800000000002));
#6169 = VECTOR('',#6170,1.);
#6170 = DIRECTION('',(-1.,1.13E-13));
#6171 = ( GEOMETRIC_REPRESENTATION_CONTEXT(2) 
PARAMETRIC_REPRESENTATION_CONTEXT() REPRESENTATION_CONTEXT('2D SPACE',''
  ) );
#6172 = PCURVE('',#6173,#6178);
#6173 = PLANE('',#6174);
#6174 = AXIS2_PLACEMENT_3D('',#6175,#6176,#6177);
#6175 = CARTESIAN_POINT('',(-3.700000000001,5.900000000002,
    11.299999999999));
#6176 = DIRECTION('',(-0.707106781187,-0.707106781186,-3.E-17));
#6177 = DIRECTION('',(-1.130212132034E-13,1.129787867966E-13,1.));
#6178 = DEFINITIONAL_REPRESENTATION('',(#6179),#6183);
#6179 = LINE('',#6180,#6181);
#6180 = CARTESIAN_POINT('',(4.926389122032E-16,-0.141421356237));
#6181 = VECTOR('',#6182,1.);
#6182 = DIRECTION('',(-1.,0.));
#6183 = ( GEOMETRIC_REPRESENTATION_CONTEXT(2) 
PARAMETRIC_REPRESENTATION_CONTEXT() REPRESENTATION_CONTEXT('2D SPACE',''
  ) );
#6184 = ORIENTED_EDGE('',*,*,#6185,.F.);
#6185 = EDGE_CURVE('',#6186,#6158,#6188,.T.);
#6186 = VERTEX_POINT('',#6187);
#6187 = CARTESIAN_POINT('',(-3.600000000001,5.000000000002,
    12.099999999999));
#6188 = SURFACE_CURVE('',#6189,(#6194,#6205),.PCURVE_S1.);
#6189 = CIRCLE('',#6190,0.8);
#6190 = AXIS2_PLACEMENT_3D('',#6191,#6192,#6193);
#6191 = CARTESIAN_POINT('',(-3.600000000001,5.000000000002,
    11.299999999999));
#6192 = DIRECTION('',(-1.,1.1279E-13,-1.129E-13));
#6193 = DIRECTION('',(-1.129E-13,9.77E-15,1.));
#6194 = PCURVE('',#6098,#6195);
#6195 = DEFINITIONAL_REPRESENTATION('',(#6196),#6204);
#6196 = ( BOUNDED_CURVE() B_SPLINE_CURVE(2,(#6197,#6198,#6199,#6200,
#6201,#6202,#6203),.UNSPECIFIED.,.T.,.F.) B_SPLINE_CURVE_WITH_KNOTS((1,2
    ,2,2,2,1),(-2.094395102393,0.,2.094395102393,4.188790204786,
6.28318530718,8.377580409573),.UNSPECIFIED.) CURVE() 
GEOMETRIC_REPRESENTATION_ITEM() RATIONAL_B_SPLINE_CURVE((1.,0.5,1.,0.5,
1.,0.5,1.)) REPRESENTATION_ITEM('') );
#6197 = CARTESIAN_POINT('',(5.551036802483,-5.000000000002));
#6198 = CARTESIAN_POINT('',(5.551036802483,-6.385640646057));
#6199 = CARTESIAN_POINT('',(4.351036802483,-5.692820323029));
#6200 = CARTESIAN_POINT('',(3.151036802483,-5.000000000002));
#6201 = CARTESIAN_POINT('',(4.351036802483,-4.307179676974));
#6202 = CARTESIAN_POINT('',(5.551036802483,-3.614359353947));
#6203 = CARTESIAN_POINT('',(5.551036802483,-5.000000000002));
#6204 = ( GEOMETRIC_REPRESENTATION_CONTEXT(2) 
PARAMETRIC_REPRESENTATION_CONTEXT() REPRESENTATION_CONTEXT('2D SPACE',''
  ) );
#6205 = PCURVE('',#6206,#6211);
#6206 = CONICAL_SURFACE('',#6207,1.,0.785398163397);
#6207 = AXIS2_PLACEMENT_3D('',#6208,#6209,#6210);
#6208 = CARTESIAN_POINT('',(-3.800000000001,5.000000000002,
    11.299999999999));
#6209 = DIRECTION('',(-1.,1.1279E-13,-1.129E-13));
#6210 = DIRECTION('',(-1.129E-13,9.77E-15,1.));
#6211 = DEFINITIONAL_REPRESENTATION('',(#6212),#6216);
#6212 = LINE('',#6213,#6214);
#6213 = CARTESIAN_POINT('',(0.,-0.2));
#6214 = VECTOR('',#6215,1.);
#6215 = DIRECTION('',(1.,0.));
#6216 = ( GEOMETRIC_REPRESENTATION_CONTEXT(2) 
PARAMETRIC_REPRESENTATION_CONTEXT() REPRESENTATION_CONTEXT('2D SPACE',''
  ) );
#6217 = ORIENTED_EDGE('',*,*,#6218,.F.);
#6218 = EDGE_CURVE('',#6219,#6186,#6221,.T.);
#6219 = VERTEX_POINT('',#6220);
#6220 = CARTESIAN_POINT('',(-3.600000000001,-5.000000000002,
    12.099999999999));
#6221 = SURFACE_CURVE('',#6222,(#6226,#6233),.PCURVE_S1.);
#6222 = LINE('',#6223,#6224);
#6223 = CARTESIAN_POINT('',(-3.600000000001,1.7733E-12,12.1));
#6224 = VECTOR('',#6225,1.);
#6225 = DIRECTION('',(1.13E-13,1.,-1.13E-13));
#6226 = PCURVE('',#6098,#6227);
#6227 = DEFINITIONAL_REPRESENTATION('',(#6228),#6232);
#6228 = LINE('',#6229,#6230);
#6229 = CARTESIAN_POINT('',(5.551036802484,-1.77342E-12));
#6230 = VECTOR('',#6231,1.);
#6231 = DIRECTION('',(-1.13E-13,-1.));
#6232 = ( GEOMETRIC_REPRESENTATION_CONTEXT(2) 
PARAMETRIC_REPRESENTATION_CONTEXT() REPRESENTATION_CONTEXT('2D SPACE',''
  ) );
#6233 = PCURVE('',#6234,#6239);
#6234 = PLANE('',#6235);
#6235 = AXIS2_PLACEMENT_3D('',#6236,#6237,#6238);
#6236 = CARTESIAN_POINT('',(-3.700000000001,-2.6E-16,12.199999999999));
#6237 = DIRECTION('',(0.707106781186,0.,0.707106781187));
#6238 = DIRECTION('',(0.707106781187,0.,-0.707106781186));
#6239 = DEFINITIONAL_REPRESENTATION('',(#6240),#6244);
#6240 = LINE('',#6241,#6242);
#6241 = CARTESIAN_POINT('',(0.141421356237,1.77356E-12));
#6242 = VECTOR('',#6243,1.);
#6243 = DIRECTION('',(1.598061325482E-13,1.));
#6244 = ( GEOMETRIC_REPRESENTATION_CONTEXT(2) 
PARAMETRIC_REPRESENTATION_CONTEXT() REPRESENTATION_CONTEXT('2D SPACE',''
  ) );
#6245 = ORIENTED_EDGE('',*,*,#6246,.T.);
#6246 = EDGE_CURVE('',#6219,#6247,#6249,.T.);
#6247 = VERTEX_POINT('',#6248);
#6248 = CARTESIAN_POINT('',(-3.600000000001,-5.800000000002,
    11.299999999999));
#6249 = SURFACE_CURVE('',#6250,(#6255,#6262),.PCURVE_S1.);
#6250 = CIRCLE('',#6251,0.8);
#6251 = AXIS2_PLACEMENT_3D('',#6252,#6253,#6254);
#6252 = CARTESIAN_POINT('',(-3.600000000001,-5.000000000002,
    11.299999999999));
#6253 = DIRECTION('',(1.,1.1279E-13,1.129E-13));
#6254 = DIRECTION('',(-1.129E-13,-9.77E-15,1.));
#6255 = PCURVE('',#6098,#6256);
#6256 = DEFINITIONAL_REPRESENTATION('',(#6257),#6261);
#6257 = CIRCLE('',#6258,0.8);
#6258 = AXIS2_PLACEMENT_2D('',#6259,#6260);
#6259 = CARTESIAN_POINT('',(4.751036802483,5.000000000002));
#6260 = DIRECTION('',(1.,9.77E-15));
#6261 = ( GEOMETRIC_REPRESENTATION_CONTEXT(2) 
PARAMETRIC_REPRESENTATION_CONTEXT() REPRESENTATION_CONTEXT('2D SPACE',''
  ) );
#6262 = PCURVE('',#6263,#6268);
#6263 = CONICAL_SURFACE('',#6264,1.,0.785398163397);
#6264 = AXIS2_PLACEMENT_3D('',#6265,#6266,#6267);
#6265 = CARTESIAN_POINT('',(-3.800000000001,-5.000000000002,
    11.299999999999));
#6266 = DIRECTION('',(-1.,-1.1279E-13,-1.129E-13));
#6267 = DIRECTION('',(-1.129E-13,-9.77E-15,1.));
#6268 = DEFINITIONAL_REPRESENTATION('',(#6269),#6273);
#6269 = LINE('',#6270,#6271);
#6270 = CARTESIAN_POINT('',(-0.,-0.2));
#6271 = VECTOR('',#6272,1.);
#6272 = DIRECTION('',(-1.,0.));
#6273 = ( GEOMETRIC_REPRESENTATION_CONTEXT(2) 
PARAMETRIC_REPRESENTATION_CONTEXT() REPRESENTATION_CONTEXT('2D SPACE',''
  ) );
#6274 = ORIENTED_EDGE('',*,*,#6275,.T.);
#6275 = EDGE_CURVE('',#6247,#6276,#6278,.T.);
#6276 = VERTEX_POINT('',#6277);
#6277 = CARTESIAN_POINT('',(-3.599999999999,-5.8,-1.06E-12));
#6278 = SURFACE_CURVE('',#6279,(#6283,#6290),.PCURVE_S1.);
#6279 = LINE('',#6280,#6281);
#6280 = CARTESIAN_POINT('',(-3.600000000001,-5.800000000002,
    11.299999999999));
#6281 = VECTOR('',#6282,1.);
#6282 = DIRECTION('',(1.13E-13,1.13E-13,-1.));
#6283 = PCURVE('',#6098,#6284);
#6284 = DEFINITIONAL_REPRESENTATION('',(#6285),#6289);
#6285 = LINE('',#6286,#6287);
#6286 = CARTESIAN_POINT('',(4.751036802483,5.800000000002));
#6287 = VECTOR('',#6288,1.);
#6288 = DIRECTION('',(-1.,-1.13E-13));
#6289 = ( GEOMETRIC_REPRESENTATION_CONTEXT(2) 
PARAMETRIC_REPRESENTATION_CONTEXT() REPRESENTATION_CONTEXT('2D SPACE',''
  ) );
#6290 = PCURVE('',#6291,#6296);
#6291 = PLANE('',#6292);
#6292 = AXIS2_PLACEMENT_3D('',#6293,#6294,#6295);
#6293 = CARTESIAN_POINT('',(-3.700000000001,-5.900000000002,
    11.299999999999));
#6294 = DIRECTION('',(-0.707106781187,0.707106781186,-3.E-17));
#6295 = DIRECTION('',(1.130212132034E-13,1.129787867966E-13,-1.));
#6296 = DEFINITIONAL_REPRESENTATION('',(#6297),#6301);
#6297 = LINE('',#6298,#6299);
#6298 = CARTESIAN_POINT('',(-4.926389122032E-16,-0.141421356237));
#6299 = VECTOR('',#6300,1.);
#6300 = DIRECTION('',(1.,0.));
#6301 = ( GEOMETRIC_REPRESENTATION_CONTEXT(2) 
PARAMETRIC_REPRESENTATION_CONTEXT() REPRESENTATION_CONTEXT('2D SPACE',''
  ) );
#6302 = ORIENTED_EDGE('',*,*,#6303,.T.);
#6303 = EDGE_CURVE('',#6276,#6304,#6306,.T.);
#6304 = VERTEX_POINT('',#6305);
#6305 = CARTESIAN_POINT('',(-3.6,-5.6,0.));
#6306 = SURFACE_CURVE('',#6307,(#6311,#6318),.PCURVE_S1.);
#6307 = LINE('',#6308,#6309);
#6308 = CARTESIAN_POINT('',(-3.599999999999,-6.,-1.084E-12));
#6309 = VECTOR('',#6310,1.);
#6310 = DIRECTION('',(-1.13E-13,1.,1.13E-13));
#6311 = PCURVE('',#6098,#6312);
#6312 = DEFINITIONAL_REPRESENTATION('',(#6313),#6317);
#6313 = LINE('',#6314,#6315);
#6314 = CARTESIAN_POINT('',(-6.548963197517,6.));
#6315 = VECTOR('',#6316,1.);
#6316 = DIRECTION('',(1.13E-13,-1.));
#6317 = ( GEOMETRIC_REPRESENTATION_CONTEXT(2) 
PARAMETRIC_REPRESENTATION_CONTEXT() REPRESENTATION_CONTEXT('2D SPACE',''
  ) );
#6318 = PCURVE('',#5288,#6319);
#6319 = DEFINITIONAL_REPRESENTATION('',(#6320),#6324);
#6320 = LINE('',#6321,#6322);
#6321 = CARTESIAN_POINT('',(3.453486695386,-6.));
#6322 = VECTOR('',#6323,1.);
#6323 = DIRECTION('',(1.13E-13,1.));
#6324 = ( GEOMETRIC_REPRESENTATION_CONTEXT(2) 
PARAMETRIC_REPRESENTATION_CONTEXT() REPRESENTATION_CONTEXT('2D SPACE',''
  ) );
#6325 = ORIENTED_EDGE('',*,*,#6326,.T.);
#6326 = EDGE_CURVE('',#6304,#6327,#6329,.T.);
#6327 = VERTEX_POINT('',#6328);
#6328 = CARTESIAN_POINT('',(-3.6,-5.6,6.3));
#6329 = SURFACE_CURVE('',#6330,(#6334,#6341),.PCURVE_S1.);
#6330 = LINE('',#6331,#6332);
#6331 = CARTESIAN_POINT('',(-3.6,-5.6,0.));
#6332 = VECTOR('',#6333,1.);
#6333 = DIRECTION('',(0.,0.,1.));
#6334 = PCURVE('',#6098,#6335);
#6335 = DEFINITIONAL_REPRESENTATION('',(#6336),#6340);
#6336 = LINE('',#6337,#6338);
#6337 = CARTESIAN_POINT('',(-6.548963197516,5.6));
#6338 = VECTOR('',#6339,1.);
#6339 = DIRECTION('',(1.,0.));
#6340 = ( GEOMETRIC_REPRESENTATION_CONTEXT(2) 
PARAMETRIC_REPRESENTATION_CONTEXT() REPRESENTATION_CONTEXT('2D SPACE',''
  ) );
#6341 = PCURVE('',#5936,#6342);
#6342 = DEFINITIONAL_REPRESENTATION('',(#6343),#6347);
#6343 = LINE('',#6344,#6345);
#6344 = CARTESIAN_POINT('',(3.15,-3.6));
#6345 = VECTOR('',#6346,1.);
#6346 = DIRECTION('',(-1.,0.));
#6347 = ( GEOMETRIC_REPRESENTATION_CONTEXT(2) 
PARAMETRIC_REPRESENTATION_CONTEXT() REPRESENTATION_CONTEXT('2D SPACE',''
  ) );
#6348 = ORIENTED_EDGE('',*,*,#6349,.T.);
#6349 = EDGE_CURVE('',#6327,#6083,#6350,.T.);
#6350 = SURFACE_CURVE('',#6351,(#6355,#6362),.PCURVE_S1.);
#6351 = LINE('',#6352,#6353);
#6352 = CARTESIAN_POINT('',(-3.6,0.,6.3));
#6353 = VECTOR('',#6354,1.);
#6354 = DIRECTION('',(0.,1.,0.));
#6355 = PCURVE('',#6098,#6356);
#6356 = DEFINITIONAL_REPRESENTATION('',(#6357),#6361);
#6357 = LINE('',#6358,#6359);
#6358 = CARTESIAN_POINT('',(-0.248963197516,-1.2E-16));
#6359 = VECTOR('',#6360,1.);
#6360 = DIRECTION('',(0.,-1.));
#6361 = ( GEOMETRIC_REPRESENTATION_CONTEXT(2) 
PARAMETRIC_REPRESENTATION_CONTEXT() REPRESENTATION_CONTEXT('2D SPACE',''
  ) );
#6362 = PCURVE('',#5908,#6363);
#6363 = DEFINITIONAL_REPRESENTATION('',(#6364),#6368);
#6364 = LINE('',#6365,#6366);
#6365 = CARTESIAN_POINT('',(-3.6,-1.E-16));
#6366 = VECTOR('',#6367,1.);
#6367 = DIRECTION('',(0.,1.));
#6368 = ( GEOMETRIC_REPRESENTATION_CONTEXT(2) 
PARAMETRIC_REPRESENTATION_CONTEXT() REPRESENTATION_CONTEXT('2D SPACE',''
  ) );
#6369 = ORIENTED_EDGE('',*,*,#6082,.F.);
#6370 = ADVANCED_FACE('',(#6371),#6173,.F.);
#6371 = FACE_BOUND('',#6372,.T.);
#6372 = EDGE_LOOP('',(#6373,#6396,#6397,#6420));
#6373 = ORIENTED_EDGE('',*,*,#6374,.F.);
#6374 = EDGE_CURVE('',#6158,#6375,#6377,.T.);
#6375 = VERTEX_POINT('',#6376);
#6376 = CARTESIAN_POINT('',(-3.800000000001,6.000000000002,
    11.299999999999));
#6377 = SURFACE_CURVE('',#6378,(#6382,#6389),.PCURVE_S1.);
#6378 = LINE('',#6379,#6380);
#6379 = CARTESIAN_POINT('',(-3.800000000001,6.000000000002,
    11.299999999999));
#6380 = VECTOR('',#6381,1.);
#6381 = DIRECTION('',(-0.707106781186,0.707106781187,-8.748E-14));
#6382 = PCURVE('',#6173,#6383);
#6383 = DEFINITIONAL_REPRESENTATION('',(#6384),#6388);
#6384 = LINE('',#6385,#6386);
#6385 = CARTESIAN_POINT('',(-4.926389122032E-16,0.141421356237));
#6386 = VECTOR('',#6387,1.);
#6387 = DIRECTION('',(7.232613254816E-14,1.));
#6388 = ( GEOMETRIC_REPRESENTATION_CONTEXT(2) 
PARAMETRIC_REPRESENTATION_CONTEXT() REPRESENTATION_CONTEXT('2D SPACE',''
  ) );
#6389 = PCURVE('',#6206,#6390);
#6390 = DEFINITIONAL_REPRESENTATION('',(#6391),#6395);
#6391 = LINE('',#6392,#6393);
#6392 = CARTESIAN_POINT('',(1.570796326795,0.));
#6393 = VECTOR('',#6394,1.);
#6394 = DIRECTION('',(0.,1.));
#6395 = ( GEOMETRIC_REPRESENTATION_CONTEXT(2) 
PARAMETRIC_REPRESENTATION_CONTEXT() REPRESENTATION_CONTEXT('2D SPACE',''
  ) );
#6396 = ORIENTED_EDGE('',*,*,#6157,.T.);
#6397 = ORIENTED_EDGE('',*,*,#6398,.T.);
#6398 = EDGE_CURVE('',#6135,#6399,#6401,.T.);
#6399 = VERTEX_POINT('',#6400);
#6400 = CARTESIAN_POINT('',(-3.799999999999,6.,-1.108E-12));
#6401 = SURFACE_CURVE('',#6402,(#6406,#6413),.PCURVE_S1.);
#6402 = LINE('',#6403,#6404);
#6403 = CARTESIAN_POINT('',(-2.58125,4.78125,-4.5913E-13));
#6404 = VECTOR('',#6405,1.);
#6405 = DIRECTION('',(-0.707106781186,0.707106781187,-1.4091E-13));
#6406 = PCURVE('',#6173,#6407);
#6407 = DEFINITIONAL_REPRESENTATION('',(#6408),#6412);
#6408 = LINE('',#6409,#6410);
#6409 = CARTESIAN_POINT('',(-11.3,-1.582151422905));
#6410 = VECTOR('',#6411,1.);
#6411 = DIRECTION('',(1.889613254816E-14,1.));
#6412 = ( GEOMETRIC_REPRESENTATION_CONTEXT(2) 
PARAMETRIC_REPRESENTATION_CONTEXT() REPRESENTATION_CONTEXT('2D SPACE',''
  ) );
#6413 = PCURVE('',#5288,#6414);
#6414 = DEFINITIONAL_REPRESENTATION('',(#6415),#6419);
#6415 = LINE('',#6416,#6417);
#6416 = CARTESIAN_POINT('',(2.434736695386,4.78125));
#6417 = VECTOR('',#6418,1.);
#6418 = DIRECTION('',(0.707106781186,0.707106781187));
#6419 = ( GEOMETRIC_REPRESENTATION_CONTEXT(2) 
PARAMETRIC_REPRESENTATION_CONTEXT() REPRESENTATION_CONTEXT('2D SPACE',''
  ) );
#6420 = ORIENTED_EDGE('',*,*,#6421,.F.);
#6421 = EDGE_CURVE('',#6375,#6399,#6422,.T.);
#6422 = SURFACE_CURVE('',#6423,(#6427,#6434),.PCURVE_S1.);
#6423 = LINE('',#6424,#6425);
#6424 = CARTESIAN_POINT('',(-3.800000000001,6.000000000002,
    11.299999999999));
#6425 = VECTOR('',#6426,1.);
#6426 = DIRECTION('',(1.13E-13,-1.13E-13,-1.));
#6427 = PCURVE('',#6173,#6428);
#6428 = DEFINITIONAL_REPRESENTATION('',(#6429),#6433);
#6429 = LINE('',#6430,#6431);
#6430 = CARTESIAN_POINT('',(-4.926389122033E-16,0.141421356237));
#6431 = VECTOR('',#6432,1.);
#6432 = DIRECTION('',(-1.,0.));
#6433 = ( GEOMETRIC_REPRESENTATION_CONTEXT(2) 
PARAMETRIC_REPRESENTATION_CONTEXT() REPRESENTATION_CONTEXT('2D SPACE',''
  ) );
#6434 = PCURVE('',#6435,#6440);
#6435 = PLANE('',#6436);
#6436 = AXIS2_PLACEMENT_3D('',#6437,#6438,#6439);
#6437 = CARTESIAN_POINT('',(-3.600000000001,6.000000000002,
    11.299999999999));
#6438 = DIRECTION('',(-1.1291E-13,-1.,1.1291E-13));
#6439 = DIRECTION('',(1.1291E-13,-1.1291E-13,-1.));
#6440 = DEFINITIONAL_REPRESENTATION('',(#6441),#6445);
#6441 = LINE('',#6442,#6443);
#6442 = CARTESIAN_POINT('',(2.286995751601E-15,-0.2));
#6443 = VECTOR('',#6444,1.);
#6444 = DIRECTION('',(1.,9.000000000002E-17));
#6445 = ( GEOMETRIC_REPRESENTATION_CONTEXT(2) 
PARAMETRIC_REPRESENTATION_CONTEXT() REPRESENTATION_CONTEXT('2D SPACE',''
  ) );
#6446 = ADVANCED_FACE('',(#6447),#6435,.F.);
#6447 = FACE_BOUND('',#6448,.F.);
#6448 = EDGE_LOOP('',(#6449,#6477,#6505,#6526));
#6449 = ORIENTED_EDGE('',*,*,#6450,.T.);
#6450 = EDGE_CURVE('',#6375,#6451,#6453,.T.);
#6451 = VERTEX_POINT('',#6452);
#6452 = CARTESIAN_POINT('',(-4.250000000001,6.000000000002,
    11.299999999999));
#6453 = SURFACE_CURVE('',#6454,(#6458,#6465),.PCURVE_S1.);
#6454 = LINE('',#6455,#6456);
#6455 = CARTESIAN_POINT('',(-3.600000000001,6.000000000002,
    11.299999999999));
#6456 = VECTOR('',#6457,1.);
#6457 = DIRECTION('',(-1.,1.1291E-13,-1.1291E-13));
#6458 = PCURVE('',#6435,#6459);
#6459 = DEFINITIONAL_REPRESENTATION('',(#6460),#6464);
#6460 = LINE('',#6461,#6462);
#6461 = CARTESIAN_POINT('',(0.,0.));
#6462 = VECTOR('',#6463,1.);
#6463 = DIRECTION('',(-1.274799222837E-26,-1.));
#6464 = ( GEOMETRIC_REPRESENTATION_CONTEXT(2) 
PARAMETRIC_REPRESENTATION_CONTEXT() REPRESENTATION_CONTEXT('2D SPACE',''
  ) );
#6465 = PCURVE('',#6466,#6471);
#6466 = CYLINDRICAL_SURFACE('',#6467,1.);
#6467 = AXIS2_PLACEMENT_3D('',#6468,#6469,#6470);
#6468 = CARTESIAN_POINT('',(-3.600000000001,5.000000000002,
    11.299999999999));
#6469 = DIRECTION('',(1.,-1.128E-13,1.1291E-13));
#6470 = DIRECTION('',(1.128E-13,1.,-1.1291E-13));
#6471 = DEFINITIONAL_REPRESENTATION('',(#6472),#6476);
#6472 = LINE('',#6473,#6474);
#6473 = CARTESIAN_POINT('',(1.0247E-13,0.));
#6474 = VECTOR('',#6475,1.);
#6475 = DIRECTION('',(0.,-1.));
#6476 = ( GEOMETRIC_REPRESENTATION_CONTEXT(2) 
PARAMETRIC_REPRESENTATION_CONTEXT() REPRESENTATION_CONTEXT('2D SPACE',''
  ) );
#6477 = ORIENTED_EDGE('',*,*,#6478,.T.);
#6478 = EDGE_CURVE('',#6451,#6479,#6481,.T.);
#6479 = VERTEX_POINT('',#6480);
#6480 = CARTESIAN_POINT('',(-4.249999999999,6.,-1.157E-12));
#6481 = SURFACE_CURVE('',#6482,(#6486,#6493),.PCURVE_S1.);
#6482 = LINE('',#6483,#6484);
#6483 = CARTESIAN_POINT('',(-4.250000000001,6.000000000002,
    11.299999999999));
#6484 = VECTOR('',#6485,1.);
#6485 = DIRECTION('',(1.13E-13,-1.13E-13,-1.));
#6486 = PCURVE('',#6435,#6487);
#6487 = DEFINITIONAL_REPRESENTATION('',(#6488),#6492);
#6488 = LINE('',#6489,#6490);
#6489 = CARTESIAN_POINT('',(1.215487254802E-15,-0.65));
#6490 = VECTOR('',#6491,1.);
#6491 = DIRECTION('',(1.,9.000000000002E-17));
#6492 = ( GEOMETRIC_REPRESENTATION_CONTEXT(2) 
PARAMETRIC_REPRESENTATION_CONTEXT() REPRESENTATION_CONTEXT('2D SPACE',''
  ) );
#6493 = PCURVE('',#6494,#6499);
#6494 = PLANE('',#6495);
#6495 = AXIS2_PLACEMENT_3D('',#6496,#6497,#6498);
#6496 = CARTESIAN_POINT('',(-4.25,0.,6.031080959421));
#6497 = DIRECTION('',(-1.,-0.,-1.1362E-13));
#6498 = DIRECTION('',(1.1362E-13,0.,-1.));
#6499 = DEFINITIONAL_REPRESENTATION('',(#6500),#6504);
#6500 = LINE('',#6501,#6502);
#6501 = CARTESIAN_POINT('',(-5.268919040578,-6.000000000002));
#6502 = VECTOR('',#6503,1.);
#6503 = DIRECTION('',(1.,1.13E-13));
#6504 = ( GEOMETRIC_REPRESENTATION_CONTEXT(2) 
PARAMETRIC_REPRESENTATION_CONTEXT() REPRESENTATION_CONTEXT('2D SPACE',''
  ) );
#6505 = ORIENTED_EDGE('',*,*,#6506,.F.);
#6506 = EDGE_CURVE('',#6399,#6479,#6507,.T.);
#6507 = SURFACE_CURVE('',#6508,(#6512,#6519),.PCURVE_S1.);
#6508 = LINE('',#6509,#6510);
#6509 = CARTESIAN_POINT('',(-3.599999999999,6.,-1.08393E-12));
#6510 = VECTOR('',#6511,1.);
#6511 = DIRECTION('',(-1.,1.1291E-13,-1.1291E-13));
#6512 = PCURVE('',#6435,#6513);
#6513 = DEFINITIONAL_REPRESENTATION('',(#6514),#6518);
#6514 = LINE('',#6515,#6516);
#6515 = CARTESIAN_POINT('',(11.3,-1.470010078154E-17));
#6516 = VECTOR('',#6517,1.);
#6517 = DIRECTION('',(-1.274799222837E-26,-1.));
#6518 = ( GEOMETRIC_REPRESENTATION_CONTEXT(2) 
PARAMETRIC_REPRESENTATION_CONTEXT() REPRESENTATION_CONTEXT('2D SPACE',''
  ) );
#6519 = PCURVE('',#5288,#6520);
#6520 = DEFINITIONAL_REPRESENTATION('',(#6521),#6525);
#6521 = LINE('',#6522,#6523);
#6522 = CARTESIAN_POINT('',(3.453486695386,6.));
#6523 = VECTOR('',#6524,1.);
#6524 = DIRECTION('',(1.,1.1291E-13));
#6525 = ( GEOMETRIC_REPRESENTATION_CONTEXT(2) 
PARAMETRIC_REPRESENTATION_CONTEXT() REPRESENTATION_CONTEXT('2D SPACE',''
  ) );
#6526 = ORIENTED_EDGE('',*,*,#6421,.F.);
#6527 = ADVANCED_FACE('',(#6528),#6494,.T.);
#6528 = FACE_BOUND('',#6529,.T.);
#6529 = EDGE_LOOP('',(#6530,#6558,#6559,#6582,#6610,#6638,#6666,#6689,
    #6717,#6745,#6773,#6796,#6824,#6853));
#6530 = ORIENTED_EDGE('',*,*,#6531,.F.);
#6531 = EDGE_CURVE('',#6451,#6532,#6534,.T.);
#6532 = VERTEX_POINT('',#6533);
#6533 = CARTESIAN_POINT('',(-4.250000000001,5.000000000002,
    12.299999999999));
#6534 = SURFACE_CURVE('',#6535,(#6540,#6551),.PCURVE_S1.);
#6535 = CIRCLE('',#6536,1.);
#6536 = AXIS2_PLACEMENT_3D('',#6537,#6538,#6539);
#6537 = CARTESIAN_POINT('',(-4.250000000001,5.000000000002,
    11.299999999999));
#6538 = DIRECTION('',(1.,-1.13E-13,1.13E-13));
#6539 = DIRECTION('',(1.13E-13,1.,-1.13E-13));
#6540 = PCURVE('',#6494,#6541);
#6541 = DEFINITIONAL_REPRESENTATION('',(#6542),#6550);
#6542 = ( BOUNDED_CURVE() B_SPLINE_CURVE(2,(#6543,#6544,#6545,#6546,
#6547,#6548,#6549),.UNSPECIFIED.,.T.,.F.) B_SPLINE_CURVE_WITH_KNOTS((1,2
    ,2,2,2,1),(-2.094395102393,0.,2.094395102393,4.188790204786,
6.28318530718,8.377580409573),.UNSPECIFIED.) CURVE() 
GEOMETRIC_REPRESENTATION_ITEM() RATIONAL_B_SPLINE_CURVE((1.,0.5,1.,0.5,
1.,0.5,1.)) REPRESENTATION_ITEM('') );
#6543 = CARTESIAN_POINT('',(-5.268919040578,-6.000000000002));
#6544 = CARTESIAN_POINT('',(-7.000969848146,-6.000000000002));
#6545 = CARTESIAN_POINT('',(-6.134944444362,-4.500000000002));
#6546 = CARTESIAN_POINT('',(-5.268919040578,-3.000000000002));
#6547 = CARTESIAN_POINT('',(-4.402893636793,-4.500000000002));
#6548 = CARTESIAN_POINT('',(-3.536868233009,-6.000000000002));
#6549 = CARTESIAN_POINT('',(-5.268919040578,-6.000000000002));
#6550 = ( GEOMETRIC_REPRESENTATION_CONTEXT(2) 
PARAMETRIC_REPRESENTATION_CONTEXT() REPRESENTATION_CONTEXT('2D SPACE',''
  ) );
#6551 = PCURVE('',#6466,#6552);
#6552 = DEFINITIONAL_REPRESENTATION('',(#6553),#6557);
#6553 = LINE('',#6554,#6555);
#6554 = CARTESIAN_POINT('',(0.,-0.65));
#6555 = VECTOR('',#6556,1.);
#6556 = DIRECTION('',(1.,0.));
#6557 = ( GEOMETRIC_REPRESENTATION_CONTEXT(2) 
PARAMETRIC_REPRESENTATION_CONTEXT() REPRESENTATION_CONTEXT('2D SPACE',''
  ) );
#6558 = ORIENTED_EDGE('',*,*,#6478,.T.);
#6559 = ORIENTED_EDGE('',*,*,#6560,.F.);
#6560 = EDGE_CURVE('',#6561,#6479,#6563,.T.);
#6561 = VERTEX_POINT('',#6562);
#6562 = CARTESIAN_POINT('',(-4.25,4.416305717362,0.));
#6563 = SURFACE_CURVE('',#6564,(#6568,#6575),.PCURVE_S1.);
#6564 = LINE('',#6565,#6566);
#6565 = CARTESIAN_POINT('',(-4.249999999999,-6.,-1.157E-12));
#6566 = VECTOR('',#6567,1.);
#6567 = DIRECTION('',(-1.13E-13,1.,1.13E-13));
#6568 = PCURVE('',#6494,#6569);
#6569 = DEFINITIONAL_REPRESENTATION('',(#6570),#6574);
#6570 = LINE('',#6571,#6572);
#6571 = CARTESIAN_POINT('',(6.031080959422,6.));
#6572 = VECTOR('',#6573,1.);
#6573 = DIRECTION('',(-1.13E-13,-1.));
#6574 = ( GEOMETRIC_REPRESENTATION_CONTEXT(2) 
PARAMETRIC_REPRESENTATION_CONTEXT() REPRESENTATION_CONTEXT('2D SPACE',''
  ) );
#6575 = PCURVE('',#5288,#6576);
#6576 = DEFINITIONAL_REPRESENTATION('',(#6577),#6581);
#6577 = LINE('',#6578,#6579);
#6578 = CARTESIAN_POINT('',(4.103486695386,-6.));
#6579 = VECTOR('',#6580,1.);
#6580 = DIRECTION('',(1.13E-13,1.));
#6581 = ( GEOMETRIC_REPRESENTATION_CONTEXT(2) 
PARAMETRIC_REPRESENTATION_CONTEXT() REPRESENTATION_CONTEXT('2D SPACE',''
  ) );
#6582 = ORIENTED_EDGE('',*,*,#6583,.T.);
#6583 = EDGE_CURVE('',#6561,#6584,#6586,.T.);
#6584 = VERTEX_POINT('',#6585);
#6585 = CARTESIAN_POINT('',(-4.25,4.416305717362,6.));
#6586 = SURFACE_CURVE('',#6587,(#6591,#6598),.PCURVE_S1.);
#6587 = LINE('',#6588,#6589);
#6588 = CARTESIAN_POINT('',(-4.25,4.416305717362,0.));
#6589 = VECTOR('',#6590,1.);
#6590 = DIRECTION('',(0.,0.,1.));
#6591 = PCURVE('',#6494,#6592);
#6592 = DEFINITIONAL_REPRESENTATION('',(#6593),#6597);
#6593 = LINE('',#6594,#6595);
#6594 = CARTESIAN_POINT('',(6.031080959421,-4.416305717362));
#6595 = VECTOR('',#6596,1.);
#6596 = DIRECTION('',(-1.,0.));
#6597 = ( GEOMETRIC_REPRESENTATION_CONTEXT(2) 
PARAMETRIC_REPRESENTATION_CONTEXT() REPRESENTATION_CONTEXT('2D SPACE',''
  ) );
#6598 = PCURVE('',#6599,#6604);
#6599 = PLANE('',#6600);
#6600 = AXIS2_PLACEMENT_3D('',#6601,#6602,#6603);
#6601 = CARTESIAN_POINT('',(-4.25,4.416305717362,0.));
#6602 = DIRECTION('',(-0.173648177667,-0.984807753012,0.));
#6603 = DIRECTION('',(-0.984807753012,0.173648177667,0.));
#6604 = DEFINITIONAL_REPRESENTATION('',(#6605),#6609);
#6605 = LINE('',#6606,#6607);
#6606 = CARTESIAN_POINT('',(0.,0.));
#6607 = VECTOR('',#6608,1.);
#6608 = DIRECTION('',(0.,-1.));
#6609 = ( GEOMETRIC_REPRESENTATION_CONTEXT(2) 
PARAMETRIC_REPRESENTATION_CONTEXT() REPRESENTATION_CONTEXT('2D SPACE',''
  ) );
#6610 = ORIENTED_EDGE('',*,*,#6611,.F.);
#6611 = EDGE_CURVE('',#6612,#6584,#6614,.T.);
#6612 = VERTEX_POINT('',#6613);
#6613 = CARTESIAN_POINT('',(-4.25,3.583694282638,6.));
#6614 = SURFACE_CURVE('',#6615,(#6619,#6626),.PCURVE_S1.);
#6615 = LINE('',#6616,#6617);
#6616 = CARTESIAN_POINT('',(-4.25,3.583694282638,6.));
#6617 = VECTOR('',#6618,1.);
#6618 = DIRECTION('',(0.,1.,0.));
#6619 = PCURVE('',#6494,#6620);
#6620 = DEFINITIONAL_REPRESENTATION('',(#6621),#6625);
#6621 = LINE('',#6622,#6623);
#6622 = CARTESIAN_POINT('',(3.108095942134E-02,-3.583694282638));
#6623 = VECTOR('',#6624,1.);
#6624 = DIRECTION('',(0.,-1.));
#6625 = ( GEOMETRIC_REPRESENTATION_CONTEXT(2) 
PARAMETRIC_REPRESENTATION_CONTEXT() REPRESENTATION_CONTEXT('2D SPACE',''
  ) );
#6626 = PCURVE('',#6627,#6632);
#6627 = PLANE('',#6628);
#6628 = AXIS2_PLACEMENT_3D('',#6629,#6630,#6631);
#6629 = CARTESIAN_POINT('',(0.766110762924,4.165025637807,6.));
#6630 = DIRECTION('',(0.,0.,1.));
#6631 = DIRECTION('',(1.,0.,0.));
#6632 = DEFINITIONAL_REPRESENTATION('',(#6633),#6637);
#6633 = LINE('',#6634,#6635);
#6634 = CARTESIAN_POINT('',(-5.016110762924,-0.581331355169));
#6635 = VECTOR('',#6636,1.);
#6636 = DIRECTION('',(0.,1.));
#6637 = ( GEOMETRIC_REPRESENTATION_CONTEXT(2) 
PARAMETRIC_REPRESENTATION_CONTEXT() REPRESENTATION_CONTEXT('2D SPACE',''
  ) );
#6638 = ORIENTED_EDGE('',*,*,#6639,.F.);
#6639 = EDGE_CURVE('',#6640,#6612,#6642,.T.);
#6640 = VERTEX_POINT('',#6641);
#6641 = CARTESIAN_POINT('',(-4.25,3.583694282638,0.));
#6642 = SURFACE_CURVE('',#6643,(#6647,#6654),.PCURVE_S1.);
#6643 = LINE('',#6644,#6645);
#6644 = CARTESIAN_POINT('',(-4.25,3.583694282638,0.));
#6645 = VECTOR('',#6646,1.);
#6646 = DIRECTION('',(0.,0.,1.));
#6647 = PCURVE('',#6494,#6648);
#6648 = DEFINITIONAL_REPRESENTATION('',(#6649),#6653);
#6649 = LINE('',#6650,#6651);
#6650 = CARTESIAN_POINT('',(6.031080959421,-3.583694282638));
#6651 = VECTOR('',#6652,1.);
#6652 = DIRECTION('',(-1.,0.));
#6653 = ( GEOMETRIC_REPRESENTATION_CONTEXT(2) 
PARAMETRIC_REPRESENTATION_CONTEXT() REPRESENTATION_CONTEXT('2D SPACE',''
  ) );
#6654 = PCURVE('',#6655,#6660);
#6655 = PLANE('',#6656);
#6656 = AXIS2_PLACEMENT_3D('',#6657,#6658,#6659);
#6657 = CARTESIAN_POINT('',(-5.15,3.425,0.));
#6658 = DIRECTION('',(-0.173648177667,0.984807753012,0.));
#6659 = DIRECTION('',(0.984807753012,0.173648177667,0.));
#6660 = DEFINITIONAL_REPRESENTATION('',(#6661),#6665);
#6661 = LINE('',#6662,#6663);
#6662 = CARTESIAN_POINT('',(0.913883950697,0.));
#6663 = VECTOR('',#6664,1.);
#6664 = DIRECTION('',(0.,-1.));
#6665 = ( GEOMETRIC_REPRESENTATION_CONTEXT(2) 
PARAMETRIC_REPRESENTATION_CONTEXT() REPRESENTATION_CONTEXT('2D SPACE',''
  ) );
#6666 = ORIENTED_EDGE('',*,*,#6667,.F.);
#6667 = EDGE_CURVE('',#6668,#6640,#6670,.T.);
#6668 = VERTEX_POINT('',#6669);
#6669 = CARTESIAN_POINT('',(-4.25,-3.583694282638,0.));
#6670 = SURFACE_CURVE('',#6671,(#6675,#6682),.PCURVE_S1.);
#6671 = LINE('',#6672,#6673);
#6672 = CARTESIAN_POINT('',(-4.249999999999,-6.,-1.157E-12));
#6673 = VECTOR('',#6674,1.);
#6674 = DIRECTION('',(-1.13E-13,1.,1.13E-13));
#6675 = PCURVE('',#6494,#6676);
#6676 = DEFINITIONAL_REPRESENTATION('',(#6677),#6681);
#6677 = LINE('',#6678,#6679);
#6678 = CARTESIAN_POINT('',(6.031080959422,6.));
#6679 = VECTOR('',#6680,1.);
#6680 = DIRECTION('',(-1.13E-13,-1.));
#6681 = ( GEOMETRIC_REPRESENTATION_CONTEXT(2) 
PARAMETRIC_REPRESENTATION_CONTEXT() REPRESENTATION_CONTEXT('2D SPACE',''
  ) );
#6682 = PCURVE('',#5288,#6683);
#6683 = DEFINITIONAL_REPRESENTATION('',(#6684),#6688);
#6684 = LINE('',#6685,#6686);
#6685 = CARTESIAN_POINT('',(4.103486695386,-6.));
#6686 = VECTOR('',#6687,1.);
#6687 = DIRECTION('',(1.13E-13,1.));
#6688 = ( GEOMETRIC_REPRESENTATION_CONTEXT(2) 
PARAMETRIC_REPRESENTATION_CONTEXT() REPRESENTATION_CONTEXT('2D SPACE',''
  ) );
#6689 = ORIENTED_EDGE('',*,*,#6690,.T.);
#6690 = EDGE_CURVE('',#6668,#6691,#6693,.T.);
#6691 = VERTEX_POINT('',#6692);
#6692 = CARTESIAN_POINT('',(-4.25,-3.583694282638,6.));
#6693 = SURFACE_CURVE('',#6694,(#6698,#6705),.PCURVE_S1.);
#6694 = LINE('',#6695,#6696);
#6695 = CARTESIAN_POINT('',(-4.25,-3.583694282638,0.));
#6696 = VECTOR('',#6697,1.);
#6697 = DIRECTION('',(0.,0.,1.));
#6698 = PCURVE('',#6494,#6699);
#6699 = DEFINITIONAL_REPRESENTATION('',(#6700),#6704);
#6700 = LINE('',#6701,#6702);
#6701 = CARTESIAN_POINT('',(6.031080959421,3.583694282638));
#6702 = VECTOR('',#6703,1.);
#6703 = DIRECTION('',(-1.,0.));
#6704 = ( GEOMETRIC_REPRESENTATION_CONTEXT(2) 
PARAMETRIC_REPRESENTATION_CONTEXT() REPRESENTATION_CONTEXT('2D SPACE',''
  ) );
#6705 = PCURVE('',#6706,#6711);
#6706 = PLANE('',#6707);
#6707 = AXIS2_PLACEMENT_3D('',#6708,#6709,#6710);
#6708 = CARTESIAN_POINT('',(-5.15,-3.425,0.));
#6709 = DIRECTION('',(-0.173648177667,-0.984807753012,-0.));
#6710 = DIRECTION('',(-0.984807753012,0.173648177667,0.));
#6711 = DEFINITIONAL_REPRESENTATION('',(#6712),#6716);
#6712 = LINE('',#6713,#6714);
#6713 = CARTESIAN_POINT('',(-0.913883950697,0.));
#6714 = VECTOR('',#6715,1.);
#6715 = DIRECTION('',(-0.,-1.));
#6716 = ( GEOMETRIC_REPRESENTATION_CONTEXT(2) 
PARAMETRIC_REPRESENTATION_CONTEXT() REPRESENTATION_CONTEXT('2D SPACE',''
  ) );
#6717 = ORIENTED_EDGE('',*,*,#6718,.T.);
#6718 = EDGE_CURVE('',#6691,#6719,#6721,.T.);
#6719 = VERTEX_POINT('',#6720);
#6720 = CARTESIAN_POINT('',(-4.25,-4.416305717362,6.));
#6721 = SURFACE_CURVE('',#6722,(#6726,#6733),.PCURVE_S1.);
#6722 = LINE('',#6723,#6724);
#6723 = CARTESIAN_POINT('',(-4.25,-3.583694282638,6.));
#6724 = VECTOR('',#6725,1.);
#6725 = DIRECTION('',(-0.,-1.,-0.));
#6726 = PCURVE('',#6494,#6727);
#6727 = DEFINITIONAL_REPRESENTATION('',(#6728),#6732);
#6728 = LINE('',#6729,#6730);
#6729 = CARTESIAN_POINT('',(3.108095942134E-02,3.583694282638));
#6730 = VECTOR('',#6731,1.);
#6731 = DIRECTION('',(0.,1.));
#6732 = ( GEOMETRIC_REPRESENTATION_CONTEXT(2) 
PARAMETRIC_REPRESENTATION_CONTEXT() REPRESENTATION_CONTEXT('2D SPACE',''
  ) );
#6733 = PCURVE('',#6734,#6739);
#6734 = PLANE('',#6735);
#6735 = AXIS2_PLACEMENT_3D('',#6736,#6737,#6738);
#6736 = CARTESIAN_POINT('',(0.766110762924,-4.165025637807,6.));
#6737 = DIRECTION('',(0.,0.,1.));
#6738 = DIRECTION('',(-1.,-0.,-0.));
#6739 = DEFINITIONAL_REPRESENTATION('',(#6740),#6744);
#6740 = LINE('',#6741,#6742);
#6741 = CARTESIAN_POINT('',(5.016110762924,-0.581331355169));
#6742 = VECTOR('',#6743,1.);
#6743 = DIRECTION('',(-0.,1.));
#6744 = ( GEOMETRIC_REPRESENTATION_CONTEXT(2) 
PARAMETRIC_REPRESENTATION_CONTEXT() REPRESENTATION_CONTEXT('2D SPACE',''
  ) );
#6745 = ORIENTED_EDGE('',*,*,#6746,.F.);
#6746 = EDGE_CURVE('',#6747,#6719,#6749,.T.);
#6747 = VERTEX_POINT('',#6748);
#6748 = CARTESIAN_POINT('',(-4.25,-4.416305717362,0.));
#6749 = SURFACE_CURVE('',#6750,(#6754,#6761),.PCURVE_S1.);
#6750 = LINE('',#6751,#6752);
#6751 = CARTESIAN_POINT('',(-4.25,-4.416305717362,0.));
#6752 = VECTOR('',#6753,1.);
#6753 = DIRECTION('',(0.,0.,1.));
#6754 = PCURVE('',#6494,#6755);
#6755 = DEFINITIONAL_REPRESENTATION('',(#6756),#6760);
#6756 = LINE('',#6757,#6758);
#6757 = CARTESIAN_POINT('',(6.031080959421,4.416305717362));
#6758 = VECTOR('',#6759,1.);
#6759 = DIRECTION('',(-1.,0.));
#6760 = ( GEOMETRIC_REPRESENTATION_CONTEXT(2) 
PARAMETRIC_REPRESENTATION_CONTEXT() REPRESENTATION_CONTEXT('2D SPACE',''
  ) );
#6761 = PCURVE('',#6762,#6767);
#6762 = PLANE('',#6763);
#6763 = AXIS2_PLACEMENT_3D('',#6764,#6765,#6766);
#6764 = CARTESIAN_POINT('',(-4.25,-4.416305717362,0.));
#6765 = DIRECTION('',(-0.173648177667,0.984807753012,0.));
#6766 = DIRECTION('',(0.984807753012,0.173648177667,0.));
#6767 = DEFINITIONAL_REPRESENTATION('',(#6768),#6772);
#6768 = LINE('',#6769,#6770);
#6769 = CARTESIAN_POINT('',(-0.,-0.));
#6770 = VECTOR('',#6771,1.);
#6771 = DIRECTION('',(-0.,-1.));
#6772 = ( GEOMETRIC_REPRESENTATION_CONTEXT(2) 
PARAMETRIC_REPRESENTATION_CONTEXT() REPRESENTATION_CONTEXT('2D SPACE',''
  ) );
#6773 = ORIENTED_EDGE('',*,*,#6774,.F.);
#6774 = EDGE_CURVE('',#6775,#6747,#6777,.T.);
#6775 = VERTEX_POINT('',#6776);
#6776 = CARTESIAN_POINT('',(-4.249999999999,-6.,-1.157E-12));
#6777 = SURFACE_CURVE('',#6778,(#6782,#6789),.PCURVE_S1.);
#6778 = LINE('',#6779,#6780);
#6779 = CARTESIAN_POINT('',(-4.249999999999,-6.,-1.157E-12));
#6780 = VECTOR('',#6781,1.);
#6781 = DIRECTION('',(-1.13E-13,1.,1.13E-13));
#6782 = PCURVE('',#6494,#6783);
#6783 = DEFINITIONAL_REPRESENTATION('',(#6784),#6788);
#6784 = LINE('',#6785,#6786);
#6785 = CARTESIAN_POINT('',(6.031080959422,6.));
#6786 = VECTOR('',#6787,1.);
#6787 = DIRECTION('',(-1.13E-13,-1.));
#6788 = ( GEOMETRIC_REPRESENTATION_CONTEXT(2) 
PARAMETRIC_REPRESENTATION_CONTEXT() REPRESENTATION_CONTEXT('2D SPACE',''
  ) );
#6789 = PCURVE('',#5288,#6790);
#6790 = DEFINITIONAL_REPRESENTATION('',(#6791),#6795);
#6791 = LINE('',#6792,#6793);
#6792 = CARTESIAN_POINT('',(4.103486695386,-6.));
#6793 = VECTOR('',#6794,1.);
#6794 = DIRECTION('',(1.13E-13,1.));
#6795 = ( GEOMETRIC_REPRESENTATION_CONTEXT(2) 
PARAMETRIC_REPRESENTATION_CONTEXT() REPRESENTATION_CONTEXT('2D SPACE',''
  ) );
#6796 = ORIENTED_EDGE('',*,*,#6797,.F.);
#6797 = EDGE_CURVE('',#6798,#6775,#6800,.T.);
#6798 = VERTEX_POINT('',#6799);
#6799 = CARTESIAN_POINT('',(-4.250000000001,-6.000000000002,
    11.299999999999));
#6800 = SURFACE_CURVE('',#6801,(#6805,#6812),.PCURVE_S1.);
#6801 = LINE('',#6802,#6803);
#6802 = CARTESIAN_POINT('',(-4.250000000001,-6.000000000002,
    11.299999999999));
#6803 = VECTOR('',#6804,1.);
#6804 = DIRECTION('',(1.13E-13,1.13E-13,-1.));
#6805 = PCURVE('',#6494,#6806);
#6806 = DEFINITIONAL_REPRESENTATION('',(#6807),#6811);
#6807 = LINE('',#6808,#6809);
#6808 = CARTESIAN_POINT('',(-5.268919040578,6.000000000002));
#6809 = VECTOR('',#6810,1.);
#6810 = DIRECTION('',(1.,-1.13E-13));
#6811 = ( GEOMETRIC_REPRESENTATION_CONTEXT(2) 
PARAMETRIC_REPRESENTATION_CONTEXT() REPRESENTATION_CONTEXT('2D SPACE',''
  ) );
#6812 = PCURVE('',#6813,#6818);
#6813 = PLANE('',#6814);
#6814 = AXIS2_PLACEMENT_3D('',#6815,#6816,#6817);
#6815 = CARTESIAN_POINT('',(-3.600000000001,-6.000000000002,
    11.299999999999));
#6816 = DIRECTION('',(-1.1291E-13,1.,1.1291E-13));
#6817 = DIRECTION('',(-1.1291E-13,-1.1291E-13,1.));
#6818 = DEFINITIONAL_REPRESENTATION('',(#6819),#6823);
#6819 = LINE('',#6820,#6821);
#6820 = CARTESIAN_POINT('',(5.60869584598E-16,-0.65));
#6821 = VECTOR('',#6822,1.);
#6822 = DIRECTION('',(-1.,9.000000002555E-17));
#6823 = ( GEOMETRIC_REPRESENTATION_CONTEXT(2) 
PARAMETRIC_REPRESENTATION_CONTEXT() REPRESENTATION_CONTEXT('2D SPACE',''
  ) );
#6824 = ORIENTED_EDGE('',*,*,#6825,.T.);
#6825 = EDGE_CURVE('',#6798,#6826,#6828,.T.);
#6826 = VERTEX_POINT('',#6827);
#6827 = CARTESIAN_POINT('',(-4.250000000001,-5.000000000002,
    12.299999999999));
#6828 = SURFACE_CURVE('',#6829,(#6834,#6841),.PCURVE_S1.);
#6829 = CIRCLE('',#6830,1.);
#6830 = AXIS2_PLACEMENT_3D('',#6831,#6832,#6833);
#6831 = CARTESIAN_POINT('',(-4.250000000001,-5.000000000002,
    11.299999999999));
#6832 = DIRECTION('',(-1.,-1.13E-13,-1.13E-13));
#6833 = DIRECTION('',(1.13E-13,-1.,-1.13E-13));
#6834 = PCURVE('',#6494,#6835);
#6835 = DEFINITIONAL_REPRESENTATION('',(#6836),#6840);
#6836 = CIRCLE('',#6837,1.);
#6837 = AXIS2_PLACEMENT_2D('',#6838,#6839);
#6838 = CARTESIAN_POINT('',(-5.268919040578,5.000000000002));
#6839 = DIRECTION('',(1.13E-13,1.));
#6840 = ( GEOMETRIC_REPRESENTATION_CONTEXT(2) 
PARAMETRIC_REPRESENTATION_CONTEXT() REPRESENTATION_CONTEXT('2D SPACE',''
  ) );
#6841 = PCURVE('',#6842,#6847);
#6842 = CYLINDRICAL_SURFACE('',#6843,1.);
#6843 = AXIS2_PLACEMENT_3D('',#6844,#6845,#6846);
#6844 = CARTESIAN_POINT('',(-3.600000000001,-5.000000000002,
    11.299999999999));
#6845 = DIRECTION('',(1.,1.128E-13,1.1291E-13));
#6846 = DIRECTION('',(1.128E-13,-1.,-1.1291E-13));
#6847 = DEFINITIONAL_REPRESENTATION('',(#6848),#6852);
#6848 = LINE('',#6849,#6850);
#6849 = CARTESIAN_POINT('',(-0.,-0.65));
#6850 = VECTOR('',#6851,1.);
#6851 = DIRECTION('',(-1.,0.));
#6852 = ( GEOMETRIC_REPRESENTATION_CONTEXT(2) 
PARAMETRIC_REPRESENTATION_CONTEXT() REPRESENTATION_CONTEXT('2D SPACE',''
  ) );
#6853 = ORIENTED_EDGE('',*,*,#6854,.T.);
#6854 = EDGE_CURVE('',#6826,#6532,#6855,.T.);
#6855 = SURFACE_CURVE('',#6856,(#6860,#6867),.PCURVE_S1.);
#6856 = LINE('',#6857,#6858);
#6857 = CARTESIAN_POINT('',(-4.250000000001,1.8689E-12,12.3));
#6858 = VECTOR('',#6859,1.);
#6859 = DIRECTION('',(1.13E-13,1.,-1.13E-13));
#6860 = PCURVE('',#6494,#6861);
#6861 = DEFINITIONAL_REPRESENTATION('',(#6862),#6866);
#6862 = LINE('',#6863,#6864);
#6863 = CARTESIAN_POINT('',(-6.268919040578,-1.8689E-12));
#6864 = VECTOR('',#6865,1.);
#6865 = DIRECTION('',(1.13E-13,-1.));
#6866 = ( GEOMETRIC_REPRESENTATION_CONTEXT(2) 
PARAMETRIC_REPRESENTATION_CONTEXT() REPRESENTATION_CONTEXT('2D SPACE',''
  ) );
#6867 = PCURVE('',#6868,#6873);
#6868 = PLANE('',#6869);
#6869 = AXIS2_PLACEMENT_3D('',#6870,#6871,#6872);
#6870 = CARTESIAN_POINT('',(-4.025000000001,-1.7E-16,12.299999999999));
#6871 = DIRECTION('',(-1.1053E-13,0.,1.));
#6872 = DIRECTION('',(1.,0.,1.1053E-13));
#6873 = DEFINITIONAL_REPRESENTATION('',(#6874),#6878);
#6874 = LINE('',#6875,#6876);
#6875 = CARTESIAN_POINT('',(-0.225,1.86907E-12));
#6876 = VECTOR('',#6877,1.);
#6877 = DIRECTION('',(1.13E-13,1.));
#6878 = ( GEOMETRIC_REPRESENTATION_CONTEXT(2) 
PARAMETRIC_REPRESENTATION_CONTEXT() REPRESENTATION_CONTEXT('2D SPACE',''
  ) );
#6879 = ADVANCED_FACE('',(#6880),#6599,.F.);
#6880 = FACE_BOUND('',#6881,.F.);
#6881 = EDGE_LOOP('',(#6882,#6883,#6906,#6934));
#6882 = ORIENTED_EDGE('',*,*,#6583,.T.);
#6883 = ORIENTED_EDGE('',*,*,#6884,.T.);
#6884 = EDGE_CURVE('',#6584,#6885,#6887,.T.);
#6885 = VERTEX_POINT('',#6886);
#6886 = CARTESIAN_POINT('',(-5.15,4.575,6.));
#6887 = SURFACE_CURVE('',#6888,(#6892,#6899),.PCURVE_S1.);
#6888 = LINE('',#6889,#6890);
#6889 = CARTESIAN_POINT('',(-4.25,4.416305717362,6.));
#6890 = VECTOR('',#6891,1.);
#6891 = DIRECTION('',(-0.984807753012,0.173648177667,0.));
#6892 = PCURVE('',#6599,#6893);
#6893 = DEFINITIONAL_REPRESENTATION('',(#6894),#6898);
#6894 = LINE('',#6895,#6896);
#6895 = CARTESIAN_POINT('',(0.,-6.));
#6896 = VECTOR('',#6897,1.);
#6897 = DIRECTION('',(1.,0.));
#6898 = ( GEOMETRIC_REPRESENTATION_CONTEXT(2) 
PARAMETRIC_REPRESENTATION_CONTEXT() REPRESENTATION_CONTEXT('2D SPACE',''
  ) );
#6899 = PCURVE('',#6627,#6900);
#6900 = DEFINITIONAL_REPRESENTATION('',(#6901),#6905);
#6901 = LINE('',#6902,#6903);
#6902 = CARTESIAN_POINT('',(-5.016110762924,0.251280079556));
#6903 = VECTOR('',#6904,1.);
#6904 = DIRECTION('',(-0.984807753012,0.173648177667));
#6905 = ( GEOMETRIC_REPRESENTATION_CONTEXT(2) 
PARAMETRIC_REPRESENTATION_CONTEXT() REPRESENTATION_CONTEXT('2D SPACE',''
  ) );
#6906 = ORIENTED_EDGE('',*,*,#6907,.F.);
#6907 = EDGE_CURVE('',#6908,#6885,#6910,.T.);
#6908 = VERTEX_POINT('',#6909);
#6909 = CARTESIAN_POINT('',(-5.15,4.575,0.));
#6910 = SURFACE_CURVE('',#6911,(#6915,#6922),.PCURVE_S1.);
#6911 = LINE('',#6912,#6913);
#6912 = CARTESIAN_POINT('',(-5.15,4.575,0.));
#6913 = VECTOR('',#6914,1.);
#6914 = DIRECTION('',(0.,0.,1.));
#6915 = PCURVE('',#6599,#6916);
#6916 = DEFINITIONAL_REPRESENTATION('',(#6917),#6921);
#6917 = LINE('',#6918,#6919);
#6918 = CARTESIAN_POINT('',(0.913883950697,0.));
#6919 = VECTOR('',#6920,1.);
#6920 = DIRECTION('',(0.,-1.));
#6921 = ( GEOMETRIC_REPRESENTATION_CONTEXT(2) 
PARAMETRIC_REPRESENTATION_CONTEXT() REPRESENTATION_CONTEXT('2D SPACE',''
  ) );
#6922 = PCURVE('',#6923,#6928);
#6923 = PLANE('',#6924);
#6924 = AXIS2_PLACEMENT_3D('',#6925,#6926,#6927);
#6925 = CARTESIAN_POINT('',(-5.15,4.575,0.));
#6926 = DIRECTION('',(1.,0.,0.));
#6927 = DIRECTION('',(0.,-1.,0.));
#6928 = DEFINITIONAL_REPRESENTATION('',(#6929),#6933);
#6929 = LINE('',#6930,#6931);
#6930 = CARTESIAN_POINT('',(0.,0.));
#6931 = VECTOR('',#6932,1.);
#6932 = DIRECTION('',(0.,-1.));
#6933 = ( GEOMETRIC_REPRESENTATION_CONTEXT(2) 
PARAMETRIC_REPRESENTATION_CONTEXT() REPRESENTATION_CONTEXT('2D SPACE',''
  ) );
#6934 = ORIENTED_EDGE('',*,*,#6935,.F.);
#6935 = EDGE_CURVE('',#6561,#6908,#6936,.T.);
#6936 = SURFACE_CURVE('',#6937,(#6941,#6948),.PCURVE_S1.);
#6937 = LINE('',#6938,#6939);
#6938 = CARTESIAN_POINT('',(-4.25,4.416305717362,0.));
#6939 = VECTOR('',#6940,1.);
#6940 = DIRECTION('',(-0.984807753012,0.173648177667,0.));
#6941 = PCURVE('',#6599,#6942);
#6942 = DEFINITIONAL_REPRESENTATION('',(#6943),#6947);
#6943 = LINE('',#6944,#6945);
#6944 = CARTESIAN_POINT('',(0.,0.));
#6945 = VECTOR('',#6946,1.);
#6946 = DIRECTION('',(1.,0.));
#6947 = ( GEOMETRIC_REPRESENTATION_CONTEXT(2) 
PARAMETRIC_REPRESENTATION_CONTEXT() REPRESENTATION_CONTEXT('2D SPACE',''
  ) );
#6948 = PCURVE('',#5288,#6949);
#6949 = DEFINITIONAL_REPRESENTATION('',(#6950),#6954);
#6950 = LINE('',#6951,#6952);
#6951 = CARTESIAN_POINT('',(4.103486695386,4.416305717362));
#6952 = VECTOR('',#6953,1.);
#6953 = DIRECTION('',(0.984807753012,0.173648177667));
#6954 = ( GEOMETRIC_REPRESENTATION_CONTEXT(2) 
PARAMETRIC_REPRESENTATION_CONTEXT() REPRESENTATION_CONTEXT('2D SPACE',''
  ) );
#6955 = ADVANCED_FACE('',(#6956),#6923,.F.);
#6956 = FACE_BOUND('',#6957,.F.);
#6957 = EDGE_LOOP('',(#6958,#6959,#6982,#7005));
#6958 = ORIENTED_EDGE('',*,*,#6907,.T.);
#6959 = ORIENTED_EDGE('',*,*,#6960,.T.);
#6960 = EDGE_CURVE('',#6885,#6961,#6963,.T.);
#6961 = VERTEX_POINT('',#6962);
#6962 = CARTESIAN_POINT('',(-5.15,3.425,6.));
#6963 = SURFACE_CURVE('',#6964,(#6968,#6975),.PCURVE_S1.);
#6964 = LINE('',#6965,#6966);
#6965 = CARTESIAN_POINT('',(-5.15,4.575,6.));
#6966 = VECTOR('',#6967,1.);
#6967 = DIRECTION('',(0.,-1.,0.));
#6968 = PCURVE('',#6923,#6969);
#6969 = DEFINITIONAL_REPRESENTATION('',(#6970),#6974);
#6970 = LINE('',#6971,#6972);
#6971 = CARTESIAN_POINT('',(0.,-6.));
#6972 = VECTOR('',#6973,1.);
#6973 = DIRECTION('',(1.,0.));
#6974 = ( GEOMETRIC_REPRESENTATION_CONTEXT(2) 
PARAMETRIC_REPRESENTATION_CONTEXT() REPRESENTATION_CONTEXT('2D SPACE',''
  ) );
#6975 = PCURVE('',#6627,#6976);
#6976 = DEFINITIONAL_REPRESENTATION('',(#6977),#6981);
#6977 = LINE('',#6978,#6979);
#6978 = CARTESIAN_POINT('',(-5.916110762924,0.409974362193));
#6979 = VECTOR('',#6980,1.);
#6980 = DIRECTION('',(0.,-1.));
#6981 = ( GEOMETRIC_REPRESENTATION_CONTEXT(2) 
PARAMETRIC_REPRESENTATION_CONTEXT() REPRESENTATION_CONTEXT('2D SPACE',''
  ) );
#6982 = ORIENTED_EDGE('',*,*,#6983,.F.);
#6983 = EDGE_CURVE('',#6984,#6961,#6986,.T.);
#6984 = VERTEX_POINT('',#6985);
#6985 = CARTESIAN_POINT('',(-5.15,3.425,0.));
#6986 = SURFACE_CURVE('',#6987,(#6991,#6998),.PCURVE_S1.);
#6987 = LINE('',#6988,#6989);
#6988 = CARTESIAN_POINT('',(-5.15,3.425,0.));
#6989 = VECTOR('',#6990,1.);
#6990 = DIRECTION('',(0.,0.,1.));
#6991 = PCURVE('',#6923,#6992);
#6992 = DEFINITIONAL_REPRESENTATION('',(#6993),#6997);
#6993 = LINE('',#6994,#6995);
#6994 = CARTESIAN_POINT('',(1.15,0.));
#6995 = VECTOR('',#6996,1.);
#6996 = DIRECTION('',(0.,-1.));
#6997 = ( GEOMETRIC_REPRESENTATION_CONTEXT(2) 
PARAMETRIC_REPRESENTATION_CONTEXT() REPRESENTATION_CONTEXT('2D SPACE',''
  ) );
#6998 = PCURVE('',#6655,#6999);
#6999 = DEFINITIONAL_REPRESENTATION('',(#7000),#7004);
#7000 = LINE('',#7001,#7002);
#7001 = CARTESIAN_POINT('',(0.,0.));
#7002 = VECTOR('',#7003,1.);
#7003 = DIRECTION('',(0.,-1.));
#7004 = ( GEOMETRIC_REPRESENTATION_CONTEXT(2) 
PARAMETRIC_REPRESENTATION_CONTEXT() REPRESENTATION_CONTEXT('2D SPACE',''
  ) );
#7005 = ORIENTED_EDGE('',*,*,#7006,.F.);
#7006 = EDGE_CURVE('',#6908,#6984,#7007,.T.);
#7007 = SURFACE_CURVE('',#7008,(#7012,#7019),.PCURVE_S1.);
#7008 = LINE('',#7009,#7010);
#7009 = CARTESIAN_POINT('',(-5.15,4.575,0.));
#7010 = VECTOR('',#7011,1.);
#7011 = DIRECTION('',(0.,-1.,0.));
#7012 = PCURVE('',#6923,#7013);
#7013 = DEFINITIONAL_REPRESENTATION('',(#7014),#7018);
#7014 = LINE('',#7015,#7016);
#7015 = CARTESIAN_POINT('',(0.,0.));
#7016 = VECTOR('',#7017,1.);
#7017 = DIRECTION('',(1.,0.));
#7018 = ( GEOMETRIC_REPRESENTATION_CONTEXT(2) 
PARAMETRIC_REPRESENTATION_CONTEXT() REPRESENTATION_CONTEXT('2D SPACE',''
  ) );
#7019 = PCURVE('',#5288,#7020);
#7020 = DEFINITIONAL_REPRESENTATION('',(#7021),#7025);
#7021 = LINE('',#7022,#7023);
#7022 = CARTESIAN_POINT('',(5.003486695386,4.575));
#7023 = VECTOR('',#7024,1.);
#7024 = DIRECTION('',(0.,-1.));
#7025 = ( GEOMETRIC_REPRESENTATION_CONTEXT(2) 
PARAMETRIC_REPRESENTATION_CONTEXT() REPRESENTATION_CONTEXT('2D SPACE',''
  ) );
#7026 = ADVANCED_FACE('',(#7027),#6655,.F.);
#7027 = FACE_BOUND('',#7028,.F.);
#7028 = EDGE_LOOP('',(#7029,#7030,#7051,#7052));
#7029 = ORIENTED_EDGE('',*,*,#6983,.T.);
#7030 = ORIENTED_EDGE('',*,*,#7031,.T.);
#7031 = EDGE_CURVE('',#6961,#6612,#7032,.T.);
#7032 = SURFACE_CURVE('',#7033,(#7037,#7044),.PCURVE_S1.);
#7033 = LINE('',#7034,#7035);
#7034 = CARTESIAN_POINT('',(-5.15,3.425,6.));
#7035 = VECTOR('',#7036,1.);
#7036 = DIRECTION('',(0.984807753012,0.173648177667,0.));
#7037 = PCURVE('',#6655,#7038);
#7038 = DEFINITIONAL_REPRESENTATION('',(#7039),#7043);
#7039 = LINE('',#7040,#7041);
#7040 = CARTESIAN_POINT('',(0.,-6.));
#7041 = VECTOR('',#7042,1.);
#7042 = DIRECTION('',(1.,0.));
#7043 = ( GEOMETRIC_REPRESENTATION_CONTEXT(2) 
PARAMETRIC_REPRESENTATION_CONTEXT() REPRESENTATION_CONTEXT('2D SPACE',''
  ) );
#7044 = PCURVE('',#6627,#7045);
#7045 = DEFINITIONAL_REPRESENTATION('',(#7046),#7050);
#7046 = LINE('',#7047,#7048);
#7047 = CARTESIAN_POINT('',(-5.916110762924,-0.740025637807));
#7048 = VECTOR('',#7049,1.);
#7049 = DIRECTION('',(0.984807753012,0.173648177667));
#7050 = ( GEOMETRIC_REPRESENTATION_CONTEXT(2) 
PARAMETRIC_REPRESENTATION_CONTEXT() REPRESENTATION_CONTEXT('2D SPACE',''
  ) );
#7051 = ORIENTED_EDGE('',*,*,#6639,.F.);
#7052 = ORIENTED_EDGE('',*,*,#7053,.F.);
#7053 = EDGE_CURVE('',#6984,#6640,#7054,.T.);
#7054 = SURFACE_CURVE('',#7055,(#7059,#7066),.PCURVE_S1.);
#7055 = LINE('',#7056,#7057);
#7056 = CARTESIAN_POINT('',(-5.15,3.425,0.));
#7057 = VECTOR('',#7058,1.);
#7058 = DIRECTION('',(0.984807753012,0.173648177667,0.));
#7059 = PCURVE('',#6655,#7060);
#7060 = DEFINITIONAL_REPRESENTATION('',(#7061),#7065);
#7061 = LINE('',#7062,#7063);
#7062 = CARTESIAN_POINT('',(0.,0.));
#7063 = VECTOR('',#7064,1.);
#7064 = DIRECTION('',(1.,0.));
#7065 = ( GEOMETRIC_REPRESENTATION_CONTEXT(2) 
PARAMETRIC_REPRESENTATION_CONTEXT() REPRESENTATION_CONTEXT('2D SPACE',''
  ) );
#7066 = PCURVE('',#5288,#7067);
#7067 = DEFINITIONAL_REPRESENTATION('',(#7068),#7072);
#7068 = LINE('',#7069,#7070);
#7069 = CARTESIAN_POINT('',(5.003486695386,3.425));
#7070 = VECTOR('',#7071,1.);
#7071 = DIRECTION('',(-0.984807753012,0.173648177667));
#7072 = ( GEOMETRIC_REPRESENTATION_CONTEXT(2) 
PARAMETRIC_REPRESENTATION_CONTEXT() REPRESENTATION_CONTEXT('2D SPACE',''
  ) );
#7073 = ADVANCED_FACE('',(#7074),#6813,.F.);
#7074 = FACE_BOUND('',#7075,.T.);
#7075 = EDGE_LOOP('',(#7076,#7101,#7122,#7123));
#7076 = ORIENTED_EDGE('',*,*,#7077,.F.);
#7077 = EDGE_CURVE('',#7078,#7080,#7082,.T.);
#7078 = VERTEX_POINT('',#7079);
#7079 = CARTESIAN_POINT('',(-3.800000000001,-6.000000000002,
    11.299999999999));
#7080 = VERTEX_POINT('',#7081);
#7081 = CARTESIAN_POINT('',(-3.799999999999,-6.,-1.108E-12));
#7082 = SURFACE_CURVE('',#7083,(#7087,#7094),.PCURVE_S1.);
#7083 = LINE('',#7084,#7085);
#7084 = CARTESIAN_POINT('',(-3.800000000001,-6.000000000002,
    11.299999999999));
#7085 = VECTOR('',#7086,1.);
#7086 = DIRECTION('',(1.13E-13,1.13E-13,-1.));
#7087 = PCURVE('',#6813,#7088);
#7088 = DEFINITIONAL_REPRESENTATION('',(#7089),#7093);
#7089 = LINE('',#7090,#7091);
#7090 = CARTESIAN_POINT('',(-2.286995751601E-15,-0.2));
#7091 = VECTOR('',#7092,1.);
#7092 = DIRECTION('',(-1.,9.000000000002E-17));
#7093 = ( GEOMETRIC_REPRESENTATION_CONTEXT(2) 
PARAMETRIC_REPRESENTATION_CONTEXT() REPRESENTATION_CONTEXT('2D SPACE',''
  ) );
#7094 = PCURVE('',#6291,#7095);
#7095 = DEFINITIONAL_REPRESENTATION('',(#7096),#7100);
#7096 = LINE('',#7097,#7098);
#7097 = CARTESIAN_POINT('',(4.926389122033E-16,0.141421356237));
#7098 = VECTOR('',#7099,1.);
#7099 = DIRECTION('',(1.,0.));
#7100 = ( GEOMETRIC_REPRESENTATION_CONTEXT(2) 
PARAMETRIC_REPRESENTATION_CONTEXT() REPRESENTATION_CONTEXT('2D SPACE',''
  ) );
#7101 = ORIENTED_EDGE('',*,*,#7102,.T.);
#7102 = EDGE_CURVE('',#7078,#6798,#7103,.T.);
#7103 = SURFACE_CURVE('',#7104,(#7108,#7115),.PCURVE_S1.);
#7104 = LINE('',#7105,#7106);
#7105 = CARTESIAN_POINT('',(-3.600000000001,-6.000000000002,
    11.299999999999));
#7106 = VECTOR('',#7107,1.);
#7107 = DIRECTION('',(-1.,-1.1291E-13,-1.1291E-13));
#7108 = PCURVE('',#6813,#7109);
#7109 = DEFINITIONAL_REPRESENTATION('',(#7110),#7114);
#7110 = LINE('',#7111,#7112);
#7111 = CARTESIAN_POINT('',(-0.,0.));
#7112 = VECTOR('',#7113,1.);
#7113 = DIRECTION('',(1.274799222837E-26,-1.));
#7114 = ( GEOMETRIC_REPRESENTATION_CONTEXT(2) 
PARAMETRIC_REPRESENTATION_CONTEXT() REPRESENTATION_CONTEXT('2D SPACE',''
  ) );
#7115 = PCURVE('',#6842,#7116);
#7116 = DEFINITIONAL_REPRESENTATION('',(#7117),#7121);
#7117 = LINE('',#7118,#7119);
#7118 = CARTESIAN_POINT('',(-1.0247E-13,0.));
#7119 = VECTOR('',#7120,1.);
#7120 = DIRECTION('',(-0.,-1.));
#7121 = ( GEOMETRIC_REPRESENTATION_CONTEXT(2) 
PARAMETRIC_REPRESENTATION_CONTEXT() REPRESENTATION_CONTEXT('2D SPACE',''
  ) );
#7122 = ORIENTED_EDGE('',*,*,#6797,.T.);
#7123 = ORIENTED_EDGE('',*,*,#7124,.F.);
#7124 = EDGE_CURVE('',#7080,#6775,#7125,.T.);
#7125 = SURFACE_CURVE('',#7126,(#7130,#7137),.PCURVE_S1.);
#7126 = LINE('',#7127,#7128);
#7127 = CARTESIAN_POINT('',(-3.599999999999,-6.,-1.08393E-12));
#7128 = VECTOR('',#7129,1.);
#7129 = DIRECTION('',(-1.,-1.1291E-13,-1.1291E-13));
#7130 = PCURVE('',#6813,#7131);
#7131 = DEFINITIONAL_REPRESENTATION('',(#7132),#7136);
#7132 = LINE('',#7133,#7134);
#7133 = CARTESIAN_POINT('',(-11.3,-1.470010078154E-17));
#7134 = VECTOR('',#7135,1.);
#7135 = DIRECTION('',(1.274799222837E-26,-1.));
#7136 = ( GEOMETRIC_REPRESENTATION_CONTEXT(2) 
PARAMETRIC_REPRESENTATION_CONTEXT() REPRESENTATION_CONTEXT('2D SPACE',''
  ) );
#7137 = PCURVE('',#5288,#7138);
#7138 = DEFINITIONAL_REPRESENTATION('',(#7139),#7143);
#7139 = LINE('',#7140,#7141);
#7140 = CARTESIAN_POINT('',(3.453486695386,-6.));
#7141 = VECTOR('',#7142,1.);
#7142 = DIRECTION('',(1.,-1.1291E-13));
#7143 = ( GEOMETRIC_REPRESENTATION_CONTEXT(2) 
PARAMETRIC_REPRESENTATION_CONTEXT() REPRESENTATION_CONTEXT('2D SPACE',''
  ) );
#7144 = ADVANCED_FACE('',(#7145),#6291,.F.);
#7145 = FACE_BOUND('',#7146,.F.);
#7146 = EDGE_LOOP('',(#7147,#7168,#7169,#7190));
#7147 = ORIENTED_EDGE('',*,*,#7148,.F.);
#7148 = EDGE_CURVE('',#6247,#7078,#7149,.T.);
#7149 = SURFACE_CURVE('',#7150,(#7154,#7161),.PCURVE_S1.);
#7150 = LINE('',#7151,#7152);
#7151 = CARTESIAN_POINT('',(-3.800000000001,-6.000000000002,
    11.299999999999));
#7152 = VECTOR('',#7153,1.);
#7153 = DIRECTION('',(-0.707106781186,-0.707106781187,-8.748E-14));
#7154 = PCURVE('',#6291,#7155);
#7155 = DEFINITIONAL_REPRESENTATION('',(#7156),#7160);
#7156 = LINE('',#7157,#7158);
#7157 = CARTESIAN_POINT('',(4.926389122032E-16,0.141421356237));
#7158 = VECTOR('',#7159,1.);
#7159 = DIRECTION('',(-7.232613254816E-14,1.));
#7160 = ( GEOMETRIC_REPRESENTATION_CONTEXT(2) 
PARAMETRIC_REPRESENTATION_CONTEXT() REPRESENTATION_CONTEXT('2D SPACE',''
  ) );
#7161 = PCURVE('',#6263,#7162);
#7162 = DEFINITIONAL_REPRESENTATION('',(#7163),#7167);
#7163 = LINE('',#7164,#7165);
#7164 = CARTESIAN_POINT('',(-1.570796326795,0.));
#7165 = VECTOR('',#7166,1.);
#7166 = DIRECTION('',(-0.,1.));
#7167 = ( GEOMETRIC_REPRESENTATION_CONTEXT(2) 
PARAMETRIC_REPRESENTATION_CONTEXT() REPRESENTATION_CONTEXT('2D SPACE',''
  ) );
#7168 = ORIENTED_EDGE('',*,*,#6275,.T.);
#7169 = ORIENTED_EDGE('',*,*,#7170,.T.);
#7170 = EDGE_CURVE('',#6276,#7080,#7171,.T.);
#7171 = SURFACE_CURVE('',#7172,(#7176,#7183),.PCURVE_S1.);
#7172 = LINE('',#7173,#7174);
#7173 = CARTESIAN_POINT('',(-2.58125,-4.78125,-4.5913E-13));
#7174 = VECTOR('',#7175,1.);
#7175 = DIRECTION('',(-0.707106781186,-0.707106781187,-1.4091E-13));
#7176 = PCURVE('',#6291,#7177);
#7177 = DEFINITIONAL_REPRESENTATION('',(#7178),#7182);
#7178 = LINE('',#7179,#7180);
#7179 = CARTESIAN_POINT('',(11.3,-1.582151422905));
#7180 = VECTOR('',#7181,1.);
#7181 = DIRECTION('',(-1.889613254816E-14,1.));
#7182 = ( GEOMETRIC_REPRESENTATION_CONTEXT(2) 
PARAMETRIC_REPRESENTATION_CONTEXT() REPRESENTATION_CONTEXT('2D SPACE',''
  ) );
#7183 = PCURVE('',#5288,#7184);
#7184 = DEFINITIONAL_REPRESENTATION('',(#7185),#7189);
#7185 = LINE('',#7186,#7187);
#7186 = CARTESIAN_POINT('',(2.434736695386,-4.78125));
#7187 = VECTOR('',#7188,1.);
#7188 = DIRECTION('',(0.707106781186,-0.707106781187));
#7189 = ( GEOMETRIC_REPRESENTATION_CONTEXT(2) 
PARAMETRIC_REPRESENTATION_CONTEXT() REPRESENTATION_CONTEXT('2D SPACE',''
  ) );
#7190 = ORIENTED_EDGE('',*,*,#7077,.F.);
#7191 = ADVANCED_FACE('',(#7192),#5936,.T.);
#7192 = FACE_BOUND('',#7193,.T.);
#7193 = EDGE_LOOP('',(#7194,#7195,#7216,#7217));
#7194 = ORIENTED_EDGE('',*,*,#5920,.T.);
#7195 = ORIENTED_EDGE('',*,*,#7196,.F.);
#7196 = EDGE_CURVE('',#6327,#5893,#7197,.T.);
#7197 = SURFACE_CURVE('',#7198,(#7202,#7209),.PCURVE_S1.);
#7198 = LINE('',#7199,#7200);
#7199 = CARTESIAN_POINT('',(-3.6,-5.6,6.3));
#7200 = VECTOR('',#7201,1.);
#7201 = DIRECTION('',(1.,0.,0.));
#7202 = PCURVE('',#5936,#7203);
#7203 = DEFINITIONAL_REPRESENTATION('',(#7204),#7208);
#7204 = LINE('',#7205,#7206);
#7205 = CARTESIAN_POINT('',(-3.15,-3.6));
#7206 = VECTOR('',#7207,1.);
#7207 = DIRECTION('',(0.,1.));
#7208 = ( GEOMETRIC_REPRESENTATION_CONTEXT(2) 
PARAMETRIC_REPRESENTATION_CONTEXT() REPRESENTATION_CONTEXT('2D SPACE',''
  ) );
#7209 = PCURVE('',#5908,#7210);
#7210 = DEFINITIONAL_REPRESENTATION('',(#7211),#7215);
#7211 = LINE('',#7212,#7213);
#7212 = CARTESIAN_POINT('',(-3.6,-5.6));
#7213 = VECTOR('',#7214,1.);
#7214 = DIRECTION('',(1.,0.));
#7215 = ( GEOMETRIC_REPRESENTATION_CONTEXT(2) 
PARAMETRIC_REPRESENTATION_CONTEXT() REPRESENTATION_CONTEXT('2D SPACE',''
  ) );
#7216 = ORIENTED_EDGE('',*,*,#6326,.F.);
#7217 = ORIENTED_EDGE('',*,*,#7218,.F.);
#7218 = EDGE_CURVE('',#5921,#6304,#7219,.T.);
#7219 = SURFACE_CURVE('',#7220,(#7224,#7231),.PCURVE_S1.);
#7220 = LINE('',#7221,#7222);
#7221 = CARTESIAN_POINT('',(3.6,-5.6,0.));
#7222 = VECTOR('',#7223,1.);
#7223 = DIRECTION('',(-1.,0.,0.));
#7224 = PCURVE('',#5936,#7225);
#7225 = DEFINITIONAL_REPRESENTATION('',(#7226),#7230);
#7226 = LINE('',#7227,#7228);
#7227 = CARTESIAN_POINT('',(3.15,3.6));
#7228 = VECTOR('',#7229,1.);
#7229 = DIRECTION('',(0.,-1.));
#7230 = ( GEOMETRIC_REPRESENTATION_CONTEXT(2) 
PARAMETRIC_REPRESENTATION_CONTEXT() REPRESENTATION_CONTEXT('2D SPACE',''
  ) );
#7231 = PCURVE('',#5288,#7232);
#7232 = DEFINITIONAL_REPRESENTATION('',(#7233),#7237);
#7233 = LINE('',#7234,#7235);
#7234 = CARTESIAN_POINT('',(-3.746513304614,-5.6));
#7235 = VECTOR('',#7236,1.);
#7236 = DIRECTION('',(1.,1.154347555676E-42));
#7237 = ( GEOMETRIC_REPRESENTATION_CONTEXT(2) 
PARAMETRIC_REPRESENTATION_CONTEXT() REPRESENTATION_CONTEXT('2D SPACE',''
  ) );
#7238 = ADVANCED_FACE('',(#7239),#5987,.F.);
#7239 = FACE_BOUND('',#7240,.T.);
#7240 = EDGE_LOOP('',(#7241,#7264,#7265,#7288));
#7241 = ORIENTED_EDGE('',*,*,#7242,.F.);
#7242 = EDGE_CURVE('',#5972,#7243,#7245,.T.);
#7243 = VERTEX_POINT('',#7244);
#7244 = CARTESIAN_POINT('',(3.800000000001,-6.000000000002,
    11.299999999999));
#7245 = SURFACE_CURVE('',#7246,(#7250,#7257),.PCURVE_S1.);
#7246 = LINE('',#7247,#7248);
#7247 = CARTESIAN_POINT('',(3.800000000001,-6.000000000002,
    11.299999999999));
#7248 = VECTOR('',#7249,1.);
#7249 = DIRECTION('',(0.707106781186,-0.707106781187,-8.748E-14));
#7250 = PCURVE('',#5987,#7251);
#7251 = DEFINITIONAL_REPRESENTATION('',(#7252),#7256);
#7252 = LINE('',#7253,#7254);
#7253 = CARTESIAN_POINT('',(-4.926389122032E-16,0.141421356237));
#7254 = VECTOR('',#7255,1.);
#7255 = DIRECTION('',(7.232613254816E-14,1.));
#7256 = ( GEOMETRIC_REPRESENTATION_CONTEXT(2) 
PARAMETRIC_REPRESENTATION_CONTEXT() REPRESENTATION_CONTEXT('2D SPACE',''
  ) );
#7257 = PCURVE('',#6020,#7258);
#7258 = DEFINITIONAL_REPRESENTATION('',(#7259),#7263);
#7259 = LINE('',#7260,#7261);
#7260 = CARTESIAN_POINT('',(1.570796326795,0.));
#7261 = VECTOR('',#7262,1.);
#7262 = DIRECTION('',(0.,1.));
#7263 = ( GEOMETRIC_REPRESENTATION_CONTEXT(2) 
PARAMETRIC_REPRESENTATION_CONTEXT() REPRESENTATION_CONTEXT('2D SPACE',''
  ) );
#7264 = ORIENTED_EDGE('',*,*,#5971,.T.);
#7265 = ORIENTED_EDGE('',*,*,#7266,.T.);
#7266 = EDGE_CURVE('',#5949,#7267,#7269,.T.);
#7267 = VERTEX_POINT('',#7268);
#7268 = CARTESIAN_POINT('',(3.799999999999,-6.,-1.108E-12));
#7269 = SURFACE_CURVE('',#7270,(#7274,#7281),.PCURVE_S1.);
#7270 = LINE('',#7271,#7272);
#7271 = CARTESIAN_POINT('',(2.58125,-4.78125,-4.5913E-13));
#7272 = VECTOR('',#7273,1.);
#7273 = DIRECTION('',(0.707106781186,-0.707106781187,-1.4091E-13));
#7274 = PCURVE('',#5987,#7275);
#7275 = DEFINITIONAL_REPRESENTATION('',(#7276),#7280);
#7276 = LINE('',#7277,#7278);
#7277 = CARTESIAN_POINT('',(-11.3,-1.582151422905));
#7278 = VECTOR('',#7279,1.);
#7279 = DIRECTION('',(1.889613254816E-14,1.));
#7280 = ( GEOMETRIC_REPRESENTATION_CONTEXT(2) 
PARAMETRIC_REPRESENTATION_CONTEXT() REPRESENTATION_CONTEXT('2D SPACE',''
  ) );
#7281 = PCURVE('',#5288,#7282);
#7282 = DEFINITIONAL_REPRESENTATION('',(#7283),#7287);
#7283 = LINE('',#7284,#7285);
#7284 = CARTESIAN_POINT('',(-2.727763304613,-4.78125));
#7285 = VECTOR('',#7286,1.);
#7286 = DIRECTION('',(-0.707106781186,-0.707106781187));
#7287 = ( GEOMETRIC_REPRESENTATION_CONTEXT(2) 
PARAMETRIC_REPRESENTATION_CONTEXT() REPRESENTATION_CONTEXT('2D SPACE',''
  ) );
#7288 = ORIENTED_EDGE('',*,*,#7289,.F.);
#7289 = EDGE_CURVE('',#7243,#7267,#7290,.T.);
#7290 = SURFACE_CURVE('',#7291,(#7295,#7302),.PCURVE_S1.);
#7291 = LINE('',#7292,#7293);
#7292 = CARTESIAN_POINT('',(3.800000000001,-6.000000000002,
    11.299999999999));
#7293 = VECTOR('',#7294,1.);
#7294 = DIRECTION('',(-1.13E-13,1.13E-13,-1.));
#7295 = PCURVE('',#5987,#7296);
#7296 = DEFINITIONAL_REPRESENTATION('',(#7297),#7301);
#7297 = LINE('',#7298,#7299);
#7298 = CARTESIAN_POINT('',(-4.926389122033E-16,0.141421356237));
#7299 = VECTOR('',#7300,1.);
#7300 = DIRECTION('',(-1.,0.));
#7301 = ( GEOMETRIC_REPRESENTATION_CONTEXT(2) 
PARAMETRIC_REPRESENTATION_CONTEXT() REPRESENTATION_CONTEXT('2D SPACE',''
  ) );
#7302 = PCURVE('',#5486,#7303);
#7303 = DEFINITIONAL_REPRESENTATION('',(#7304),#7308);
#7304 = LINE('',#7305,#7306);
#7305 = CARTESIAN_POINT('',(2.286995751601E-15,-0.2));
#7306 = VECTOR('',#7307,1.);
#7307 = DIRECTION('',(1.,9.000000000002E-17));
#7308 = ( GEOMETRIC_REPRESENTATION_CONTEXT(2) 
PARAMETRIC_REPRESENTATION_CONTEXT() REPRESENTATION_CONTEXT('2D SPACE',''
  ) );
#7309 = ADVANCED_FACE('',(#7310),#5486,.F.);
#7310 = FACE_BOUND('',#7311,.F.);
#7311 = EDGE_LOOP('',(#7312,#7313,#7334,#7335));
#7312 = ORIENTED_EDGE('',*,*,#7289,.F.);
#7313 = ORIENTED_EDGE('',*,*,#7314,.T.);
#7314 = EDGE_CURVE('',#7243,#5438,#7315,.T.);
#7315 = SURFACE_CURVE('',#7316,(#7320,#7327),.PCURVE_S1.);
#7316 = LINE('',#7317,#7318);
#7317 = CARTESIAN_POINT('',(3.600000000001,-6.000000000002,
    11.299999999999));
#7318 = VECTOR('',#7319,1.);
#7319 = DIRECTION('',(1.,-1.1291E-13,-1.1291E-13));
#7320 = PCURVE('',#5486,#7321);
#7321 = DEFINITIONAL_REPRESENTATION('',(#7322),#7326);
#7322 = LINE('',#7323,#7324);
#7323 = CARTESIAN_POINT('',(0.,0.));
#7324 = VECTOR('',#7325,1.);
#7325 = DIRECTION('',(-1.274799222837E-26,-1.));
#7326 = ( GEOMETRIC_REPRESENTATION_CONTEXT(2) 
PARAMETRIC_REPRESENTATION_CONTEXT() REPRESENTATION_CONTEXT('2D SPACE',''
  ) );
#7327 = PCURVE('',#5458,#7328);
#7328 = DEFINITIONAL_REPRESENTATION('',(#7329),#7333);
#7329 = LINE('',#7330,#7331);
#7330 = CARTESIAN_POINT('',(1.0247E-13,0.));
#7331 = VECTOR('',#7332,1.);
#7332 = DIRECTION('',(0.,-1.));
#7333 = ( GEOMETRIC_REPRESENTATION_CONTEXT(2) 
PARAMETRIC_REPRESENTATION_CONTEXT() REPRESENTATION_CONTEXT('2D SPACE',''
  ) );
#7334 = ORIENTED_EDGE('',*,*,#5470,.T.);
#7335 = ORIENTED_EDGE('',*,*,#7336,.F.);
#7336 = EDGE_CURVE('',#7267,#5471,#7337,.T.);
#7337 = SURFACE_CURVE('',#7338,(#7342,#7349),.PCURVE_S1.);
#7338 = LINE('',#7339,#7340);
#7339 = CARTESIAN_POINT('',(3.599999999999,-6.,-1.08393E-12));
#7340 = VECTOR('',#7341,1.);
#7341 = DIRECTION('',(1.,-1.1291E-13,-1.1291E-13));
#7342 = PCURVE('',#5486,#7343);
#7343 = DEFINITIONAL_REPRESENTATION('',(#7344),#7348);
#7344 = LINE('',#7345,#7346);
#7345 = CARTESIAN_POINT('',(11.3,-1.470010078154E-17));
#7346 = VECTOR('',#7347,1.);
#7347 = DIRECTION('',(-1.274799222837E-26,-1.));
#7348 = ( GEOMETRIC_REPRESENTATION_CONTEXT(2) 
PARAMETRIC_REPRESENTATION_CONTEXT() REPRESENTATION_CONTEXT('2D SPACE',''
  ) );
#7349 = PCURVE('',#5288,#7350);
#7350 = DEFINITIONAL_REPRESENTATION('',(#7351),#7355);
#7351 = LINE('',#7352,#7353);
#7352 = CARTESIAN_POINT('',(-3.746513304613,-6.));
#7353 = VECTOR('',#7354,1.);
#7354 = DIRECTION('',(-1.,-1.1291E-13));
#7355 = ( GEOMETRIC_REPRESENTATION_CONTEXT(2) 
PARAMETRIC_REPRESENTATION_CONTEXT() REPRESENTATION_CONTEXT('2D SPACE',''
  ) );
#7356 = ADVANCED_FACE('',(#7357),#5537,.T.);
#7357 = FACE_BOUND('',#7358,.F.);
#7358 = EDGE_LOOP('',(#7359,#7360,#7383,#7411));
#7359 = ORIENTED_EDGE('',*,*,#5521,.T.);
#7360 = ORIENTED_EDGE('',*,*,#7361,.T.);
#7361 = EDGE_CURVE('',#5522,#7362,#7364,.T.);
#7362 = VERTEX_POINT('',#7363);
#7363 = CARTESIAN_POINT('',(3.35,-4.575,6.));
#7364 = SURFACE_CURVE('',#7365,(#7369,#7376),.PCURVE_S1.);
#7365 = LINE('',#7366,#7367);
#7366 = CARTESIAN_POINT('',(4.25,-4.416305717362,6.));
#7367 = VECTOR('',#7368,1.);
#7368 = DIRECTION('',(-0.984807753012,-0.173648177667,-0.));
#7369 = PCURVE('',#5537,#7370);
#7370 = DEFINITIONAL_REPRESENTATION('',(#7371),#7375);
#7371 = LINE('',#7372,#7373);
#7372 = CARTESIAN_POINT('',(-0.,-6.));
#7373 = VECTOR('',#7374,1.);
#7374 = DIRECTION('',(-1.,0.));
#7375 = ( GEOMETRIC_REPRESENTATION_CONTEXT(2) 
PARAMETRIC_REPRESENTATION_CONTEXT() REPRESENTATION_CONTEXT('2D SPACE',''
  ) );
#7376 = PCURVE('',#5565,#7377);
#7377 = DEFINITIONAL_REPRESENTATION('',(#7378),#7382);
#7378 = LINE('',#7379,#7380);
#7379 = CARTESIAN_POINT('',(-0.487483106477,0.416305717362));
#7380 = VECTOR('',#7381,1.);
#7381 = DIRECTION('',(0.984807753012,0.173648177667));
#7382 = ( GEOMETRIC_REPRESENTATION_CONTEXT(2) 
PARAMETRIC_REPRESENTATION_CONTEXT() REPRESENTATION_CONTEXT('2D SPACE',''
  ) );
#7383 = ORIENTED_EDGE('',*,*,#7384,.F.);
#7384 = EDGE_CURVE('',#7385,#7362,#7387,.T.);
#7385 = VERTEX_POINT('',#7386);
#7386 = CARTESIAN_POINT('',(3.35,-4.575,0.));
#7387 = SURFACE_CURVE('',#7388,(#7392,#7399),.PCURVE_S1.);
#7388 = LINE('',#7389,#7390);
#7389 = CARTESIAN_POINT('',(3.35,-4.575,0.));
#7390 = VECTOR('',#7391,1.);
#7391 = DIRECTION('',(0.,0.,1.));
#7392 = PCURVE('',#5537,#7393);
#7393 = DEFINITIONAL_REPRESENTATION('',(#7394),#7398);
#7394 = LINE('',#7395,#7396);
#7395 = CARTESIAN_POINT('',(-0.913883950697,0.));
#7396 = VECTOR('',#7397,1.);
#7397 = DIRECTION('',(-0.,-1.));
#7398 = ( GEOMETRIC_REPRESENTATION_CONTEXT(2) 
PARAMETRIC_REPRESENTATION_CONTEXT() REPRESENTATION_CONTEXT('2D SPACE',''
  ) );
#7399 = PCURVE('',#7400,#7405);
#7400 = PLANE('',#7401);
#7401 = AXIS2_PLACEMENT_3D('',#7402,#7403,#7404);
#7402 = CARTESIAN_POINT('',(3.35,-4.575,0.));
#7403 = DIRECTION('',(1.,0.,0.));
#7404 = DIRECTION('',(-0.,-1.,-0.));
#7405 = DEFINITIONAL_REPRESENTATION('',(#7406),#7410);
#7406 = LINE('',#7407,#7408);
#7407 = CARTESIAN_POINT('',(-0.,0.));
#7408 = VECTOR('',#7409,1.);
#7409 = DIRECTION('',(-0.,-1.));
#7410 = ( GEOMETRIC_REPRESENTATION_CONTEXT(2) 
PARAMETRIC_REPRESENTATION_CONTEXT() REPRESENTATION_CONTEXT('2D SPACE',''
  ) );
#7411 = ORIENTED_EDGE('',*,*,#7412,.F.);
#7412 = EDGE_CURVE('',#5499,#7385,#7413,.T.);
#7413 = SURFACE_CURVE('',#7414,(#7418,#7425),.PCURVE_S1.);
#7414 = LINE('',#7415,#7416);
#7415 = CARTESIAN_POINT('',(4.25,-4.416305717362,0.));
#7416 = VECTOR('',#7417,1.);
#7417 = DIRECTION('',(-0.984807753012,-0.173648177667,-0.));
#7418 = PCURVE('',#5537,#7419);
#7419 = DEFINITIONAL_REPRESENTATION('',(#7420),#7424);
#7420 = LINE('',#7421,#7422);
#7421 = CARTESIAN_POINT('',(-0.,-0.));
#7422 = VECTOR('',#7423,1.);
#7423 = DIRECTION('',(-1.,0.));
#7424 = ( GEOMETRIC_REPRESENTATION_CONTEXT(2) 
PARAMETRIC_REPRESENTATION_CONTEXT() REPRESENTATION_CONTEXT('2D SPACE',''
  ) );
#7425 = PCURVE('',#5288,#7426);
#7426 = DEFINITIONAL_REPRESENTATION('',(#7427),#7431);
#7427 = LINE('',#7428,#7429);
#7428 = CARTESIAN_POINT('',(-4.396513304614,-4.416305717362));
#7429 = VECTOR('',#7430,1.);
#7430 = DIRECTION('',(0.984807753012,-0.173648177667));
#7431 = ( GEOMETRIC_REPRESENTATION_CONTEXT(2) 
PARAMETRIC_REPRESENTATION_CONTEXT() REPRESENTATION_CONTEXT('2D SPACE',''
  ) );
#7432 = ADVANCED_FACE('',(#7433),#5593,.T.);
#7433 = FACE_BOUND('',#7434,.F.);
#7434 = EDGE_LOOP('',(#7435,#7460,#7481,#7482));
#7435 = ORIENTED_EDGE('',*,*,#7436,.T.);
#7436 = EDGE_CURVE('',#7437,#7439,#7441,.T.);
#7437 = VERTEX_POINT('',#7438);
#7438 = CARTESIAN_POINT('',(3.35,-3.425,0.));
#7439 = VERTEX_POINT('',#7440);
#7440 = CARTESIAN_POINT('',(3.35,-3.425,6.));
#7441 = SURFACE_CURVE('',#7442,(#7446,#7453),.PCURVE_S1.);
#7442 = LINE('',#7443,#7444);
#7443 = CARTESIAN_POINT('',(3.35,-3.425,0.));
#7444 = VECTOR('',#7445,1.);
#7445 = DIRECTION('',(0.,0.,1.));
#7446 = PCURVE('',#5593,#7447);
#7447 = DEFINITIONAL_REPRESENTATION('',(#7448),#7452);
#7448 = LINE('',#7449,#7450);
#7449 = CARTESIAN_POINT('',(-4.373424968894E-16,-0.));
#7450 = VECTOR('',#7451,1.);
#7451 = DIRECTION('',(-0.,-1.));
#7452 = ( GEOMETRIC_REPRESENTATION_CONTEXT(2) 
PARAMETRIC_REPRESENTATION_CONTEXT() REPRESENTATION_CONTEXT('2D SPACE',''
  ) );
#7453 = PCURVE('',#7400,#7454);
#7454 = DEFINITIONAL_REPRESENTATION('',(#7455),#7459);
#7455 = LINE('',#7456,#7457);
#7456 = CARTESIAN_POINT('',(-1.15,0.));
#7457 = VECTOR('',#7458,1.);
#7458 = DIRECTION('',(-0.,-1.));
#7459 = ( GEOMETRIC_REPRESENTATION_CONTEXT(2) 
PARAMETRIC_REPRESENTATION_CONTEXT() REPRESENTATION_CONTEXT('2D SPACE',''
  ) );
#7460 = ORIENTED_EDGE('',*,*,#7461,.T.);
#7461 = EDGE_CURVE('',#7439,#5550,#7462,.T.);
#7462 = SURFACE_CURVE('',#7463,(#7467,#7474),.PCURVE_S1.);
#7463 = LINE('',#7464,#7465);
#7464 = CARTESIAN_POINT('',(3.35,-3.425,6.));
#7465 = VECTOR('',#7466,1.);
#7466 = DIRECTION('',(0.984807753012,-0.173648177667,0.));
#7467 = PCURVE('',#5593,#7468);
#7468 = DEFINITIONAL_REPRESENTATION('',(#7469),#7473);
#7469 = LINE('',#7470,#7471);
#7470 = CARTESIAN_POINT('',(-0.,-6.));
#7471 = VECTOR('',#7472,1.);
#7472 = DIRECTION('',(-1.,0.));
#7473 = ( GEOMETRIC_REPRESENTATION_CONTEXT(2) 
PARAMETRIC_REPRESENTATION_CONTEXT() REPRESENTATION_CONTEXT('2D SPACE',''
  ) );
#7474 = PCURVE('',#5565,#7475);
#7475 = DEFINITIONAL_REPRESENTATION('',(#7476),#7480);
#7476 = LINE('',#7477,#7478);
#7477 = CARTESIAN_POINT('',(0.412516893523,-0.575));
#7478 = VECTOR('',#7479,1.);
#7479 = DIRECTION('',(-0.984807753012,0.173648177667));
#7480 = ( GEOMETRIC_REPRESENTATION_CONTEXT(2) 
PARAMETRIC_REPRESENTATION_CONTEXT() REPRESENTATION_CONTEXT('2D SPACE',''
  ) );
#7481 = ORIENTED_EDGE('',*,*,#5577,.F.);
#7482 = ORIENTED_EDGE('',*,*,#7483,.F.);
#7483 = EDGE_CURVE('',#7437,#5578,#7484,.T.);
#7484 = SURFACE_CURVE('',#7485,(#7489,#7496),.PCURVE_S1.);
#7485 = LINE('',#7486,#7487);
#7486 = CARTESIAN_POINT('',(3.35,-3.425,0.));
#7487 = VECTOR('',#7488,1.);
#7488 = DIRECTION('',(0.984807753012,-0.173648177667,0.));
#7489 = PCURVE('',#5593,#7490);
#7490 = DEFINITIONAL_REPRESENTATION('',(#7491),#7495);
#7491 = LINE('',#7492,#7493);
#7492 = CARTESIAN_POINT('',(-0.,-0.));
#7493 = VECTOR('',#7494,1.);
#7494 = DIRECTION('',(-1.,0.));
#7495 = ( GEOMETRIC_REPRESENTATION_CONTEXT(2) 
PARAMETRIC_REPRESENTATION_CONTEXT() REPRESENTATION_CONTEXT('2D SPACE',''
  ) );
#7496 = PCURVE('',#5288,#7497);
#7497 = DEFINITIONAL_REPRESENTATION('',(#7498),#7502);
#7498 = LINE('',#7499,#7500);
#7499 = CARTESIAN_POINT('',(-3.496513304614,-3.425));
#7500 = VECTOR('',#7501,1.);
#7501 = DIRECTION('',(-0.984807753012,-0.173648177667));
#7502 = ( GEOMETRIC_REPRESENTATION_CONTEXT(2) 
PARAMETRIC_REPRESENTATION_CONTEXT() REPRESENTATION_CONTEXT('2D SPACE',''
  ) );
#7503 = ADVANCED_FACE('',(#7504),#5644,.T.);
#7504 = FACE_BOUND('',#7505,.T.);
#7505 = EDGE_LOOP('',(#7506,#7536,#7557,#7558));
#7506 = ORIENTED_EDGE('',*,*,#7507,.T.);
#7507 = EDGE_CURVE('',#7508,#7510,#7512,.T.);
#7508 = VERTEX_POINT('',#7509);
#7509 = CARTESIAN_POINT('',(3.35,3.425,0.));
#7510 = VERTEX_POINT('',#7511);
#7511 = CARTESIAN_POINT('',(3.35,3.425,6.));
#7512 = SURFACE_CURVE('',#7513,(#7517,#7524),.PCURVE_S1.);
#7513 = LINE('',#7514,#7515);
#7514 = CARTESIAN_POINT('',(3.35,3.425,0.));
#7515 = VECTOR('',#7516,1.);
#7516 = DIRECTION('',(0.,0.,1.));
#7517 = PCURVE('',#5644,#7518);
#7518 = DEFINITIONAL_REPRESENTATION('',(#7519),#7523);
#7519 = LINE('',#7520,#7521);
#7520 = CARTESIAN_POINT('',(4.373424968894E-16,0.));
#7521 = VECTOR('',#7522,1.);
#7522 = DIRECTION('',(0.,-1.));
#7523 = ( GEOMETRIC_REPRESENTATION_CONTEXT(2) 
PARAMETRIC_REPRESENTATION_CONTEXT() REPRESENTATION_CONTEXT('2D SPACE',''
  ) );
#7524 = PCURVE('',#7525,#7530);
#7525 = PLANE('',#7526);
#7526 = AXIS2_PLACEMENT_3D('',#7527,#7528,#7529);
#7527 = CARTESIAN_POINT('',(3.35,4.575,0.));
#7528 = DIRECTION('',(1.,0.,0.));
#7529 = DIRECTION('',(0.,-1.,0.));
#7530 = DEFINITIONAL_REPRESENTATION('',(#7531),#7535);
#7531 = LINE('',#7532,#7533);
#7532 = CARTESIAN_POINT('',(1.15,0.));
#7533 = VECTOR('',#7534,1.);
#7534 = DIRECTION('',(0.,-1.));
#7535 = ( GEOMETRIC_REPRESENTATION_CONTEXT(2) 
PARAMETRIC_REPRESENTATION_CONTEXT() REPRESENTATION_CONTEXT('2D SPACE',''
  ) );
#7536 = ORIENTED_EDGE('',*,*,#7537,.T.);
#7537 = EDGE_CURVE('',#7510,#5629,#7538,.T.);
#7538 = SURFACE_CURVE('',#7539,(#7543,#7550),.PCURVE_S1.);
#7539 = LINE('',#7540,#7541);
#7540 = CARTESIAN_POINT('',(3.35,3.425,6.));
#7541 = VECTOR('',#7542,1.);
#7542 = DIRECTION('',(0.984807753012,0.173648177667,0.));
#7543 = PCURVE('',#5644,#7544);
#7544 = DEFINITIONAL_REPRESENTATION('',(#7545),#7549);
#7545 = LINE('',#7546,#7547);
#7546 = CARTESIAN_POINT('',(0.,-6.));
#7547 = VECTOR('',#7548,1.);
#7548 = DIRECTION('',(1.,0.));
#7549 = ( GEOMETRIC_REPRESENTATION_CONTEXT(2) 
PARAMETRIC_REPRESENTATION_CONTEXT() REPRESENTATION_CONTEXT('2D SPACE',''
  ) );
#7550 = PCURVE('',#5672,#7551);
#7551 = DEFINITIONAL_REPRESENTATION('',(#7552),#7556);
#7552 = LINE('',#7553,#7554);
#7553 = CARTESIAN_POINT('',(-0.412516893523,-0.575));
#7554 = VECTOR('',#7555,1.);
#7555 = DIRECTION('',(0.984807753012,0.173648177667));
#7556 = ( GEOMETRIC_REPRESENTATION_CONTEXT(2) 
PARAMETRIC_REPRESENTATION_CONTEXT() REPRESENTATION_CONTEXT('2D SPACE',''
  ) );
#7557 = ORIENTED_EDGE('',*,*,#5628,.F.);
#7558 = ORIENTED_EDGE('',*,*,#7559,.F.);
#7559 = EDGE_CURVE('',#7508,#5606,#7560,.T.);
#7560 = SURFACE_CURVE('',#7561,(#7565,#7572),.PCURVE_S1.);
#7561 = LINE('',#7562,#7563);
#7562 = CARTESIAN_POINT('',(3.35,3.425,0.));
#7563 = VECTOR('',#7564,1.);
#7564 = DIRECTION('',(0.984807753012,0.173648177667,0.));
#7565 = PCURVE('',#5644,#7566);
#7566 = DEFINITIONAL_REPRESENTATION('',(#7567),#7571);
#7567 = LINE('',#7568,#7569);
#7568 = CARTESIAN_POINT('',(0.,0.));
#7569 = VECTOR('',#7570,1.);
#7570 = DIRECTION('',(1.,0.));
#7571 = ( GEOMETRIC_REPRESENTATION_CONTEXT(2) 
PARAMETRIC_REPRESENTATION_CONTEXT() REPRESENTATION_CONTEXT('2D SPACE',''
  ) );
#7572 = PCURVE('',#5288,#7573);
#7573 = DEFINITIONAL_REPRESENTATION('',(#7574),#7578);
#7574 = LINE('',#7575,#7576);
#7575 = CARTESIAN_POINT('',(-3.496513304614,3.425));
#7576 = VECTOR('',#7577,1.);
#7577 = DIRECTION('',(-0.984807753012,0.173648177667));
#7578 = ( GEOMETRIC_REPRESENTATION_CONTEXT(2) 
PARAMETRIC_REPRESENTATION_CONTEXT() REPRESENTATION_CONTEXT('2D SPACE',''
  ) );
#7579 = ADVANCED_FACE('',(#7580),#7525,.T.);
#7580 = FACE_BOUND('',#7581,.T.);
#7581 = EDGE_LOOP('',(#7582,#7607,#7628,#7629));
#7582 = ORIENTED_EDGE('',*,*,#7583,.T.);
#7583 = EDGE_CURVE('',#7584,#7586,#7588,.T.);
#7584 = VERTEX_POINT('',#7585);
#7585 = CARTESIAN_POINT('',(3.35,4.575,0.));
#7586 = VERTEX_POINT('',#7587);
#7587 = CARTESIAN_POINT('',(3.35,4.575,6.));
#7588 = SURFACE_CURVE('',#7589,(#7593,#7600),.PCURVE_S1.);
#7589 = LINE('',#7590,#7591);
#7590 = CARTESIAN_POINT('',(3.35,4.575,0.));
#7591 = VECTOR('',#7592,1.);
#7592 = DIRECTION('',(0.,0.,1.));
#7593 = PCURVE('',#7525,#7594);
#7594 = DEFINITIONAL_REPRESENTATION('',(#7595),#7599);
#7595 = LINE('',#7596,#7597);
#7596 = CARTESIAN_POINT('',(0.,0.));
#7597 = VECTOR('',#7598,1.);
#7598 = DIRECTION('',(0.,-1.));
#7599 = ( GEOMETRIC_REPRESENTATION_CONTEXT(2) 
PARAMETRIC_REPRESENTATION_CONTEXT() REPRESENTATION_CONTEXT('2D SPACE',''
  ) );
#7600 = PCURVE('',#5700,#7601);
#7601 = DEFINITIONAL_REPRESENTATION('',(#7602),#7606);
#7602 = LINE('',#7603,#7604);
#7603 = CARTESIAN_POINT('',(0.913883950697,0.));
#7604 = VECTOR('',#7605,1.);
#7605 = DIRECTION('',(0.,-1.));
#7606 = ( GEOMETRIC_REPRESENTATION_CONTEXT(2) 
PARAMETRIC_REPRESENTATION_CONTEXT() REPRESENTATION_CONTEXT('2D SPACE',''
  ) );
#7607 = ORIENTED_EDGE('',*,*,#7608,.T.);
#7608 = EDGE_CURVE('',#7586,#7510,#7609,.T.);
#7609 = SURFACE_CURVE('',#7610,(#7614,#7621),.PCURVE_S1.);
#7610 = LINE('',#7611,#7612);
#7611 = CARTESIAN_POINT('',(3.35,4.575,6.));
#7612 = VECTOR('',#7613,1.);
#7613 = DIRECTION('',(0.,-1.,0.));
#7614 = PCURVE('',#7525,#7615);
#7615 = DEFINITIONAL_REPRESENTATION('',(#7616),#7620);
#7616 = LINE('',#7617,#7618);
#7617 = CARTESIAN_POINT('',(0.,-6.));
#7618 = VECTOR('',#7619,1.);
#7619 = DIRECTION('',(1.,0.));
#7620 = ( GEOMETRIC_REPRESENTATION_CONTEXT(2) 
PARAMETRIC_REPRESENTATION_CONTEXT() REPRESENTATION_CONTEXT('2D SPACE',''
  ) );
#7621 = PCURVE('',#5672,#7622);
#7622 = DEFINITIONAL_REPRESENTATION('',(#7623),#7627);
#7623 = LINE('',#7624,#7625);
#7624 = CARTESIAN_POINT('',(-0.412516893523,0.575));
#7625 = VECTOR('',#7626,1.);
#7626 = DIRECTION('',(0.,-1.));
#7627 = ( GEOMETRIC_REPRESENTATION_CONTEXT(2) 
PARAMETRIC_REPRESENTATION_CONTEXT() REPRESENTATION_CONTEXT('2D SPACE',''
  ) );
#7628 = ORIENTED_EDGE('',*,*,#7507,.F.);
#7629 = ORIENTED_EDGE('',*,*,#7630,.F.);
#7630 = EDGE_CURVE('',#7584,#7508,#7631,.T.);
#7631 = SURFACE_CURVE('',#7632,(#7636,#7643),.PCURVE_S1.);
#7632 = LINE('',#7633,#7634);
#7633 = CARTESIAN_POINT('',(3.35,4.575,0.));
#7634 = VECTOR('',#7635,1.);
#7635 = DIRECTION('',(0.,-1.,0.));
#7636 = PCURVE('',#7525,#7637);
#7637 = DEFINITIONAL_REPRESENTATION('',(#7638),#7642);
#7638 = LINE('',#7639,#7640);
#7639 = CARTESIAN_POINT('',(0.,0.));
#7640 = VECTOR('',#7641,1.);
#7641 = DIRECTION('',(1.,0.));
#7642 = ( GEOMETRIC_REPRESENTATION_CONTEXT(2) 
PARAMETRIC_REPRESENTATION_CONTEXT() REPRESENTATION_CONTEXT('2D SPACE',''
  ) );
#7643 = PCURVE('',#5288,#7644);
#7644 = DEFINITIONAL_REPRESENTATION('',(#7645),#7649);
#7645 = LINE('',#7646,#7647);
#7646 = CARTESIAN_POINT('',(-3.496513304614,4.575));
#7647 = VECTOR('',#7648,1.);
#7648 = DIRECTION('',(0.,-1.));
#7649 = ( GEOMETRIC_REPRESENTATION_CONTEXT(2) 
PARAMETRIC_REPRESENTATION_CONTEXT() REPRESENTATION_CONTEXT('2D SPACE',''
  ) );
#7650 = ADVANCED_FACE('',(#7651),#5700,.T.);
#7651 = FACE_BOUND('',#7652,.T.);
#7652 = EDGE_LOOP('',(#7653,#7654,#7675,#7676));
#7653 = ORIENTED_EDGE('',*,*,#5684,.T.);
#7654 = ORIENTED_EDGE('',*,*,#7655,.T.);
#7655 = EDGE_CURVE('',#5657,#7586,#7656,.T.);
#7656 = SURFACE_CURVE('',#7657,(#7661,#7668),.PCURVE_S1.);
#7657 = LINE('',#7658,#7659);
#7658 = CARTESIAN_POINT('',(4.25,4.416305717362,6.));
#7659 = VECTOR('',#7660,1.);
#7660 = DIRECTION('',(-0.984807753012,0.173648177667,0.));
#7661 = PCURVE('',#5700,#7662);
#7662 = DEFINITIONAL_REPRESENTATION('',(#7663),#7667);
#7663 = LINE('',#7664,#7665);
#7664 = CARTESIAN_POINT('',(0.,-6.));
#7665 = VECTOR('',#7666,1.);
#7666 = DIRECTION('',(1.,0.));
#7667 = ( GEOMETRIC_REPRESENTATION_CONTEXT(2) 
PARAMETRIC_REPRESENTATION_CONTEXT() REPRESENTATION_CONTEXT('2D SPACE',''
  ) );
#7668 = PCURVE('',#5672,#7669);
#7669 = DEFINITIONAL_REPRESENTATION('',(#7670),#7674);
#7670 = LINE('',#7671,#7672);
#7671 = CARTESIAN_POINT('',(0.487483106477,0.416305717362));
#7672 = VECTOR('',#7673,1.);
#7673 = DIRECTION('',(-0.984807753012,0.173648177667));
#7674 = ( GEOMETRIC_REPRESENTATION_CONTEXT(2) 
PARAMETRIC_REPRESENTATION_CONTEXT() REPRESENTATION_CONTEXT('2D SPACE',''
  ) );
#7675 = ORIENTED_EDGE('',*,*,#7583,.F.);
#7676 = ORIENTED_EDGE('',*,*,#7677,.F.);
#7677 = EDGE_CURVE('',#5685,#7584,#7678,.T.);
#7678 = SURFACE_CURVE('',#7679,(#7683,#7690),.PCURVE_S1.);
#7679 = LINE('',#7680,#7681);
#7680 = CARTESIAN_POINT('',(4.25,4.416305717362,0.));
#7681 = VECTOR('',#7682,1.);
#7682 = DIRECTION('',(-0.984807753012,0.173648177667,0.));
#7683 = PCURVE('',#5700,#7684);
#7684 = DEFINITIONAL_REPRESENTATION('',(#7685),#7689);
#7685 = LINE('',#7686,#7687);
#7686 = CARTESIAN_POINT('',(0.,0.));
#7687 = VECTOR('',#7688,1.);
#7688 = DIRECTION('',(1.,0.));
#7689 = ( GEOMETRIC_REPRESENTATION_CONTEXT(2) 
PARAMETRIC_REPRESENTATION_CONTEXT() REPRESENTATION_CONTEXT('2D SPACE',''
  ) );
#7690 = PCURVE('',#5288,#7691);
#7691 = DEFINITIONAL_REPRESENTATION('',(#7692),#7696);
#7692 = LINE('',#7693,#7694);
#7693 = CARTESIAN_POINT('',(-4.396513304614,4.416305717362));
#7694 = VECTOR('',#7695,1.);
#7695 = DIRECTION('',(0.984807753012,0.173648177667));
#7696 = ( GEOMETRIC_REPRESENTATION_CONTEXT(2) 
PARAMETRIC_REPRESENTATION_CONTEXT() REPRESENTATION_CONTEXT('2D SPACE',''
  ) );
#7697 = ADVANCED_FACE('',(#7698),#5672,.F.);
#7698 = FACE_BOUND('',#7699,.F.);
#7699 = EDGE_LOOP('',(#7700,#7701,#7702,#7703));
#7700 = ORIENTED_EDGE('',*,*,#7655,.T.);
#7701 = ORIENTED_EDGE('',*,*,#7608,.T.);
#7702 = ORIENTED_EDGE('',*,*,#7537,.T.);
#7703 = ORIENTED_EDGE('',*,*,#5656,.T.);
#7704 = ADVANCED_FACE('',(#7705),#5565,.F.);
#7705 = FACE_BOUND('',#7706,.T.);
#7706 = EDGE_LOOP('',(#7707,#7708,#7729,#7730));
#7707 = ORIENTED_EDGE('',*,*,#7361,.T.);
#7708 = ORIENTED_EDGE('',*,*,#7709,.T.);
#7709 = EDGE_CURVE('',#7362,#7439,#7710,.T.);
#7710 = SURFACE_CURVE('',#7711,(#7715,#7722),.PCURVE_S1.);
#7711 = LINE('',#7712,#7713);
#7712 = CARTESIAN_POINT('',(3.35,-4.575,6.));
#7713 = VECTOR('',#7714,1.);
#7714 = DIRECTION('',(0.,1.,0.));
#7715 = PCURVE('',#5565,#7716);
#7716 = DEFINITIONAL_REPRESENTATION('',(#7717),#7721);
#7717 = LINE('',#7718,#7719);
#7718 = CARTESIAN_POINT('',(0.412516893523,0.575));
#7719 = VECTOR('',#7720,1.);
#7720 = DIRECTION('',(-0.,-1.));
#7721 = ( GEOMETRIC_REPRESENTATION_CONTEXT(2) 
PARAMETRIC_REPRESENTATION_CONTEXT() REPRESENTATION_CONTEXT('2D SPACE',''
  ) );
#7722 = PCURVE('',#7400,#7723);
#7723 = DEFINITIONAL_REPRESENTATION('',(#7724),#7728);
#7724 = LINE('',#7725,#7726);
#7725 = CARTESIAN_POINT('',(-0.,-6.));
#7726 = VECTOR('',#7727,1.);
#7727 = DIRECTION('',(-1.,0.));
#7728 = ( GEOMETRIC_REPRESENTATION_CONTEXT(2) 
PARAMETRIC_REPRESENTATION_CONTEXT() REPRESENTATION_CONTEXT('2D SPACE',''
  ) );
#7729 = ORIENTED_EDGE('',*,*,#7461,.T.);
#7730 = ORIENTED_EDGE('',*,*,#5549,.T.);
#7731 = ADVANCED_FACE('',(#7732),#5458,.T.);
#7732 = FACE_BOUND('',#7733,.T.);
#7733 = EDGE_LOOP('',(#7734,#7758,#7759,#7760));
#7734 = ORIENTED_EDGE('',*,*,#7735,.T.);
#7735 = EDGE_CURVE('',#7736,#7243,#7738,.T.);
#7736 = VERTEX_POINT('',#7737);
#7737 = CARTESIAN_POINT('',(3.800000000001,-5.000000000002,
    12.299999999999));
#7738 = SURFACE_CURVE('',#7739,(#7744,#7751),.PCURVE_S1.);
#7739 = CIRCLE('',#7740,1.);
#7740 = AXIS2_PLACEMENT_3D('',#7741,#7742,#7743);
#7741 = CARTESIAN_POINT('',(3.800000000001,-5.000000000002,
    11.299999999999));
#7742 = DIRECTION('',(1.,-1.1279E-13,-1.129E-13));
#7743 = DIRECTION('',(1.129E-13,-9.77E-15,1.));
#7744 = PCURVE('',#5458,#7745);
#7745 = DEFINITIONAL_REPRESENTATION('',(#7746),#7750);
#7746 = LINE('',#7747,#7748);
#7747 = CARTESIAN_POINT('',(1.570796326795,-0.2));
#7748 = VECTOR('',#7749,1.);
#7749 = DIRECTION('',(-1.,0.));
#7750 = ( GEOMETRIC_REPRESENTATION_CONTEXT(2) 
PARAMETRIC_REPRESENTATION_CONTEXT() REPRESENTATION_CONTEXT('2D SPACE',''
  ) );
#7751 = PCURVE('',#6020,#7752);
#7752 = DEFINITIONAL_REPRESENTATION('',(#7753),#7757);
#7753 = LINE('',#7754,#7755);
#7754 = CARTESIAN_POINT('',(0.,0.));
#7755 = VECTOR('',#7756,1.);
#7756 = DIRECTION('',(1.,0.));
#7757 = ( GEOMETRIC_REPRESENTATION_CONTEXT(2) 
PARAMETRIC_REPRESENTATION_CONTEXT() REPRESENTATION_CONTEXT('2D SPACE',''
  ) );
#7758 = ORIENTED_EDGE('',*,*,#7314,.T.);
#7759 = ORIENTED_EDGE('',*,*,#5437,.T.);
#7760 = ORIENTED_EDGE('',*,*,#7761,.F.);
#7761 = EDGE_CURVE('',#7736,#5410,#7762,.T.);
#7762 = SURFACE_CURVE('',#7763,(#7767,#7774),.PCURVE_S1.);
#7763 = LINE('',#7764,#7765);
#7764 = CARTESIAN_POINT('',(3.600000000001,-5.000000000002,
    12.299999999999));
#7765 = VECTOR('',#7766,1.);
#7766 = DIRECTION('',(1.,-1.1291E-13,-1.1291E-13));
#7767 = PCURVE('',#5458,#7768);
#7768 = DEFINITIONAL_REPRESENTATION('',(#7769),#7773);
#7769 = LINE('',#7770,#7771);
#7770 = CARTESIAN_POINT('',(1.570796326795,0.));
#7771 = VECTOR('',#7772,1.);
#7772 = DIRECTION('',(0.,-1.));
#7773 = ( GEOMETRIC_REPRESENTATION_CONTEXT(2) 
PARAMETRIC_REPRESENTATION_CONTEXT() REPRESENTATION_CONTEXT('2D SPACE',''
  ) );
#7774 = PCURVE('',#5425,#7775);
#7775 = DEFINITIONAL_REPRESENTATION('',(#7776),#7780);
#7776 = LINE('',#7777,#7778);
#7777 = CARTESIAN_POINT('',(-0.425,-5.000000000002));
#7778 = VECTOR('',#7779,1.);
#7779 = DIRECTION('',(1.,-1.1291E-13));
#7780 = ( GEOMETRIC_REPRESENTATION_CONTEXT(2) 
PARAMETRIC_REPRESENTATION_CONTEXT() REPRESENTATION_CONTEXT('2D SPACE',''
  ) );
#7781 = ADVANCED_FACE('',(#7782),#5425,.T.);
#7782 = FACE_BOUND('',#7783,.T.);
#7783 = EDGE_LOOP('',(#7784,#7805,#7806,#7807));
#7784 = ORIENTED_EDGE('',*,*,#7785,.F.);
#7785 = EDGE_CURVE('',#7736,#5737,#7786,.T.);
#7786 = SURFACE_CURVE('',#7787,(#7791,#7798),.PCURVE_S1.);
#7787 = LINE('',#7788,#7789);
#7788 = CARTESIAN_POINT('',(3.800000000001,1.8185E-12,12.3));
#7789 = VECTOR('',#7790,1.);
#7790 = DIRECTION('',(-1.13E-13,1.,-1.13E-13));
#7791 = PCURVE('',#5425,#7792);
#7792 = DEFINITIONAL_REPRESENTATION('',(#7793),#7797);
#7793 = LINE('',#7794,#7795);
#7794 = CARTESIAN_POINT('',(-0.225,1.81856E-12));
#7795 = VECTOR('',#7796,1.);
#7796 = DIRECTION('',(-1.13E-13,1.));
#7797 = ( GEOMETRIC_REPRESENTATION_CONTEXT(2) 
PARAMETRIC_REPRESENTATION_CONTEXT() REPRESENTATION_CONTEXT('2D SPACE',''
  ) );
#7798 = PCURVE('',#5802,#7799);
#7799 = DEFINITIONAL_REPRESENTATION('',(#7800),#7804);
#7800 = LINE('',#7801,#7802);
#7801 = CARTESIAN_POINT('',(0.141421356238,1.81854E-12));
#7802 = VECTOR('',#7803,1.);
#7803 = DIRECTION('',(-1.598061325482E-13,1.));
#7804 = ( GEOMETRIC_REPRESENTATION_CONTEXT(2) 
PARAMETRIC_REPRESENTATION_CONTEXT() REPRESENTATION_CONTEXT('2D SPACE',''
  ) );
#7805 = ORIENTED_EDGE('',*,*,#7761,.T.);
#7806 = ORIENTED_EDGE('',*,*,#5409,.T.);
#7807 = ORIENTED_EDGE('',*,*,#5762,.F.);
#7808 = ADVANCED_FACE('',(#7809),#5802,.T.);
#7809 = FACE_BOUND('',#7810,.T.);
#7810 = EDGE_LOOP('',(#7811,#7812,#7833,#7834));
#7811 = ORIENTED_EDGE('',*,*,#6032,.T.);
#7812 = ORIENTED_EDGE('',*,*,#7813,.T.);
#7813 = EDGE_CURVE('',#6000,#7736,#7814,.T.);
#7814 = SURFACE_CURVE('',#7815,(#7819,#7826),.PCURVE_S1.);
#7815 = LINE('',#7816,#7817);
#7816 = CARTESIAN_POINT('',(3.700000000001,-5.000000000002,
    12.199999999999));
#7817 = VECTOR('',#7818,1.);
#7818 = DIRECTION('',(0.707106781187,-1.5981E-13,0.707106781186));
#7819 = PCURVE('',#5802,#7820);
#7820 = DEFINITIONAL_REPRESENTATION('',(#7821),#7825);
#7821 = LINE('',#7822,#7823);
#7822 = CARTESIAN_POINT('',(-3.890689112618E-13,-5.000000000002));
#7823 = VECTOR('',#7824,1.);
#7824 = DIRECTION('',(1.,-1.5981E-13));
#7825 = ( GEOMETRIC_REPRESENTATION_CONTEXT(2) 
PARAMETRIC_REPRESENTATION_CONTEXT() REPRESENTATION_CONTEXT('2D SPACE',''
  ) );
#7826 = PCURVE('',#6020,#7827);
#7827 = DEFINITIONAL_REPRESENTATION('',(#7828),#7832);
#7828 = LINE('',#7829,#7830);
#7829 = CARTESIAN_POINT('',(2.2E-16,-0.1));
#7830 = VECTOR('',#7831,1.);
#7831 = DIRECTION('',(0.,1.));
#7832 = ( GEOMETRIC_REPRESENTATION_CONTEXT(2) 
PARAMETRIC_REPRESENTATION_CONTEXT() REPRESENTATION_CONTEXT('2D SPACE',''
  ) );
#7833 = ORIENTED_EDGE('',*,*,#7785,.T.);
#7834 = ORIENTED_EDGE('',*,*,#5786,.F.);
#7835 = ADVANCED_FACE('',(#7836,#7842,#7961,#8075),#5908,.T.);
#7836 = FACE_BOUND('',#7837,.T.);
#7837 = EDGE_LOOP('',(#7838,#7839,#7840,#7841));
#7838 = ORIENTED_EDGE('',*,*,#6110,.F.);
#7839 = ORIENTED_EDGE('',*,*,#6349,.F.);
#7840 = ORIENTED_EDGE('',*,*,#7196,.T.);
#7841 = ORIENTED_EDGE('',*,*,#5892,.T.);
#7842 = FACE_BOUND('',#7843,.T.);
#7843 = EDGE_LOOP('',(#7844,#7879,#7907,#7935));
#7844 = ORIENTED_EDGE('',*,*,#7845,.T.);
#7845 = EDGE_CURVE('',#7846,#7848,#7850,.T.);
#7846 = VERTEX_POINT('',#7847);
#7847 = CARTESIAN_POINT('',(0.,1.75,6.3));
#7848 = VERTEX_POINT('',#7849);
#7849 = CARTESIAN_POINT('',(1.75,0.,6.3));
#7850 = SURFACE_CURVE('',#7851,(#7856,#7867),.PCURVE_S1.);
#7851 = CIRCLE('',#7852,1.75);
#7852 = AXIS2_PLACEMENT_3D('',#7853,#7854,#7855);
#7853 = CARTESIAN_POINT('',(0.,0.,6.3));
#7854 = DIRECTION('',(0.,0.,-1.));
#7855 = DIRECTION('',(-1.,-0.,-0.));
#7856 = PCURVE('',#5908,#7857);
#7857 = DEFINITIONAL_REPRESENTATION('',(#7858),#7866);
#7858 = ( BOUNDED_CURVE() B_SPLINE_CURVE(2,(#7859,#7860,#7861,#7862,
#7863,#7864,#7865),.UNSPECIFIED.,.T.,.F.) B_SPLINE_CURVE_WITH_KNOTS((1,2
    ,2,2,2,1),(-2.094395102393,0.,2.094395102393,4.188790204786,
6.28318530718,8.377580409573),.UNSPECIFIED.) CURVE() 
GEOMETRIC_REPRESENTATION_ITEM() RATIONAL_B_SPLINE_CURVE((1.,0.5,1.,0.5,
1.,0.5,1.)) REPRESENTATION_ITEM('') );
#7859 = CARTESIAN_POINT('',(-1.75,-1.E-16));
#7860 = CARTESIAN_POINT('',(-1.75,3.031088913246));
#7861 = CARTESIAN_POINT('',(0.875,1.515544456623));
#7862 = CARTESIAN_POINT('',(3.5,3.286263797016E-16));
#7863 = CARTESIAN_POINT('',(0.875,-1.515544456623));
#7864 = CARTESIAN_POINT('',(-1.75,-3.031088913246));
#7865 = CARTESIAN_POINT('',(-1.75,-1.E-16));
#7866 = ( GEOMETRIC_REPRESENTATION_CONTEXT(2) 
PARAMETRIC_REPRESENTATION_CONTEXT() REPRESENTATION_CONTEXT('2D SPACE',''
  ) );
#7867 = PCURVE('',#7868,#7873);
#7868 = CYLINDRICAL_SURFACE('',#7869,1.75);
#7869 = AXIS2_PLACEMENT_3D('',#7870,#7871,#7872);
#7870 = CARTESIAN_POINT('',(0.,0.,1.));
#7871 = DIRECTION('',(0.,0.,-1.));
#7872 = DIRECTION('',(-1.,-0.,-0.));
#7873 = DEFINITIONAL_REPRESENTATION('',(#7874),#7878);
#7874 = LINE('',#7875,#7876);
#7875 = CARTESIAN_POINT('',(0.,-5.3));
#7876 = VECTOR('',#7877,1.);
#7877 = DIRECTION('',(1.,0.));
#7878 = ( GEOMETRIC_REPRESENTATION_CONTEXT(2) 
PARAMETRIC_REPRESENTATION_CONTEXT() REPRESENTATION_CONTEXT('2D SPACE',''
  ) );
#7879 = ORIENTED_EDGE('',*,*,#7880,.T.);
#7880 = EDGE_CURVE('',#7848,#7881,#7883,.T.);
#7881 = VERTEX_POINT('',#7882);
#7882 = CARTESIAN_POINT('',(0.,-1.75,6.3));
#7883 = SURFACE_CURVE('',#7884,(#7889,#7900),.PCURVE_S1.);
#7884 = CIRCLE('',#7885,1.75);
#7885 = AXIS2_PLACEMENT_3D('',#7886,#7887,#7888);
#7886 = CARTESIAN_POINT('',(0.,0.,6.3));
#7887 = DIRECTION('',(0.,0.,-1.));
#7888 = DIRECTION('',(-1.,0.,0.));
#7889 = PCURVE('',#5908,#7890);
#7890 = DEFINITIONAL_REPRESENTATION('',(#7891),#7899);
#7891 = ( BOUNDED_CURVE() B_SPLINE_CURVE(2,(#7892,#7893,#7894,#7895,
#7896,#7897,#7898),.UNSPECIFIED.,.T.,.F.) B_SPLINE_CURVE_WITH_KNOTS((1,2
    ,2,2,2,1),(-2.094395102393,0.,2.094395102393,4.188790204786,
6.28318530718,8.377580409573),.UNSPECIFIED.) CURVE() 
GEOMETRIC_REPRESENTATION_ITEM() RATIONAL_B_SPLINE_CURVE((1.,0.5,1.,0.5,
1.,0.5,1.)) REPRESENTATION_ITEM('') );
#7892 = CARTESIAN_POINT('',(-1.75,-1.E-16));
#7893 = CARTESIAN_POINT('',(-1.75,3.031088913246));
#7894 = CARTESIAN_POINT('',(0.875,1.515544456623));
#7895 = CARTESIAN_POINT('',(3.5,3.286263797016E-16));
#7896 = CARTESIAN_POINT('',(0.875,-1.515544456623));
#7897 = CARTESIAN_POINT('',(-1.75,-3.031088913246));
#7898 = CARTESIAN_POINT('',(-1.75,-1.E-16));
#7899 = ( GEOMETRIC_REPRESENTATION_CONTEXT(2) 
PARAMETRIC_REPRESENTATION_CONTEXT() REPRESENTATION_CONTEXT('2D SPACE',''
  ) );
#7900 = PCURVE('',#7868,#7901);
#7901 = DEFINITIONAL_REPRESENTATION('',(#7902),#7906);
#7902 = LINE('',#7903,#7904);
#7903 = CARTESIAN_POINT('',(0.,-5.3));
#7904 = VECTOR('',#7905,1.);
#7905 = DIRECTION('',(1.,0.));
#7906 = ( GEOMETRIC_REPRESENTATION_CONTEXT(2) 
PARAMETRIC_REPRESENTATION_CONTEXT() REPRESENTATION_CONTEXT('2D SPACE',''
  ) );
#7907 = ORIENTED_EDGE('',*,*,#7908,.T.);
#7908 = EDGE_CURVE('',#7881,#7909,#7911,.T.);
#7909 = VERTEX_POINT('',#7910);
#7910 = CARTESIAN_POINT('',(-1.75,0.,6.3));
#7911 = SURFACE_CURVE('',#7912,(#7917,#7928),.PCURVE_S1.);
#7912 = CIRCLE('',#7913,1.75);
#7913 = AXIS2_PLACEMENT_3D('',#7914,#7915,#7916);
#7914 = CARTESIAN_POINT('',(0.,0.,6.3));
#7915 = DIRECTION('',(0.,0.,-1.));
#7916 = DIRECTION('',(1.,0.,0.));
#7917 = PCURVE('',#5908,#7918);
#7918 = DEFINITIONAL_REPRESENTATION('',(#7919),#7927);
#7919 = ( BOUNDED_CURVE() B_SPLINE_CURVE(2,(#7920,#7921,#7922,#7923,
#7924,#7925,#7926),.UNSPECIFIED.,.T.,.F.) B_SPLINE_CURVE_WITH_KNOTS((1,2
    ,2,2,2,1),(-2.094395102393,0.,2.094395102393,4.188790204786,
6.28318530718,8.377580409573),.UNSPECIFIED.) CURVE() 
GEOMETRIC_REPRESENTATION_ITEM() RATIONAL_B_SPLINE_CURVE((1.,0.5,1.,0.5,
1.,0.5,1.)) REPRESENTATION_ITEM('') );
#7920 = CARTESIAN_POINT('',(1.75,-1.E-16));
#7921 = CARTESIAN_POINT('',(1.75,-3.031088913246));
#7922 = CARTESIAN_POINT('',(-0.875,-1.515544456623));
#7923 = CARTESIAN_POINT('',(-3.5,-5.286263797016E-16));
#7924 = CARTESIAN_POINT('',(-0.875,1.515544456623));
#7925 = CARTESIAN_POINT('',(1.75,3.031088913246));
#7926 = CARTESIAN_POINT('',(1.75,-1.E-16));
#7927 = ( GEOMETRIC_REPRESENTATION_CONTEXT(2) 
PARAMETRIC_REPRESENTATION_CONTEXT() REPRESENTATION_CONTEXT('2D SPACE',''
  ) );
#7928 = PCURVE('',#7868,#7929);
#7929 = DEFINITIONAL_REPRESENTATION('',(#7930),#7934);
#7930 = LINE('',#7931,#7932);
#7931 = CARTESIAN_POINT('',(3.14159265359,-5.3));
#7932 = VECTOR('',#7933,1.);
#7933 = DIRECTION('',(1.,0.));
#7934 = ( GEOMETRIC_REPRESENTATION_CONTEXT(2) 
PARAMETRIC_REPRESENTATION_CONTEXT() REPRESENTATION_CONTEXT('2D SPACE',''
  ) );
#7935 = ORIENTED_EDGE('',*,*,#7936,.T.);
#7936 = EDGE_CURVE('',#7909,#7846,#7937,.T.);
#7937 = SURFACE_CURVE('',#7938,(#7943,#7954),.PCURVE_S1.);
#7938 = CIRCLE('',#7939,1.75);
#7939 = AXIS2_PLACEMENT_3D('',#7940,#7941,#7942);
#7940 = CARTESIAN_POINT('',(0.,0.,6.3));
#7941 = DIRECTION('',(0.,0.,-1.));
#7942 = DIRECTION('',(1.,0.,0.));
#7943 = PCURVE('',#5908,#7944);
#7944 = DEFINITIONAL_REPRESENTATION('',(#7945),#7953);
#7945 = ( BOUNDED_CURVE() B_SPLINE_CURVE(2,(#7946,#7947,#7948,#7949,
#7950,#7951,#7952),.UNSPECIFIED.,.T.,.F.) B_SPLINE_CURVE_WITH_KNOTS((1,2
    ,2,2,2,1),(-2.094395102393,0.,2.094395102393,4.188790204786,
6.28318530718,8.377580409573),.UNSPECIFIED.) CURVE() 
GEOMETRIC_REPRESENTATION_ITEM() RATIONAL_B_SPLINE_CURVE((1.,0.5,1.,0.5,
1.,0.5,1.)) REPRESENTATION_ITEM('') );
#7946 = CARTESIAN_POINT('',(1.75,-1.E-16));
#7947 = CARTESIAN_POINT('',(1.75,-3.031088913246));
#7948 = CARTESIAN_POINT('',(-0.875,-1.515544456623));
#7949 = CARTESIAN_POINT('',(-3.5,-5.286263797016E-16));
#7950 = CARTESIAN_POINT('',(-0.875,1.515544456623));
#7951 = CARTESIAN_POINT('',(1.75,3.031088913246));
#7952 = CARTESIAN_POINT('',(1.75,-1.E-16));
#7953 = ( GEOMETRIC_REPRESENTATION_CONTEXT(2) 
PARAMETRIC_REPRESENTATION_CONTEXT() REPRESENTATION_CONTEXT('2D SPACE',''
  ) );
#7954 = PCURVE('',#7868,#7955);
#7955 = DEFINITIONAL_REPRESENTATION('',(#7956),#7960);
#7956 = LINE('',#7957,#7958);
#7957 = CARTESIAN_POINT('',(-3.14159265359,-5.3));
#7958 = VECTOR('',#7959,1.);
#7959 = DIRECTION('',(1.,0.));
#7960 = ( GEOMETRIC_REPRESENTATION_CONTEXT(2) 
PARAMETRIC_REPRESENTATION_CONTEXT() REPRESENTATION_CONTEXT('2D SPACE',''
  ) );
#7961 = FACE_BOUND('',#7962,.T.);
#7962 = EDGE_LOOP('',(#7963,#7993,#8021,#8049));
#7963 = ORIENTED_EDGE('',*,*,#7964,.T.);
#7964 = EDGE_CURVE('',#7965,#7967,#7969,.T.);
#7965 = VERTEX_POINT('',#7966);
#7966 = CARTESIAN_POINT('',(1.5,3.6,6.3));
#7967 = VERTEX_POINT('',#7968);
#7968 = CARTESIAN_POINT('',(-1.5,3.6,6.3));
#7969 = SURFACE_CURVE('',#7970,(#7974,#7981),.PCURVE_S1.);
#7970 = LINE('',#7971,#7972);
#7971 = CARTESIAN_POINT('',(1.65,3.6,6.3));
#7972 = VECTOR('',#7973,1.);
#7973 = DIRECTION('',(-1.,0.,0.));
#7974 = PCURVE('',#5908,#7975);
#7975 = DEFINITIONAL_REPRESENTATION('',(#7976),#7980);
#7976 = LINE('',#7977,#7978);
#7977 = CARTESIAN_POINT('',(1.65,3.6));
#7978 = VECTOR('',#7979,1.);
#7979 = DIRECTION('',(-1.,0.));
#7980 = ( GEOMETRIC_REPRESENTATION_CONTEXT(2) 
PARAMETRIC_REPRESENTATION_CONTEXT() REPRESENTATION_CONTEXT('2D SPACE',''
  ) );
#7981 = PCURVE('',#7982,#7987);
#7982 = PLANE('',#7983);
#7983 = AXIS2_PLACEMENT_3D('',#7984,#7985,#7986);
#7984 = CARTESIAN_POINT('',(0.,3.6,5.3));
#7985 = DIRECTION('',(0.,1.,0.));
#7986 = DIRECTION('',(0.,0.,1.));
#7987 = DEFINITIONAL_REPRESENTATION('',(#7988),#7992);
#7988 = LINE('',#7989,#7990);
#7989 = CARTESIAN_POINT('',(1.,1.65));
#7990 = VECTOR('',#7991,1.);
#7991 = DIRECTION('',(0.,-1.));
#7992 = ( GEOMETRIC_REPRESENTATION_CONTEXT(2) 
PARAMETRIC_REPRESENTATION_CONTEXT() REPRESENTATION_CONTEXT('2D SPACE',''
  ) );
#7993 = ORIENTED_EDGE('',*,*,#7994,.T.);
#7994 = EDGE_CURVE('',#7967,#7995,#7997,.T.);
#7995 = VERTEX_POINT('',#7996);
#7996 = CARTESIAN_POINT('',(-1.5,4.4,6.3));
#7997 = SURFACE_CURVE('',#7998,(#8002,#8009),.PCURVE_S1.);
#7998 = LINE('',#7999,#8000);
#7999 = CARTESIAN_POINT('',(-1.5,3.6,6.3));
#8000 = VECTOR('',#8001,1.);
#8001 = DIRECTION('',(0.,1.,0.));
#8002 = PCURVE('',#5908,#8003);
#8003 = DEFINITIONAL_REPRESENTATION('',(#8004),#8008);
#8004 = LINE('',#8005,#8006);
#8005 = CARTESIAN_POINT('',(-1.5,3.6));
#8006 = VECTOR('',#8007,1.);
#8007 = DIRECTION('',(0.,1.));
#8008 = ( GEOMETRIC_REPRESENTATION_CONTEXT(2) 
PARAMETRIC_REPRESENTATION_CONTEXT() REPRESENTATION_CONTEXT('2D SPACE',''
  ) );
#8009 = PCURVE('',#8010,#8015);
#8010 = PLANE('',#8011);
#8011 = AXIS2_PLACEMENT_3D('',#8012,#8013,#8014);
#8012 = CARTESIAN_POINT('',(-1.5,4.4,14.473426866159));
#8013 = DIRECTION('',(-1.,0.,0.));
#8014 = DIRECTION('',(0.,-1.,0.));
#8015 = DEFINITIONAL_REPRESENTATION('',(#8016),#8020);
#8016 = LINE('',#8017,#8018);
#8017 = CARTESIAN_POINT('',(0.8,-8.173426866159));
#8018 = VECTOR('',#8019,1.);
#8019 = DIRECTION('',(-1.,0.));
#8020 = ( GEOMETRIC_REPRESENTATION_CONTEXT(2) 
PARAMETRIC_REPRESENTATION_CONTEXT() REPRESENTATION_CONTEXT('2D SPACE',''
  ) );
#8021 = ORIENTED_EDGE('',*,*,#8022,.T.);
#8022 = EDGE_CURVE('',#7995,#8023,#8025,.T.);
#8023 = VERTEX_POINT('',#8024);
#8024 = CARTESIAN_POINT('',(1.5,4.4,6.3));
#8025 = SURFACE_CURVE('',#8026,(#8030,#8037),.PCURVE_S1.);
#8026 = LINE('',#8027,#8028);
#8027 = CARTESIAN_POINT('',(-0.9,4.4,6.3));
#8028 = VECTOR('',#8029,1.);
#8029 = DIRECTION('',(1.,0.,0.));
#8030 = PCURVE('',#5908,#8031);
#8031 = DEFINITIONAL_REPRESENTATION('',(#8032),#8036);
#8032 = LINE('',#8033,#8034);
#8033 = CARTESIAN_POINT('',(-0.9,4.4));
#8034 = VECTOR('',#8035,1.);
#8035 = DIRECTION('',(1.,0.));
#8036 = ( GEOMETRIC_REPRESENTATION_CONTEXT(2) 
PARAMETRIC_REPRESENTATION_CONTEXT() REPRESENTATION_CONTEXT('2D SPACE',''
  ) );
#8037 = PCURVE('',#8038,#8043);
#8038 = PLANE('',#8039);
#8039 = AXIS2_PLACEMENT_3D('',#8040,#8041,#8042);
#8040 = CARTESIAN_POINT('',(0.,4.4,5.3));
#8041 = DIRECTION('',(-0.,-1.,-0.));
#8042 = DIRECTION('',(0.,0.,-1.));
#8043 = DEFINITIONAL_REPRESENTATION('',(#8044),#8048);
#8044 = LINE('',#8045,#8046);
#8045 = CARTESIAN_POINT('',(-1.,-0.9));
#8046 = VECTOR('',#8047,1.);
#8047 = DIRECTION('',(0.,1.));
#8048 = ( GEOMETRIC_REPRESENTATION_CONTEXT(2) 
PARAMETRIC_REPRESENTATION_CONTEXT() REPRESENTATION_CONTEXT('2D SPACE',''
  ) );
#8049 = ORIENTED_EDGE('',*,*,#8050,.T.);
#8050 = EDGE_CURVE('',#8023,#7965,#8051,.T.);
#8051 = SURFACE_CURVE('',#8052,(#8056,#8063),.PCURVE_S1.);
#8052 = LINE('',#8053,#8054);
#8053 = CARTESIAN_POINT('',(1.5,3.6,6.3));
#8054 = VECTOR('',#8055,1.);
#8055 = DIRECTION('',(0.,-1.,0.));
#8056 = PCURVE('',#5908,#8057);
#8057 = DEFINITIONAL_REPRESENTATION('',(#8058),#8062);
#8058 = LINE('',#8059,#8060);
#8059 = CARTESIAN_POINT('',(1.5,3.6));
#8060 = VECTOR('',#8061,1.);
#8061 = DIRECTION('',(0.,-1.));
#8062 = ( GEOMETRIC_REPRESENTATION_CONTEXT(2) 
PARAMETRIC_REPRESENTATION_CONTEXT() REPRESENTATION_CONTEXT('2D SPACE',''
  ) );
#8063 = PCURVE('',#8064,#8069);
#8064 = PLANE('',#8065);
#8065 = AXIS2_PLACEMENT_3D('',#8066,#8067,#8068);
#8066 = CARTESIAN_POINT('',(1.5,4.4,14.473426866159));
#8067 = DIRECTION('',(1.,0.,0.));
#8068 = DIRECTION('',(0.,1.,0.));
#8069 = DEFINITIONAL_REPRESENTATION('',(#8070),#8074);
#8070 = LINE('',#8071,#8072);
#8071 = CARTESIAN_POINT('',(-0.8,-8.173426866159));
#8072 = VECTOR('',#8073,1.);
#8073 = DIRECTION('',(-1.,0.));
#8074 = ( GEOMETRIC_REPRESENTATION_CONTEXT(2) 
PARAMETRIC_REPRESENTATION_CONTEXT() REPRESENTATION_CONTEXT('2D SPACE',''
  ) );
#8075 = FACE_BOUND('',#8076,.T.);
#8076 = EDGE_LOOP('',(#8077,#8107,#8135,#8163));
#8077 = ORIENTED_EDGE('',*,*,#8078,.T.);
#8078 = EDGE_CURVE('',#8079,#8081,#8083,.T.);
#8079 = VERTEX_POINT('',#8080);
#8080 = CARTESIAN_POINT('',(1.5,-3.6,6.3));
#8081 = VERTEX_POINT('',#8082);
#8082 = CARTESIAN_POINT('',(1.5,-4.4,6.3));
#8083 = SURFACE_CURVE('',#8084,(#8088,#8095),.PCURVE_S1.);
#8084 = LINE('',#8085,#8086);
#8085 = CARTESIAN_POINT('',(1.5,-3.6,6.3));
#8086 = VECTOR('',#8087,1.);
#8087 = DIRECTION('',(0.,-1.,0.));
#8088 = PCURVE('',#5908,#8089);
#8089 = DEFINITIONAL_REPRESENTATION('',(#8090),#8094);
#8090 = LINE('',#8091,#8092);
#8091 = CARTESIAN_POINT('',(1.5,-3.6));
#8092 = VECTOR('',#8093,1.);
#8093 = DIRECTION('',(0.,-1.));
#8094 = ( GEOMETRIC_REPRESENTATION_CONTEXT(2) 
PARAMETRIC_REPRESENTATION_CONTEXT() REPRESENTATION_CONTEXT('2D SPACE',''
  ) );
#8095 = PCURVE('',#8096,#8101);
#8096 = PLANE('',#8097);
#8097 = AXIS2_PLACEMENT_3D('',#8098,#8099,#8100);
#8098 = CARTESIAN_POINT('',(1.5,-4.4,14.473426866159));
#8099 = DIRECTION('',(1.,0.,0.));
#8100 = DIRECTION('',(0.,1.,0.));
#8101 = DEFINITIONAL_REPRESENTATION('',(#8102),#8106);
#8102 = LINE('',#8103,#8104);
#8103 = CARTESIAN_POINT('',(0.8,-8.173426866159));
#8104 = VECTOR('',#8105,1.);
#8105 = DIRECTION('',(-1.,0.));
#8106 = ( GEOMETRIC_REPRESENTATION_CONTEXT(2) 
PARAMETRIC_REPRESENTATION_CONTEXT() REPRESENTATION_CONTEXT('2D SPACE',''
  ) );
#8107 = ORIENTED_EDGE('',*,*,#8108,.T.);
#8108 = EDGE_CURVE('',#8081,#8109,#8111,.T.);
#8109 = VERTEX_POINT('',#8110);
#8110 = CARTESIAN_POINT('',(-1.5,-4.4,6.3));
#8111 = SURFACE_CURVE('',#8112,(#8116,#8123),.PCURVE_S1.);
#8112 = LINE('',#8113,#8114);
#8113 = CARTESIAN_POINT('',(0.9,-4.4,6.3));
#8114 = VECTOR('',#8115,1.);
#8115 = DIRECTION('',(-1.,-0.,-0.));
#8116 = PCURVE('',#5908,#8117);
#8117 = DEFINITIONAL_REPRESENTATION('',(#8118),#8122);
#8118 = LINE('',#8119,#8120);
#8119 = CARTESIAN_POINT('',(0.9,-4.4));
#8120 = VECTOR('',#8121,1.);
#8121 = DIRECTION('',(-1.,0.));
#8122 = ( GEOMETRIC_REPRESENTATION_CONTEXT(2) 
PARAMETRIC_REPRESENTATION_CONTEXT() REPRESENTATION_CONTEXT('2D SPACE',''
  ) );
#8123 = PCURVE('',#8124,#8129);
#8124 = PLANE('',#8125);
#8125 = AXIS2_PLACEMENT_3D('',#8126,#8127,#8128);
#8126 = CARTESIAN_POINT('',(0.,-4.4,5.3));
#8127 = DIRECTION('',(0.,1.,0.));
#8128 = DIRECTION('',(0.,0.,1.));
#8129 = DEFINITIONAL_REPRESENTATION('',(#8130),#8134);
#8130 = LINE('',#8131,#8132);
#8131 = CARTESIAN_POINT('',(1.,0.9));
#8132 = VECTOR('',#8133,1.);
#8133 = DIRECTION('',(0.,-1.));
#8134 = ( GEOMETRIC_REPRESENTATION_CONTEXT(2) 
PARAMETRIC_REPRESENTATION_CONTEXT() REPRESENTATION_CONTEXT('2D SPACE',''
  ) );
#8135 = ORIENTED_EDGE('',*,*,#8136,.T.);
#8136 = EDGE_CURVE('',#8109,#8137,#8139,.T.);
#8137 = VERTEX_POINT('',#8138);
#8138 = CARTESIAN_POINT('',(-1.5,-3.6,6.3));
#8139 = SURFACE_CURVE('',#8140,(#8144,#8151),.PCURVE_S1.);
#8140 = LINE('',#8141,#8142);
#8141 = CARTESIAN_POINT('',(-1.5,-3.6,6.3));
#8142 = VECTOR('',#8143,1.);
#8143 = DIRECTION('',(0.,1.,0.));
#8144 = PCURVE('',#5908,#8145);
#8145 = DEFINITIONAL_REPRESENTATION('',(#8146),#8150);
#8146 = LINE('',#8147,#8148);
#8147 = CARTESIAN_POINT('',(-1.5,-3.6));
#8148 = VECTOR('',#8149,1.);
#8149 = DIRECTION('',(0.,1.));
#8150 = ( GEOMETRIC_REPRESENTATION_CONTEXT(2) 
PARAMETRIC_REPRESENTATION_CONTEXT() REPRESENTATION_CONTEXT('2D SPACE',''
  ) );
#8151 = PCURVE('',#8152,#8157);
#8152 = PLANE('',#8153);
#8153 = AXIS2_PLACEMENT_3D('',#8154,#8155,#8156);
#8154 = CARTESIAN_POINT('',(-1.5,-4.4,14.473426866159));
#8155 = DIRECTION('',(-1.,-0.,-0.));
#8156 = DIRECTION('',(-0.,-1.,-0.));
#8157 = DEFINITIONAL_REPRESENTATION('',(#8158),#8162);
#8158 = LINE('',#8159,#8160);
#8159 = CARTESIAN_POINT('',(-0.8,-8.173426866159));
#8160 = VECTOR('',#8161,1.);
#8161 = DIRECTION('',(-1.,0.));
#8162 = ( GEOMETRIC_REPRESENTATION_CONTEXT(2) 
PARAMETRIC_REPRESENTATION_CONTEXT() REPRESENTATION_CONTEXT('2D SPACE',''
  ) );
#8163 = ORIENTED_EDGE('',*,*,#8164,.T.);
#8164 = EDGE_CURVE('',#8137,#8079,#8165,.T.);
#8165 = SURFACE_CURVE('',#8166,(#8170,#8177),.PCURVE_S1.);
#8166 = LINE('',#8167,#8168);
#8167 = CARTESIAN_POINT('',(-1.65,-3.6,6.3));
#8168 = VECTOR('',#8169,1.);
#8169 = DIRECTION('',(1.,0.,0.));
#8170 = PCURVE('',#5908,#8171);
#8171 = DEFINITIONAL_REPRESENTATION('',(#8172),#8176);
#8172 = LINE('',#8173,#8174);
#8173 = CARTESIAN_POINT('',(-1.65,-3.6));
#8174 = VECTOR('',#8175,1.);
#8175 = DIRECTION('',(1.,0.));
#8176 = ( GEOMETRIC_REPRESENTATION_CONTEXT(2) 
PARAMETRIC_REPRESENTATION_CONTEXT() REPRESENTATION_CONTEXT('2D SPACE',''
  ) );
#8177 = PCURVE('',#8178,#8183);
#8178 = PLANE('',#8179);
#8179 = AXIS2_PLACEMENT_3D('',#8180,#8181,#8182);
#8180 = CARTESIAN_POINT('',(0.,-3.6,5.3));
#8181 = DIRECTION('',(-0.,-1.,-0.));
#8182 = DIRECTION('',(0.,0.,-1.));
#8183 = DEFINITIONAL_REPRESENTATION('',(#8184),#8188);
#8184 = LINE('',#8185,#8186);
#8185 = CARTESIAN_POINT('',(-1.,-1.65));
#8186 = VECTOR('',#8187,1.);
#8187 = DIRECTION('',(0.,1.));
#8188 = ( GEOMETRIC_REPRESENTATION_CONTEXT(2) 
PARAMETRIC_REPRESENTATION_CONTEXT() REPRESENTATION_CONTEXT('2D SPACE',''
  ) );
#8189 = ADVANCED_FACE('',(#8190),#6020,.T.);
#8190 = FACE_BOUND('',#8191,.T.);
#8191 = EDGE_LOOP('',(#8192,#8193,#8194,#8195));
#8192 = ORIENTED_EDGE('',*,*,#7813,.F.);
#8193 = ORIENTED_EDGE('',*,*,#5999,.T.);
#8194 = ORIENTED_EDGE('',*,*,#7242,.T.);
#8195 = ORIENTED_EDGE('',*,*,#7735,.F.);
#8196 = ADVANCED_FACE('',(#8197),#6206,.T.);
#8197 = FACE_BOUND('',#8198,.T.);
#8198 = EDGE_LOOP('',(#8199,#8222,#8223,#8224));
#8199 = ORIENTED_EDGE('',*,*,#8200,.F.);
#8200 = EDGE_CURVE('',#6186,#8201,#8203,.T.);
#8201 = VERTEX_POINT('',#8202);
#8202 = CARTESIAN_POINT('',(-3.800000000001,5.000000000002,
    12.299999999999));
#8203 = SURFACE_CURVE('',#8204,(#8208,#8215),.PCURVE_S1.);
#8204 = LINE('',#8205,#8206);
#8205 = CARTESIAN_POINT('',(-3.700000000001,5.000000000002,
    12.199999999999));
#8206 = VECTOR('',#8207,1.);
#8207 = DIRECTION('',(-0.707106781187,1.5981E-13,0.707106781186));
#8208 = PCURVE('',#6206,#8209);
#8209 = DEFINITIONAL_REPRESENTATION('',(#8210),#8214);
#8210 = LINE('',#8211,#8212);
#8211 = CARTESIAN_POINT('',(2.2E-16,-0.1));
#8212 = VECTOR('',#8213,1.);
#8213 = DIRECTION('',(0.,1.));
#8214 = ( GEOMETRIC_REPRESENTATION_CONTEXT(2) 
PARAMETRIC_REPRESENTATION_CONTEXT() REPRESENTATION_CONTEXT('2D SPACE',''
  ) );
#8215 = PCURVE('',#6234,#8216);
#8216 = DEFINITIONAL_REPRESENTATION('',(#8217),#8221);
#8217 = LINE('',#8218,#8219);
#8218 = CARTESIAN_POINT('',(3.871848003114E-13,5.000000000002));
#8219 = VECTOR('',#8220,1.);
#8220 = DIRECTION('',(-1.,1.5981E-13));
#8221 = ( GEOMETRIC_REPRESENTATION_CONTEXT(2) 
PARAMETRIC_REPRESENTATION_CONTEXT() REPRESENTATION_CONTEXT('2D SPACE',''
  ) );
#8222 = ORIENTED_EDGE('',*,*,#6185,.T.);
#8223 = ORIENTED_EDGE('',*,*,#6374,.T.);
#8224 = ORIENTED_EDGE('',*,*,#8225,.F.);
#8225 = EDGE_CURVE('',#8201,#6375,#8226,.T.);
#8226 = SURFACE_CURVE('',#8227,(#8232,#8239),.PCURVE_S1.);
#8227 = CIRCLE('',#8228,1.);
#8228 = AXIS2_PLACEMENT_3D('',#8229,#8230,#8231);
#8229 = CARTESIAN_POINT('',(-3.800000000001,5.000000000002,
    11.299999999999));
#8230 = DIRECTION('',(-1.,1.1279E-13,-1.129E-13));
#8231 = DIRECTION('',(-1.129E-13,9.77E-15,1.));
#8232 = PCURVE('',#6206,#8233);
#8233 = DEFINITIONAL_REPRESENTATION('',(#8234),#8238);
#8234 = LINE('',#8235,#8236);
#8235 = CARTESIAN_POINT('',(0.,0.));
#8236 = VECTOR('',#8237,1.);
#8237 = DIRECTION('',(1.,0.));
#8238 = ( GEOMETRIC_REPRESENTATION_CONTEXT(2) 
PARAMETRIC_REPRESENTATION_CONTEXT() REPRESENTATION_CONTEXT('2D SPACE',''
  ) );
#8239 = PCURVE('',#6466,#8240);
#8240 = DEFINITIONAL_REPRESENTATION('',(#8241),#8245);
#8241 = LINE('',#8242,#8243);
#8242 = CARTESIAN_POINT('',(1.570796326795,-0.2));
#8243 = VECTOR('',#8244,1.);
#8244 = DIRECTION('',(-1.,-0.));
#8245 = ( GEOMETRIC_REPRESENTATION_CONTEXT(2) 
PARAMETRIC_REPRESENTATION_CONTEXT() REPRESENTATION_CONTEXT('2D SPACE',''
  ) );
#8246 = ADVANCED_FACE('',(#8247),#6234,.T.);
#8247 = FACE_BOUND('',#8248,.T.);
#8248 = EDGE_LOOP('',(#8249,#8250,#8251,#8274));
#8249 = ORIENTED_EDGE('',*,*,#6218,.T.);
#8250 = ORIENTED_EDGE('',*,*,#8200,.T.);
#8251 = ORIENTED_EDGE('',*,*,#8252,.T.);
#8252 = EDGE_CURVE('',#8201,#8253,#8255,.T.);
#8253 = VERTEX_POINT('',#8254);
#8254 = CARTESIAN_POINT('',(-3.800000000001,-5.000000000002,
    12.299999999999));
#8255 = SURFACE_CURVE('',#8256,(#8260,#8267),.PCURVE_S1.);
#8256 = LINE('',#8257,#8258);
#8257 = CARTESIAN_POINT('',(-3.800000000001,-1.8185E-12,12.3));
#8258 = VECTOR('',#8259,1.);
#8259 = DIRECTION('',(1.13E-13,-1.,-1.13E-13));
#8260 = PCURVE('',#6234,#8261);
#8261 = DEFINITIONAL_REPRESENTATION('',(#8262),#8266);
#8262 = LINE('',#8263,#8264);
#8263 = CARTESIAN_POINT('',(-0.141421356238,-1.81824E-12));
#8264 = VECTOR('',#8265,1.);
#8265 = DIRECTION('',(1.598061325482E-13,-1.));
#8266 = ( GEOMETRIC_REPRESENTATION_CONTEXT(2) 
PARAMETRIC_REPRESENTATION_CONTEXT() REPRESENTATION_CONTEXT('2D SPACE',''
  ) );
#8267 = PCURVE('',#6868,#8268);
#8268 = DEFINITIONAL_REPRESENTATION('',(#8269),#8273);
#8269 = LINE('',#8270,#8271);
#8270 = CARTESIAN_POINT('',(0.225,-1.81833E-12));
#8271 = VECTOR('',#8272,1.);
#8272 = DIRECTION('',(1.13E-13,-1.));
#8273 = ( GEOMETRIC_REPRESENTATION_CONTEXT(2) 
PARAMETRIC_REPRESENTATION_CONTEXT() REPRESENTATION_CONTEXT('2D SPACE',''
  ) );
#8274 = ORIENTED_EDGE('',*,*,#8275,.F.);
#8275 = EDGE_CURVE('',#6219,#8253,#8276,.T.);
#8276 = SURFACE_CURVE('',#8277,(#8281,#8288),.PCURVE_S1.);
#8277 = LINE('',#8278,#8279);
#8278 = CARTESIAN_POINT('',(-3.700000000001,-5.000000000002,
    12.199999999999));
#8279 = VECTOR('',#8280,1.);
#8280 = DIRECTION('',(-0.707106781187,-1.5981E-13,0.707106781186));
#8281 = PCURVE('',#6234,#8282);
#8282 = DEFINITIONAL_REPRESENTATION('',(#8283),#8287);
#8283 = LINE('',#8284,#8285);
#8284 = CARTESIAN_POINT('',(3.871848003114E-13,-5.000000000002));
#8285 = VECTOR('',#8286,1.);
#8286 = DIRECTION('',(-1.,-1.5981E-13));
#8287 = ( GEOMETRIC_REPRESENTATION_CONTEXT(2) 
PARAMETRIC_REPRESENTATION_CONTEXT() REPRESENTATION_CONTEXT('2D SPACE',''
  ) );
#8288 = PCURVE('',#6263,#8289);
#8289 = DEFINITIONAL_REPRESENTATION('',(#8290),#8294);
#8290 = LINE('',#8291,#8292);
#8291 = CARTESIAN_POINT('',(-2.2E-16,-0.1));
#8292 = VECTOR('',#8293,1.);
#8293 = DIRECTION('',(-0.,1.));
#8294 = ( GEOMETRIC_REPRESENTATION_CONTEXT(2) 
PARAMETRIC_REPRESENTATION_CONTEXT() REPRESENTATION_CONTEXT('2D SPACE',''
  ) );
#8295 = ADVANCED_FACE('',(#8296),#6263,.T.);
#8296 = FACE_BOUND('',#8297,.F.);
#8297 = EDGE_LOOP('',(#8298,#8299,#8300,#8301));
#8298 = ORIENTED_EDGE('',*,*,#8275,.F.);
#8299 = ORIENTED_EDGE('',*,*,#6246,.T.);
#8300 = ORIENTED_EDGE('',*,*,#7148,.T.);
#8301 = ORIENTED_EDGE('',*,*,#8302,.F.);
#8302 = EDGE_CURVE('',#8253,#7078,#8303,.T.);
#8303 = SURFACE_CURVE('',#8304,(#8309,#8316),.PCURVE_S1.);
#8304 = CIRCLE('',#8305,1.);
#8305 = AXIS2_PLACEMENT_3D('',#8306,#8307,#8308);
#8306 = CARTESIAN_POINT('',(-3.800000000001,-5.000000000002,
    11.299999999999));
#8307 = DIRECTION('',(1.,1.1279E-13,1.129E-13));
#8308 = DIRECTION('',(-1.129E-13,-9.77E-15,1.));
#8309 = PCURVE('',#6263,#8310);
#8310 = DEFINITIONAL_REPRESENTATION('',(#8311),#8315);
#8311 = LINE('',#8312,#8313);
#8312 = CARTESIAN_POINT('',(-0.,0.));
#8313 = VECTOR('',#8314,1.);
#8314 = DIRECTION('',(-1.,0.));
#8315 = ( GEOMETRIC_REPRESENTATION_CONTEXT(2) 
PARAMETRIC_REPRESENTATION_CONTEXT() REPRESENTATION_CONTEXT('2D SPACE',''
  ) );
#8316 = PCURVE('',#6842,#8317);
#8317 = DEFINITIONAL_REPRESENTATION('',(#8318),#8322);
#8318 = LINE('',#8319,#8320);
#8319 = CARTESIAN_POINT('',(-1.570796326795,-0.2));
#8320 = VECTOR('',#8321,1.);
#8321 = DIRECTION('',(1.,-0.));
#8322 = ( GEOMETRIC_REPRESENTATION_CONTEXT(2) 
PARAMETRIC_REPRESENTATION_CONTEXT() REPRESENTATION_CONTEXT('2D SPACE',''
  ) );
#8323 = ADVANCED_FACE('',(#8324),#6466,.T.);
#8324 = FACE_BOUND('',#8325,.T.);
#8325 = EDGE_LOOP('',(#8326,#8327,#8328,#8349));
#8326 = ORIENTED_EDGE('',*,*,#6450,.T.);
#8327 = ORIENTED_EDGE('',*,*,#6531,.T.);
#8328 = ORIENTED_EDGE('',*,*,#8329,.F.);
#8329 = EDGE_CURVE('',#8201,#6532,#8330,.T.);
#8330 = SURFACE_CURVE('',#8331,(#8335,#8342),.PCURVE_S1.);
#8331 = LINE('',#8332,#8333);
#8332 = CARTESIAN_POINT('',(-3.600000000001,5.000000000002,
    12.299999999999));
#8333 = VECTOR('',#8334,1.);
#8334 = DIRECTION('',(-1.,1.1291E-13,-1.1291E-13));
#8335 = PCURVE('',#6466,#8336);
#8336 = DEFINITIONAL_REPRESENTATION('',(#8337),#8341);
#8337 = LINE('',#8338,#8339);
#8338 = CARTESIAN_POINT('',(1.570796326795,0.));
#8339 = VECTOR('',#8340,1.);
#8340 = DIRECTION('',(0.,-1.));
#8341 = ( GEOMETRIC_REPRESENTATION_CONTEXT(2) 
PARAMETRIC_REPRESENTATION_CONTEXT() REPRESENTATION_CONTEXT('2D SPACE',''
  ) );
#8342 = PCURVE('',#6868,#8343);
#8343 = DEFINITIONAL_REPRESENTATION('',(#8344),#8348);
#8344 = LINE('',#8345,#8346);
#8345 = CARTESIAN_POINT('',(0.425,5.000000000002));
#8346 = VECTOR('',#8347,1.);
#8347 = DIRECTION('',(-1.,1.1291E-13));
#8348 = ( GEOMETRIC_REPRESENTATION_CONTEXT(2) 
PARAMETRIC_REPRESENTATION_CONTEXT() REPRESENTATION_CONTEXT('2D SPACE',''
  ) );
#8349 = ORIENTED_EDGE('',*,*,#8225,.T.);
#8350 = ADVANCED_FACE('',(#8351),#6868,.T.);
#8351 = FACE_BOUND('',#8352,.T.);
#8352 = EDGE_LOOP('',(#8353,#8354,#8355,#8376));
#8353 = ORIENTED_EDGE('',*,*,#8329,.T.);
#8354 = ORIENTED_EDGE('',*,*,#6854,.F.);
#8355 = ORIENTED_EDGE('',*,*,#8356,.F.);
#8356 = EDGE_CURVE('',#8253,#6826,#8357,.T.);
#8357 = SURFACE_CURVE('',#8358,(#8362,#8369),.PCURVE_S1.);
#8358 = LINE('',#8359,#8360);
#8359 = CARTESIAN_POINT('',(-3.600000000001,-5.000000000002,
    12.299999999999));
#8360 = VECTOR('',#8361,1.);
#8361 = DIRECTION('',(-1.,-1.1291E-13,-1.1291E-13));
#8362 = PCURVE('',#6868,#8363);
#8363 = DEFINITIONAL_REPRESENTATION('',(#8364),#8368);
#8364 = LINE('',#8365,#8366);
#8365 = CARTESIAN_POINT('',(0.425,-5.000000000002));
#8366 = VECTOR('',#8367,1.);
#8367 = DIRECTION('',(-1.,-1.1291E-13));
#8368 = ( GEOMETRIC_REPRESENTATION_CONTEXT(2) 
PARAMETRIC_REPRESENTATION_CONTEXT() REPRESENTATION_CONTEXT('2D SPACE',''
  ) );
#8369 = PCURVE('',#6842,#8370);
#8370 = DEFINITIONAL_REPRESENTATION('',(#8371),#8375);
#8371 = LINE('',#8372,#8373);
#8372 = CARTESIAN_POINT('',(-1.570796326795,0.));
#8373 = VECTOR('',#8374,1.);
#8374 = DIRECTION('',(-0.,-1.));
#8375 = ( GEOMETRIC_REPRESENTATION_CONTEXT(2) 
PARAMETRIC_REPRESENTATION_CONTEXT() REPRESENTATION_CONTEXT('2D SPACE',''
  ) );
#8376 = ORIENTED_EDGE('',*,*,#8252,.F.);
#8377 = ADVANCED_FACE('',(#8378),#6842,.T.);
#8378 = FACE_BOUND('',#8379,.F.);
#8379 = EDGE_LOOP('',(#8380,#8381,#8382,#8383));
#8380 = ORIENTED_EDGE('',*,*,#8302,.T.);
#8381 = ORIENTED_EDGE('',*,*,#7102,.T.);
#8382 = ORIENTED_EDGE('',*,*,#6825,.T.);
#8383 = ORIENTED_EDGE('',*,*,#8356,.F.);
#8384 = ADVANCED_FACE('',(#8385),#6762,.F.);
#8385 = FACE_BOUND('',#8386,.T.);
#8386 = EDGE_LOOP('',(#8387,#8388,#8411,#8439));
#8387 = ORIENTED_EDGE('',*,*,#6746,.T.);
#8388 = ORIENTED_EDGE('',*,*,#8389,.T.);
#8389 = EDGE_CURVE('',#6719,#8390,#8392,.T.);
#8390 = VERTEX_POINT('',#8391);
#8391 = CARTESIAN_POINT('',(-5.15,-4.575,6.));
#8392 = SURFACE_CURVE('',#8393,(#8397,#8404),.PCURVE_S1.);
#8393 = LINE('',#8394,#8395);
#8394 = CARTESIAN_POINT('',(-4.25,-4.416305717362,6.));
#8395 = VECTOR('',#8396,1.);
#8396 = DIRECTION('',(-0.984807753012,-0.173648177667,-0.));
#8397 = PCURVE('',#6762,#8398);
#8398 = DEFINITIONAL_REPRESENTATION('',(#8399),#8403);
#8399 = LINE('',#8400,#8401);
#8400 = CARTESIAN_POINT('',(-0.,-6.));
#8401 = VECTOR('',#8402,1.);
#8402 = DIRECTION('',(-1.,0.));
#8403 = ( GEOMETRIC_REPRESENTATION_CONTEXT(2) 
PARAMETRIC_REPRESENTATION_CONTEXT() REPRESENTATION_CONTEXT('2D SPACE',''
  ) );
#8404 = PCURVE('',#6734,#8405);
#8405 = DEFINITIONAL_REPRESENTATION('',(#8406),#8410);
#8406 = LINE('',#8407,#8408);
#8407 = CARTESIAN_POINT('',(5.016110762924,0.251280079556));
#8408 = VECTOR('',#8409,1.);
#8409 = DIRECTION('',(0.984807753012,0.173648177667));
#8410 = ( GEOMETRIC_REPRESENTATION_CONTEXT(2) 
PARAMETRIC_REPRESENTATION_CONTEXT() REPRESENTATION_CONTEXT('2D SPACE',''
  ) );
#8411 = ORIENTED_EDGE('',*,*,#8412,.F.);
#8412 = EDGE_CURVE('',#8413,#8390,#8415,.T.);
#8413 = VERTEX_POINT('',#8414);
#8414 = CARTESIAN_POINT('',(-5.15,-4.575,0.));
#8415 = SURFACE_CURVE('',#8416,(#8420,#8427),.PCURVE_S1.);
#8416 = LINE('',#8417,#8418);
#8417 = CARTESIAN_POINT('',(-5.15,-4.575,0.));
#8418 = VECTOR('',#8419,1.);
#8419 = DIRECTION('',(0.,0.,1.));
#8420 = PCURVE('',#6762,#8421);
#8421 = DEFINITIONAL_REPRESENTATION('',(#8422),#8426);
#8422 = LINE('',#8423,#8424);
#8423 = CARTESIAN_POINT('',(-0.913883950697,0.));
#8424 = VECTOR('',#8425,1.);
#8425 = DIRECTION('',(-0.,-1.));
#8426 = ( GEOMETRIC_REPRESENTATION_CONTEXT(2) 
PARAMETRIC_REPRESENTATION_CONTEXT() REPRESENTATION_CONTEXT('2D SPACE',''
  ) );
#8427 = PCURVE('',#8428,#8433);
#8428 = PLANE('',#8429);
#8429 = AXIS2_PLACEMENT_3D('',#8430,#8431,#8432);
#8430 = CARTESIAN_POINT('',(-5.15,-4.575,0.));
#8431 = DIRECTION('',(1.,0.,0.));
#8432 = DIRECTION('',(-0.,-1.,-0.));
#8433 = DEFINITIONAL_REPRESENTATION('',(#8434),#8438);
#8434 = LINE('',#8435,#8436);
#8435 = CARTESIAN_POINT('',(-0.,0.));
#8436 = VECTOR('',#8437,1.);
#8437 = DIRECTION('',(-0.,-1.));
#8438 = ( GEOMETRIC_REPRESENTATION_CONTEXT(2) 
PARAMETRIC_REPRESENTATION_CONTEXT() REPRESENTATION_CONTEXT('2D SPACE',''
  ) );
#8439 = ORIENTED_EDGE('',*,*,#8440,.F.);
#8440 = EDGE_CURVE('',#6747,#8413,#8441,.T.);
#8441 = SURFACE_CURVE('',#8442,(#8446,#8453),.PCURVE_S1.);
#8442 = LINE('',#8443,#8444);
#8443 = CARTESIAN_POINT('',(-4.25,-4.416305717362,0.));
#8444 = VECTOR('',#8445,1.);
#8445 = DIRECTION('',(-0.984807753012,-0.173648177667,-0.));
#8446 = PCURVE('',#6762,#8447);
#8447 = DEFINITIONAL_REPRESENTATION('',(#8448),#8452);
#8448 = LINE('',#8449,#8450);
#8449 = CARTESIAN_POINT('',(-0.,-0.));
#8450 = VECTOR('',#8451,1.);
#8451 = DIRECTION('',(-1.,0.));
#8452 = ( GEOMETRIC_REPRESENTATION_CONTEXT(2) 
PARAMETRIC_REPRESENTATION_CONTEXT() REPRESENTATION_CONTEXT('2D SPACE',''
  ) );
#8453 = PCURVE('',#5288,#8454);
#8454 = DEFINITIONAL_REPRESENTATION('',(#8455),#8459);
#8455 = LINE('',#8456,#8457);
#8456 = CARTESIAN_POINT('',(4.103486695386,-4.416305717362));
#8457 = VECTOR('',#8458,1.);
#8458 = DIRECTION('',(0.984807753012,-0.173648177667));
#8459 = ( GEOMETRIC_REPRESENTATION_CONTEXT(2) 
PARAMETRIC_REPRESENTATION_CONTEXT() REPRESENTATION_CONTEXT('2D SPACE',''
  ) );
#8460 = ADVANCED_FACE('',(#8461),#6734,.T.);
#8461 = FACE_BOUND('',#8462,.F.);
#8462 = EDGE_LOOP('',(#8463,#8464,#8487,#8508));
#8463 = ORIENTED_EDGE('',*,*,#8389,.T.);
#8464 = ORIENTED_EDGE('',*,*,#8465,.T.);
#8465 = EDGE_CURVE('',#8390,#8466,#8468,.T.);
#8466 = VERTEX_POINT('',#8467);
#8467 = CARTESIAN_POINT('',(-5.15,-3.425,6.));
#8468 = SURFACE_CURVE('',#8469,(#8473,#8480),.PCURVE_S1.);
#8469 = LINE('',#8470,#8471);
#8470 = CARTESIAN_POINT('',(-5.15,-4.575,6.));
#8471 = VECTOR('',#8472,1.);
#8472 = DIRECTION('',(0.,1.,0.));
#8473 = PCURVE('',#6734,#8474);
#8474 = DEFINITIONAL_REPRESENTATION('',(#8475),#8479);
#8475 = LINE('',#8476,#8477);
#8476 = CARTESIAN_POINT('',(5.916110762924,0.409974362193));
#8477 = VECTOR('',#8478,1.);
#8478 = DIRECTION('',(-0.,-1.));
#8479 = ( GEOMETRIC_REPRESENTATION_CONTEXT(2) 
PARAMETRIC_REPRESENTATION_CONTEXT() REPRESENTATION_CONTEXT('2D SPACE',''
  ) );
#8480 = PCURVE('',#8428,#8481);
#8481 = DEFINITIONAL_REPRESENTATION('',(#8482),#8486);
#8482 = LINE('',#8483,#8484);
#8483 = CARTESIAN_POINT('',(-0.,-6.));
#8484 = VECTOR('',#8485,1.);
#8485 = DIRECTION('',(-1.,0.));
#8486 = ( GEOMETRIC_REPRESENTATION_CONTEXT(2) 
PARAMETRIC_REPRESENTATION_CONTEXT() REPRESENTATION_CONTEXT('2D SPACE',''
  ) );
#8487 = ORIENTED_EDGE('',*,*,#8488,.T.);
#8488 = EDGE_CURVE('',#8466,#6691,#8489,.T.);
#8489 = SURFACE_CURVE('',#8490,(#8494,#8501),.PCURVE_S1.);
#8490 = LINE('',#8491,#8492);
#8491 = CARTESIAN_POINT('',(-5.15,-3.425,6.));
#8492 = VECTOR('',#8493,1.);
#8493 = DIRECTION('',(0.984807753012,-0.173648177667,0.));
#8494 = PCURVE('',#6734,#8495);
#8495 = DEFINITIONAL_REPRESENTATION('',(#8496),#8500);
#8496 = LINE('',#8497,#8498);
#8497 = CARTESIAN_POINT('',(5.916110762924,-0.740025637807));
#8498 = VECTOR('',#8499,1.);
#8499 = DIRECTION('',(-0.984807753012,0.173648177667));
#8500 = ( GEOMETRIC_REPRESENTATION_CONTEXT(2) 
PARAMETRIC_REPRESENTATION_CONTEXT() REPRESENTATION_CONTEXT('2D SPACE',''
  ) );
#8501 = PCURVE('',#6706,#8502);
#8502 = DEFINITIONAL_REPRESENTATION('',(#8503),#8507);
#8503 = LINE('',#8504,#8505);
#8504 = CARTESIAN_POINT('',(-0.,-6.));
#8505 = VECTOR('',#8506,1.);
#8506 = DIRECTION('',(-1.,0.));
#8507 = ( GEOMETRIC_REPRESENTATION_CONTEXT(2) 
PARAMETRIC_REPRESENTATION_CONTEXT() REPRESENTATION_CONTEXT('2D SPACE',''
  ) );
#8508 = ORIENTED_EDGE('',*,*,#6718,.T.);
#8509 = ADVANCED_FACE('',(#8510),#6706,.F.);
#8510 = FACE_BOUND('',#8511,.T.);
#8511 = EDGE_LOOP('',(#8512,#8535,#8536,#8537));
#8512 = ORIENTED_EDGE('',*,*,#8513,.T.);
#8513 = EDGE_CURVE('',#8514,#8466,#8516,.T.);
#8514 = VERTEX_POINT('',#8515);
#8515 = CARTESIAN_POINT('',(-5.15,-3.425,0.));
#8516 = SURFACE_CURVE('',#8517,(#8521,#8528),.PCURVE_S1.);
#8517 = LINE('',#8518,#8519);
#8518 = CARTESIAN_POINT('',(-5.15,-3.425,0.));
#8519 = VECTOR('',#8520,1.);
#8520 = DIRECTION('',(0.,0.,1.));
#8521 = PCURVE('',#6706,#8522);
#8522 = DEFINITIONAL_REPRESENTATION('',(#8523),#8527);
#8523 = LINE('',#8524,#8525);
#8524 = CARTESIAN_POINT('',(-0.,-0.));
#8525 = VECTOR('',#8526,1.);
#8526 = DIRECTION('',(-0.,-1.));
#8527 = ( GEOMETRIC_REPRESENTATION_CONTEXT(2) 
PARAMETRIC_REPRESENTATION_CONTEXT() REPRESENTATION_CONTEXT('2D SPACE',''
  ) );
#8528 = PCURVE('',#8428,#8529);
#8529 = DEFINITIONAL_REPRESENTATION('',(#8530),#8534);
#8530 = LINE('',#8531,#8532);
#8531 = CARTESIAN_POINT('',(-1.15,0.));
#8532 = VECTOR('',#8533,1.);
#8533 = DIRECTION('',(-0.,-1.));
#8534 = ( GEOMETRIC_REPRESENTATION_CONTEXT(2) 
PARAMETRIC_REPRESENTATION_CONTEXT() REPRESENTATION_CONTEXT('2D SPACE',''
  ) );
#8535 = ORIENTED_EDGE('',*,*,#8488,.T.);
#8536 = ORIENTED_EDGE('',*,*,#6690,.F.);
#8537 = ORIENTED_EDGE('',*,*,#8538,.F.);
#8538 = EDGE_CURVE('',#8514,#6668,#8539,.T.);
#8539 = SURFACE_CURVE('',#8540,(#8544,#8551),.PCURVE_S1.);
#8540 = LINE('',#8541,#8542);
#8541 = CARTESIAN_POINT('',(-5.15,-3.425,0.));
#8542 = VECTOR('',#8543,1.);
#8543 = DIRECTION('',(0.984807753012,-0.173648177667,0.));
#8544 = PCURVE('',#6706,#8545);
#8545 = DEFINITIONAL_REPRESENTATION('',(#8546),#8550);
#8546 = LINE('',#8547,#8548);
#8547 = CARTESIAN_POINT('',(-0.,-0.));
#8548 = VECTOR('',#8549,1.);
#8549 = DIRECTION('',(-1.,0.));
#8550 = ( GEOMETRIC_REPRESENTATION_CONTEXT(2) 
PARAMETRIC_REPRESENTATION_CONTEXT() REPRESENTATION_CONTEXT('2D SPACE',''
  ) );
#8551 = PCURVE('',#5288,#8552);
#8552 = DEFINITIONAL_REPRESENTATION('',(#8553),#8557);
#8553 = LINE('',#8554,#8555);
#8554 = CARTESIAN_POINT('',(5.003486695386,-3.425));
#8555 = VECTOR('',#8556,1.);
#8556 = DIRECTION('',(-0.984807753012,-0.173648177667));
#8557 = ( GEOMETRIC_REPRESENTATION_CONTEXT(2) 
PARAMETRIC_REPRESENTATION_CONTEXT() REPRESENTATION_CONTEXT('2D SPACE',''
  ) );
#8558 = ADVANCED_FACE('',(#8559),#6627,.T.);
#8559 = FACE_BOUND('',#8560,.T.);
#8560 = EDGE_LOOP('',(#8561,#8562,#8563,#8564));
#8561 = ORIENTED_EDGE('',*,*,#6884,.T.);
#8562 = ORIENTED_EDGE('',*,*,#6960,.T.);
#8563 = ORIENTED_EDGE('',*,*,#7031,.T.);
#8564 = ORIENTED_EDGE('',*,*,#6611,.T.);
#8565 = ADVANCED_FACE('',(#8566),#8428,.F.);
#8566 = FACE_BOUND('',#8567,.T.);
#8567 = EDGE_LOOP('',(#8568,#8569,#8570,#8571));
#8568 = ORIENTED_EDGE('',*,*,#8412,.T.);
#8569 = ORIENTED_EDGE('',*,*,#8465,.T.);
#8570 = ORIENTED_EDGE('',*,*,#8513,.F.);
#8571 = ORIENTED_EDGE('',*,*,#8572,.F.);
#8572 = EDGE_CURVE('',#8413,#8514,#8573,.T.);
#8573 = SURFACE_CURVE('',#8574,(#8578,#8585),.PCURVE_S1.);
#8574 = LINE('',#8575,#8576);
#8575 = CARTESIAN_POINT('',(-5.15,-4.575,0.));
#8576 = VECTOR('',#8577,1.);
#8577 = DIRECTION('',(0.,1.,0.));
#8578 = PCURVE('',#8428,#8579);
#8579 = DEFINITIONAL_REPRESENTATION('',(#8580),#8584);
#8580 = LINE('',#8581,#8582);
#8581 = CARTESIAN_POINT('',(-0.,0.));
#8582 = VECTOR('',#8583,1.);
#8583 = DIRECTION('',(-1.,0.));
#8584 = ( GEOMETRIC_REPRESENTATION_CONTEXT(2) 
PARAMETRIC_REPRESENTATION_CONTEXT() REPRESENTATION_CONTEXT('2D SPACE',''
  ) );
#8585 = PCURVE('',#5288,#8586);
#8586 = DEFINITIONAL_REPRESENTATION('',(#8587),#8591);
#8587 = LINE('',#8588,#8589);
#8588 = CARTESIAN_POINT('',(5.003486695386,-4.575));
#8589 = VECTOR('',#8590,1.);
#8590 = DIRECTION('',(0.,1.));
#8591 = ( GEOMETRIC_REPRESENTATION_CONTEXT(2) 
PARAMETRIC_REPRESENTATION_CONTEXT() REPRESENTATION_CONTEXT('2D SPACE',''
  ) );
#8592 = ADVANCED_FACE('',(#8593),#7400,.T.);
#8593 = FACE_BOUND('',#8594,.F.);
#8594 = EDGE_LOOP('',(#8595,#8596,#8597,#8598));
#8595 = ORIENTED_EDGE('',*,*,#7384,.T.);
#8596 = ORIENTED_EDGE('',*,*,#7709,.T.);
#8597 = ORIENTED_EDGE('',*,*,#7436,.F.);
#8598 = ORIENTED_EDGE('',*,*,#8599,.F.);
#8599 = EDGE_CURVE('',#7385,#7437,#8600,.T.);
#8600 = SURFACE_CURVE('',#8601,(#8605,#8612),.PCURVE_S1.);
#8601 = LINE('',#8602,#8603);
#8602 = CARTESIAN_POINT('',(3.35,-4.575,0.));
#8603 = VECTOR('',#8604,1.);
#8604 = DIRECTION('',(0.,1.,0.));
#8605 = PCURVE('',#7400,#8606);
#8606 = DEFINITIONAL_REPRESENTATION('',(#8607),#8611);
#8607 = LINE('',#8608,#8609);
#8608 = CARTESIAN_POINT('',(-0.,0.));
#8609 = VECTOR('',#8610,1.);
#8610 = DIRECTION('',(-1.,0.));
#8611 = ( GEOMETRIC_REPRESENTATION_CONTEXT(2) 
PARAMETRIC_REPRESENTATION_CONTEXT() REPRESENTATION_CONTEXT('2D SPACE',''
  ) );
#8612 = PCURVE('',#5288,#8613);
#8613 = DEFINITIONAL_REPRESENTATION('',(#8614),#8618);
#8614 = LINE('',#8615,#8616);
#8615 = CARTESIAN_POINT('',(-3.496513304614,-4.575));
#8616 = VECTOR('',#8617,1.);
#8617 = DIRECTION('',(0.,1.));
#8618 = ( GEOMETRIC_REPRESENTATION_CONTEXT(2) 
PARAMETRIC_REPRESENTATION_CONTEXT() REPRESENTATION_CONTEXT('2D SPACE',''
  ) );
#8619 = ADVANCED_FACE('',(#8620),#7868,.F.);
#8620 = FACE_BOUND('',#8621,.F.);
#8621 = EDGE_LOOP('',(#8622,#8623,#8624,#8625,#8647,#8680,#8704,#8732,
    #8754,#8755));
#8622 = ORIENTED_EDGE('',*,*,#7845,.T.);
#8623 = ORIENTED_EDGE('',*,*,#7880,.T.);
#8624 = ORIENTED_EDGE('',*,*,#7908,.T.);
#8625 = ORIENTED_EDGE('',*,*,#8626,.T.);
#8626 = EDGE_CURVE('',#7909,#8627,#8629,.T.);
#8627 = VERTEX_POINT('',#8628);
#8628 = CARTESIAN_POINT('',(-1.75,0.,1.));
#8629 = SEAM_CURVE('',#8630,(#8633,#8640),.PCURVE_S1.);
#8630 = B_SPLINE_CURVE_WITH_KNOTS('',1,(#8631,#8632),.UNSPECIFIED.,.F.,
  .F.,(2,2),(-5.3,0.),.PIECEWISE_BEZIER_KNOTS.);
#8631 = CARTESIAN_POINT('',(-1.75,0.,6.3));
#8632 = CARTESIAN_POINT('',(-1.75,0.,1.));
#8633 = PCURVE('',#7868,#8634);
#8634 = DEFINITIONAL_REPRESENTATION('',(#8635),#8639);
#8635 = LINE('',#8636,#8637);
#8636 = CARTESIAN_POINT('',(6.28318530718,0.));
#8637 = VECTOR('',#8638,1.);
#8638 = DIRECTION('',(0.,1.));
#8639 = ( GEOMETRIC_REPRESENTATION_CONTEXT(2) 
PARAMETRIC_REPRESENTATION_CONTEXT() REPRESENTATION_CONTEXT('2D SPACE',''
  ) );
#8640 = PCURVE('',#7868,#8641);
#8641 = DEFINITIONAL_REPRESENTATION('',(#8642),#8646);
#8642 = LINE('',#8643,#8644);
#8643 = CARTESIAN_POINT('',(0.,0.));
#8644 = VECTOR('',#8645,1.);
#8645 = DIRECTION('',(0.,1.));
#8646 = ( GEOMETRIC_REPRESENTATION_CONTEXT(2) 
PARAMETRIC_REPRESENTATION_CONTEXT() REPRESENTATION_CONTEXT('2D SPACE',''
  ) );
#8647 = ORIENTED_EDGE('',*,*,#8648,.F.);
#8648 = EDGE_CURVE('',#8649,#8627,#8651,.T.);
#8649 = VERTEX_POINT('',#8650);
#8650 = CARTESIAN_POINT('',(0.,-1.75,1.));
#8651 = SURFACE_CURVE('',#8652,(#8657,#8664),.PCURVE_S1.);
#8652 = CIRCLE('',#8653,1.75);
#8653 = AXIS2_PLACEMENT_3D('',#8654,#8655,#8656);
#8654 = CARTESIAN_POINT('',(0.,0.,1.));
#8655 = DIRECTION('',(0.,0.,-1.));
#8656 = DIRECTION('',(1.,0.,0.));
#8657 = PCURVE('',#7868,#8658);
#8658 = DEFINITIONAL_REPRESENTATION('',(#8659),#8663);
#8659 = LINE('',#8660,#8661);
#8660 = CARTESIAN_POINT('',(3.14159265359,0.));
#8661 = VECTOR('',#8662,1.);
#8662 = DIRECTION('',(1.,0.));
#8663 = ( GEOMETRIC_REPRESENTATION_CONTEXT(2) 
PARAMETRIC_REPRESENTATION_CONTEXT() REPRESENTATION_CONTEXT('2D SPACE',''
  ) );
#8664 = PCURVE('',#8665,#8670);
#8665 = PLANE('',#8666);
#8666 = AXIS2_PLACEMENT_3D('',#8667,#8668,#8669);
#8667 = CARTESIAN_POINT('',(-2.E-17,-6.E-17,1.));
#8668 = DIRECTION('',(0.,0.,1.));
#8669 = DIRECTION('',(1.,0.,0.));
#8670 = DEFINITIONAL_REPRESENTATION('',(#8671),#8679);
#8671 = ( BOUNDED_CURVE() B_SPLINE_CURVE(2,(#8672,#8673,#8674,#8675,
#8676,#8677,#8678),.UNSPECIFIED.,.T.,.F.) B_SPLINE_CURVE_WITH_KNOTS((1,2
    ,2,2,2,1),(-2.094395102393,0.,2.094395102393,4.188790204786,
6.28318530718,8.377580409573),.UNSPECIFIED.) CURVE() 
GEOMETRIC_REPRESENTATION_ITEM() RATIONAL_B_SPLINE_CURVE((1.,0.5,1.,0.5,
1.,0.5,1.)) REPRESENTATION_ITEM('') );
#8672 = CARTESIAN_POINT('',(1.75,6.E-17));
#8673 = CARTESIAN_POINT('',(1.75,-3.031088913246));
#8674 = CARTESIAN_POINT('',(-0.875,-1.515544456623));
#8675 = CARTESIAN_POINT('',(-3.5,-3.686263797016E-16));
#8676 = CARTESIAN_POINT('',(-0.875,1.515544456623));
#8677 = CARTESIAN_POINT('',(1.75,3.031088913246));
#8678 = CARTESIAN_POINT('',(1.75,6.E-17));
#8679 = ( GEOMETRIC_REPRESENTATION_CONTEXT(2) 
PARAMETRIC_REPRESENTATION_CONTEXT() REPRESENTATION_CONTEXT('2D SPACE',''
  ) );
#8680 = ORIENTED_EDGE('',*,*,#8681,.T.);
#8681 = EDGE_CURVE('',#8649,#8682,#8684,.T.);
#8682 = VERTEX_POINT('',#8683);
#8683 = CARTESIAN_POINT('',(1.75,0.,1.));
#8684 = SURFACE_CURVE('',#8685,(#8690,#8697),.PCURVE_S1.);
#8685 = CIRCLE('',#8686,1.75);
#8686 = AXIS2_PLACEMENT_3D('',#8687,#8688,#8689);
#8687 = CARTESIAN_POINT('',(0.,0.,1.));
#8688 = DIRECTION('',(0.,0.,1.));
#8689 = DIRECTION('',(-1.,0.,0.));
#8690 = PCURVE('',#7868,#8691);
#8691 = DEFINITIONAL_REPRESENTATION('',(#8692),#8696);
#8692 = LINE('',#8693,#8694);
#8693 = CARTESIAN_POINT('',(6.28318530718,0.));
#8694 = VECTOR('',#8695,1.);
#8695 = DIRECTION('',(-1.,0.));
#8696 = ( GEOMETRIC_REPRESENTATION_CONTEXT(2) 
PARAMETRIC_REPRESENTATION_CONTEXT() REPRESENTATION_CONTEXT('2D SPACE',''
  ) );
#8697 = PCURVE('',#8665,#8698);
#8698 = DEFINITIONAL_REPRESENTATION('',(#8699),#8703);
#8699 = CIRCLE('',#8700,1.75);
#8700 = AXIS2_PLACEMENT_2D('',#8701,#8702);
#8701 = CARTESIAN_POINT('',(2.E-17,6.E-17));
#8702 = DIRECTION('',(-1.,0.));
#8703 = ( GEOMETRIC_REPRESENTATION_CONTEXT(2) 
PARAMETRIC_REPRESENTATION_CONTEXT() REPRESENTATION_CONTEXT('2D SPACE',''
  ) );
#8704 = ORIENTED_EDGE('',*,*,#8705,.F.);
#8705 = EDGE_CURVE('',#8706,#8682,#8708,.T.);
#8706 = VERTEX_POINT('',#8707);
#8707 = CARTESIAN_POINT('',(0.,1.75,1.));
#8708 = SURFACE_CURVE('',#8709,(#8714,#8721),.PCURVE_S1.);
#8709 = CIRCLE('',#8710,1.75);
#8710 = AXIS2_PLACEMENT_3D('',#8711,#8712,#8713);
#8711 = CARTESIAN_POINT('',(0.,0.,1.));
#8712 = DIRECTION('',(0.,0.,-1.));
#8713 = DIRECTION('',(-1.,-0.,-0.));
#8714 = PCURVE('',#7868,#8715);
#8715 = DEFINITIONAL_REPRESENTATION('',(#8716),#8720);
#8716 = LINE('',#8717,#8718);
#8717 = CARTESIAN_POINT('',(0.,0.));
#8718 = VECTOR('',#8719,1.);
#8719 = DIRECTION('',(1.,0.));
#8720 = ( GEOMETRIC_REPRESENTATION_CONTEXT(2) 
PARAMETRIC_REPRESENTATION_CONTEXT() REPRESENTATION_CONTEXT('2D SPACE',''
  ) );
#8721 = PCURVE('',#8665,#8722);
#8722 = DEFINITIONAL_REPRESENTATION('',(#8723),#8731);
#8723 = ( BOUNDED_CURVE() B_SPLINE_CURVE(2,(#8724,#8725,#8726,#8727,
#8728,#8729,#8730),.UNSPECIFIED.,.T.,.F.) B_SPLINE_CURVE_WITH_KNOTS((1,2
    ,2,2,2,1),(-2.094395102393,0.,2.094395102393,4.188790204786,
6.28318530718,8.377580409573),.UNSPECIFIED.) CURVE() 
GEOMETRIC_REPRESENTATION_ITEM() RATIONAL_B_SPLINE_CURVE((1.,0.5,1.,0.5,
1.,0.5,1.)) REPRESENTATION_ITEM('') );
#8724 = CARTESIAN_POINT('',(-1.75,6.E-17));
#8725 = CARTESIAN_POINT('',(-1.75,3.031088913246));
#8726 = CARTESIAN_POINT('',(0.875,1.515544456623));
#8727 = CARTESIAN_POINT('',(3.5,4.886263797016E-16));
#8728 = CARTESIAN_POINT('',(0.875,-1.515544456623));
#8729 = CARTESIAN_POINT('',(-1.75,-3.031088913246));
#8730 = CARTESIAN_POINT('',(-1.75,6.E-17));
#8731 = ( GEOMETRIC_REPRESENTATION_CONTEXT(2) 
PARAMETRIC_REPRESENTATION_CONTEXT() REPRESENTATION_CONTEXT('2D SPACE',''
  ) );
#8732 = ORIENTED_EDGE('',*,*,#8733,.T.);
#8733 = EDGE_CURVE('',#8706,#8627,#8734,.T.);
#8734 = SURFACE_CURVE('',#8735,(#8740,#8747),.PCURVE_S1.);
#8735 = CIRCLE('',#8736,1.75);
#8736 = AXIS2_PLACEMENT_3D('',#8737,#8738,#8739);
#8737 = CARTESIAN_POINT('',(0.,0.,1.));
#8738 = DIRECTION('',(0.,0.,1.));
#8739 = DIRECTION('',(1.,0.,0.));
#8740 = PCURVE('',#7868,#8741);
#8741 = DEFINITIONAL_REPRESENTATION('',(#8742),#8746);
#8742 = LINE('',#8743,#8744);
#8743 = CARTESIAN_POINT('',(3.14159265359,0.));
#8744 = VECTOR('',#8745,1.);
#8745 = DIRECTION('',(-1.,0.));
#8746 = ( GEOMETRIC_REPRESENTATION_CONTEXT(2) 
PARAMETRIC_REPRESENTATION_CONTEXT() REPRESENTATION_CONTEXT('2D SPACE',''
  ) );
#8747 = PCURVE('',#8665,#8748);
#8748 = DEFINITIONAL_REPRESENTATION('',(#8749),#8753);
#8749 = CIRCLE('',#8750,1.75);
#8750 = AXIS2_PLACEMENT_2D('',#8751,#8752);
#8751 = CARTESIAN_POINT('',(2.E-17,6.E-17));
#8752 = DIRECTION('',(1.,0.));
#8753 = ( GEOMETRIC_REPRESENTATION_CONTEXT(2) 
PARAMETRIC_REPRESENTATION_CONTEXT() REPRESENTATION_CONTEXT('2D SPACE',''
  ) );
#8754 = ORIENTED_EDGE('',*,*,#8626,.F.);
#8755 = ORIENTED_EDGE('',*,*,#7936,.T.);
#8756 = ADVANCED_FACE('',(#8757),#7982,.T.);
#8757 = FACE_BOUND('',#8758,.T.);
#8758 = EDGE_LOOP('',(#8759,#8760,#8783,#8811));
#8759 = ORIENTED_EDGE('',*,*,#7964,.F.);
#8760 = ORIENTED_EDGE('',*,*,#8761,.T.);
#8761 = EDGE_CURVE('',#7965,#8762,#8764,.T.);
#8762 = VERTEX_POINT('',#8763);
#8763 = CARTESIAN_POINT('',(1.5,3.6,4.3));
#8764 = SURFACE_CURVE('',#8765,(#8769,#8776),.PCURVE_S1.);
#8765 = LINE('',#8766,#8767);
#8766 = CARTESIAN_POINT('',(1.5,3.6,14.473426866159));
#8767 = VECTOR('',#8768,1.);
#8768 = DIRECTION('',(0.,0.,-1.));
#8769 = PCURVE('',#7982,#8770);
#8770 = DEFINITIONAL_REPRESENTATION('',(#8771),#8775);
#8771 = LINE('',#8772,#8773);
#8772 = CARTESIAN_POINT('',(9.173426866159,1.5));
#8773 = VECTOR('',#8774,1.);
#8774 = DIRECTION('',(-1.,0.));
#8775 = ( GEOMETRIC_REPRESENTATION_CONTEXT(2) 
PARAMETRIC_REPRESENTATION_CONTEXT() REPRESENTATION_CONTEXT('2D SPACE',''
  ) );
#8776 = PCURVE('',#8064,#8777);
#8777 = DEFINITIONAL_REPRESENTATION('',(#8778),#8782);
#8778 = LINE('',#8779,#8780);
#8779 = CARTESIAN_POINT('',(-0.8,0.));
#8780 = VECTOR('',#8781,1.);
#8781 = DIRECTION('',(-0.,-1.));
#8782 = ( GEOMETRIC_REPRESENTATION_CONTEXT(2) 
PARAMETRIC_REPRESENTATION_CONTEXT() REPRESENTATION_CONTEXT('2D SPACE',''
  ) );
#8783 = ORIENTED_EDGE('',*,*,#8784,.F.);
#8784 = EDGE_CURVE('',#8785,#8762,#8787,.T.);
#8785 = VERTEX_POINT('',#8786);
#8786 = CARTESIAN_POINT('',(-1.5,3.6,4.3));
#8787 = SURFACE_CURVE('',#8788,(#8792,#8799),.PCURVE_S1.);
#8788 = LINE('',#8789,#8790);
#8789 = CARTESIAN_POINT('',(-1.881353335343,3.6,4.3));
#8790 = VECTOR('',#8791,1.);
#8791 = DIRECTION('',(1.,0.,0.));
#8792 = PCURVE('',#7982,#8793);
#8793 = DEFINITIONAL_REPRESENTATION('',(#8794),#8798);
#8794 = LINE('',#8795,#8796);
#8795 = CARTESIAN_POINT('',(-1.,-1.881353335343));
#8796 = VECTOR('',#8797,1.);
#8797 = DIRECTION('',(0.,1.));
#8798 = ( GEOMETRIC_REPRESENTATION_CONTEXT(2) 
PARAMETRIC_REPRESENTATION_CONTEXT() REPRESENTATION_CONTEXT('2D SPACE',''
  ) );
#8799 = PCURVE('',#8800,#8805);
#8800 = PLANE('',#8801);
#8801 = AXIS2_PLACEMENT_3D('',#8802,#8803,#8804);
#8802 = CARTESIAN_POINT('',(1.3E-16,0.,4.3));
#8803 = DIRECTION('',(-0.,-0.,-1.));
#8804 = DIRECTION('',(-1.,0.,0.));
#8805 = DEFINITIONAL_REPRESENTATION('',(#8806),#8810);
#8806 = LINE('',#8807,#8808);
#8807 = CARTESIAN_POINT('',(1.881353335343,3.6));
#8808 = VECTOR('',#8809,1.);
#8809 = DIRECTION('',(-1.,0.));
#8810 = ( GEOMETRIC_REPRESENTATION_CONTEXT(2) 
PARAMETRIC_REPRESENTATION_CONTEXT() REPRESENTATION_CONTEXT('2D SPACE',''
  ) );
#8811 = ORIENTED_EDGE('',*,*,#8812,.F.);
#8812 = EDGE_CURVE('',#7967,#8785,#8813,.T.);
#8813 = SURFACE_CURVE('',#8814,(#8818,#8825),.PCURVE_S1.);
#8814 = LINE('',#8815,#8816);
#8815 = CARTESIAN_POINT('',(-1.5,3.6,14.473426866159));
#8816 = VECTOR('',#8817,1.);
#8817 = DIRECTION('',(-0.,-0.,-1.));
#8818 = PCURVE('',#7982,#8819);
#8819 = DEFINITIONAL_REPRESENTATION('',(#8820),#8824);
#8820 = LINE('',#8821,#8822);
#8821 = CARTESIAN_POINT('',(9.173426866159,-1.5));
#8822 = VECTOR('',#8823,1.);
#8823 = DIRECTION('',(-1.,0.));
#8824 = ( GEOMETRIC_REPRESENTATION_CONTEXT(2) 
PARAMETRIC_REPRESENTATION_CONTEXT() REPRESENTATION_CONTEXT('2D SPACE',''
  ) );
#8825 = PCURVE('',#8010,#8826);
#8826 = DEFINITIONAL_REPRESENTATION('',(#8827),#8831);
#8827 = LINE('',#8828,#8829);
#8828 = CARTESIAN_POINT('',(0.8,0.));
#8829 = VECTOR('',#8830,1.);
#8830 = DIRECTION('',(0.,-1.));
#8831 = ( GEOMETRIC_REPRESENTATION_CONTEXT(2) 
PARAMETRIC_REPRESENTATION_CONTEXT() REPRESENTATION_CONTEXT('2D SPACE',''
  ) );
#8832 = ADVANCED_FACE('',(#8833),#8847,.T.);
#8833 = FACE_BOUND('',#8834,.T.);
#8834 = EDGE_LOOP('',(#8835,#8870,#8893,#8921));
#8835 = ORIENTED_EDGE('',*,*,#8836,.F.);
#8836 = EDGE_CURVE('',#8837,#8839,#8841,.T.);
#8837 = VERTEX_POINT('',#8838);
#8838 = CARTESIAN_POINT('',(3.,-4.8,0.));
#8839 = VERTEX_POINT('',#8840);
#8840 = CARTESIAN_POINT('',(3.,-4.8,4.3));
#8841 = SURFACE_CURVE('',#8842,(#8846,#8858),.PCURVE_S1.);
#8842 = LINE('',#8843,#8844);
#8843 = CARTESIAN_POINT('',(3.,-4.8,1.075));
#8844 = VECTOR('',#8845,1.);
#8845 = DIRECTION('',(0.,0.,1.));
#8846 = PCURVE('',#8847,#8852);
#8847 = PLANE('',#8848);
#8848 = AXIS2_PLACEMENT_3D('',#8849,#8850,#8851);
#8849 = CARTESIAN_POINT('',(0.,-4.8,2.15));
#8850 = DIRECTION('',(0.,1.,0.));
#8851 = DIRECTION('',(0.,0.,1.));
#8852 = DEFINITIONAL_REPRESENTATION('',(#8853),#8857);
#8853 = LINE('',#8854,#8855);
#8854 = CARTESIAN_POINT('',(-1.075,3.));
#8855 = VECTOR('',#8856,1.);
#8856 = DIRECTION('',(1.,0.));
#8857 = ( GEOMETRIC_REPRESENTATION_CONTEXT(2) 
PARAMETRIC_REPRESENTATION_CONTEXT() REPRESENTATION_CONTEXT('2D SPACE',''
  ) );
#8858 = PCURVE('',#8859,#8864);
#8859 = PLANE('',#8860);
#8860 = AXIS2_PLACEMENT_3D('',#8861,#8862,#8863);
#8861 = CARTESIAN_POINT('',(3.,-5.5,0.));
#8862 = DIRECTION('',(1.,0.,0.));
#8863 = DIRECTION('',(-0.,-1.,-0.));
#8864 = DEFINITIONAL_REPRESENTATION('',(#8865),#8869);
#8865 = LINE('',#8866,#8867);
#8866 = CARTESIAN_POINT('',(-0.7,-1.075));
#8867 = VECTOR('',#8868,1.);
#8868 = DIRECTION('',(-0.,-1.));
#8869 = ( GEOMETRIC_REPRESENTATION_CONTEXT(2) 
PARAMETRIC_REPRESENTATION_CONTEXT() REPRESENTATION_CONTEXT('2D SPACE',''
  ) );
#8870 = ORIENTED_EDGE('',*,*,#8871,.F.);
#8871 = EDGE_CURVE('',#8872,#8837,#8874,.T.);
#8872 = VERTEX_POINT('',#8873);
#8873 = CARTESIAN_POINT('',(-3.9,-4.8,0.));
#8874 = SURFACE_CURVE('',#8875,(#8879,#8886),.PCURVE_S1.);
#8875 = LINE('',#8876,#8877);
#8876 = CARTESIAN_POINT('',(-3.9,-4.8,0.));
#8877 = VECTOR('',#8878,1.);
#8878 = DIRECTION('',(1.,0.,0.));
#8879 = PCURVE('',#8847,#8880);
#8880 = DEFINITIONAL_REPRESENTATION('',(#8881),#8885);
#8881 = LINE('',#8882,#8883);
#8882 = CARTESIAN_POINT('',(-2.15,-3.9));
#8883 = VECTOR('',#8884,1.);
#8884 = DIRECTION('',(0.,1.));
#8885 = ( GEOMETRIC_REPRESENTATION_CONTEXT(2) 
PARAMETRIC_REPRESENTATION_CONTEXT() REPRESENTATION_CONTEXT('2D SPACE',''
  ) );
#8886 = PCURVE('',#5288,#8887);
#8887 = DEFINITIONAL_REPRESENTATION('',(#8888),#8892);
#8888 = LINE('',#8889,#8890);
#8889 = CARTESIAN_POINT('',(3.753486695386,-4.8));
#8890 = VECTOR('',#8891,1.);
#8891 = DIRECTION('',(-1.,-1.154347555676E-42));
#8892 = ( GEOMETRIC_REPRESENTATION_CONTEXT(2) 
PARAMETRIC_REPRESENTATION_CONTEXT() REPRESENTATION_CONTEXT('2D SPACE',''
  ) );
#8893 = ORIENTED_EDGE('',*,*,#8894,.T.);
#8894 = EDGE_CURVE('',#8872,#8895,#8897,.T.);
#8895 = VERTEX_POINT('',#8896);
#8896 = CARTESIAN_POINT('',(-3.9,-4.8,4.3));
#8897 = SURFACE_CURVE('',#8898,(#8902,#8909),.PCURVE_S1.);
#8898 = LINE('',#8899,#8900);
#8899 = CARTESIAN_POINT('',(-3.9,-4.8,0.));
#8900 = VECTOR('',#8901,1.);
#8901 = DIRECTION('',(0.,0.,1.));
#8902 = PCURVE('',#8847,#8903);
#8903 = DEFINITIONAL_REPRESENTATION('',(#8904),#8908);
#8904 = LINE('',#8905,#8906);
#8905 = CARTESIAN_POINT('',(-2.15,-3.9));
#8906 = VECTOR('',#8907,1.);
#8907 = DIRECTION('',(1.,0.));
#8908 = ( GEOMETRIC_REPRESENTATION_CONTEXT(2) 
PARAMETRIC_REPRESENTATION_CONTEXT() REPRESENTATION_CONTEXT('2D SPACE',''
  ) );
#8909 = PCURVE('',#8910,#8915);
#8910 = PLANE('',#8911);
#8911 = AXIS2_PLACEMENT_3D('',#8912,#8913,#8914);
#8912 = CARTESIAN_POINT('',(-3.9,0.,2.15));
#8913 = DIRECTION('',(1.,0.,0.));
#8914 = DIRECTION('',(0.,0.,1.));
#8915 = DEFINITIONAL_REPRESENTATION('',(#8916),#8920);
#8916 = LINE('',#8917,#8918);
#8917 = CARTESIAN_POINT('',(-2.15,4.8));
#8918 = VECTOR('',#8919,1.);
#8919 = DIRECTION('',(1.,0.));
#8920 = ( GEOMETRIC_REPRESENTATION_CONTEXT(2) 
PARAMETRIC_REPRESENTATION_CONTEXT() REPRESENTATION_CONTEXT('2D SPACE',''
  ) );
#8921 = ORIENTED_EDGE('',*,*,#8922,.F.);
#8922 = EDGE_CURVE('',#8839,#8895,#8923,.T.);
#8923 = SURFACE_CURVE('',#8924,(#8928,#8935),.PCURVE_S1.);
#8924 = LINE('',#8925,#8926);
#8925 = CARTESIAN_POINT('',(3.9,-4.8,4.3));
#8926 = VECTOR('',#8927,1.);
#8927 = DIRECTION('',(-1.,0.,0.));
#8928 = PCURVE('',#8847,#8929);
#8929 = DEFINITIONAL_REPRESENTATION('',(#8930),#8934);
#8930 = LINE('',#8931,#8932);
#8931 = CARTESIAN_POINT('',(2.15,3.9));
#8932 = VECTOR('',#8933,1.);
#8933 = DIRECTION('',(0.,-1.));
#8934 = ( GEOMETRIC_REPRESENTATION_CONTEXT(2) 
PARAMETRIC_REPRESENTATION_CONTEXT() REPRESENTATION_CONTEXT('2D SPACE',''
  ) );
#8935 = PCURVE('',#8800,#8936);
#8936 = DEFINITIONAL_REPRESENTATION('',(#8937),#8941);
#8937 = LINE('',#8938,#8939);
#8938 = CARTESIAN_POINT('',(-3.9,-4.8));
#8939 = VECTOR('',#8940,1.);
#8940 = DIRECTION('',(1.,0.));
#8941 = ( GEOMETRIC_REPRESENTATION_CONTEXT(2) 
PARAMETRIC_REPRESENTATION_CONTEXT() REPRESENTATION_CONTEXT('2D SPACE',''
  ) );
#8942 = ADVANCED_FACE('',(#8943),#8910,.T.);
#8943 = FACE_BOUND('',#8944,.T.);
#8944 = EDGE_LOOP('',(#8945,#8975,#8996,#8997));
#8945 = ORIENTED_EDGE('',*,*,#8946,.T.);
#8946 = EDGE_CURVE('',#8947,#8949,#8951,.T.);
#8947 = VERTEX_POINT('',#8948);
#8948 = CARTESIAN_POINT('',(-3.9,4.8,0.));
#8949 = VERTEX_POINT('',#8950);
#8950 = CARTESIAN_POINT('',(-3.9,4.8,4.3));
#8951 = SURFACE_CURVE('',#8952,(#8956,#8963),.PCURVE_S1.);
#8952 = LINE('',#8953,#8954);
#8953 = CARTESIAN_POINT('',(-3.9,4.8,0.));
#8954 = VECTOR('',#8955,1.);
#8955 = DIRECTION('',(0.,0.,1.));
#8956 = PCURVE('',#8910,#8957);
#8957 = DEFINITIONAL_REPRESENTATION('',(#8958),#8962);
#8958 = LINE('',#8959,#8960);
#8959 = CARTESIAN_POINT('',(-2.15,-4.8));
#8960 = VECTOR('',#8961,1.);
#8961 = DIRECTION('',(1.,0.));
#8962 = ( GEOMETRIC_REPRESENTATION_CONTEXT(2) 
PARAMETRIC_REPRESENTATION_CONTEXT() REPRESENTATION_CONTEXT('2D SPACE',''
  ) );
#8963 = PCURVE('',#8964,#8969);
#8964 = PLANE('',#8965);
#8965 = AXIS2_PLACEMENT_3D('',#8966,#8967,#8968);
#8966 = CARTESIAN_POINT('',(1.E-17,4.8,2.15));
#8967 = DIRECTION('',(-0.,-1.,-0.));
#8968 = DIRECTION('',(0.,0.,-1.));
#8969 = DEFINITIONAL_REPRESENTATION('',(#8970),#8974);
#8970 = LINE('',#8971,#8972);
#8971 = CARTESIAN_POINT('',(2.15,-3.9));
#8972 = VECTOR('',#8973,1.);
#8973 = DIRECTION('',(-1.,0.));
#8974 = ( GEOMETRIC_REPRESENTATION_CONTEXT(2) 
PARAMETRIC_REPRESENTATION_CONTEXT() REPRESENTATION_CONTEXT('2D SPACE',''
  ) );
#8975 = ORIENTED_EDGE('',*,*,#8976,.T.);
#8976 = EDGE_CURVE('',#8949,#8895,#8977,.T.);
#8977 = SURFACE_CURVE('',#8978,(#8982,#8989),.PCURVE_S1.);
#8978 = LINE('',#8979,#8980);
#8979 = CARTESIAN_POINT('',(-3.9,0.,4.3));
#8980 = VECTOR('',#8981,1.);
#8981 = DIRECTION('',(-0.,-1.,-0.));
#8982 = PCURVE('',#8910,#8983);
#8983 = DEFINITIONAL_REPRESENTATION('',(#8984),#8988);
#8984 = LINE('',#8985,#8986);
#8985 = CARTESIAN_POINT('',(2.15,0.));
#8986 = VECTOR('',#8987,1.);
#8987 = DIRECTION('',(0.,1.));
#8988 = ( GEOMETRIC_REPRESENTATION_CONTEXT(2) 
PARAMETRIC_REPRESENTATION_CONTEXT() REPRESENTATION_CONTEXT('2D SPACE',''
  ) );
#8989 = PCURVE('',#8800,#8990);
#8990 = DEFINITIONAL_REPRESENTATION('',(#8991),#8995);
#8991 = LINE('',#8992,#8993);
#8992 = CARTESIAN_POINT('',(3.9,0.));
#8993 = VECTOR('',#8994,1.);
#8994 = DIRECTION('',(0.,-1.));
#8995 = ( GEOMETRIC_REPRESENTATION_CONTEXT(2) 
PARAMETRIC_REPRESENTATION_CONTEXT() REPRESENTATION_CONTEXT('2D SPACE',''
  ) );
#8996 = ORIENTED_EDGE('',*,*,#8894,.F.);
#8997 = ORIENTED_EDGE('',*,*,#8998,.T.);
#8998 = EDGE_CURVE('',#8872,#8947,#8999,.T.);
#8999 = SURFACE_CURVE('',#9000,(#9004,#9011),.PCURVE_S1.);
#9000 = LINE('',#9001,#9002);
#9001 = CARTESIAN_POINT('',(-3.9,0.,0.));
#9002 = VECTOR('',#9003,1.);
#9003 = DIRECTION('',(0.,1.,0.));
#9004 = PCURVE('',#8910,#9005);
#9005 = DEFINITIONAL_REPRESENTATION('',(#9006),#9010);
#9006 = LINE('',#9007,#9008);
#9007 = CARTESIAN_POINT('',(-2.15,0.));
#9008 = VECTOR('',#9009,1.);
#9009 = DIRECTION('',(0.,-1.));
#9010 = ( GEOMETRIC_REPRESENTATION_CONTEXT(2) 
PARAMETRIC_REPRESENTATION_CONTEXT() REPRESENTATION_CONTEXT('2D SPACE',''
  ) );
#9011 = PCURVE('',#5288,#9012);
#9012 = DEFINITIONAL_REPRESENTATION('',(#9013),#9017);
#9013 = LINE('',#9014,#9015);
#9014 = CARTESIAN_POINT('',(3.753486695386,-1.401133423579E-16));
#9015 = VECTOR('',#9016,1.);
#9016 = DIRECTION('',(0.,1.));
#9017 = ( GEOMETRIC_REPRESENTATION_CONTEXT(2) 
PARAMETRIC_REPRESENTATION_CONTEXT() REPRESENTATION_CONTEXT('2D SPACE',''
  ) );
#9018 = ADVANCED_FACE('',(#9019),#8964,.T.);
#9019 = FACE_BOUND('',#9020,.T.);
#9020 = EDGE_LOOP('',(#9021,#9044,#9072,#9093));
#9021 = ORIENTED_EDGE('',*,*,#9022,.F.);
#9022 = EDGE_CURVE('',#9023,#8947,#9025,.T.);
#9023 = VERTEX_POINT('',#9024);
#9024 = CARTESIAN_POINT('',(3.,4.8,0.));
#9025 = SURFACE_CURVE('',#9026,(#9030,#9037),.PCURVE_S1.);
#9026 = LINE('',#9027,#9028);
#9027 = CARTESIAN_POINT('',(3.9,4.8,0.));
#9028 = VECTOR('',#9029,1.);
#9029 = DIRECTION('',(-1.,-0.,-0.));
#9030 = PCURVE('',#8964,#9031);
#9031 = DEFINITIONAL_REPRESENTATION('',(#9032),#9036);
#9032 = LINE('',#9033,#9034);
#9033 = CARTESIAN_POINT('',(2.15,3.9));
#9034 = VECTOR('',#9035,1.);
#9035 = DIRECTION('',(0.,-1.));
#9036 = ( GEOMETRIC_REPRESENTATION_CONTEXT(2) 
PARAMETRIC_REPRESENTATION_CONTEXT() REPRESENTATION_CONTEXT('2D SPACE',''
  ) );
#9037 = PCURVE('',#5288,#9038);
#9038 = DEFINITIONAL_REPRESENTATION('',(#9039),#9043);
#9039 = LINE('',#9040,#9041);
#9040 = CARTESIAN_POINT('',(-4.046513304614,4.8));
#9041 = VECTOR('',#9042,1.);
#9042 = DIRECTION('',(1.,1.154347555676E-42));
#9043 = ( GEOMETRIC_REPRESENTATION_CONTEXT(2) 
PARAMETRIC_REPRESENTATION_CONTEXT() REPRESENTATION_CONTEXT('2D SPACE',''
  ) );
#9044 = ORIENTED_EDGE('',*,*,#9045,.T.);
#9045 = EDGE_CURVE('',#9023,#9046,#9048,.T.);
#9046 = VERTEX_POINT('',#9047);
#9047 = CARTESIAN_POINT('',(3.,4.8,4.3));
#9048 = SURFACE_CURVE('',#9049,(#9053,#9060),.PCURVE_S1.);
#9049 = LINE('',#9050,#9051);
#9050 = CARTESIAN_POINT('',(3.,4.8,1.075));
#9051 = VECTOR('',#9052,1.);
#9052 = DIRECTION('',(0.,0.,1.));
#9053 = PCURVE('',#8964,#9054);
#9054 = DEFINITIONAL_REPRESENTATION('',(#9055),#9059);
#9055 = LINE('',#9056,#9057);
#9056 = CARTESIAN_POINT('',(1.075,3.));
#9057 = VECTOR('',#9058,1.);
#9058 = DIRECTION('',(-1.,0.));
#9059 = ( GEOMETRIC_REPRESENTATION_CONTEXT(2) 
PARAMETRIC_REPRESENTATION_CONTEXT() REPRESENTATION_CONTEXT('2D SPACE',''
  ) );
#9060 = PCURVE('',#9061,#9066);
#9061 = PLANE('',#9062);
#9062 = AXIS2_PLACEMENT_3D('',#9063,#9064,#9065);
#9063 = CARTESIAN_POINT('',(3.,5.5,0.));
#9064 = DIRECTION('',(1.,0.,0.));
#9065 = DIRECTION('',(0.,-1.,0.));
#9066 = DEFINITIONAL_REPRESENTATION('',(#9067),#9071);
#9067 = LINE('',#9068,#9069);
#9068 = CARTESIAN_POINT('',(0.7,-1.075));
#9069 = VECTOR('',#9070,1.);
#9070 = DIRECTION('',(0.,-1.));
#9071 = ( GEOMETRIC_REPRESENTATION_CONTEXT(2) 
PARAMETRIC_REPRESENTATION_CONTEXT() REPRESENTATION_CONTEXT('2D SPACE',''
  ) );
#9072 = ORIENTED_EDGE('',*,*,#9073,.T.);
#9073 = EDGE_CURVE('',#9046,#8949,#9074,.T.);
#9074 = SURFACE_CURVE('',#9075,(#9079,#9086),.PCURVE_S1.);
#9075 = LINE('',#9076,#9077);
#9076 = CARTESIAN_POINT('',(3.9,4.8,4.3));
#9077 = VECTOR('',#9078,1.);
#9078 = DIRECTION('',(-1.,-0.,-0.));
#9079 = PCURVE('',#8964,#9080);
#9080 = DEFINITIONAL_REPRESENTATION('',(#9081),#9085);
#9081 = LINE('',#9082,#9083);
#9082 = CARTESIAN_POINT('',(-2.15,3.9));
#9083 = VECTOR('',#9084,1.);
#9084 = DIRECTION('',(0.,-1.));
#9085 = ( GEOMETRIC_REPRESENTATION_CONTEXT(2) 
PARAMETRIC_REPRESENTATION_CONTEXT() REPRESENTATION_CONTEXT('2D SPACE',''
  ) );
#9086 = PCURVE('',#8800,#9087);
#9087 = DEFINITIONAL_REPRESENTATION('',(#9088),#9092);
#9088 = LINE('',#9089,#9090);
#9089 = CARTESIAN_POINT('',(-3.9,4.8));
#9090 = VECTOR('',#9091,1.);
#9091 = DIRECTION('',(1.,0.));
#9092 = ( GEOMETRIC_REPRESENTATION_CONTEXT(2) 
PARAMETRIC_REPRESENTATION_CONTEXT() REPRESENTATION_CONTEXT('2D SPACE',''
  ) );
#9093 = ORIENTED_EDGE('',*,*,#8946,.F.);
#9094 = ADVANCED_FACE('',(#9095),#9061,.F.);
#9095 = FACE_BOUND('',#9096,.F.);
#9096 = EDGE_LOOP('',(#9097,#9120,#9121,#9144));
#9097 = ORIENTED_EDGE('',*,*,#9098,.F.);
#9098 = EDGE_CURVE('',#9023,#9099,#9101,.T.);
#9099 = VERTEX_POINT('',#9100);
#9100 = CARTESIAN_POINT('',(3.,3.,0.));
#9101 = SURFACE_CURVE('',#9102,(#9106,#9113),.PCURVE_S1.);
#9102 = LINE('',#9103,#9104);
#9103 = CARTESIAN_POINT('',(3.,5.5,0.));
#9104 = VECTOR('',#9105,1.);
#9105 = DIRECTION('',(0.,-1.,0.));
#9106 = PCURVE('',#9061,#9107);
#9107 = DEFINITIONAL_REPRESENTATION('',(#9108),#9112);
#9108 = LINE('',#9109,#9110);
#9109 = CARTESIAN_POINT('',(0.,0.));
#9110 = VECTOR('',#9111,1.);
#9111 = DIRECTION('',(1.,0.));
#9112 = ( GEOMETRIC_REPRESENTATION_CONTEXT(2) 
PARAMETRIC_REPRESENTATION_CONTEXT() REPRESENTATION_CONTEXT('2D SPACE',''
  ) );
#9113 = PCURVE('',#5288,#9114);
#9114 = DEFINITIONAL_REPRESENTATION('',(#9115),#9119);
#9115 = LINE('',#9116,#9117);
#9116 = CARTESIAN_POINT('',(-3.146513304614,5.5));
#9117 = VECTOR('',#9118,1.);
#9118 = DIRECTION('',(0.,-1.));
#9119 = ( GEOMETRIC_REPRESENTATION_CONTEXT(2) 
PARAMETRIC_REPRESENTATION_CONTEXT() REPRESENTATION_CONTEXT('2D SPACE',''
  ) );
#9120 = ORIENTED_EDGE('',*,*,#9045,.T.);
#9121 = ORIENTED_EDGE('',*,*,#9122,.T.);
#9122 = EDGE_CURVE('',#9046,#9123,#9125,.T.);
#9123 = VERTEX_POINT('',#9124);
#9124 = CARTESIAN_POINT('',(3.,3.,4.3));
#9125 = SURFACE_CURVE('',#9126,(#9130,#9137),.PCURVE_S1.);
#9126 = LINE('',#9127,#9128);
#9127 = CARTESIAN_POINT('',(3.,2.75,4.3));
#9128 = VECTOR('',#9129,1.);
#9129 = DIRECTION('',(0.,-1.,0.));
#9130 = PCURVE('',#9061,#9131);
#9131 = DEFINITIONAL_REPRESENTATION('',(#9132),#9136);
#9132 = LINE('',#9133,#9134);
#9133 = CARTESIAN_POINT('',(2.75,-4.3));
#9134 = VECTOR('',#9135,1.);
#9135 = DIRECTION('',(1.,0.));
#9136 = ( GEOMETRIC_REPRESENTATION_CONTEXT(2) 
PARAMETRIC_REPRESENTATION_CONTEXT() REPRESENTATION_CONTEXT('2D SPACE',''
  ) );
#9137 = PCURVE('',#8800,#9138);
#9138 = DEFINITIONAL_REPRESENTATION('',(#9139),#9143);
#9139 = LINE('',#9140,#9141);
#9140 = CARTESIAN_POINT('',(-3.,2.75));
#9141 = VECTOR('',#9142,1.);
#9142 = DIRECTION('',(0.,-1.));
#9143 = ( GEOMETRIC_REPRESENTATION_CONTEXT(2) 
PARAMETRIC_REPRESENTATION_CONTEXT() REPRESENTATION_CONTEXT('2D SPACE',''
  ) );
#9144 = ORIENTED_EDGE('',*,*,#9145,.F.);
#9145 = EDGE_CURVE('',#9099,#9123,#9146,.T.);
#9146 = SURFACE_CURVE('',#9147,(#9151,#9158),.PCURVE_S1.);
#9147 = LINE('',#9148,#9149);
#9148 = CARTESIAN_POINT('',(3.,3.,0.));
#9149 = VECTOR('',#9150,1.);
#9150 = DIRECTION('',(0.,0.,1.));
#9151 = PCURVE('',#9061,#9152);
#9152 = DEFINITIONAL_REPRESENTATION('',(#9153),#9157);
#9153 = LINE('',#9154,#9155);
#9154 = CARTESIAN_POINT('',(2.5,0.));
#9155 = VECTOR('',#9156,1.);
#9156 = DIRECTION('',(0.,-1.));
#9157 = ( GEOMETRIC_REPRESENTATION_CONTEXT(2) 
PARAMETRIC_REPRESENTATION_CONTEXT() REPRESENTATION_CONTEXT('2D SPACE',''
  ) );
#9158 = PCURVE('',#9159,#9164);
#9159 = PLANE('',#9160);
#9160 = AXIS2_PLACEMENT_3D('',#9161,#9162,#9163);
#9161 = CARTESIAN_POINT('',(3.,3.,0.));
#9162 = DIRECTION('',(0.,1.,0.));
#9163 = DIRECTION('',(1.,0.,0.));
#9164 = DEFINITIONAL_REPRESENTATION('',(#9165),#9169);
#9165 = LINE('',#9166,#9167);
#9166 = CARTESIAN_POINT('',(0.,0.));
#9167 = VECTOR('',#9168,1.);
#9168 = DIRECTION('',(0.,-1.));
#9169 = ( GEOMETRIC_REPRESENTATION_CONTEXT(2) 
PARAMETRIC_REPRESENTATION_CONTEXT() REPRESENTATION_CONTEXT('2D SPACE',''
  ) );
#9170 = ADVANCED_FACE('',(#9171),#9159,.F.);
#9171 = FACE_BOUND('',#9172,.F.);
#9172 = EDGE_LOOP('',(#9173,#9196,#9197,#9220));
#9173 = ORIENTED_EDGE('',*,*,#9174,.F.);
#9174 = EDGE_CURVE('',#9099,#9175,#9177,.T.);
#9175 = VERTEX_POINT('',#9176);
#9176 = CARTESIAN_POINT('',(3.9,3.,0.));
#9177 = SURFACE_CURVE('',#9178,(#9182,#9189),.PCURVE_S1.);
#9178 = LINE('',#9179,#9180);
#9179 = CARTESIAN_POINT('',(3.,3.,0.));
#9180 = VECTOR('',#9181,1.);
#9181 = DIRECTION('',(1.,0.,0.));
#9182 = PCURVE('',#9159,#9183);
#9183 = DEFINITIONAL_REPRESENTATION('',(#9184),#9188);
#9184 = LINE('',#9185,#9186);
#9185 = CARTESIAN_POINT('',(0.,0.));
#9186 = VECTOR('',#9187,1.);
#9187 = DIRECTION('',(1.,0.));
#9188 = ( GEOMETRIC_REPRESENTATION_CONTEXT(2) 
PARAMETRIC_REPRESENTATION_CONTEXT() REPRESENTATION_CONTEXT('2D SPACE',''
  ) );
#9189 = PCURVE('',#5288,#9190);
#9190 = DEFINITIONAL_REPRESENTATION('',(#9191),#9195);
#9191 = LINE('',#9192,#9193);
#9192 = CARTESIAN_POINT('',(-3.146513304614,3.));
#9193 = VECTOR('',#9194,1.);
#9194 = DIRECTION('',(-1.,-1.154347555676E-42));
#9195 = ( GEOMETRIC_REPRESENTATION_CONTEXT(2) 
PARAMETRIC_REPRESENTATION_CONTEXT() REPRESENTATION_CONTEXT('2D SPACE',''
  ) );
#9196 = ORIENTED_EDGE('',*,*,#9145,.T.);
#9197 = ORIENTED_EDGE('',*,*,#9198,.T.);
#9198 = EDGE_CURVE('',#9123,#9199,#9201,.T.);
#9199 = VERTEX_POINT('',#9200);
#9200 = CARTESIAN_POINT('',(3.9,3.,4.3));
#9201 = SURFACE_CURVE('',#9202,(#9206,#9213),.PCURVE_S1.);
#9202 = LINE('',#9203,#9204);
#9203 = CARTESIAN_POINT('',(1.5,3.,4.3));
#9204 = VECTOR('',#9205,1.);
#9205 = DIRECTION('',(1.,0.,0.));
#9206 = PCURVE('',#9159,#9207);
#9207 = DEFINITIONAL_REPRESENTATION('',(#9208),#9212);
#9208 = LINE('',#9209,#9210);
#9209 = CARTESIAN_POINT('',(-1.5,-4.3));
#9210 = VECTOR('',#9211,1.);
#9211 = DIRECTION('',(1.,0.));
#9212 = ( GEOMETRIC_REPRESENTATION_CONTEXT(2) 
PARAMETRIC_REPRESENTATION_CONTEXT() REPRESENTATION_CONTEXT('2D SPACE',''
  ) );
#9213 = PCURVE('',#8800,#9214);
#9214 = DEFINITIONAL_REPRESENTATION('',(#9215),#9219);
#9215 = LINE('',#9216,#9217);
#9216 = CARTESIAN_POINT('',(-1.5,3.));
#9217 = VECTOR('',#9218,1.);
#9218 = DIRECTION('',(-1.,0.));
#9219 = ( GEOMETRIC_REPRESENTATION_CONTEXT(2) 
PARAMETRIC_REPRESENTATION_CONTEXT() REPRESENTATION_CONTEXT('2D SPACE',''
  ) );
#9220 = ORIENTED_EDGE('',*,*,#9221,.T.);
#9221 = EDGE_CURVE('',#9199,#9175,#9222,.T.);
#9222 = SURFACE_CURVE('',#9223,(#9227,#9234),.PCURVE_S1.);
#9223 = LINE('',#9224,#9225);
#9224 = CARTESIAN_POINT('',(3.9,3.,1.075));
#9225 = VECTOR('',#9226,1.);
#9226 = DIRECTION('',(0.,0.,-1.));
#9227 = PCURVE('',#9159,#9228);
#9228 = DEFINITIONAL_REPRESENTATION('',(#9229),#9233);
#9229 = LINE('',#9230,#9231);
#9230 = CARTESIAN_POINT('',(0.9,-1.075));
#9231 = VECTOR('',#9232,1.);
#9232 = DIRECTION('',(0.,1.));
#9233 = ( GEOMETRIC_REPRESENTATION_CONTEXT(2) 
PARAMETRIC_REPRESENTATION_CONTEXT() REPRESENTATION_CONTEXT('2D SPACE',''
  ) );
#9234 = PCURVE('',#9235,#9240);
#9235 = PLANE('',#9236);
#9236 = AXIS2_PLACEMENT_3D('',#9237,#9238,#9239);
#9237 = CARTESIAN_POINT('',(3.9,0.,2.15));
#9238 = DIRECTION('',(-1.,0.,0.));
#9239 = DIRECTION('',(0.,0.,-1.));
#9240 = DEFINITIONAL_REPRESENTATION('',(#9241),#9245);
#9241 = LINE('',#9242,#9243);
#9242 = CARTESIAN_POINT('',(1.075,-3.));
#9243 = VECTOR('',#9244,1.);
#9244 = DIRECTION('',(1.,0.));
#9245 = ( GEOMETRIC_REPRESENTATION_CONTEXT(2) 
PARAMETRIC_REPRESENTATION_CONTEXT() REPRESENTATION_CONTEXT('2D SPACE',''
  ) );
#9246 = ADVANCED_FACE('',(#9247),#9235,.T.);
#9247 = FACE_BOUND('',#9248,.T.);
#9248 = EDGE_LOOP('',(#9249,#9272,#9273,#9296));
#9249 = ORIENTED_EDGE('',*,*,#9250,.F.);
#9250 = EDGE_CURVE('',#9199,#9251,#9253,.T.);
#9251 = VERTEX_POINT('',#9252);
#9252 = CARTESIAN_POINT('',(3.9,-3.,4.3));
#9253 = SURFACE_CURVE('',#9254,(#9258,#9265),.PCURVE_S1.);
#9254 = LINE('',#9255,#9256);
#9255 = CARTESIAN_POINT('',(3.9,0.,4.3));
#9256 = VECTOR('',#9257,1.);
#9257 = DIRECTION('',(0.,-1.,0.));
#9258 = PCURVE('',#9235,#9259);
#9259 = DEFINITIONAL_REPRESENTATION('',(#9260),#9264);
#9260 = LINE('',#9261,#9262);
#9261 = CARTESIAN_POINT('',(-2.15,-0.));
#9262 = VECTOR('',#9263,1.);
#9263 = DIRECTION('',(0.,1.));
#9264 = ( GEOMETRIC_REPRESENTATION_CONTEXT(2) 
PARAMETRIC_REPRESENTATION_CONTEXT() REPRESENTATION_CONTEXT('2D SPACE',''
  ) );
#9265 = PCURVE('',#8800,#9266);
#9266 = DEFINITIONAL_REPRESENTATION('',(#9267),#9271);
#9267 = LINE('',#9268,#9269);
#9268 = CARTESIAN_POINT('',(-3.9,0.));
#9269 = VECTOR('',#9270,1.);
#9270 = DIRECTION('',(0.,-1.));
#9271 = ( GEOMETRIC_REPRESENTATION_CONTEXT(2) 
PARAMETRIC_REPRESENTATION_CONTEXT() REPRESENTATION_CONTEXT('2D SPACE',''
  ) );
#9272 = ORIENTED_EDGE('',*,*,#9221,.T.);
#9273 = ORIENTED_EDGE('',*,*,#9274,.T.);
#9274 = EDGE_CURVE('',#9175,#9275,#9277,.T.);
#9275 = VERTEX_POINT('',#9276);
#9276 = CARTESIAN_POINT('',(3.9,-3.,0.));
#9277 = SURFACE_CURVE('',#9278,(#9282,#9289),.PCURVE_S1.);
#9278 = LINE('',#9279,#9280);
#9279 = CARTESIAN_POINT('',(3.9,0.,0.));
#9280 = VECTOR('',#9281,1.);
#9281 = DIRECTION('',(0.,-1.,0.));
#9282 = PCURVE('',#9235,#9283);
#9283 = DEFINITIONAL_REPRESENTATION('',(#9284),#9288);
#9284 = LINE('',#9285,#9286);
#9285 = CARTESIAN_POINT('',(2.15,0.));
#9286 = VECTOR('',#9287,1.);
#9287 = DIRECTION('',(0.,1.));
#9288 = ( GEOMETRIC_REPRESENTATION_CONTEXT(2) 
PARAMETRIC_REPRESENTATION_CONTEXT() REPRESENTATION_CONTEXT('2D SPACE',''
  ) );
#9289 = PCURVE('',#5288,#9290);
#9290 = DEFINITIONAL_REPRESENTATION('',(#9291),#9295);
#9291 = LINE('',#9292,#9293);
#9292 = CARTESIAN_POINT('',(-4.046513304614,-1.401133423579E-16));
#9293 = VECTOR('',#9294,1.);
#9294 = DIRECTION('',(0.,-1.));
#9295 = ( GEOMETRIC_REPRESENTATION_CONTEXT(2) 
PARAMETRIC_REPRESENTATION_CONTEXT() REPRESENTATION_CONTEXT('2D SPACE',''
  ) );
#9296 = ORIENTED_EDGE('',*,*,#9297,.F.);
#9297 = EDGE_CURVE('',#9251,#9275,#9298,.T.);
#9298 = SURFACE_CURVE('',#9299,(#9303,#9310),.PCURVE_S1.);
#9299 = LINE('',#9300,#9301);
#9300 = CARTESIAN_POINT('',(3.9,-3.,1.075));
#9301 = VECTOR('',#9302,1.);
#9302 = DIRECTION('',(0.,0.,-1.));
#9303 = PCURVE('',#9235,#9304);
#9304 = DEFINITIONAL_REPRESENTATION('',(#9305),#9309);
#9305 = LINE('',#9306,#9307);
#9306 = CARTESIAN_POINT('',(1.075,3.));
#9307 = VECTOR('',#9308,1.);
#9308 = DIRECTION('',(1.,0.));
#9309 = ( GEOMETRIC_REPRESENTATION_CONTEXT(2) 
PARAMETRIC_REPRESENTATION_CONTEXT() REPRESENTATION_CONTEXT('2D SPACE',''
  ) );
#9310 = PCURVE('',#9311,#9316);
#9311 = PLANE('',#9312);
#9312 = AXIS2_PLACEMENT_3D('',#9313,#9314,#9315);
#9313 = CARTESIAN_POINT('',(3.,-3.,0.));
#9314 = DIRECTION('',(-0.,-1.,-0.));
#9315 = DIRECTION('',(-1.,-0.,-0.));
#9316 = DEFINITIONAL_REPRESENTATION('',(#9317),#9321);
#9317 = LINE('',#9318,#9319);
#9318 = CARTESIAN_POINT('',(-0.9,-1.075));
#9319 = VECTOR('',#9320,1.);
#9320 = DIRECTION('',(-0.,1.));
#9321 = ( GEOMETRIC_REPRESENTATION_CONTEXT(2) 
PARAMETRIC_REPRESENTATION_CONTEXT() REPRESENTATION_CONTEXT('2D SPACE',''
  ) );
#9322 = ADVANCED_FACE('',(#9323),#8859,.F.);
#9323 = FACE_BOUND('',#9324,.T.);
#9324 = EDGE_LOOP('',(#9325,#9348,#9349,#9372));
#9325 = ORIENTED_EDGE('',*,*,#9326,.F.);
#9326 = EDGE_CURVE('',#8837,#9327,#9329,.T.);
#9327 = VERTEX_POINT('',#9328);
#9328 = CARTESIAN_POINT('',(3.,-3.,0.));
#9329 = SURFACE_CURVE('',#9330,(#9334,#9341),.PCURVE_S1.);
#9330 = LINE('',#9331,#9332);
#9331 = CARTESIAN_POINT('',(3.,-5.5,0.));
#9332 = VECTOR('',#9333,1.);
#9333 = DIRECTION('',(0.,1.,0.));
#9334 = PCURVE('',#8859,#9335);
#9335 = DEFINITIONAL_REPRESENTATION('',(#9336),#9340);
#9336 = LINE('',#9337,#9338);
#9337 = CARTESIAN_POINT('',(-0.,0.));
#9338 = VECTOR('',#9339,1.);
#9339 = DIRECTION('',(-1.,0.));
#9340 = ( GEOMETRIC_REPRESENTATION_CONTEXT(2) 
PARAMETRIC_REPRESENTATION_CONTEXT() REPRESENTATION_CONTEXT('2D SPACE',''
  ) );
#9341 = PCURVE('',#5288,#9342);
#9342 = DEFINITIONAL_REPRESENTATION('',(#9343),#9347);
#9343 = LINE('',#9344,#9345);
#9344 = CARTESIAN_POINT('',(-3.146513304614,-5.5));
#9345 = VECTOR('',#9346,1.);
#9346 = DIRECTION('',(0.,1.));
#9347 = ( GEOMETRIC_REPRESENTATION_CONTEXT(2) 
PARAMETRIC_REPRESENTATION_CONTEXT() REPRESENTATION_CONTEXT('2D SPACE',''
  ) );
#9348 = ORIENTED_EDGE('',*,*,#8836,.T.);
#9349 = ORIENTED_EDGE('',*,*,#9350,.T.);
#9350 = EDGE_CURVE('',#8839,#9351,#9353,.T.);
#9351 = VERTEX_POINT('',#9352);
#9352 = CARTESIAN_POINT('',(3.,-3.,4.3));
#9353 = SURFACE_CURVE('',#9354,(#9358,#9365),.PCURVE_S1.);
#9354 = LINE('',#9355,#9356);
#9355 = CARTESIAN_POINT('',(3.,-2.75,4.3));
#9356 = VECTOR('',#9357,1.);
#9357 = DIRECTION('',(0.,1.,0.));
#9358 = PCURVE('',#8859,#9359);
#9359 = DEFINITIONAL_REPRESENTATION('',(#9360),#9364);
#9360 = LINE('',#9361,#9362);
#9361 = CARTESIAN_POINT('',(-2.75,-4.3));
#9362 = VECTOR('',#9363,1.);
#9363 = DIRECTION('',(-1.,0.));
#9364 = ( GEOMETRIC_REPRESENTATION_CONTEXT(2) 
PARAMETRIC_REPRESENTATION_CONTEXT() REPRESENTATION_CONTEXT('2D SPACE',''
  ) );
#9365 = PCURVE('',#8800,#9366);
#9366 = DEFINITIONAL_REPRESENTATION('',(#9367),#9371);
#9367 = LINE('',#9368,#9369);
#9368 = CARTESIAN_POINT('',(-3.,-2.75));
#9369 = VECTOR('',#9370,1.);
#9370 = DIRECTION('',(0.,1.));
#9371 = ( GEOMETRIC_REPRESENTATION_CONTEXT(2) 
PARAMETRIC_REPRESENTATION_CONTEXT() REPRESENTATION_CONTEXT('2D SPACE',''
  ) );
#9372 = ORIENTED_EDGE('',*,*,#9373,.F.);
#9373 = EDGE_CURVE('',#9327,#9351,#9374,.T.);
#9374 = SURFACE_CURVE('',#9375,(#9379,#9386),.PCURVE_S1.);
#9375 = LINE('',#9376,#9377);
#9376 = CARTESIAN_POINT('',(3.,-3.,0.));
#9377 = VECTOR('',#9378,1.);
#9378 = DIRECTION('',(0.,0.,1.));
#9379 = PCURVE('',#8859,#9380);
#9380 = DEFINITIONAL_REPRESENTATION('',(#9381),#9385);
#9381 = LINE('',#9382,#9383);
#9382 = CARTESIAN_POINT('',(-2.5,0.));
#9383 = VECTOR('',#9384,1.);
#9384 = DIRECTION('',(-0.,-1.));
#9385 = ( GEOMETRIC_REPRESENTATION_CONTEXT(2) 
PARAMETRIC_REPRESENTATION_CONTEXT() REPRESENTATION_CONTEXT('2D SPACE',''
  ) );
#9386 = PCURVE('',#9311,#9387);
#9387 = DEFINITIONAL_REPRESENTATION('',(#9388),#9392);
#9388 = LINE('',#9389,#9390);
#9389 = CARTESIAN_POINT('',(-0.,-0.));
#9390 = VECTOR('',#9391,1.);
#9391 = DIRECTION('',(-0.,-1.));
#9392 = ( GEOMETRIC_REPRESENTATION_CONTEXT(2) 
PARAMETRIC_REPRESENTATION_CONTEXT() REPRESENTATION_CONTEXT('2D SPACE',''
  ) );
#9393 = ADVANCED_FACE('',(#9394,#9424,#9518,#9629),#8800,.T.);
#9394 = FACE_BOUND('',#9395,.T.);
#9395 = EDGE_LOOP('',(#9396,#9397,#9398,#9399,#9400,#9421,#9422,#9423));
#9396 = ORIENTED_EDGE('',*,*,#9073,.F.);
#9397 = ORIENTED_EDGE('',*,*,#9122,.T.);
#9398 = ORIENTED_EDGE('',*,*,#9198,.T.);
#9399 = ORIENTED_EDGE('',*,*,#9250,.T.);
#9400 = ORIENTED_EDGE('',*,*,#9401,.F.);
#9401 = EDGE_CURVE('',#9351,#9251,#9402,.T.);
#9402 = SURFACE_CURVE('',#9403,(#9407,#9414),.PCURVE_S1.);
#9403 = LINE('',#9404,#9405);
#9404 = CARTESIAN_POINT('',(1.5,-3.,4.3));
#9405 = VECTOR('',#9406,1.);
#9406 = DIRECTION('',(1.,0.,0.));
#9407 = PCURVE('',#8800,#9408);
#9408 = DEFINITIONAL_REPRESENTATION('',(#9409),#9413);
#9409 = LINE('',#9410,#9411);
#9410 = CARTESIAN_POINT('',(-1.5,-3.));
#9411 = VECTOR('',#9412,1.);
#9412 = DIRECTION('',(-1.,0.));
#9413 = ( GEOMETRIC_REPRESENTATION_CONTEXT(2) 
PARAMETRIC_REPRESENTATION_CONTEXT() REPRESENTATION_CONTEXT('2D SPACE',''
  ) );
#9414 = PCURVE('',#9311,#9415);
#9415 = DEFINITIONAL_REPRESENTATION('',(#9416),#9420);
#9416 = LINE('',#9417,#9418);
#9417 = CARTESIAN_POINT('',(1.5,-4.3));
#9418 = VECTOR('',#9419,1.);
#9419 = DIRECTION('',(-1.,-0.));
#9420 = ( GEOMETRIC_REPRESENTATION_CONTEXT(2) 
PARAMETRIC_REPRESENTATION_CONTEXT() REPRESENTATION_CONTEXT('2D SPACE',''
  ) );
#9421 = ORIENTED_EDGE('',*,*,#9350,.F.);
#9422 = ORIENTED_EDGE('',*,*,#8922,.T.);
#9423 = ORIENTED_EDGE('',*,*,#8976,.F.);
#9424 = FACE_BOUND('',#9425,.T.);
#9425 = EDGE_LOOP('',(#9426,#9451,#9474,#9497));
#9426 = ORIENTED_EDGE('',*,*,#9427,.T.);
#9427 = EDGE_CURVE('',#9428,#9430,#9432,.T.);
#9428 = VERTEX_POINT('',#9429);
#9429 = CARTESIAN_POINT('',(-1.5,-4.4,4.3));
#9430 = VERTEX_POINT('',#9431);
#9431 = CARTESIAN_POINT('',(1.5,-4.4,4.3));
#9432 = SURFACE_CURVE('',#9433,(#9437,#9444),.PCURVE_S1.);
#9433 = LINE('',#9434,#9435);
#9434 = CARTESIAN_POINT('',(-1.131353335343,-4.4,4.3));
#9435 = VECTOR('',#9436,1.);
#9436 = DIRECTION('',(1.,0.,0.));
#9437 = PCURVE('',#8800,#9438);
#9438 = DEFINITIONAL_REPRESENTATION('',(#9439),#9443);
#9439 = LINE('',#9440,#9441);
#9440 = CARTESIAN_POINT('',(1.131353335343,-4.4));
#9441 = VECTOR('',#9442,1.);
#9442 = DIRECTION('',(-1.,0.));
#9443 = ( GEOMETRIC_REPRESENTATION_CONTEXT(2) 
PARAMETRIC_REPRESENTATION_CONTEXT() REPRESENTATION_CONTEXT('2D SPACE',''
  ) );
#9444 = PCURVE('',#8124,#9445);
#9445 = DEFINITIONAL_REPRESENTATION('',(#9446),#9450);
#9446 = LINE('',#9447,#9448);
#9447 = CARTESIAN_POINT('',(-1.,-1.131353335343));
#9448 = VECTOR('',#9449,1.);
#9449 = DIRECTION('',(0.,1.));
#9450 = ( GEOMETRIC_REPRESENTATION_CONTEXT(2) 
PARAMETRIC_REPRESENTATION_CONTEXT() REPRESENTATION_CONTEXT('2D SPACE',''
  ) );
#9451 = ORIENTED_EDGE('',*,*,#9452,.T.);
#9452 = EDGE_CURVE('',#9430,#9453,#9455,.T.);
#9453 = VERTEX_POINT('',#9454);
#9454 = CARTESIAN_POINT('',(1.5,-3.6,4.3));
#9455 = SURFACE_CURVE('',#9456,(#9460,#9467),.PCURVE_S1.);
#9456 = LINE('',#9457,#9458);
#9457 = CARTESIAN_POINT('',(1.5,-3.571798692817,4.3));
#9458 = VECTOR('',#9459,1.);
#9459 = DIRECTION('',(0.,1.,0.));
#9460 = PCURVE('',#8800,#9461);
#9461 = DEFINITIONAL_REPRESENTATION('',(#9462),#9466);
#9462 = LINE('',#9463,#9464);
#9463 = CARTESIAN_POINT('',(-1.5,-3.571798692817));
#9464 = VECTOR('',#9465,1.);
#9465 = DIRECTION('',(0.,1.));
#9466 = ( GEOMETRIC_REPRESENTATION_CONTEXT(2) 
PARAMETRIC_REPRESENTATION_CONTEXT() REPRESENTATION_CONTEXT('2D SPACE',''
  ) );
#9467 = PCURVE('',#8096,#9468);
#9468 = DEFINITIONAL_REPRESENTATION('',(#9469),#9473);
#9469 = LINE('',#9470,#9471);
#9470 = CARTESIAN_POINT('',(0.828201307183,-10.17342686615));
#9471 = VECTOR('',#9472,1.);
#9472 = DIRECTION('',(1.,0.));
#9473 = ( GEOMETRIC_REPRESENTATION_CONTEXT(2) 
PARAMETRIC_REPRESENTATION_CONTEXT() REPRESENTATION_CONTEXT('2D SPACE',''
  ) );
#9474 = ORIENTED_EDGE('',*,*,#9475,.T.);
#9475 = EDGE_CURVE('',#9453,#9476,#9478,.T.);
#9476 = VERTEX_POINT('',#9477);
#9477 = CARTESIAN_POINT('',(-1.5,-3.6,4.3));
#9478 = SURFACE_CURVE('',#9479,(#9483,#9490),.PCURVE_S1.);
#9479 = LINE('',#9480,#9481);
#9480 = CARTESIAN_POINT('',(1.881353335343,-3.6,4.3));
#9481 = VECTOR('',#9482,1.);
#9482 = DIRECTION('',(-1.,0.,0.));
#9483 = PCURVE('',#8800,#9484);
#9484 = DEFINITIONAL_REPRESENTATION('',(#9485),#9489);
#9485 = LINE('',#9486,#9487);
#9486 = CARTESIAN_POINT('',(-1.881353335343,-3.6));
#9487 = VECTOR('',#9488,1.);
#9488 = DIRECTION('',(1.,0.));
#9489 = ( GEOMETRIC_REPRESENTATION_CONTEXT(2) 
PARAMETRIC_REPRESENTATION_CONTEXT() REPRESENTATION_CONTEXT('2D SPACE',''
  ) );
#9490 = PCURVE('',#8178,#9491);
#9491 = DEFINITIONAL_REPRESENTATION('',(#9492),#9496);
#9492 = LINE('',#9493,#9494);
#9493 = CARTESIAN_POINT('',(1.,1.881353335343));
#9494 = VECTOR('',#9495,1.);
#9495 = DIRECTION('',(0.,-1.));
#9496 = ( GEOMETRIC_REPRESENTATION_CONTEXT(2) 
PARAMETRIC_REPRESENTATION_CONTEXT() REPRESENTATION_CONTEXT('2D SPACE',''
  ) );
#9497 = ORIENTED_EDGE('',*,*,#9498,.T.);
#9498 = EDGE_CURVE('',#9476,#9428,#9499,.T.);
#9499 = SURFACE_CURVE('',#9500,(#9504,#9511),.PCURVE_S1.);
#9500 = LINE('',#9501,#9502);
#9501 = CARTESIAN_POINT('',(-1.5,-3.571798692817,4.3));
#9502 = VECTOR('',#9503,1.);
#9503 = DIRECTION('',(0.,-1.,0.));
#9504 = PCURVE('',#8800,#9505);
#9505 = DEFINITIONAL_REPRESENTATION('',(#9506),#9510);
#9506 = LINE('',#9507,#9508);
#9507 = CARTESIAN_POINT('',(1.5,-3.571798692817));
#9508 = VECTOR('',#9509,1.);
#9509 = DIRECTION('',(0.,-1.));
#9510 = ( GEOMETRIC_REPRESENTATION_CONTEXT(2) 
PARAMETRIC_REPRESENTATION_CONTEXT() REPRESENTATION_CONTEXT('2D SPACE',''
  ) );
#9511 = PCURVE('',#8152,#9512);
#9512 = DEFINITIONAL_REPRESENTATION('',(#9513),#9517);
#9513 = LINE('',#9514,#9515);
#9514 = CARTESIAN_POINT('',(-0.828201307183,-10.17342686615));
#9515 = VECTOR('',#9516,1.);
#9516 = DIRECTION('',(1.,-0.));
#9517 = ( GEOMETRIC_REPRESENTATION_CONTEXT(2) 
PARAMETRIC_REPRESENTATION_CONTEXT() REPRESENTATION_CONTEXT('2D SPACE',''
  ) );
#9518 = FACE_BOUND('',#9519,.T.);
#9519 = EDGE_LOOP('',(#9520,#9551,#9579,#9603));
#9520 = ORIENTED_EDGE('',*,*,#9521,.F.);
#9521 = EDGE_CURVE('',#9522,#9524,#9526,.T.);
#9522 = VERTEX_POINT('',#9523);
#9523 = CARTESIAN_POINT('',(0.,2.5,4.3));
#9524 = VERTEX_POINT('',#9525);
#9525 = CARTESIAN_POINT('',(2.5,0.,4.3));
#9526 = SURFACE_CURVE('',#9527,(#9532,#9539),.PCURVE_S1.);
#9527 = CIRCLE('',#9528,2.5);
#9528 = AXIS2_PLACEMENT_3D('',#9529,#9530,#9531);
#9529 = CARTESIAN_POINT('',(0.,0.,4.3));
#9530 = DIRECTION('',(0.,0.,-1.));
#9531 = DIRECTION('',(-1.,-0.,-0.));
#9532 = PCURVE('',#8800,#9533);
#9533 = DEFINITIONAL_REPRESENTATION('',(#9534),#9538);
#9534 = CIRCLE('',#9535,2.5);
#9535 = AXIS2_PLACEMENT_2D('',#9536,#9537);
#9536 = CARTESIAN_POINT('',(1.3E-16,0.));
#9537 = DIRECTION('',(1.,0.));
#9538 = ( GEOMETRIC_REPRESENTATION_CONTEXT(2) 
PARAMETRIC_REPRESENTATION_CONTEXT() REPRESENTATION_CONTEXT('2D SPACE',''
  ) );
#9539 = PCURVE('',#9540,#9545);
#9540 = CYLINDRICAL_SURFACE('',#9541,2.5);
#9541 = AXIS2_PLACEMENT_3D('',#9542,#9543,#9544);
#9542 = CARTESIAN_POINT('',(0.,0.,0.));
#9543 = DIRECTION('',(0.,0.,-1.));
#9544 = DIRECTION('',(-1.,-0.,-0.));
#9545 = DEFINITIONAL_REPRESENTATION('',(#9546),#9550);
#9546 = LINE('',#9547,#9548);
#9547 = CARTESIAN_POINT('',(0.,-4.3));
#9548 = VECTOR('',#9549,1.);
#9549 = DIRECTION('',(1.,0.));
#9550 = ( GEOMETRIC_REPRESENTATION_CONTEXT(2) 
PARAMETRIC_REPRESENTATION_CONTEXT() REPRESENTATION_CONTEXT('2D SPACE',''
  ) );
#9551 = ORIENTED_EDGE('',*,*,#9552,.T.);
#9552 = EDGE_CURVE('',#9522,#9553,#9555,.T.);
#9553 = VERTEX_POINT('',#9554);
#9554 = CARTESIAN_POINT('',(-2.5,0.,4.3));
#9555 = SURFACE_CURVE('',#9556,(#9561,#9572),.PCURVE_S1.);
#9556 = CIRCLE('',#9557,2.5);
#9557 = AXIS2_PLACEMENT_3D('',#9558,#9559,#9560);
#9558 = CARTESIAN_POINT('',(0.,0.,4.3));
#9559 = DIRECTION('',(0.,0.,1.));
#9560 = DIRECTION('',(1.,0.,0.));
#9561 = PCURVE('',#8800,#9562);
#9562 = DEFINITIONAL_REPRESENTATION('',(#9563),#9571);
#9563 = ( BOUNDED_CURVE() B_SPLINE_CURVE(2,(#9564,#9565,#9566,#9567,
#9568,#9569,#9570),.UNSPECIFIED.,.T.,.F.) B_SPLINE_CURVE_WITH_KNOTS((1,2
    ,2,2,2,1),(-2.094395102393,0.,2.094395102393,4.188790204786,
6.28318530718,8.377580409573),.UNSPECIFIED.) CURVE() 
GEOMETRIC_REPRESENTATION_ITEM() RATIONAL_B_SPLINE_CURVE((1.,0.5,1.,0.5,
1.,0.5,1.)) REPRESENTATION_ITEM('') );
#9564 = CARTESIAN_POINT('',(-2.5,0.));
#9565 = CARTESIAN_POINT('',(-2.5,4.330127018922));
#9566 = CARTESIAN_POINT('',(1.25,2.165063509461));
#9567 = CARTESIAN_POINT('',(5.,6.123233995737E-16));
#9568 = CARTESIAN_POINT('',(1.25,-2.165063509461));
#9569 = CARTESIAN_POINT('',(-2.5,-4.330127018922));
#9570 = CARTESIAN_POINT('',(-2.5,0.));
#9571 = ( GEOMETRIC_REPRESENTATION_CONTEXT(2) 
PARAMETRIC_REPRESENTATION_CONTEXT() REPRESENTATION_CONTEXT('2D SPACE',''
  ) );
#9572 = PCURVE('',#9540,#9573);
#9573 = DEFINITIONAL_REPRESENTATION('',(#9574),#9578);
#9574 = LINE('',#9575,#9576);
#9575 = CARTESIAN_POINT('',(3.14159265359,-4.3));
#9576 = VECTOR('',#9577,1.);
#9577 = DIRECTION('',(-1.,0.));
#9578 = ( GEOMETRIC_REPRESENTATION_CONTEXT(2) 
PARAMETRIC_REPRESENTATION_CONTEXT() REPRESENTATION_CONTEXT('2D SPACE',''
  ) );
#9579 = ORIENTED_EDGE('',*,*,#9580,.F.);
#9580 = EDGE_CURVE('',#9581,#9553,#9583,.T.);
#9581 = VERTEX_POINT('',#9582);
#9582 = CARTESIAN_POINT('',(0.,-2.5,4.3));
#9583 = SURFACE_CURVE('',#9584,(#9589,#9596),.PCURVE_S1.);
#9584 = CIRCLE('',#9585,2.5);
#9585 = AXIS2_PLACEMENT_3D('',#9586,#9587,#9588);
#9586 = CARTESIAN_POINT('',(0.,0.,4.3));
#9587 = DIRECTION('',(0.,0.,-1.));
#9588 = DIRECTION('',(1.,0.,0.));
#9589 = PCURVE('',#8800,#9590);
#9590 = DEFINITIONAL_REPRESENTATION('',(#9591),#9595);
#9591 = CIRCLE('',#9592,2.5);
#9592 = AXIS2_PLACEMENT_2D('',#9593,#9594);
#9593 = CARTESIAN_POINT('',(1.3E-16,0.));
#9594 = DIRECTION('',(-1.,0.));
#9595 = ( GEOMETRIC_REPRESENTATION_CONTEXT(2) 
PARAMETRIC_REPRESENTATION_CONTEXT() REPRESENTATION_CONTEXT('2D SPACE',''
  ) );
#9596 = PCURVE('',#9540,#9597);
#9597 = DEFINITIONAL_REPRESENTATION('',(#9598),#9602);
#9598 = LINE('',#9599,#9600);
#9599 = CARTESIAN_POINT('',(3.14159265359,-4.3));
#9600 = VECTOR('',#9601,1.);
#9601 = DIRECTION('',(1.,0.));
#9602 = ( GEOMETRIC_REPRESENTATION_CONTEXT(2) 
PARAMETRIC_REPRESENTATION_CONTEXT() REPRESENTATION_CONTEXT('2D SPACE',''
  ) );
#9603 = ORIENTED_EDGE('',*,*,#9604,.T.);
#9604 = EDGE_CURVE('',#9581,#9524,#9605,.T.);
#9605 = SURFACE_CURVE('',#9606,(#9611,#9622),.PCURVE_S1.);
#9606 = CIRCLE('',#9607,2.5);
#9607 = AXIS2_PLACEMENT_3D('',#9608,#9609,#9610);
#9608 = CARTESIAN_POINT('',(0.,0.,4.3));
#9609 = DIRECTION('',(0.,0.,1.));
#9610 = DIRECTION('',(-1.,0.,0.));
#9611 = PCURVE('',#8800,#9612);
#9612 = DEFINITIONAL_REPRESENTATION('',(#9613),#9621);
#9613 = ( BOUNDED_CURVE() B_SPLINE_CURVE(2,(#9614,#9615,#9616,#9617,
#9618,#9619,#9620),.UNSPECIFIED.,.T.,.F.) B_SPLINE_CURVE_WITH_KNOTS((1,2
    ,2,2,2,1),(-2.094395102393,0.,2.094395102393,4.188790204786,
6.28318530718,8.377580409573),.UNSPECIFIED.) CURVE() 
GEOMETRIC_REPRESENTATION_ITEM() RATIONAL_B_SPLINE_CURVE((1.,0.5,1.,0.5,
1.,0.5,1.)) REPRESENTATION_ITEM('') );
#9614 = CARTESIAN_POINT('',(2.5,0.));
#9615 = CARTESIAN_POINT('',(2.5,-4.330127018922));
#9616 = CARTESIAN_POINT('',(-1.25,-2.165063509461));
#9617 = CARTESIAN_POINT('',(-5.,-6.123233995737E-16));
#9618 = CARTESIAN_POINT('',(-1.25,2.165063509461));
#9619 = CARTESIAN_POINT('',(2.5,4.330127018922));
#9620 = CARTESIAN_POINT('',(2.5,0.));
#9621 = ( GEOMETRIC_REPRESENTATION_CONTEXT(2) 
PARAMETRIC_REPRESENTATION_CONTEXT() REPRESENTATION_CONTEXT('2D SPACE',''
  ) );
#9622 = PCURVE('',#9540,#9623);
#9623 = DEFINITIONAL_REPRESENTATION('',(#9624),#9628);
#9624 = LINE('',#9625,#9626);
#9625 = CARTESIAN_POINT('',(6.28318530718,-4.3));
#9626 = VECTOR('',#9627,1.);
#9627 = DIRECTION('',(-1.,0.));
#9628 = ( GEOMETRIC_REPRESENTATION_CONTEXT(2) 
PARAMETRIC_REPRESENTATION_CONTEXT() REPRESENTATION_CONTEXT('2D SPACE',''
  ) );
#9629 = FACE_BOUND('',#9630,.T.);
#9630 = EDGE_LOOP('',(#9631,#9656,#9677,#9678));
#9631 = ORIENTED_EDGE('',*,*,#9632,.T.);
#9632 = EDGE_CURVE('',#9633,#9635,#9637,.T.);
#9633 = VERTEX_POINT('',#9634);
#9634 = CARTESIAN_POINT('',(1.5,4.4,4.3));
#9635 = VERTEX_POINT('',#9636);
#9636 = CARTESIAN_POINT('',(-1.5,4.4,4.3));
#9637 = SURFACE_CURVE('',#9638,(#9642,#9649),.PCURVE_S1.);
#9638 = LINE('',#9639,#9640);
#9639 = CARTESIAN_POINT('',(1.131353335343,4.4,4.3));
#9640 = VECTOR('',#9641,1.);
#9641 = DIRECTION('',(-1.,0.,0.));
#9642 = PCURVE('',#8800,#9643);
#9643 = DEFINITIONAL_REPRESENTATION('',(#9644),#9648);
#9644 = LINE('',#9645,#9646);
#9645 = CARTESIAN_POINT('',(-1.131353335343,4.4));
#9646 = VECTOR('',#9647,1.);
#9647 = DIRECTION('',(1.,0.));
#9648 = ( GEOMETRIC_REPRESENTATION_CONTEXT(2) 
PARAMETRIC_REPRESENTATION_CONTEXT() REPRESENTATION_CONTEXT('2D SPACE',''
  ) );
#9649 = PCURVE('',#8038,#9650);
#9650 = DEFINITIONAL_REPRESENTATION('',(#9651),#9655);
#9651 = LINE('',#9652,#9653);
#9652 = CARTESIAN_POINT('',(1.,1.131353335343));
#9653 = VECTOR('',#9654,1.);
#9654 = DIRECTION('',(0.,-1.));
#9655 = ( GEOMETRIC_REPRESENTATION_CONTEXT(2) 
PARAMETRIC_REPRESENTATION_CONTEXT() REPRESENTATION_CONTEXT('2D SPACE',''
  ) );
#9656 = ORIENTED_EDGE('',*,*,#9657,.T.);
#9657 = EDGE_CURVE('',#9635,#8785,#9658,.T.);
#9658 = SURFACE_CURVE('',#9659,(#9663,#9670),.PCURVE_S1.);
#9659 = LINE('',#9660,#9661);
#9660 = CARTESIAN_POINT('',(-1.5,3.571798692817,4.3));
#9661 = VECTOR('',#9662,1.);
#9662 = DIRECTION('',(0.,-1.,0.));
#9663 = PCURVE('',#8800,#9664);
#9664 = DEFINITIONAL_REPRESENTATION('',(#9665),#9669);
#9665 = LINE('',#9666,#9667);
#9666 = CARTESIAN_POINT('',(1.5,3.571798692817));
#9667 = VECTOR('',#9668,1.);
#9668 = DIRECTION('',(0.,-1.));
#9669 = ( GEOMETRIC_REPRESENTATION_CONTEXT(2) 
PARAMETRIC_REPRESENTATION_CONTEXT() REPRESENTATION_CONTEXT('2D SPACE',''
  ) );
#9670 = PCURVE('',#8010,#9671);
#9671 = DEFINITIONAL_REPRESENTATION('',(#9672),#9676);
#9672 = LINE('',#9673,#9674);
#9673 = CARTESIAN_POINT('',(0.828201307183,-10.17342686615));
#9674 = VECTOR('',#9675,1.);
#9675 = DIRECTION('',(1.,0.));
#9676 = ( GEOMETRIC_REPRESENTATION_CONTEXT(2) 
PARAMETRIC_REPRESENTATION_CONTEXT() REPRESENTATION_CONTEXT('2D SPACE',''
  ) );
#9677 = ORIENTED_EDGE('',*,*,#8784,.T.);
#9678 = ORIENTED_EDGE('',*,*,#9679,.T.);
#9679 = EDGE_CURVE('',#8762,#9633,#9680,.T.);
#9680 = SURFACE_CURVE('',#9681,(#9685,#9692),.PCURVE_S1.);
#9681 = LINE('',#9682,#9683);
#9682 = CARTESIAN_POINT('',(1.5,3.571798692817,4.3));
#9683 = VECTOR('',#9684,1.);
#9684 = DIRECTION('',(0.,1.,0.));
#9685 = PCURVE('',#8800,#9686);
#9686 = DEFINITIONAL_REPRESENTATION('',(#9687),#9691);
#9687 = LINE('',#9688,#9689);
#9688 = CARTESIAN_POINT('',(-1.5,3.571798692817));
#9689 = VECTOR('',#9690,1.);
#9690 = DIRECTION('',(0.,1.));
#9691 = ( GEOMETRIC_REPRESENTATION_CONTEXT(2) 
PARAMETRIC_REPRESENTATION_CONTEXT() REPRESENTATION_CONTEXT('2D SPACE',''
  ) );
#9692 = PCURVE('',#8064,#9693);
#9693 = DEFINITIONAL_REPRESENTATION('',(#9694),#9698);
#9694 = LINE('',#9695,#9696);
#9695 = CARTESIAN_POINT('',(-0.828201307183,-10.17342686615));
#9696 = VECTOR('',#9697,1.);
#9697 = DIRECTION('',(1.,-0.));
#9698 = ( GEOMETRIC_REPRESENTATION_CONTEXT(2) 
PARAMETRIC_REPRESENTATION_CONTEXT() REPRESENTATION_CONTEXT('2D SPACE',''
  ) );
#9699 = ADVANCED_FACE('',(#9700),#9311,.F.);
#9700 = FACE_BOUND('',#9701,.T.);
#9701 = EDGE_LOOP('',(#9702,#9723,#9724,#9725));
#9702 = ORIENTED_EDGE('',*,*,#9703,.F.);
#9703 = EDGE_CURVE('',#9327,#9275,#9704,.T.);
#9704 = SURFACE_CURVE('',#9705,(#9709,#9716),.PCURVE_S1.);
#9705 = LINE('',#9706,#9707);
#9706 = CARTESIAN_POINT('',(3.,-3.,0.));
#9707 = VECTOR('',#9708,1.);
#9708 = DIRECTION('',(1.,0.,0.));
#9709 = PCURVE('',#9311,#9710);
#9710 = DEFINITIONAL_REPRESENTATION('',(#9711),#9715);
#9711 = LINE('',#9712,#9713);
#9712 = CARTESIAN_POINT('',(-0.,-0.));
#9713 = VECTOR('',#9714,1.);
#9714 = DIRECTION('',(-1.,-0.));
#9715 = ( GEOMETRIC_REPRESENTATION_CONTEXT(2) 
PARAMETRIC_REPRESENTATION_CONTEXT() REPRESENTATION_CONTEXT('2D SPACE',''
  ) );
#9716 = PCURVE('',#5288,#9717);
#9717 = DEFINITIONAL_REPRESENTATION('',(#9718),#9722);
#9718 = LINE('',#9719,#9720);
#9719 = CARTESIAN_POINT('',(-3.146513304614,-3.));
#9720 = VECTOR('',#9721,1.);
#9721 = DIRECTION('',(-1.,-1.154347555676E-42));
#9722 = ( GEOMETRIC_REPRESENTATION_CONTEXT(2) 
PARAMETRIC_REPRESENTATION_CONTEXT() REPRESENTATION_CONTEXT('2D SPACE',''
  ) );
#9723 = ORIENTED_EDGE('',*,*,#9373,.T.);
#9724 = ORIENTED_EDGE('',*,*,#9401,.T.);
#9725 = ORIENTED_EDGE('',*,*,#9297,.T.);
#9726 = ADVANCED_FACE('',(#9727),#8010,.F.);
#9727 = FACE_BOUND('',#9728,.F.);
#9728 = EDGE_LOOP('',(#9729,#9730,#9751,#9752));
#9729 = ORIENTED_EDGE('',*,*,#7994,.T.);
#9730 = ORIENTED_EDGE('',*,*,#9731,.T.);
#9731 = EDGE_CURVE('',#7995,#9635,#9732,.T.);
#9732 = SURFACE_CURVE('',#9733,(#9737,#9744),.PCURVE_S1.);
#9733 = LINE('',#9734,#9735);
#9734 = CARTESIAN_POINT('',(-1.5,4.4,14.473426866159));
#9735 = VECTOR('',#9736,1.);
#9736 = DIRECTION('',(-0.,-0.,-1.));
#9737 = PCURVE('',#8010,#9738);
#9738 = DEFINITIONAL_REPRESENTATION('',(#9739),#9743);
#9739 = LINE('',#9740,#9741);
#9740 = CARTESIAN_POINT('',(0.,0.));
#9741 = VECTOR('',#9742,1.);
#9742 = DIRECTION('',(0.,-1.));
#9743 = ( GEOMETRIC_REPRESENTATION_CONTEXT(2) 
PARAMETRIC_REPRESENTATION_CONTEXT() REPRESENTATION_CONTEXT('2D SPACE',''
  ) );
#9744 = PCURVE('',#8038,#9745);
#9745 = DEFINITIONAL_REPRESENTATION('',(#9746),#9750);
#9746 = LINE('',#9747,#9748);
#9747 = CARTESIAN_POINT('',(-9.173426866159,-1.5));
#9748 = VECTOR('',#9749,1.);
#9749 = DIRECTION('',(1.,0.));
#9750 = ( GEOMETRIC_REPRESENTATION_CONTEXT(2) 
PARAMETRIC_REPRESENTATION_CONTEXT() REPRESENTATION_CONTEXT('2D SPACE',''
  ) );
#9751 = ORIENTED_EDGE('',*,*,#9657,.T.);
#9752 = ORIENTED_EDGE('',*,*,#8812,.F.);
#9753 = ADVANCED_FACE('',(#9754),#8038,.T.);
#9754 = FACE_BOUND('',#9755,.T.);
#9755 = EDGE_LOOP('',(#9756,#9757,#9758,#9759));
#9756 = ORIENTED_EDGE('',*,*,#8022,.F.);
#9757 = ORIENTED_EDGE('',*,*,#9731,.T.);
#9758 = ORIENTED_EDGE('',*,*,#9632,.F.);
#9759 = ORIENTED_EDGE('',*,*,#9760,.F.);
#9760 = EDGE_CURVE('',#8023,#9633,#9761,.T.);
#9761 = SURFACE_CURVE('',#9762,(#9766,#9773),.PCURVE_S1.);
#9762 = LINE('',#9763,#9764);
#9763 = CARTESIAN_POINT('',(1.5,4.4,14.473426866159));
#9764 = VECTOR('',#9765,1.);
#9765 = DIRECTION('',(0.,0.,-1.));
#9766 = PCURVE('',#8038,#9767);
#9767 = DEFINITIONAL_REPRESENTATION('',(#9768),#9772);
#9768 = LINE('',#9769,#9770);
#9769 = CARTESIAN_POINT('',(-9.173426866159,1.5));
#9770 = VECTOR('',#9771,1.);
#9771 = DIRECTION('',(1.,0.));
#9772 = ( GEOMETRIC_REPRESENTATION_CONTEXT(2) 
PARAMETRIC_REPRESENTATION_CONTEXT() REPRESENTATION_CONTEXT('2D SPACE',''
  ) );
#9773 = PCURVE('',#8064,#9774);
#9774 = DEFINITIONAL_REPRESENTATION('',(#9775),#9779);
#9775 = LINE('',#9776,#9777);
#9776 = CARTESIAN_POINT('',(-0.,0.));
#9777 = VECTOR('',#9778,1.);
#9778 = DIRECTION('',(-0.,-1.));
#9779 = ( GEOMETRIC_REPRESENTATION_CONTEXT(2) 
PARAMETRIC_REPRESENTATION_CONTEXT() REPRESENTATION_CONTEXT('2D SPACE',''
  ) );
#9780 = ADVANCED_FACE('',(#9781),#8064,.F.);
#9781 = FACE_BOUND('',#9782,.T.);
#9782 = EDGE_LOOP('',(#9783,#9784,#9785,#9786));
#9783 = ORIENTED_EDGE('',*,*,#8050,.F.);
#9784 = ORIENTED_EDGE('',*,*,#9760,.T.);
#9785 = ORIENTED_EDGE('',*,*,#9679,.F.);
#9786 = ORIENTED_EDGE('',*,*,#8761,.F.);
#9787 = ADVANCED_FACE('',(#9788),#8096,.F.);
#9788 = FACE_BOUND('',#9789,.F.);
#9789 = EDGE_LOOP('',(#9790,#9791,#9812,#9813));
#9790 = ORIENTED_EDGE('',*,*,#8078,.T.);
#9791 = ORIENTED_EDGE('',*,*,#9792,.T.);
#9792 = EDGE_CURVE('',#8081,#9430,#9793,.T.);
#9793 = SURFACE_CURVE('',#9794,(#9798,#9805),.PCURVE_S1.);
#9794 = LINE('',#9795,#9796);
#9795 = CARTESIAN_POINT('',(1.5,-4.4,14.473426866159));
#9796 = VECTOR('',#9797,1.);
#9797 = DIRECTION('',(0.,0.,-1.));
#9798 = PCURVE('',#8096,#9799);
#9799 = DEFINITIONAL_REPRESENTATION('',(#9800),#9804);
#9800 = LINE('',#9801,#9802);
#9801 = CARTESIAN_POINT('',(0.,0.));
#9802 = VECTOR('',#9803,1.);
#9803 = DIRECTION('',(0.,-1.));
#9804 = ( GEOMETRIC_REPRESENTATION_CONTEXT(2) 
PARAMETRIC_REPRESENTATION_CONTEXT() REPRESENTATION_CONTEXT('2D SPACE',''
  ) );
#9805 = PCURVE('',#8124,#9806);
#9806 = DEFINITIONAL_REPRESENTATION('',(#9807),#9811);
#9807 = LINE('',#9808,#9809);
#9808 = CARTESIAN_POINT('',(9.173426866159,1.5));
#9809 = VECTOR('',#9810,1.);
#9810 = DIRECTION('',(-1.,0.));
#9811 = ( GEOMETRIC_REPRESENTATION_CONTEXT(2) 
PARAMETRIC_REPRESENTATION_CONTEXT() REPRESENTATION_CONTEXT('2D SPACE',''
  ) );
#9812 = ORIENTED_EDGE('',*,*,#9452,.T.);
#9813 = ORIENTED_EDGE('',*,*,#9814,.F.);
#9814 = EDGE_CURVE('',#8079,#9453,#9815,.T.);
#9815 = SURFACE_CURVE('',#9816,(#9820,#9827),.PCURVE_S1.);
#9816 = LINE('',#9817,#9818);
#9817 = CARTESIAN_POINT('',(1.5,-3.6,14.473426866159));
#9818 = VECTOR('',#9819,1.);
#9819 = DIRECTION('',(0.,0.,-1.));
#9820 = PCURVE('',#8096,#9821);
#9821 = DEFINITIONAL_REPRESENTATION('',(#9822),#9826);
#9822 = LINE('',#9823,#9824);
#9823 = CARTESIAN_POINT('',(0.8,0.));
#9824 = VECTOR('',#9825,1.);
#9825 = DIRECTION('',(0.,-1.));
#9826 = ( GEOMETRIC_REPRESENTATION_CONTEXT(2) 
PARAMETRIC_REPRESENTATION_CONTEXT() REPRESENTATION_CONTEXT('2D SPACE',''
  ) );
#9827 = PCURVE('',#8178,#9828);
#9828 = DEFINITIONAL_REPRESENTATION('',(#9829),#9833);
#9829 = LINE('',#9830,#9831);
#9830 = CARTESIAN_POINT('',(-9.173426866159,1.5));
#9831 = VECTOR('',#9832,1.);
#9832 = DIRECTION('',(1.,0.));
#9833 = ( GEOMETRIC_REPRESENTATION_CONTEXT(2) 
PARAMETRIC_REPRESENTATION_CONTEXT() REPRESENTATION_CONTEXT('2D SPACE',''
  ) );
#9834 = ADVANCED_FACE('',(#9835),#8124,.T.);
#9835 = FACE_BOUND('',#9836,.T.);
#9836 = EDGE_LOOP('',(#9837,#9838,#9839,#9840));
#9837 = ORIENTED_EDGE('',*,*,#8108,.F.);
#9838 = ORIENTED_EDGE('',*,*,#9792,.T.);
#9839 = ORIENTED_EDGE('',*,*,#9427,.F.);
#9840 = ORIENTED_EDGE('',*,*,#9841,.F.);
#9841 = EDGE_CURVE('',#8109,#9428,#9842,.T.);
#9842 = SURFACE_CURVE('',#9843,(#9847,#9854),.PCURVE_S1.);
#9843 = LINE('',#9844,#9845);
#9844 = CARTESIAN_POINT('',(-1.5,-4.4,14.473426866159));
#9845 = VECTOR('',#9846,1.);
#9846 = DIRECTION('',(0.,0.,-1.));
#9847 = PCURVE('',#8124,#9848);
#9848 = DEFINITIONAL_REPRESENTATION('',(#9849),#9853);
#9849 = LINE('',#9850,#9851);
#9850 = CARTESIAN_POINT('',(9.173426866159,-1.5));
#9851 = VECTOR('',#9852,1.);
#9852 = DIRECTION('',(-1.,0.));
#9853 = ( GEOMETRIC_REPRESENTATION_CONTEXT(2) 
PARAMETRIC_REPRESENTATION_CONTEXT() REPRESENTATION_CONTEXT('2D SPACE',''
  ) );
#9854 = PCURVE('',#8152,#9855);
#9855 = DEFINITIONAL_REPRESENTATION('',(#9856),#9860);
#9856 = LINE('',#9857,#9858);
#9857 = CARTESIAN_POINT('',(-0.,0.));
#9858 = VECTOR('',#9859,1.);
#9859 = DIRECTION('',(-0.,-1.));
#9860 = ( GEOMETRIC_REPRESENTATION_CONTEXT(2) 
PARAMETRIC_REPRESENTATION_CONTEXT() REPRESENTATION_CONTEXT('2D SPACE',''
  ) );
#9861 = ADVANCED_FACE('',(#9862),#8152,.F.);
#9862 = FACE_BOUND('',#9863,.T.);
#9863 = EDGE_LOOP('',(#9864,#9865,#9866,#9867));
#9864 = ORIENTED_EDGE('',*,*,#8136,.F.);
#9865 = ORIENTED_EDGE('',*,*,#9841,.T.);
#9866 = ORIENTED_EDGE('',*,*,#9498,.F.);
#9867 = ORIENTED_EDGE('',*,*,#9868,.F.);
#9868 = EDGE_CURVE('',#8137,#9476,#9869,.T.);
#9869 = SURFACE_CURVE('',#9870,(#9874,#9881),.PCURVE_S1.);
#9870 = LINE('',#9871,#9872);
#9871 = CARTESIAN_POINT('',(-1.5,-3.6,14.473426866159));
#9872 = VECTOR('',#9873,1.);
#9873 = DIRECTION('',(0.,0.,-1.));
#9874 = PCURVE('',#8152,#9875);
#9875 = DEFINITIONAL_REPRESENTATION('',(#9876),#9880);
#9876 = LINE('',#9877,#9878);
#9877 = CARTESIAN_POINT('',(-0.8,0.));
#9878 = VECTOR('',#9879,1.);
#9879 = DIRECTION('',(-0.,-1.));
#9880 = ( GEOMETRIC_REPRESENTATION_CONTEXT(2) 
PARAMETRIC_REPRESENTATION_CONTEXT() REPRESENTATION_CONTEXT('2D SPACE',''
  ) );
#9881 = PCURVE('',#8178,#9882);
#9882 = DEFINITIONAL_REPRESENTATION('',(#9883),#9887);
#9883 = LINE('',#9884,#9885);
#9884 = CARTESIAN_POINT('',(-9.173426866159,-1.5));
#9885 = VECTOR('',#9886,1.);
#9886 = DIRECTION('',(1.,0.));
#9887 = ( GEOMETRIC_REPRESENTATION_CONTEXT(2) 
PARAMETRIC_REPRESENTATION_CONTEXT() REPRESENTATION_CONTEXT('2D SPACE',''
  ) );
#9888 = ADVANCED_FACE('',(#9889),#8178,.T.);
#9889 = FACE_BOUND('',#9890,.T.);
#9890 = EDGE_LOOP('',(#9891,#9892,#9893,#9894));
#9891 = ORIENTED_EDGE('',*,*,#8164,.F.);
#9892 = ORIENTED_EDGE('',*,*,#9868,.T.);
#9893 = ORIENTED_EDGE('',*,*,#9475,.F.);
#9894 = ORIENTED_EDGE('',*,*,#9814,.F.);
#9895 = ADVANCED_FACE('',(#9896),#9540,.T.);
#9896 = FACE_BOUND('',#9897,.T.);
#9897 = EDGE_LOOP('',(#9898,#9899,#9900,#9922,#9951,#9979,#10003,#10029,
    #10030,#10031));
#9898 = ORIENTED_EDGE('',*,*,#9604,.F.);
#9899 = ORIENTED_EDGE('',*,*,#9580,.T.);
#9900 = ORIENTED_EDGE('',*,*,#9901,.T.);
#9901 = EDGE_CURVE('',#9553,#9902,#9904,.T.);
#9902 = VERTEX_POINT('',#9903);
#9903 = CARTESIAN_POINT('',(-2.5,0.,0.));
#9904 = SEAM_CURVE('',#9905,(#9908,#9915),.PCURVE_S1.);
#9905 = B_SPLINE_CURVE_WITH_KNOTS('',1,(#9906,#9907),.UNSPECIFIED.,.F.,
  .F.,(2,2),(-4.3,0.),.PIECEWISE_BEZIER_KNOTS.);
#9906 = CARTESIAN_POINT('',(-2.5,0.,4.3));
#9907 = CARTESIAN_POINT('',(-2.5,0.,0.));
#9908 = PCURVE('',#9540,#9909);
#9909 = DEFINITIONAL_REPRESENTATION('',(#9910),#9914);
#9910 = LINE('',#9911,#9912);
#9911 = CARTESIAN_POINT('',(6.28318530718,0.));
#9912 = VECTOR('',#9913,1.);
#9913 = DIRECTION('',(0.,1.));
#9914 = ( GEOMETRIC_REPRESENTATION_CONTEXT(2) 
PARAMETRIC_REPRESENTATION_CONTEXT() REPRESENTATION_CONTEXT('2D SPACE',''
  ) );
#9915 = PCURVE('',#9540,#9916);
#9916 = DEFINITIONAL_REPRESENTATION('',(#9917),#9921);
#9917 = LINE('',#9918,#9919);
#9918 = CARTESIAN_POINT('',(0.,0.));
#9919 = VECTOR('',#9920,1.);
#9920 = DIRECTION('',(0.,1.));
#9921 = ( GEOMETRIC_REPRESENTATION_CONTEXT(2) 
PARAMETRIC_REPRESENTATION_CONTEXT() REPRESENTATION_CONTEXT('2D SPACE',''
  ) );
#9922 = ORIENTED_EDGE('',*,*,#9923,.F.);
#9923 = EDGE_CURVE('',#9924,#9902,#9926,.T.);
#9924 = VERTEX_POINT('',#9925);
#9925 = CARTESIAN_POINT('',(0.,-2.5,0.));
#9926 = SURFACE_CURVE('',#9927,(#9932,#9939),.PCURVE_S1.);
#9927 = CIRCLE('',#9928,2.5);
#9928 = AXIS2_PLACEMENT_3D('',#9929,#9930,#9931);
#9929 = CARTESIAN_POINT('',(0.,0.,0.));
#9930 = DIRECTION('',(0.,0.,-1.));
#9931 = DIRECTION('',(1.,0.,0.));
#9932 = PCURVE('',#9540,#9933);
#9933 = DEFINITIONAL_REPRESENTATION('',(#9934),#9938);
#9934 = LINE('',#9935,#9936);
#9935 = CARTESIAN_POINT('',(3.14159265359,0.));
#9936 = VECTOR('',#9937,1.);
#9937 = DIRECTION('',(1.,-0.));
#9938 = ( GEOMETRIC_REPRESENTATION_CONTEXT(2) 
PARAMETRIC_REPRESENTATION_CONTEXT() REPRESENTATION_CONTEXT('2D SPACE',''
  ) );
#9939 = PCURVE('',#9940,#9945);
#9940 = PLANE('',#9941);
#9941 = AXIS2_PLACEMENT_3D('',#9942,#9943,#9944);
#9942 = CARTESIAN_POINT('',(-3.E-17,-3.E-17,0.));
#9943 = DIRECTION('',(-0.,-0.,-1.));
#9944 = DIRECTION('',(-1.,0.,0.));
#9945 = DEFINITIONAL_REPRESENTATION('',(#9946),#9950);
#9946 = CIRCLE('',#9947,2.5);
#9947 = AXIS2_PLACEMENT_2D('',#9948,#9949);
#9948 = CARTESIAN_POINT('',(-3.E-17,3.E-17));
#9949 = DIRECTION('',(-1.,0.));
#9950 = ( GEOMETRIC_REPRESENTATION_CONTEXT(2) 
PARAMETRIC_REPRESENTATION_CONTEXT() REPRESENTATION_CONTEXT('2D SPACE',''
  ) );
#9951 = ORIENTED_EDGE('',*,*,#9952,.T.);
#9952 = EDGE_CURVE('',#9924,#9953,#9955,.T.);
#9953 = VERTEX_POINT('',#9954);
#9954 = CARTESIAN_POINT('',(2.5,0.,0.));
#9955 = SURFACE_CURVE('',#9956,(#9961,#9968),.PCURVE_S1.);
#9956 = CIRCLE('',#9957,2.5);
#9957 = AXIS2_PLACEMENT_3D('',#9958,#9959,#9960);
#9958 = CARTESIAN_POINT('',(0.,0.,0.));
#9959 = DIRECTION('',(0.,0.,1.));
#9960 = DIRECTION('',(-1.,0.,0.));
#9961 = PCURVE('',#9540,#9962);
#9962 = DEFINITIONAL_REPRESENTATION('',(#9963),#9967);
#9963 = LINE('',#9964,#9965);
#9964 = CARTESIAN_POINT('',(6.28318530718,0.));
#9965 = VECTOR('',#9966,1.);
#9966 = DIRECTION('',(-1.,0.));
#9967 = ( GEOMETRIC_REPRESENTATION_CONTEXT(2) 
PARAMETRIC_REPRESENTATION_CONTEXT() REPRESENTATION_CONTEXT('2D SPACE',''
  ) );
#9968 = PCURVE('',#9940,#9969);
#9969 = DEFINITIONAL_REPRESENTATION('',(#9970),#9978);
#9970 = ( BOUNDED_CURVE() B_SPLINE_CURVE(2,(#9971,#9972,#9973,#9974,
#9975,#9976,#9977),.UNSPECIFIED.,.T.,.F.) B_SPLINE_CURVE_WITH_KNOTS((1,2
    ,2,2,2,1),(-2.094395102393,0.,2.094395102393,4.188790204786,
6.28318530718,8.377580409573),.UNSPECIFIED.) CURVE() 
GEOMETRIC_REPRESENTATION_ITEM() RATIONAL_B_SPLINE_CURVE((1.,0.5,1.,0.5,
1.,0.5,1.)) REPRESENTATION_ITEM('') );
#9971 = CARTESIAN_POINT('',(2.5,3.E-17));
#9972 = CARTESIAN_POINT('',(2.5,-4.330127018922));
#9973 = CARTESIAN_POINT('',(-1.25,-2.165063509461));
#9974 = CARTESIAN_POINT('',(-5.,-5.823233995737E-16));
#9975 = CARTESIAN_POINT('',(-1.25,2.165063509461));
#9976 = CARTESIAN_POINT('',(2.5,4.330127018922));
#9977 = CARTESIAN_POINT('',(2.5,3.E-17));
#9978 = ( GEOMETRIC_REPRESENTATION_CONTEXT(2) 
PARAMETRIC_REPRESENTATION_CONTEXT() REPRESENTATION_CONTEXT('2D SPACE',''
  ) );
#9979 = ORIENTED_EDGE('',*,*,#9980,.F.);
#9980 = EDGE_CURVE('',#9981,#9953,#9983,.T.);
#9981 = VERTEX_POINT('',#9982);
#9982 = CARTESIAN_POINT('',(0.,2.5,0.));
#9983 = SURFACE_CURVE('',#9984,(#9989,#9996),.PCURVE_S1.);
#9984 = CIRCLE('',#9985,2.5);
#9985 = AXIS2_PLACEMENT_3D('',#9986,#9987,#9988);
#9986 = CARTESIAN_POINT('',(0.,0.,0.));
#9987 = DIRECTION('',(0.,0.,-1.));
#9988 = DIRECTION('',(-1.,-0.,-0.));
#9989 = PCURVE('',#9540,#9990);
#9990 = DEFINITIONAL_REPRESENTATION('',(#9991),#9995);
#9991 = LINE('',#9992,#9993);
#9992 = CARTESIAN_POINT('',(0.,0.));
#9993 = VECTOR('',#9994,1.);
#9994 = DIRECTION('',(1.,0.));
#9995 = ( GEOMETRIC_REPRESENTATION_CONTEXT(2) 
PARAMETRIC_REPRESENTATION_CONTEXT() REPRESENTATION_CONTEXT('2D SPACE',''
  ) );
#9996 = PCURVE('',#9940,#9997);
#9997 = DEFINITIONAL_REPRESENTATION('',(#9998),#10002);
#9998 = CIRCLE('',#9999,2.5);
#9999 = AXIS2_PLACEMENT_2D('',#10000,#10001);
#10000 = CARTESIAN_POINT('',(-3.E-17,3.E-17));
#10001 = DIRECTION('',(1.,0.));
#10002 = ( GEOMETRIC_REPRESENTATION_CONTEXT(2) 
PARAMETRIC_REPRESENTATION_CONTEXT() REPRESENTATION_CONTEXT('2D SPACE',''
  ) );
#10003 = ORIENTED_EDGE('',*,*,#10004,.T.);
#10004 = EDGE_CURVE('',#9981,#9902,#10005,.T.);
#10005 = SURFACE_CURVE('',#10006,(#10011,#10018),.PCURVE_S1.);
#10006 = CIRCLE('',#10007,2.5);
#10007 = AXIS2_PLACEMENT_3D('',#10008,#10009,#10010);
#10008 = CARTESIAN_POINT('',(0.,0.,0.));
#10009 = DIRECTION('',(0.,0.,1.));
#10010 = DIRECTION('',(1.,0.,0.));
#10011 = PCURVE('',#9540,#10012);
#10012 = DEFINITIONAL_REPRESENTATION('',(#10013),#10017);
#10013 = LINE('',#10014,#10015);
#10014 = CARTESIAN_POINT('',(3.14159265359,0.));
#10015 = VECTOR('',#10016,1.);
#10016 = DIRECTION('',(-1.,0.));
#10017 = ( GEOMETRIC_REPRESENTATION_CONTEXT(2) 
PARAMETRIC_REPRESENTATION_CONTEXT() REPRESENTATION_CONTEXT('2D SPACE',''
  ) );
#10018 = PCURVE('',#9940,#10019);
#10019 = DEFINITIONAL_REPRESENTATION('',(#10020),#10028);
#10020 = ( BOUNDED_CURVE() B_SPLINE_CURVE(2,(#10021,#10022,#10023,#10024
    ,#10025,#10026,#10027),.UNSPECIFIED.,.T.,.F.) 
B_SPLINE_CURVE_WITH_KNOTS((1,2,2,2,2,1),(-2.094395102393,0.,
    2.094395102393,4.188790204786,6.28318530718,8.377580409573),
.UNSPECIFIED.) CURVE() GEOMETRIC_REPRESENTATION_ITEM() 
RATIONAL_B_SPLINE_CURVE((1.,0.5,1.,0.5,1.,0.5,1.)) REPRESENTATION_ITEM(
  '') );
#10021 = CARTESIAN_POINT('',(-2.5,3.E-17));
#10022 = CARTESIAN_POINT('',(-2.5,4.330127018922));
#10023 = CARTESIAN_POINT('',(1.25,2.165063509461));
#10024 = CARTESIAN_POINT('',(5.,6.423233995737E-16));
#10025 = CARTESIAN_POINT('',(1.25,-2.165063509461));
#10026 = CARTESIAN_POINT('',(-2.5,-4.330127018922));
#10027 = CARTESIAN_POINT('',(-2.5,3.E-17));
#10028 = ( GEOMETRIC_REPRESENTATION_CONTEXT(2) 
PARAMETRIC_REPRESENTATION_CONTEXT() REPRESENTATION_CONTEXT('2D SPACE',''
  ) );
#10029 = ORIENTED_EDGE('',*,*,#9901,.F.);
#10030 = ORIENTED_EDGE('',*,*,#9552,.F.);
#10031 = ORIENTED_EDGE('',*,*,#9521,.T.);
#10032 = ADVANCED_FACE('',(#10033),#8665,.T.);
#10033 = FACE_BOUND('',#10034,.T.);
#10034 = EDGE_LOOP('',(#10035,#10036,#10037,#10038));
#10035 = ORIENTED_EDGE('',*,*,#8705,.F.);
#10036 = ORIENTED_EDGE('',*,*,#8733,.T.);
#10037 = ORIENTED_EDGE('',*,*,#8648,.F.);
#10038 = ORIENTED_EDGE('',*,*,#8681,.T.);
#10039 = ADVANCED_FACE('',(#10040),#9940,.T.);
#10040 = FACE_BOUND('',#10041,.T.);
#10041 = EDGE_LOOP('',(#10042,#10043,#10044,#10045));
#10042 = ORIENTED_EDGE('',*,*,#9980,.T.);
#10043 = ORIENTED_EDGE('',*,*,#9952,.F.);
#10044 = ORIENTED_EDGE('',*,*,#9923,.T.);
#10045 = ORIENTED_EDGE('',*,*,#10004,.F.);
#10046 = ADVANCED_FACE('',(#10047,#10081),#5288,.T.);
#10047 = FACE_BOUND('',#10048,.T.);
#10048 = EDGE_LOOP('',(#10049,#10050,#10051,#10052,#10053,#10054,#10055,
    #10056,#10057,#10058,#10059,#10060,#10061,#10062,#10063,#10064,
    #10065,#10066,#10067,#10068,#10069,#10070,#10071,#10072,#10073,
    #10074,#10075,#10076,#10077,#10078,#10079,#10080));
#10049 = ORIENTED_EDGE('',*,*,#5841,.F.);
#10050 = ORIENTED_EDGE('',*,*,#5359,.T.);
#10051 = ORIENTED_EDGE('',*,*,#5274,.T.);
#10052 = ORIENTED_EDGE('',*,*,#5712,.T.);
#10053 = ORIENTED_EDGE('',*,*,#7677,.T.);
#10054 = ORIENTED_EDGE('',*,*,#7630,.T.);
#10055 = ORIENTED_EDGE('',*,*,#7559,.T.);
#10056 = ORIENTED_EDGE('',*,*,#5605,.T.);
#10057 = ORIENTED_EDGE('',*,*,#7483,.F.);
#10058 = ORIENTED_EDGE('',*,*,#8599,.F.);
#10059 = ORIENTED_EDGE('',*,*,#7412,.F.);
#10060 = ORIENTED_EDGE('',*,*,#5498,.T.);
#10061 = ORIENTED_EDGE('',*,*,#7336,.F.);
#10062 = ORIENTED_EDGE('',*,*,#7266,.F.);
#10063 = ORIENTED_EDGE('',*,*,#5948,.T.);
#10064 = ORIENTED_EDGE('',*,*,#7218,.T.);
#10065 = ORIENTED_EDGE('',*,*,#6303,.F.);
#10066 = ORIENTED_EDGE('',*,*,#7170,.T.);
#10067 = ORIENTED_EDGE('',*,*,#7124,.T.);
#10068 = ORIENTED_EDGE('',*,*,#6774,.T.);
#10069 = ORIENTED_EDGE('',*,*,#8440,.T.);
#10070 = ORIENTED_EDGE('',*,*,#8572,.T.);
#10071 = ORIENTED_EDGE('',*,*,#8538,.T.);
#10072 = ORIENTED_EDGE('',*,*,#6667,.T.);
#10073 = ORIENTED_EDGE('',*,*,#7053,.F.);
#10074 = ORIENTED_EDGE('',*,*,#7006,.F.);
#10075 = ORIENTED_EDGE('',*,*,#6935,.F.);
#10076 = ORIENTED_EDGE('',*,*,#6560,.T.);
#10077 = ORIENTED_EDGE('',*,*,#6506,.F.);
#10078 = ORIENTED_EDGE('',*,*,#6398,.F.);
#10079 = ORIENTED_EDGE('',*,*,#6134,.T.);
#10080 = ORIENTED_EDGE('',*,*,#6059,.T.);
#10081 = FACE_BOUND('',#10082,.T.);
#10082 = EDGE_LOOP('',(#10083,#10084,#10085,#10086,#10087,#10088,#10089,
    #10090));
#10083 = ORIENTED_EDGE('',*,*,#8871,.T.);
#10084 = ORIENTED_EDGE('',*,*,#9326,.T.);
#10085 = ORIENTED_EDGE('',*,*,#9703,.T.);
#10086 = ORIENTED_EDGE('',*,*,#9274,.F.);
#10087 = ORIENTED_EDGE('',*,*,#9174,.F.);
#10088 = ORIENTED_EDGE('',*,*,#9098,.F.);
#10089 = ORIENTED_EDGE('',*,*,#9022,.T.);
#10090 = ORIENTED_EDGE('',*,*,#8998,.F.);
#10091 = ( GEOMETRIC_REPRESENTATION_CONTEXT(3) 
GLOBAL_UNCERTAINTY_ASSIGNED_CONTEXT((#10095)) 
GLOBAL_UNIT_ASSIGNED_CONTEXT((#10092,#10093,#10094)) 
REPRESENTATION_CONTEXT('Context #1',
  '3D Context with UNIT and UNCERTAINTY') );
#10092 = ( LENGTH_UNIT() NAMED_UNIT(*) SI_UNIT(.MILLI.,.METRE.) );
#10093 = ( NAMED_UNIT(*) PLANE_ANGLE_UNIT() SI_UNIT($,.RADIAN.) );
#10094 = ( NAMED_UNIT(*) SI_UNIT($,.STERADIAN.) SOLID_ANGLE_UNIT() );
#10095 = UNCERTAINTY_MEASURE_WITH_UNIT(LENGTH_MEASURE(5.E-06),#10092,
  'distance_accuracy_value','confusion accuracy');
#10096 = SHAPE_DEFINITION_REPRESENTATION(#10097,#5176);
#10097 = PRODUCT_DEFINITION_SHAPE('','',#10098);
#10098 = PRODUCT_DEFINITION('design','',#10099,#10102);
#10099 = PRODUCT_DEFINITION_FORMATION('','',#10100);
#10100 = PRODUCT('Insulator','Insulator','',(#10101));
#10101 = PRODUCT_CONTEXT('',#2,'mechanical');
#10102 = PRODUCT_DEFINITION_CONTEXT('part definition',#2,'design');
#10103 = CONTEXT_DEPENDENT_SHAPE_REPRESENTATION(#10104,#10106);
#10104 = ( REPRESENTATION_RELATIONSHIP('','',#5176,#5162) 
REPRESENTATION_RELATIONSHIP_WITH_TRANSFORMATION(#10105) 
SHAPE_REPRESENTATION_RELATIONSHIP() );
#10105 = ITEM_DEFINED_TRANSFORMATION('','',#11,#5163);
#10106 = PRODUCT_DEFINITION_SHAPE('Placement','Placement of an item',
  #10107);
#10107 = NEXT_ASSEMBLY_USAGE_OCCURRENCE('22','0','',#5157,#10098,$);
#10108 = PRODUCT_RELATED_PRODUCT_CATEGORY('part',$,(#10100));
#10109 = CONTEXT_DEPENDENT_SHAPE_REPRESENTATION(#10110,#10112);
#10110 = ( REPRESENTATION_RELATIONSHIP('','',#5176,#5162) 
REPRESENTATION_RELATIONSHIP_WITH_TRANSFORMATION(#10111) 
SHAPE_REPRESENTATION_RELATIONSHIP() );
#10111 = ITEM_DEFINED_TRANSFORMATION('','',#11,#5167);
#10112 = PRODUCT_DEFINITION_SHAPE('Placement','Placement of an item',
  #10113);
#10113 = NEXT_ASSEMBLY_USAGE_OCCURRENCE('23','1','',#5157,#10098,$);
#10114 = CONTEXT_DEPENDENT_SHAPE_REPRESENTATION(#10115,#10117);
#10115 = ( REPRESENTATION_RELATIONSHIP('','',#5162,#10) 
REPRESENTATION_RELATIONSHIP_WITH_TRANSFORMATION(#10116) 
SHAPE_REPRESENTATION_RELATIONSHIP() );
#10116 = ITEM_DEFINED_TRANSFORMATION('','',#11,#27);
#10117 = PRODUCT_DEFINITION_SHAPE('Placement','Placement of an item',
  #10118);
#10118 = NEXT_ASSEMBLY_USAGE_OCCURRENCE('24','InsulatorArray','',#5,
  #5157,$);
#10119 = PRODUCT_RELATED_PRODUCT_CATEGORY('part',$,(#5159));
#10120 = MECHANICAL_DESIGN_GEOMETRIC_PRESENTATION_REPRESENTATION('',(
    #10121),#4341);
#10121 = STYLED_ITEM('color',(#10122),#2118);
#10122 = PRESENTATION_STYLE_ASSIGNMENT((#10123,#10129));
#10123 = SURFACE_STYLE_USAGE(.BOTH.,#10124);
#10124 = SURFACE_SIDE_STYLE('',(#10125));
#10125 = SURFACE_STYLE_FILL_AREA(#10126);
#10126 = FILL_AREA_STYLE('',(#10127));
#10127 = FILL_AREA_STYLE_COLOUR('',#10128);
#10128 = COLOUR_RGB('',0.800000010877,0.800000010877,0.800000010877);
#10129 = CURVE_STYLE('',#10130,POSITIVE_LENGTH_MEASURE(0.1),#10131);
#10130 = DRAUGHTING_PRE_DEFINED_CURVE_FONT('continuous');
#10131 = COLOUR_RGB('',9.803921802644E-02,9.803921802644E-02,
  9.803921802644E-02);
#10132 = MECHANICAL_DESIGN_GEOMETRIC_PRESENTATION_REPRESENTATION('',(
    #10133),#5126);
#10133 = STYLED_ITEM('color',(#10134),#4392);
#10134 = PRESENTATION_STYLE_ASSIGNMENT((#10135,#10140));
#10135 = SURFACE_STYLE_USAGE(.BOTH.,#10136);
#10136 = SURFACE_SIDE_STYLE('',(#10137));
#10137 = SURFACE_STYLE_FILL_AREA(#10138);
#10138 = FILL_AREA_STYLE('',(#10139));
#10139 = FILL_AREA_STYLE_COLOUR('',#10128);
#10140 = CURVE_STYLE('',#10141,POSITIVE_LENGTH_MEASURE(0.1),#10131);
#10141 = DRAUGHTING_PRE_DEFINED_CURVE_FONT('continuous');
#10142 = MECHANICAL_DESIGN_GEOMETRIC_PRESENTATION_REPRESENTATION('',(
    #10143),#10091);
#10143 = STYLED_ITEM('color',(#10144),#5177);
#10144 = PRESENTATION_STYLE_ASSIGNMENT((#10145,#10151));
#10145 = SURFACE_STYLE_USAGE(.BOTH.,#10146);
#10146 = SURFACE_SIDE_STYLE('',(#10147));
#10147 = SURFACE_STYLE_FILL_AREA(#10148);
#10148 = FILL_AREA_STYLE('',(#10149));
#10149 = FILL_AREA_STYLE_COLOUR('',#10150);
#10150 = COLOUR_RGB('',0.219607846375,0.239215688916,0.317647072818);
#10151 = CURVE_STYLE('',#10152,POSITIVE_LENGTH_MEASURE(0.1),#10131);
#10152 = DRAUGHTING_PRE_DEFINED_CURVE_FONT('continuous');
#10153 = MECHANICAL_DESIGN_GEOMETRIC_PRESENTATION_REPRESENTATION('',(
    #10154),#2067);
#10154 = STYLED_ITEM('color',(#10155),#59);
#10155 = PRESENTATION_STYLE_ASSIGNMENT((#10156,#10161));
#10156 = SURFACE_STYLE_USAGE(.BOTH.,#10157);
#10157 = SURFACE_SIDE_STYLE('',(#10158));
#10158 = SURFACE_STYLE_FILL_AREA(#10159);
#10159 = FILL_AREA_STYLE('',(#10160));
#10160 = FILL_AREA_STYLE_COLOUR('',#10128);
#10161 = CURVE_STYLE('',#10162,POSITIVE_LENGTH_MEASURE(0.1),#10131);
#10162 = DRAUGHTING_PRE_DEFINED_CURVE_FONT('continuous');
ENDSEC;
END-ISO-10303-21;
