ISO-10303-21;
HEADER;
FILE_DESCRIPTION(('FreeCAD Model'),'2;1');
FILE_NAME('Open CASCADE Shape Model','2024-08-17T10:53:54',(''),(''),
  'Open CASCADE STEP processor 7.6','FreeCAD','Unknown');
FILE_SCHEMA(('AUTOMOTIVE_DESIGN { 1 0 10303 214 1 1 1 1 }'));
ENDSEC;
DATA;
#1 = APPLICATION_PROTOCOL_DEFINITION('international standard',
  'automotive_design',2000,#2);
#2 = APPLICATION_CONTEXT(
  'core data for automotive mechanical design processes');
#3 = SHAPE_DEFINITION_REPRESENTATION(#4,#10);
#4 = PRODUCT_DEFINITION_SHAPE('','',#5);
#5 = PRODUCT_DEFINITION('design','',#6,#9);
#6 = PRODUCT_DEFINITION_FORMATION('','',#7);
#7 = PRODUCT('KF8500','KF8500','',(#8));
#8 = PRODUCT_CONTEXT('',#2,'mechanical');
#9 = PRODUCT_DEFINITION_CONTEXT('part definition',#2,'design');
#10 = SHAPE_REPRESENTATION('',(#11,#15,#19,#23,#27),#31);
#11 = AXIS2_PLACEMENT_3D('',#12,#13,#14);
#12 = CARTESIAN_POINT('',(0.,0.,0.));
#13 = DIRECTION('',(0.,0.,1.));
#14 = DIRECTION('',(1.,0.,-0.));
#15 = AXIS2_PLACEMENT_3D('',#16,#17,#18);
#16 = CARTESIAN_POINT('',(0.,0.,0.));
#17 = DIRECTION('',(0.,0.,1.));
#18 = DIRECTION('',(1.,0.,0.));
#19 = AXIS2_PLACEMENT_3D('',#20,#21,#22);
#20 = CARTESIAN_POINT('',(0.,0.,8.4));
#21 = DIRECTION('',(0.,0.,1.));
#22 = DIRECTION('',(1.,0.,0.));
#23 = AXIS2_PLACEMENT_3D('',#24,#25,#26);
#24 = CARTESIAN_POINT('',(0.,0.,0.));
#25 = DIRECTION('',(0.,0.,1.));
#26 = DIRECTION('',(1.,0.,0.));
#27 = AXIS2_PLACEMENT_3D('',#28,#29,#30);
#28 = CARTESIAN_POINT('',(0.,0.,7.3));
#29 = DIRECTION('',(0.,0.,1.));
#30 = DIRECTION('',(1.,0.,0.));
#31 = ( GEOMETRIC_REPRESENTATION_CONTEXT(3) 
GLOBAL_UNCERTAINTY_ASSIGNED_CONTEXT((#35)) GLOBAL_UNIT_ASSIGNED_CONTEXT(
(#32,#33,#34)) REPRESENTATION_CONTEXT('Context #1',
  '3D Context with UNIT and UNCERTAINTY') );
#32 = ( LENGTH_UNIT() NAMED_UNIT(*) SI_UNIT(.MILLI.,.METRE.) );
#33 = ( NAMED_UNIT(*) PLANE_ANGLE_UNIT() SI_UNIT($,.RADIAN.) );
#34 = ( NAMED_UNIT(*) SI_UNIT($,.STERADIAN.) SOLID_ANGLE_UNIT() );
#35 = UNCERTAINTY_MEASURE_WITH_UNIT(LENGTH_MEASURE(2.E-06),#32,
  'distance_accuracy_value','confusion accuracy');
#36 = PRODUCT_RELATED_PRODUCT_CATEGORY('part',$,(#7));
#37 = ADVANCED_BREP_SHAPE_REPRESENTATION('',(#11,#38),#4952);
#38 = MANIFOLD_SOLID_BREP('',#39);
#39 = CLOSED_SHELL('',(#40,#160,#241,#593,#643,#698,#915,#991,#1231,
    #1307,#1388,#1740,#1816,#1887,#1934,#2005,#2052,#2099,#2170,#2217,
    #2293,#2364,#2440,#2511,#2558,#2565,#2592,#2642,#2669,#2696,#3050,
    #3057,#3107,#3156,#3184,#3211,#3238,#3245,#3321,#3370,#3419,#3426,
    #3453,#3480,#3617,#3693,#3803,#3879,#3955,#4031,#4107,#4183,#4254,
    #4560,#4587,#4614,#4641,#4648,#4695,#4722,#4749,#4756,#4893,#4900,
    #4907));
#40 = ADVANCED_FACE('',(#41),#55,.F.);
#41 = FACE_BOUND('',#42,.T.);
#42 = EDGE_LOOP('',(#43,#78,#106,#134));
#43 = ORIENTED_EDGE('',*,*,#44,.F.);
#44 = EDGE_CURVE('',#45,#47,#49,.T.);
#45 = VERTEX_POINT('',#46);
#46 = CARTESIAN_POINT('',(3.800000000001,6.000000000002,11.299999999999)
  );
#47 = VERTEX_POINT('',#48);
#48 = CARTESIAN_POINT('',(3.799999999999,6.,-1.108446667786E-12));
#49 = SURFACE_CURVE('',#50,(#54,#66),.PCURVE_S1.);
#50 = LINE('',#51,#52);
#51 = CARTESIAN_POINT('',(3.800000000001,6.000000000002,11.299999999999)
  );
#52 = VECTOR('',#53,1.);
#53 = DIRECTION('',(-1.13E-13,-1.13E-13,-1.));
#54 = PCURVE('',#55,#60);
#55 = PLANE('',#56);
#56 = AXIS2_PLACEMENT_3D('',#57,#58,#59);
#57 = CARTESIAN_POINT('',(3.600000000001,6.000000000002,11.299999999999)
  );
#58 = DIRECTION('',(1.1291E-13,-1.,1.1291E-13));
#59 = DIRECTION('',(1.1291E-13,1.1291E-13,1.));
#60 = DEFINITIONAL_REPRESENTATION('',(#61),#65);
#61 = LINE('',#62,#63);
#62 = CARTESIAN_POINT('',(-2.286995751601E-15,-0.2));
#63 = VECTOR('',#64,1.);
#64 = DIRECTION('',(-1.,9.000000000002E-17));
#65 = ( GEOMETRIC_REPRESENTATION_CONTEXT(2) 
PARAMETRIC_REPRESENTATION_CONTEXT() REPRESENTATION_CONTEXT('2D SPACE',''
  ) );
#66 = PCURVE('',#67,#72);
#67 = PLANE('',#68);
#68 = AXIS2_PLACEMENT_3D('',#69,#70,#71);
#69 = CARTESIAN_POINT('',(3.700000000001,5.900000000002,11.299999999999)
  );
#70 = DIRECTION('',(0.707106781187,-0.707106781186,-2.950209285296E-17)
  );
#71 = DIRECTION('',(-1.130208611299E-13,-1.129791388701E-13,-1.));
#72 = DEFINITIONAL_REPRESENTATION('',(#73),#77);
#73 = LINE('',#74,#75);
#74 = CARTESIAN_POINT('',(4.92638912202E-16,0.141421356237));
#75 = VECTOR('',#76,1.);
#76 = DIRECTION('',(1.,0.));
#77 = ( GEOMETRIC_REPRESENTATION_CONTEXT(2) 
PARAMETRIC_REPRESENTATION_CONTEXT() REPRESENTATION_CONTEXT('2D SPACE',''
  ) );
#78 = ORIENTED_EDGE('',*,*,#79,.T.);
#79 = EDGE_CURVE('',#45,#80,#82,.T.);
#80 = VERTEX_POINT('',#81);
#81 = CARTESIAN_POINT('',(4.250000000001,6.000000000002,11.299999999999)
  );
#82 = SURFACE_CURVE('',#83,(#87,#94),.PCURVE_S1.);
#83 = LINE('',#84,#85);
#84 = CARTESIAN_POINT('',(3.600000000001,6.000000000002,11.299999999999)
  );
#85 = VECTOR('',#86,1.);
#86 = DIRECTION('',(1.,1.1291E-13,-1.1291E-13));
#87 = PCURVE('',#55,#88);
#88 = DEFINITIONAL_REPRESENTATION('',(#89),#93);
#89 = LINE('',#90,#91);
#90 = CARTESIAN_POINT('',(0.,-0.));
#91 = VECTOR('',#92,1.);
#92 = DIRECTION('',(1.274799222837E-26,-1.));
#93 = ( GEOMETRIC_REPRESENTATION_CONTEXT(2) 
PARAMETRIC_REPRESENTATION_CONTEXT() REPRESENTATION_CONTEXT('2D SPACE',''
  ) );
#94 = PCURVE('',#95,#100);
#95 = CYLINDRICAL_SURFACE('',#96,1.);
#96 = AXIS2_PLACEMENT_3D('',#97,#98,#99);
#97 = CARTESIAN_POINT('',(3.600000000001,5.000000000002,11.299999999999)
  );
#98 = DIRECTION('',(-1.,-1.128E-13,1.1291E-13));
#99 = DIRECTION('',(-1.128E-13,1.,-1.1291E-13));
#100 = DEFINITIONAL_REPRESENTATION('',(#101),#105);
#101 = LINE('',#102,#103);
#102 = CARTESIAN_POINT('',(-1.0247E-13,0.));
#103 = VECTOR('',#104,1.);
#104 = DIRECTION('',(-0.,-1.));
#105 = ( GEOMETRIC_REPRESENTATION_CONTEXT(2) 
PARAMETRIC_REPRESENTATION_CONTEXT() REPRESENTATION_CONTEXT('2D SPACE',''
  ) );
#106 = ORIENTED_EDGE('',*,*,#107,.T.);
#107 = EDGE_CURVE('',#80,#108,#110,.T.);
#108 = VERTEX_POINT('',#109);
#109 = CARTESIAN_POINT('',(4.249999999999,6.,-1.157E-12));
#110 = SURFACE_CURVE('',#111,(#115,#122),.PCURVE_S1.);
#111 = LINE('',#112,#113);
#112 = CARTESIAN_POINT('',(4.250000000001,6.000000000002,11.299999999999
    ));
#113 = VECTOR('',#114,1.);
#114 = DIRECTION('',(-1.13E-13,-1.13E-13,-1.));
#115 = PCURVE('',#55,#116);
#116 = DEFINITIONAL_REPRESENTATION('',(#117),#121);
#117 = LINE('',#118,#119);
#118 = CARTESIAN_POINT('',(-1.215487254802E-15,-0.65));
#119 = VECTOR('',#120,1.);
#120 = DIRECTION('',(-1.,9.000000000002E-17));
#121 = ( GEOMETRIC_REPRESENTATION_CONTEXT(2) 
PARAMETRIC_REPRESENTATION_CONTEXT() REPRESENTATION_CONTEXT('2D SPACE',''
  ) );
#122 = PCURVE('',#123,#128);
#123 = PLANE('',#124);
#124 = AXIS2_PLACEMENT_3D('',#125,#126,#127);
#125 = CARTESIAN_POINT('',(4.25,1.187043322421E-17,6.031080959421));
#126 = DIRECTION('',(1.,-6.896681557722E-18,-1.136554314223E-13));
#127 = DIRECTION('',(1.136554314223E-13,0.,1.));
#128 = DEFINITIONAL_REPRESENTATION('',(#129),#133);
#129 = LINE('',#130,#131);
#130 = CARTESIAN_POINT('',(5.268919040578,-6.000000000002));
#131 = VECTOR('',#132,1.);
#132 = DIRECTION('',(-1.,1.13E-13));
#133 = ( GEOMETRIC_REPRESENTATION_CONTEXT(2) 
PARAMETRIC_REPRESENTATION_CONTEXT() REPRESENTATION_CONTEXT('2D SPACE',''
  ) );
#134 = ORIENTED_EDGE('',*,*,#135,.F.);
#135 = EDGE_CURVE('',#47,#108,#136,.T.);
#136 = SURFACE_CURVE('',#137,(#141,#148),.PCURVE_S1.);
#137 = LINE('',#138,#139);
#138 = CARTESIAN_POINT('',(3.599999999999,6.,-1.08393E-12));
#139 = VECTOR('',#140,1.);
#140 = DIRECTION('',(1.,1.1291E-13,-1.1291E-13));
#141 = PCURVE('',#55,#142);
#142 = DEFINITIONAL_REPRESENTATION('',(#143),#147);
#143 = LINE('',#144,#145);
#144 = CARTESIAN_POINT('',(-11.3,-1.470010078154E-17));
#145 = VECTOR('',#146,1.);
#146 = DIRECTION('',(1.274799222837E-26,-1.));
#147 = ( GEOMETRIC_REPRESENTATION_CONTEXT(2) 
PARAMETRIC_REPRESENTATION_CONTEXT() REPRESENTATION_CONTEXT('2D SPACE',''
  ) );
#148 = PCURVE('',#149,#154);
#149 = PLANE('',#150);
#150 = AXIS2_PLACEMENT_3D('',#151,#152,#153);
#151 = CARTESIAN_POINT('',(-0.146513304614,4.203400270736E-16,
    -2.671936703885E-13));
#152 = DIRECTION('',(-2.375692276957E-15,-8.76985275252E-29,-1.));
#153 = DIRECTION('',(-1.,0.,2.375692276957E-15));
#154 = DEFINITIONAL_REPRESENTATION('',(#155),#159);
#155 = LINE('',#156,#157);
#156 = CARTESIAN_POINT('',(-3.746513304613,6.));
#157 = VECTOR('',#158,1.);
#158 = DIRECTION('',(-1.,1.1291E-13));
#159 = ( GEOMETRIC_REPRESENTATION_CONTEXT(2) 
PARAMETRIC_REPRESENTATION_CONTEXT() REPRESENTATION_CONTEXT('2D SPACE',''
  ) );
#160 = ADVANCED_FACE('',(#161),#67,.F.);
#161 = FACE_BOUND('',#162,.F.);
#162 = EDGE_LOOP('',(#163,#191,#219,#240));
#163 = ORIENTED_EDGE('',*,*,#164,.F.);
#164 = EDGE_CURVE('',#165,#45,#167,.T.);
#165 = VERTEX_POINT('',#166);
#166 = CARTESIAN_POINT('',(3.600000000001,5.800000000002,11.299999999999
    ));
#167 = SURFACE_CURVE('',#168,(#172,#179),.PCURVE_S1.);
#168 = LINE('',#169,#170);
#169 = CARTESIAN_POINT('',(3.800000000001,6.000000000002,11.299999999999
    ));
#170 = VECTOR('',#171,1.);
#171 = DIRECTION('',(0.707106781186,0.707106781187,-8.748251084069E-14)
  );
#172 = PCURVE('',#67,#173);
#173 = DEFINITIONAL_REPRESENTATION('',(#174),#178);
#174 = LINE('',#175,#176);
#175 = CARTESIAN_POINT('',(4.92638912202E-16,0.141421356237));
#176 = VECTOR('',#177,1.);
#177 = DIRECTION('',(-7.232362170748E-14,1.));
#178 = ( GEOMETRIC_REPRESENTATION_CONTEXT(2) 
PARAMETRIC_REPRESENTATION_CONTEXT() REPRESENTATION_CONTEXT('2D SPACE',''
  ) );
#179 = PCURVE('',#180,#185);
#180 = CONICAL_SURFACE('',#181,1.,0.785398163397);
#181 = AXIS2_PLACEMENT_3D('',#182,#183,#184);
#182 = CARTESIAN_POINT('',(3.800000000001,5.000000000002,11.299999999999
    ));
#183 = DIRECTION('',(1.,1.1279E-13,-1.129E-13));
#184 = DIRECTION('',(1.129E-13,9.769962616701E-15,1.));
#185 = DEFINITIONAL_REPRESENTATION('',(#186),#190);
#186 = LINE('',#187,#188);
#187 = CARTESIAN_POINT('',(-1.570796326795,0.));
#188 = VECTOR('',#189,1.);
#189 = DIRECTION('',(-0.,1.));
#190 = ( GEOMETRIC_REPRESENTATION_CONTEXT(2) 
PARAMETRIC_REPRESENTATION_CONTEXT() REPRESENTATION_CONTEXT('2D SPACE',''
  ) );
#191 = ORIENTED_EDGE('',*,*,#192,.T.);
#192 = EDGE_CURVE('',#165,#193,#195,.T.);
#193 = VERTEX_POINT('',#194);
#194 = CARTESIAN_POINT('',(3.599999999999,5.8,-1.060485033122E-12));
#195 = SURFACE_CURVE('',#196,(#200,#207),.PCURVE_S1.);
#196 = LINE('',#197,#198);
#197 = CARTESIAN_POINT('',(3.600000000001,5.800000000002,11.299999999999
    ));
#198 = VECTOR('',#199,1.);
#199 = DIRECTION('',(-1.13E-13,-1.13E-13,-1.));
#200 = PCURVE('',#67,#201);
#201 = DEFINITIONAL_REPRESENTATION('',(#202),#206);
#202 = LINE('',#203,#204);
#203 = CARTESIAN_POINT('',(-4.92638912202E-16,-0.141421356237));
#204 = VECTOR('',#205,1.);
#205 = DIRECTION('',(1.,0.));
#206 = ( GEOMETRIC_REPRESENTATION_CONTEXT(2) 
PARAMETRIC_REPRESENTATION_CONTEXT() REPRESENTATION_CONTEXT('2D SPACE',''
  ) );
#207 = PCURVE('',#208,#213);
#208 = PLANE('',#209);
#209 = AXIS2_PLACEMENT_3D('',#210,#211,#212);
#210 = CARTESIAN_POINT('',(3.6,0.,6.548963197516));
#211 = DIRECTION('',(-1.,-1.610382206603E-19,1.089063506644E-13));
#212 = DIRECTION('',(-1.089063506644E-13,0.,-1.));
#213 = DEFINITIONAL_REPRESENTATION('',(#214),#218);
#214 = LINE('',#215,#216);
#215 = CARTESIAN_POINT('',(-4.751036802483,-5.800000000002));
#216 = VECTOR('',#217,1.);
#217 = DIRECTION('',(1.,1.13E-13));
#218 = ( GEOMETRIC_REPRESENTATION_CONTEXT(2) 
PARAMETRIC_REPRESENTATION_CONTEXT() REPRESENTATION_CONTEXT('2D SPACE',''
  ) );
#219 = ORIENTED_EDGE('',*,*,#220,.T.);
#220 = EDGE_CURVE('',#193,#47,#221,.T.);
#221 = SURFACE_CURVE('',#222,(#226,#233),.PCURVE_S1.);
#222 = LINE('',#223,#224);
#223 = CARTESIAN_POINT('',(2.58125,4.78125,-4.591288399941E-13));
#224 = VECTOR('',#225,1.);
#225 = DIRECTION('',(0.707106781186,0.707106781187,-1.409122393548E-13)
  );
#226 = PCURVE('',#67,#227);
#227 = DEFINITIONAL_REPRESENTATION('',(#228),#232);
#228 = LINE('',#229,#230);
#229 = CARTESIAN_POINT('',(11.3,-1.582151422905));
#230 = VECTOR('',#231,1.);
#231 = DIRECTION('',(-1.889389319332E-14,1.));
#232 = ( GEOMETRIC_REPRESENTATION_CONTEXT(2) 
PARAMETRIC_REPRESENTATION_CONTEXT() REPRESENTATION_CONTEXT('2D SPACE',''
  ) );
#233 = PCURVE('',#149,#234);
#234 = DEFINITIONAL_REPRESENTATION('',(#235),#239);
#235 = LINE('',#236,#237);
#236 = CARTESIAN_POINT('',(-2.727763304613,4.78125));
#237 = VECTOR('',#238,1.);
#238 = DIRECTION('',(-0.707106781186,0.707106781187));
#239 = ( GEOMETRIC_REPRESENTATION_CONTEXT(2) 
PARAMETRIC_REPRESENTATION_CONTEXT() REPRESENTATION_CONTEXT('2D SPACE',''
  ) );
#240 = ORIENTED_EDGE('',*,*,#44,.F.);
#241 = ADVANCED_FACE('',(#242),#123,.T.);
#242 = FACE_BOUND('',#243,.T.);
#243 = EDGE_LOOP('',(#244,#245,#269,#297,#330,#358,#381,#409,#437,#465,
    #488,#516,#544,#572));
#244 = ORIENTED_EDGE('',*,*,#107,.F.);
#245 = ORIENTED_EDGE('',*,*,#246,.T.);
#246 = EDGE_CURVE('',#80,#247,#249,.T.);
#247 = VERTEX_POINT('',#248);
#248 = CARTESIAN_POINT('',(4.250000000001,5.000000000002,12.299999999999
    ));
#249 = SURFACE_CURVE('',#250,(#255,#262),.PCURVE_S1.);
#250 = CIRCLE('',#251,1.);
#251 = AXIS2_PLACEMENT_3D('',#252,#253,#254);
#252 = CARTESIAN_POINT('',(4.250000000001,5.000000000002,11.299999999999
    ));
#253 = DIRECTION('',(1.,1.13E-13,-1.13E-13));
#254 = DIRECTION('',(-1.13E-13,1.,-1.13E-13));
#255 = PCURVE('',#123,#256);
#256 = DEFINITIONAL_REPRESENTATION('',(#257),#261);
#257 = CIRCLE('',#258,1.);
#258 = AXIS2_PLACEMENT_2D('',#259,#260);
#259 = CARTESIAN_POINT('',(5.268919040578,-5.000000000002));
#260 = DIRECTION('',(-1.13E-13,-1.));
#261 = ( GEOMETRIC_REPRESENTATION_CONTEXT(2) 
PARAMETRIC_REPRESENTATION_CONTEXT() REPRESENTATION_CONTEXT('2D SPACE',''
  ) );
#262 = PCURVE('',#95,#263);
#263 = DEFINITIONAL_REPRESENTATION('',(#264),#268);
#264 = LINE('',#265,#266);
#265 = CARTESIAN_POINT('',(-0.,-0.65));
#266 = VECTOR('',#267,1.);
#267 = DIRECTION('',(-1.,0.));
#268 = ( GEOMETRIC_REPRESENTATION_CONTEXT(2) 
PARAMETRIC_REPRESENTATION_CONTEXT() REPRESENTATION_CONTEXT('2D SPACE',''
  ) );
#269 = ORIENTED_EDGE('',*,*,#270,.F.);
#270 = EDGE_CURVE('',#271,#247,#273,.T.);
#271 = VERTEX_POINT('',#272);
#272 = CARTESIAN_POINT('',(4.250000000001,-5.000000000002,
    12.299999999999));
#273 = SURFACE_CURVE('',#274,(#278,#285),.PCURVE_S1.);
#274 = LINE('',#275,#276);
#275 = CARTESIAN_POINT('',(4.250000000001,1.8689E-12,12.3));
#276 = VECTOR('',#277,1.);
#277 = DIRECTION('',(-1.13E-13,1.,-1.13E-13));
#278 = PCURVE('',#123,#279);
#279 = DEFINITIONAL_REPRESENTATION('',(#280),#284);
#280 = LINE('',#281,#282);
#281 = CARTESIAN_POINT('',(6.268919040578,-1.868888129567E-12));
#282 = VECTOR('',#283,1.);
#283 = DIRECTION('',(-1.13E-13,-1.));
#284 = ( GEOMETRIC_REPRESENTATION_CONTEXT(2) 
PARAMETRIC_REPRESENTATION_CONTEXT() REPRESENTATION_CONTEXT('2D SPACE',''
  ) );
#285 = PCURVE('',#286,#291);
#286 = PLANE('',#287);
#287 = AXIS2_PLACEMENT_3D('',#288,#289,#290);
#288 = CARTESIAN_POINT('',(4.025000000001,-6.37448626579E-17,
    12.299999999999));
#289 = DIRECTION('',(1.105288700056E-13,-4.12443178676E-30,1.));
#290 = DIRECTION('',(1.,0.,-1.105288700056E-13));
#291 = DEFINITIONAL_REPRESENTATION('',(#292),#296);
#292 = LINE('',#293,#294);
#293 = CARTESIAN_POINT('',(0.225,1.868963744863E-12));
#294 = VECTOR('',#295,1.);
#295 = DIRECTION('',(-1.13E-13,1.));
#296 = ( GEOMETRIC_REPRESENTATION_CONTEXT(2) 
PARAMETRIC_REPRESENTATION_CONTEXT() REPRESENTATION_CONTEXT('2D SPACE',''
  ) );
#297 = ORIENTED_EDGE('',*,*,#298,.F.);
#298 = EDGE_CURVE('',#299,#271,#301,.T.);
#299 = VERTEX_POINT('',#300);
#300 = CARTESIAN_POINT('',(4.250000000001,-6.000000000002,
    11.299999999999));
#301 = SURFACE_CURVE('',#302,(#307,#318),.PCURVE_S1.);
#302 = CIRCLE('',#303,1.);
#303 = AXIS2_PLACEMENT_3D('',#304,#305,#306);
#304 = CARTESIAN_POINT('',(4.250000000001,-5.000000000002,
    11.299999999999));
#305 = DIRECTION('',(-1.,1.13E-13,1.13E-13));
#306 = DIRECTION('',(-1.13E-13,-1.,-1.13E-13));
#307 = PCURVE('',#123,#308);
#308 = DEFINITIONAL_REPRESENTATION('',(#309),#317);
#309 = ( BOUNDED_CURVE() B_SPLINE_CURVE(2,(#310,#311,#312,#313,#314,#315
,#316),.UNSPECIFIED.,.T.,.F.) B_SPLINE_CURVE_WITH_KNOTS((1,2,2,2,2,1),(
    -2.094395102393,0.,2.094395102393,4.188790204786,6.28318530718,
8.377580409573),.UNSPECIFIED.) CURVE() GEOMETRIC_REPRESENTATION_ITEM() 
RATIONAL_B_SPLINE_CURVE((1.,0.5,1.,0.5,1.,0.5,1.)) REPRESENTATION_ITEM(
  '') );
#310 = CARTESIAN_POINT('',(5.268919040578,6.000000000002));
#311 = CARTESIAN_POINT('',(7.000969848146,6.000000000002));
#312 = CARTESIAN_POINT('',(6.134944444362,4.500000000002));
#313 = CARTESIAN_POINT('',(5.268919040578,3.000000000002));
#314 = CARTESIAN_POINT('',(4.402893636793,4.500000000002));
#315 = CARTESIAN_POINT('',(3.536868233009,6.000000000002));
#316 = CARTESIAN_POINT('',(5.268919040578,6.000000000002));
#317 = ( GEOMETRIC_REPRESENTATION_CONTEXT(2) 
PARAMETRIC_REPRESENTATION_CONTEXT() REPRESENTATION_CONTEXT('2D SPACE',''
  ) );
#318 = PCURVE('',#319,#324);
#319 = CYLINDRICAL_SURFACE('',#320,1.);
#320 = AXIS2_PLACEMENT_3D('',#321,#322,#323);
#321 = CARTESIAN_POINT('',(3.600000000001,-5.000000000002,
    11.299999999999));
#322 = DIRECTION('',(-1.,1.128E-13,1.1291E-13));
#323 = DIRECTION('',(-1.128E-13,-1.,-1.1291E-13));
#324 = DEFINITIONAL_REPRESENTATION('',(#325),#329);
#325 = LINE('',#326,#327);
#326 = CARTESIAN_POINT('',(0.,-0.65));
#327 = VECTOR('',#328,1.);
#328 = DIRECTION('',(1.,0.));
#329 = ( GEOMETRIC_REPRESENTATION_CONTEXT(2) 
PARAMETRIC_REPRESENTATION_CONTEXT() REPRESENTATION_CONTEXT('2D SPACE',''
  ) );
#330 = ORIENTED_EDGE('',*,*,#331,.T.);
#331 = EDGE_CURVE('',#299,#332,#334,.T.);
#332 = VERTEX_POINT('',#333);
#333 = CARTESIAN_POINT('',(4.249999999999,-6.,-1.157E-12));
#334 = SURFACE_CURVE('',#335,(#339,#346),.PCURVE_S1.);
#335 = LINE('',#336,#337);
#336 = CARTESIAN_POINT('',(4.250000000001,-6.000000000002,
    11.299999999999));
#337 = VECTOR('',#338,1.);
#338 = DIRECTION('',(-1.13E-13,1.13E-13,-1.));
#339 = PCURVE('',#123,#340);
#340 = DEFINITIONAL_REPRESENTATION('',(#341),#345);
#341 = LINE('',#342,#343);
#342 = CARTESIAN_POINT('',(5.268919040578,6.000000000002));
#343 = VECTOR('',#344,1.);
#344 = DIRECTION('',(-1.,-1.13E-13));
#345 = ( GEOMETRIC_REPRESENTATION_CONTEXT(2) 
PARAMETRIC_REPRESENTATION_CONTEXT() REPRESENTATION_CONTEXT('2D SPACE',''
  ) );
#346 = PCURVE('',#347,#352);
#347 = PLANE('',#348);
#348 = AXIS2_PLACEMENT_3D('',#349,#350,#351);
#349 = CARTESIAN_POINT('',(3.600000000001,-6.000000000002,
    11.299999999999));
#350 = DIRECTION('',(1.1291E-13,1.,1.1291E-13));
#351 = DIRECTION('',(-1.1291E-13,1.1291E-13,-1.));
#352 = DEFINITIONAL_REPRESENTATION('',(#353),#357);
#353 = LINE('',#354,#355);
#354 = CARTESIAN_POINT('',(1.215487254802E-15,-0.65));
#355 = VECTOR('',#356,1.);
#356 = DIRECTION('',(1.,9.000000000002E-17));
#357 = ( GEOMETRIC_REPRESENTATION_CONTEXT(2) 
PARAMETRIC_REPRESENTATION_CONTEXT() REPRESENTATION_CONTEXT('2D SPACE',''
  ) );
#358 = ORIENTED_EDGE('',*,*,#359,.F.);
#359 = EDGE_CURVE('',#360,#332,#362,.T.);
#360 = VERTEX_POINT('',#361);
#361 = CARTESIAN_POINT('',(4.25,-4.416305717362,0.));
#362 = SURFACE_CURVE('',#363,(#367,#374),.PCURVE_S1.);
#363 = LINE('',#364,#365);
#364 = CARTESIAN_POINT('',(4.249999999999,6.,-1.157E-12));
#365 = VECTOR('',#366,1.);
#366 = DIRECTION('',(1.13E-13,-1.,1.13E-13));
#367 = PCURVE('',#123,#368);
#368 = DEFINITIONAL_REPRESENTATION('',(#369),#373);
#369 = LINE('',#370,#371);
#370 = CARTESIAN_POINT('',(-6.031080959422,-6.));
#371 = VECTOR('',#372,1.);
#372 = DIRECTION('',(1.13E-13,1.));
#373 = ( GEOMETRIC_REPRESENTATION_CONTEXT(2) 
PARAMETRIC_REPRESENTATION_CONTEXT() REPRESENTATION_CONTEXT('2D SPACE',''
  ) );
#374 = PCURVE('',#149,#375);
#375 = DEFINITIONAL_REPRESENTATION('',(#376),#380);
#376 = LINE('',#377,#378);
#377 = CARTESIAN_POINT('',(-4.396513304613,6.));
#378 = VECTOR('',#379,1.);
#379 = DIRECTION('',(-1.13E-13,-1.));
#380 = ( GEOMETRIC_REPRESENTATION_CONTEXT(2) 
PARAMETRIC_REPRESENTATION_CONTEXT() REPRESENTATION_CONTEXT('2D SPACE',''
  ) );
#381 = ORIENTED_EDGE('',*,*,#382,.T.);
#382 = EDGE_CURVE('',#360,#383,#385,.T.);
#383 = VERTEX_POINT('',#384);
#384 = CARTESIAN_POINT('',(4.25,-4.416305717362,6.));
#385 = SURFACE_CURVE('',#386,(#390,#397),.PCURVE_S1.);
#386 = LINE('',#387,#388);
#387 = CARTESIAN_POINT('',(4.25,-4.416305717362,0.));
#388 = VECTOR('',#389,1.);
#389 = DIRECTION('',(0.,0.,1.));
#390 = PCURVE('',#123,#391);
#391 = DEFINITIONAL_REPRESENTATION('',(#392),#396);
#392 = LINE('',#393,#394);
#393 = CARTESIAN_POINT('',(-6.031080959421,4.416305717362));
#394 = VECTOR('',#395,1.);
#395 = DIRECTION('',(1.,7.83845317825E-31));
#396 = ( GEOMETRIC_REPRESENTATION_CONTEXT(2) 
PARAMETRIC_REPRESENTATION_CONTEXT() REPRESENTATION_CONTEXT('2D SPACE',''
  ) );
#397 = PCURVE('',#398,#403);
#398 = PLANE('',#399);
#399 = AXIS2_PLACEMENT_3D('',#400,#401,#402);
#400 = CARTESIAN_POINT('',(4.25,-4.416305717362,0.));
#401 = DIRECTION('',(-0.173648177667,0.984807753012,0.));
#402 = DIRECTION('',(0.984807753012,0.173648177667,0.));
#403 = DEFINITIONAL_REPRESENTATION('',(#404),#408);
#404 = LINE('',#405,#406);
#405 = CARTESIAN_POINT('',(-0.,-0.));
#406 = VECTOR('',#407,1.);
#407 = DIRECTION('',(-0.,-1.));
#408 = ( GEOMETRIC_REPRESENTATION_CONTEXT(2) 
PARAMETRIC_REPRESENTATION_CONTEXT() REPRESENTATION_CONTEXT('2D SPACE',''
  ) );
#409 = ORIENTED_EDGE('',*,*,#410,.F.);
#410 = EDGE_CURVE('',#411,#383,#413,.T.);
#411 = VERTEX_POINT('',#412);
#412 = CARTESIAN_POINT('',(4.25,-3.583694282638,6.));
#413 = SURFACE_CURVE('',#414,(#418,#425),.PCURVE_S1.);
#414 = LINE('',#415,#416);
#415 = CARTESIAN_POINT('',(4.25,-3.583694282638,6.));
#416 = VECTOR('',#417,1.);
#417 = DIRECTION('',(-0.,-1.,-0.));
#418 = PCURVE('',#123,#419);
#419 = DEFINITIONAL_REPRESENTATION('',(#420),#424);
#420 = LINE('',#421,#422);
#421 = CARTESIAN_POINT('',(-3.108095942134E-02,3.583694282638));
#422 = VECTOR('',#423,1.);
#423 = DIRECTION('',(0.,1.));
#424 = ( GEOMETRIC_REPRESENTATION_CONTEXT(2) 
PARAMETRIC_REPRESENTATION_CONTEXT() REPRESENTATION_CONTEXT('2D SPACE',''
  ) );
#425 = PCURVE('',#426,#431);
#426 = PLANE('',#427);
#427 = AXIS2_PLACEMENT_3D('',#428,#429,#430);
#428 = CARTESIAN_POINT('',(3.762516893523,-4.,6.));
#429 = DIRECTION('',(0.,0.,1.));
#430 = DIRECTION('',(-1.,-0.,-0.));
#431 = DEFINITIONAL_REPRESENTATION('',(#432),#436);
#432 = LINE('',#433,#434);
#433 = CARTESIAN_POINT('',(-0.487483106477,-0.416305717362));
#434 = VECTOR('',#435,1.);
#435 = DIRECTION('',(-0.,1.));
#436 = ( GEOMETRIC_REPRESENTATION_CONTEXT(2) 
PARAMETRIC_REPRESENTATION_CONTEXT() REPRESENTATION_CONTEXT('2D SPACE',''
  ) );
#437 = ORIENTED_EDGE('',*,*,#438,.F.);
#438 = EDGE_CURVE('',#439,#411,#441,.T.);
#439 = VERTEX_POINT('',#440);
#440 = CARTESIAN_POINT('',(4.25,-3.583694282638,0.));
#441 = SURFACE_CURVE('',#442,(#446,#453),.PCURVE_S1.);
#442 = LINE('',#443,#444);
#443 = CARTESIAN_POINT('',(4.25,-3.583694282638,0.));
#444 = VECTOR('',#445,1.);
#445 = DIRECTION('',(0.,0.,1.));
#446 = PCURVE('',#123,#447);
#447 = DEFINITIONAL_REPRESENTATION('',(#448),#452);
#448 = LINE('',#449,#450);
#449 = CARTESIAN_POINT('',(-6.031080959421,3.583694282638));
#450 = VECTOR('',#451,1.);
#451 = DIRECTION('',(1.,7.83845317825E-31));
#452 = ( GEOMETRIC_REPRESENTATION_CONTEXT(2) 
PARAMETRIC_REPRESENTATION_CONTEXT() REPRESENTATION_CONTEXT('2D SPACE',''
  ) );
#453 = PCURVE('',#454,#459);
#454 = PLANE('',#455);
#455 = AXIS2_PLACEMENT_3D('',#456,#457,#458);
#456 = CARTESIAN_POINT('',(3.35,-3.425,0.));
#457 = DIRECTION('',(-0.173648177667,-0.984807753012,-0.));
#458 = DIRECTION('',(-0.984807753012,0.173648177667,0.));
#459 = DEFINITIONAL_REPRESENTATION('',(#460),#464);
#460 = LINE('',#461,#462);
#461 = CARTESIAN_POINT('',(-0.913883950697,0.));
#462 = VECTOR('',#463,1.);
#463 = DIRECTION('',(-0.,-1.));
#464 = ( GEOMETRIC_REPRESENTATION_CONTEXT(2) 
PARAMETRIC_REPRESENTATION_CONTEXT() REPRESENTATION_CONTEXT('2D SPACE',''
  ) );
#465 = ORIENTED_EDGE('',*,*,#466,.F.);
#466 = EDGE_CURVE('',#467,#439,#469,.T.);
#467 = VERTEX_POINT('',#468);
#468 = CARTESIAN_POINT('',(4.25,3.583694282638,0.));
#469 = SURFACE_CURVE('',#470,(#474,#481),.PCURVE_S1.);
#470 = LINE('',#471,#472);
#471 = CARTESIAN_POINT('',(4.249999999999,6.,-1.157E-12));
#472 = VECTOR('',#473,1.);
#473 = DIRECTION('',(1.13E-13,-1.,1.13E-13));
#474 = PCURVE('',#123,#475);
#475 = DEFINITIONAL_REPRESENTATION('',(#476),#480);
#476 = LINE('',#477,#478);
#477 = CARTESIAN_POINT('',(-6.031080959422,-6.));
#478 = VECTOR('',#479,1.);
#479 = DIRECTION('',(1.13E-13,1.));
#480 = ( GEOMETRIC_REPRESENTATION_CONTEXT(2) 
PARAMETRIC_REPRESENTATION_CONTEXT() REPRESENTATION_CONTEXT('2D SPACE',''
  ) );
#481 = PCURVE('',#149,#482);
#482 = DEFINITIONAL_REPRESENTATION('',(#483),#487);
#483 = LINE('',#484,#485);
#484 = CARTESIAN_POINT('',(-4.396513304613,6.));
#485 = VECTOR('',#486,1.);
#486 = DIRECTION('',(-1.13E-13,-1.));
#487 = ( GEOMETRIC_REPRESENTATION_CONTEXT(2) 
PARAMETRIC_REPRESENTATION_CONTEXT() REPRESENTATION_CONTEXT('2D SPACE',''
  ) );
#488 = ORIENTED_EDGE('',*,*,#489,.T.);
#489 = EDGE_CURVE('',#467,#490,#492,.T.);
#490 = VERTEX_POINT('',#491);
#491 = CARTESIAN_POINT('',(4.25,3.583694282638,6.));
#492 = SURFACE_CURVE('',#493,(#497,#504),.PCURVE_S1.);
#493 = LINE('',#494,#495);
#494 = CARTESIAN_POINT('',(4.25,3.583694282638,0.));
#495 = VECTOR('',#496,1.);
#496 = DIRECTION('',(0.,0.,1.));
#497 = PCURVE('',#123,#498);
#498 = DEFINITIONAL_REPRESENTATION('',(#499),#503);
#499 = LINE('',#500,#501);
#500 = CARTESIAN_POINT('',(-6.031080959421,-3.583694282638));
#501 = VECTOR('',#502,1.);
#502 = DIRECTION('',(1.,7.83845317825E-31));
#503 = ( GEOMETRIC_REPRESENTATION_CONTEXT(2) 
PARAMETRIC_REPRESENTATION_CONTEXT() REPRESENTATION_CONTEXT('2D SPACE',''
  ) );
#504 = PCURVE('',#505,#510);
#505 = PLANE('',#506);
#506 = AXIS2_PLACEMENT_3D('',#507,#508,#509);
#507 = CARTESIAN_POINT('',(3.35,3.425,0.));
#508 = DIRECTION('',(-0.173648177667,0.984807753012,0.));
#509 = DIRECTION('',(0.984807753012,0.173648177667,0.));
#510 = DEFINITIONAL_REPRESENTATION('',(#511),#515);
#511 = LINE('',#512,#513);
#512 = CARTESIAN_POINT('',(0.913883950697,0.));
#513 = VECTOR('',#514,1.);
#514 = DIRECTION('',(0.,-1.));
#515 = ( GEOMETRIC_REPRESENTATION_CONTEXT(2) 
PARAMETRIC_REPRESENTATION_CONTEXT() REPRESENTATION_CONTEXT('2D SPACE',''
  ) );
#516 = ORIENTED_EDGE('',*,*,#517,.T.);
#517 = EDGE_CURVE('',#490,#518,#520,.T.);
#518 = VERTEX_POINT('',#519);
#519 = CARTESIAN_POINT('',(4.25,4.416305717362,6.));
#520 = SURFACE_CURVE('',#521,(#525,#532),.PCURVE_S1.);
#521 = LINE('',#522,#523);
#522 = CARTESIAN_POINT('',(4.25,3.583694282638,6.));
#523 = VECTOR('',#524,1.);
#524 = DIRECTION('',(0.,1.,0.));
#525 = PCURVE('',#123,#526);
#526 = DEFINITIONAL_REPRESENTATION('',(#527),#531);
#527 = LINE('',#528,#529);
#528 = CARTESIAN_POINT('',(-3.108095942134E-02,-3.583694282638));
#529 = VECTOR('',#530,1.);
#530 = DIRECTION('',(0.,-1.));
#531 = ( GEOMETRIC_REPRESENTATION_CONTEXT(2) 
PARAMETRIC_REPRESENTATION_CONTEXT() REPRESENTATION_CONTEXT('2D SPACE',''
  ) );
#532 = PCURVE('',#533,#538);
#533 = PLANE('',#534);
#534 = AXIS2_PLACEMENT_3D('',#535,#536,#537);
#535 = CARTESIAN_POINT('',(3.762516893523,4.,6.));
#536 = DIRECTION('',(0.,0.,1.));
#537 = DIRECTION('',(1.,0.,0.));
#538 = DEFINITIONAL_REPRESENTATION('',(#539),#543);
#539 = LINE('',#540,#541);
#540 = CARTESIAN_POINT('',(0.487483106477,-0.416305717362));
#541 = VECTOR('',#542,1.);
#542 = DIRECTION('',(0.,1.));
#543 = ( GEOMETRIC_REPRESENTATION_CONTEXT(2) 
PARAMETRIC_REPRESENTATION_CONTEXT() REPRESENTATION_CONTEXT('2D SPACE',''
  ) );
#544 = ORIENTED_EDGE('',*,*,#545,.F.);
#545 = EDGE_CURVE('',#546,#518,#548,.T.);
#546 = VERTEX_POINT('',#547);
#547 = CARTESIAN_POINT('',(4.25,4.416305717362,0.));
#548 = SURFACE_CURVE('',#549,(#553,#560),.PCURVE_S1.);
#549 = LINE('',#550,#551);
#550 = CARTESIAN_POINT('',(4.25,4.416305717362,0.));
#551 = VECTOR('',#552,1.);
#552 = DIRECTION('',(0.,0.,1.));
#553 = PCURVE('',#123,#554);
#554 = DEFINITIONAL_REPRESENTATION('',(#555),#559);
#555 = LINE('',#556,#557);
#556 = CARTESIAN_POINT('',(-6.031080959421,-4.416305717362));
#557 = VECTOR('',#558,1.);
#558 = DIRECTION('',(1.,7.83845317825E-31));
#559 = ( GEOMETRIC_REPRESENTATION_CONTEXT(2) 
PARAMETRIC_REPRESENTATION_CONTEXT() REPRESENTATION_CONTEXT('2D SPACE',''
  ) );
#560 = PCURVE('',#561,#566);
#561 = PLANE('',#562);
#562 = AXIS2_PLACEMENT_3D('',#563,#564,#565);
#563 = CARTESIAN_POINT('',(4.25,4.416305717362,0.));
#564 = DIRECTION('',(-0.173648177667,-0.984807753012,0.));
#565 = DIRECTION('',(-0.984807753012,0.173648177667,0.));
#566 = DEFINITIONAL_REPRESENTATION('',(#567),#571);
#567 = LINE('',#568,#569);
#568 = CARTESIAN_POINT('',(0.,0.));
#569 = VECTOR('',#570,1.);
#570 = DIRECTION('',(0.,-1.));
#571 = ( GEOMETRIC_REPRESENTATION_CONTEXT(2) 
PARAMETRIC_REPRESENTATION_CONTEXT() REPRESENTATION_CONTEXT('2D SPACE',''
  ) );
#572 = ORIENTED_EDGE('',*,*,#573,.F.);
#573 = EDGE_CURVE('',#108,#546,#574,.T.);
#574 = SURFACE_CURVE('',#575,(#579,#586),.PCURVE_S1.);
#575 = LINE('',#576,#577);
#576 = CARTESIAN_POINT('',(4.249999999999,6.,-1.157E-12));
#577 = VECTOR('',#578,1.);
#578 = DIRECTION('',(1.13E-13,-1.,1.13E-13));
#579 = PCURVE('',#123,#580);
#580 = DEFINITIONAL_REPRESENTATION('',(#581),#585);
#581 = LINE('',#582,#583);
#582 = CARTESIAN_POINT('',(-6.031080959422,-6.));
#583 = VECTOR('',#584,1.);
#584 = DIRECTION('',(1.13E-13,1.));
#585 = ( GEOMETRIC_REPRESENTATION_CONTEXT(2) 
PARAMETRIC_REPRESENTATION_CONTEXT() REPRESENTATION_CONTEXT('2D SPACE',''
  ) );
#586 = PCURVE('',#149,#587);
#587 = DEFINITIONAL_REPRESENTATION('',(#588),#592);
#588 = LINE('',#589,#590);
#589 = CARTESIAN_POINT('',(-4.396513304613,6.));
#590 = VECTOR('',#591,1.);
#591 = DIRECTION('',(-1.13E-13,-1.));
#592 = ( GEOMETRIC_REPRESENTATION_CONTEXT(2) 
PARAMETRIC_REPRESENTATION_CONTEXT() REPRESENTATION_CONTEXT('2D SPACE',''
  ) );
#593 = ADVANCED_FACE('',(#594),#95,.T.);
#594 = FACE_BOUND('',#595,.F.);
#595 = EDGE_LOOP('',(#596,#620,#621,#622));
#596 = ORIENTED_EDGE('',*,*,#597,.T.);
#597 = EDGE_CURVE('',#598,#45,#600,.T.);
#598 = VERTEX_POINT('',#599);
#599 = CARTESIAN_POINT('',(3.800000000001,5.000000000002,12.299999999999
    ));
#600 = SURFACE_CURVE('',#601,(#606,#613),.PCURVE_S1.);
#601 = CIRCLE('',#602,1.);
#602 = AXIS2_PLACEMENT_3D('',#603,#604,#605);
#603 = CARTESIAN_POINT('',(3.800000000001,5.000000000002,11.299999999999
    ));
#604 = DIRECTION('',(-1.,-1.1279E-13,1.129E-13));
#605 = DIRECTION('',(1.129E-13,9.769962616701E-15,1.));
#606 = PCURVE('',#95,#607);
#607 = DEFINITIONAL_REPRESENTATION('',(#608),#612);
#608 = LINE('',#609,#610);
#609 = CARTESIAN_POINT('',(-1.570796326795,-0.2));
#610 = VECTOR('',#611,1.);
#611 = DIRECTION('',(1.,-0.));
#612 = ( GEOMETRIC_REPRESENTATION_CONTEXT(2) 
PARAMETRIC_REPRESENTATION_CONTEXT() REPRESENTATION_CONTEXT('2D SPACE',''
  ) );
#613 = PCURVE('',#180,#614);
#614 = DEFINITIONAL_REPRESENTATION('',(#615),#619);
#615 = LINE('',#616,#617);
#616 = CARTESIAN_POINT('',(-0.,0.));
#617 = VECTOR('',#618,1.);
#618 = DIRECTION('',(-1.,0.));
#619 = ( GEOMETRIC_REPRESENTATION_CONTEXT(2) 
PARAMETRIC_REPRESENTATION_CONTEXT() REPRESENTATION_CONTEXT('2D SPACE',''
  ) );
#620 = ORIENTED_EDGE('',*,*,#79,.T.);
#621 = ORIENTED_EDGE('',*,*,#246,.T.);
#622 = ORIENTED_EDGE('',*,*,#623,.F.);
#623 = EDGE_CURVE('',#598,#247,#624,.T.);
#624 = SURFACE_CURVE('',#625,(#629,#636),.PCURVE_S1.);
#625 = LINE('',#626,#627);
#626 = CARTESIAN_POINT('',(3.600000000001,5.000000000002,12.299999999999
    ));
#627 = VECTOR('',#628,1.);
#628 = DIRECTION('',(1.,1.1291E-13,-1.1291E-13));
#629 = PCURVE('',#95,#630);
#630 = DEFINITIONAL_REPRESENTATION('',(#631),#635);
#631 = LINE('',#632,#633);
#632 = CARTESIAN_POINT('',(-1.570796326795,0.));
#633 = VECTOR('',#634,1.);
#634 = DIRECTION('',(-0.,-1.));
#635 = ( GEOMETRIC_REPRESENTATION_CONTEXT(2) 
PARAMETRIC_REPRESENTATION_CONTEXT() REPRESENTATION_CONTEXT('2D SPACE',''
  ) );
#636 = PCURVE('',#286,#637);
#637 = DEFINITIONAL_REPRESENTATION('',(#638),#642);
#638 = LINE('',#639,#640);
#639 = CARTESIAN_POINT('',(-0.425,5.000000000002));
#640 = VECTOR('',#641,1.);
#641 = DIRECTION('',(1.,1.1291E-13));
#642 = ( GEOMETRIC_REPRESENTATION_CONTEXT(2) 
PARAMETRIC_REPRESENTATION_CONTEXT() REPRESENTATION_CONTEXT('2D SPACE',''
  ) );
#643 = ADVANCED_FACE('',(#644),#180,.T.);
#644 = FACE_BOUND('',#645,.F.);
#645 = EDGE_LOOP('',(#646,#674,#696,#697));
#646 = ORIENTED_EDGE('',*,*,#647,.F.);
#647 = EDGE_CURVE('',#648,#598,#650,.T.);
#648 = VERTEX_POINT('',#649);
#649 = CARTESIAN_POINT('',(3.600000000001,5.000000000002,12.099999999999
    ));
#650 = SURFACE_CURVE('',#651,(#655,#662),.PCURVE_S1.);
#651 = LINE('',#652,#653);
#652 = CARTESIAN_POINT('',(3.700000000001,5.000000000002,12.199999999999
    ));
#653 = VECTOR('',#654,1.);
#654 = DIRECTION('',(0.707106781187,1.598061325482E-13,0.707106781186));
#655 = PCURVE('',#180,#656);
#656 = DEFINITIONAL_REPRESENTATION('',(#657),#661);
#657 = LINE('',#658,#659);
#658 = CARTESIAN_POINT('',(-2.22044604925E-16,-0.1));
#659 = VECTOR('',#660,1.);
#660 = DIRECTION('',(-0.,1.));
#661 = ( GEOMETRIC_REPRESENTATION_CONTEXT(2) 
PARAMETRIC_REPRESENTATION_CONTEXT() REPRESENTATION_CONTEXT('2D SPACE',''
  ) );
#662 = PCURVE('',#663,#668);
#663 = PLANE('',#664);
#664 = AXIS2_PLACEMENT_3D('',#665,#666,#667);
#665 = CARTESIAN_POINT('',(3.700000000001,-4.318739693561E-17,
    12.199999999999));
#666 = DIRECTION('',(-0.707106781186,9.287686952705E-20,0.707106781187)
  );
#667 = DIRECTION('',(0.707106781187,0.,0.707106781186));
#668 = DEFINITIONAL_REPRESENTATION('',(#669),#673);
#669 = LINE('',#670,#671);
#670 = CARTESIAN_POINT('',(-3.890689112618E-13,5.000000000002));
#671 = VECTOR('',#672,1.);
#672 = DIRECTION('',(1.,1.598061325482E-13));
#673 = ( GEOMETRIC_REPRESENTATION_CONTEXT(2) 
PARAMETRIC_REPRESENTATION_CONTEXT() REPRESENTATION_CONTEXT('2D SPACE',''
  ) );
#674 = ORIENTED_EDGE('',*,*,#675,.T.);
#675 = EDGE_CURVE('',#648,#165,#676,.T.);
#676 = SURFACE_CURVE('',#677,(#682,#689),.PCURVE_S1.);
#677 = CIRCLE('',#678,0.8);
#678 = AXIS2_PLACEMENT_3D('',#679,#680,#681);
#679 = CARTESIAN_POINT('',(3.600000000001,5.000000000002,11.299999999999
    ));
#680 = DIRECTION('',(-1.,-1.1279E-13,1.129E-13));
#681 = DIRECTION('',(1.129E-13,9.769962616701E-15,1.));
#682 = PCURVE('',#180,#683);
#683 = DEFINITIONAL_REPRESENTATION('',(#684),#688);
#684 = LINE('',#685,#686);
#685 = CARTESIAN_POINT('',(-0.,-0.2));
#686 = VECTOR('',#687,1.);
#687 = DIRECTION('',(-1.,0.));
#688 = ( GEOMETRIC_REPRESENTATION_CONTEXT(2) 
PARAMETRIC_REPRESENTATION_CONTEXT() REPRESENTATION_CONTEXT('2D SPACE',''
  ) );
#689 = PCURVE('',#208,#690);
#690 = DEFINITIONAL_REPRESENTATION('',(#691),#695);
#691 = CIRCLE('',#692,0.8);
#692 = AXIS2_PLACEMENT_2D('',#693,#694);
#693 = CARTESIAN_POINT('',(-4.751036802483,-5.000000000002));
#694 = DIRECTION('',(-1.,-9.769962616701E-15));
#695 = ( GEOMETRIC_REPRESENTATION_CONTEXT(2) 
PARAMETRIC_REPRESENTATION_CONTEXT() REPRESENTATION_CONTEXT('2D SPACE',''
  ) );
#696 = ORIENTED_EDGE('',*,*,#164,.T.);
#697 = ORIENTED_EDGE('',*,*,#597,.F.);
#698 = ADVANCED_FACE('',(#699),#208,.T.);
#699 = FACE_BOUND('',#700,.T.);
#700 = EDGE_LOOP('',(#701,#724,#752,#780,#808,#831,#859,#892,#913,#914)
  );
#701 = ORIENTED_EDGE('',*,*,#702,.T.);
#702 = EDGE_CURVE('',#193,#703,#705,.T.);
#703 = VERTEX_POINT('',#704);
#704 = CARTESIAN_POINT('',(3.6,5.6,0.));
#705 = SURFACE_CURVE('',#706,(#710,#717),.PCURVE_S1.);
#706 = LINE('',#707,#708);
#707 = CARTESIAN_POINT('',(3.599999999999,6.,-1.084E-12));
#708 = VECTOR('',#709,1.);
#709 = DIRECTION('',(1.13E-13,-1.,1.13E-13));
#710 = PCURVE('',#208,#711);
#711 = DEFINITIONAL_REPRESENTATION('',(#712),#716);
#712 = LINE('',#713,#714);
#713 = CARTESIAN_POINT('',(6.548963197517,-6.));
#714 = VECTOR('',#715,1.);
#715 = DIRECTION('',(-1.13E-13,1.));
#716 = ( GEOMETRIC_REPRESENTATION_CONTEXT(2) 
PARAMETRIC_REPRESENTATION_CONTEXT() REPRESENTATION_CONTEXT('2D SPACE',''
  ) );
#717 = PCURVE('',#149,#718);
#718 = DEFINITIONAL_REPRESENTATION('',(#719),#723);
#719 = LINE('',#720,#721);
#720 = CARTESIAN_POINT('',(-3.746513304613,6.));
#721 = VECTOR('',#722,1.);
#722 = DIRECTION('',(-1.13E-13,-1.));
#723 = ( GEOMETRIC_REPRESENTATION_CONTEXT(2) 
PARAMETRIC_REPRESENTATION_CONTEXT() REPRESENTATION_CONTEXT('2D SPACE',''
  ) );
#724 = ORIENTED_EDGE('',*,*,#725,.T.);
#725 = EDGE_CURVE('',#703,#726,#728,.T.);
#726 = VERTEX_POINT('',#727);
#727 = CARTESIAN_POINT('',(3.6,5.6,6.3));
#728 = SURFACE_CURVE('',#729,(#733,#740),.PCURVE_S1.);
#729 = LINE('',#730,#731);
#730 = CARTESIAN_POINT('',(3.6,5.6,0.));
#731 = VECTOR('',#732,1.);
#732 = DIRECTION('',(0.,0.,1.));
#733 = PCURVE('',#208,#734);
#734 = DEFINITIONAL_REPRESENTATION('',(#735),#739);
#735 = LINE('',#736,#737);
#736 = CARTESIAN_POINT('',(6.548963197516,-5.6));
#737 = VECTOR('',#738,1.);
#738 = DIRECTION('',(-1.,-1.75380849296E-32));
#739 = ( GEOMETRIC_REPRESENTATION_CONTEXT(2) 
PARAMETRIC_REPRESENTATION_CONTEXT() REPRESENTATION_CONTEXT('2D SPACE',''
  ) );
#740 = PCURVE('',#741,#746);
#741 = PLANE('',#742);
#742 = AXIS2_PLACEMENT_3D('',#743,#744,#745);
#743 = CARTESIAN_POINT('',(0.,5.6,3.15));
#744 = DIRECTION('',(0.,1.,0.));
#745 = DIRECTION('',(0.,0.,1.));
#746 = DEFINITIONAL_REPRESENTATION('',(#747),#751);
#747 = LINE('',#748,#749);
#748 = CARTESIAN_POINT('',(-3.15,3.6));
#749 = VECTOR('',#750,1.);
#750 = DIRECTION('',(1.,0.));
#751 = ( GEOMETRIC_REPRESENTATION_CONTEXT(2) 
PARAMETRIC_REPRESENTATION_CONTEXT() REPRESENTATION_CONTEXT('2D SPACE',''
  ) );
#752 = ORIENTED_EDGE('',*,*,#753,.F.);
#753 = EDGE_CURVE('',#754,#726,#756,.T.);
#754 = VERTEX_POINT('',#755);
#755 = CARTESIAN_POINT('',(3.6,-5.6,6.3));
#756 = SURFACE_CURVE('',#757,(#761,#768),.PCURVE_S1.);
#757 = LINE('',#758,#759);
#758 = CARTESIAN_POINT('',(3.6,0.,6.3));
#759 = VECTOR('',#760,1.);
#760 = DIRECTION('',(0.,1.,0.));
#761 = PCURVE('',#208,#762);
#762 = DEFINITIONAL_REPRESENTATION('',(#763),#767);
#763 = LINE('',#764,#765);
#764 = CARTESIAN_POINT('',(0.248963197516,-2.788317671361E-32));
#765 = VECTOR('',#766,1.);
#766 = DIRECTION('',(0.,-1.));
#767 = ( GEOMETRIC_REPRESENTATION_CONTEXT(2) 
PARAMETRIC_REPRESENTATION_CONTEXT() REPRESENTATION_CONTEXT('2D SPACE',''
  ) );
#768 = PCURVE('',#769,#774);
#769 = PLANE('',#770);
#770 = AXIS2_PLACEMENT_3D('',#771,#772,#773);
#771 = CARTESIAN_POINT('',(9.65411325761E-17,9.65411325761E-17,6.3));
#772 = DIRECTION('',(1.151573727174E-32,-5.502656983964E-33,1.));
#773 = DIRECTION('',(1.,0.,-1.151573727174E-32));
#774 = DEFINITIONAL_REPRESENTATION('',(#775),#779);
#775 = LINE('',#776,#777);
#776 = CARTESIAN_POINT('',(3.6,-9.65411325761E-17));
#777 = VECTOR('',#778,1.);
#778 = DIRECTION('',(0.,1.));
#779 = ( GEOMETRIC_REPRESENTATION_CONTEXT(2) 
PARAMETRIC_REPRESENTATION_CONTEXT() REPRESENTATION_CONTEXT('2D SPACE',''
  ) );
#780 = ORIENTED_EDGE('',*,*,#781,.F.);
#781 = EDGE_CURVE('',#782,#754,#784,.T.);
#782 = VERTEX_POINT('',#783);
#783 = CARTESIAN_POINT('',(3.6,-5.6,0.));
#784 = SURFACE_CURVE('',#785,(#789,#796),.PCURVE_S1.);
#785 = LINE('',#786,#787);
#786 = CARTESIAN_POINT('',(3.6,-5.6,0.));
#787 = VECTOR('',#788,1.);
#788 = DIRECTION('',(0.,0.,1.));
#789 = PCURVE('',#208,#790);
#790 = DEFINITIONAL_REPRESENTATION('',(#791),#795);
#791 = LINE('',#792,#793);
#792 = CARTESIAN_POINT('',(6.548963197516,5.6));
#793 = VECTOR('',#794,1.);
#794 = DIRECTION('',(-1.,-1.75380849296E-32));
#795 = ( GEOMETRIC_REPRESENTATION_CONTEXT(2) 
PARAMETRIC_REPRESENTATION_CONTEXT() REPRESENTATION_CONTEXT('2D SPACE',''
  ) );
#796 = PCURVE('',#797,#802);
#797 = PLANE('',#798);
#798 = AXIS2_PLACEMENT_3D('',#799,#800,#801);
#799 = CARTESIAN_POINT('',(0.,-5.6,3.15));
#800 = DIRECTION('',(-0.,-1.,-0.));
#801 = DIRECTION('',(0.,0.,-1.));
#802 = DEFINITIONAL_REPRESENTATION('',(#803),#807);
#803 = LINE('',#804,#805);
#804 = CARTESIAN_POINT('',(3.15,3.6));
#805 = VECTOR('',#806,1.);
#806 = DIRECTION('',(-1.,0.));
#807 = ( GEOMETRIC_REPRESENTATION_CONTEXT(2) 
PARAMETRIC_REPRESENTATION_CONTEXT() REPRESENTATION_CONTEXT('2D SPACE',''
  ) );
#808 = ORIENTED_EDGE('',*,*,#809,.F.);
#809 = EDGE_CURVE('',#810,#782,#812,.T.);
#810 = VERTEX_POINT('',#811);
#811 = CARTESIAN_POINT('',(3.599999999999,-5.8,-1.060485033122E-12));
#812 = SURFACE_CURVE('',#813,(#817,#824),.PCURVE_S1.);
#813 = LINE('',#814,#815);
#814 = CARTESIAN_POINT('',(3.599999999999,-6.,-1.084E-12));
#815 = VECTOR('',#816,1.);
#816 = DIRECTION('',(1.13E-13,1.,1.13E-13));
#817 = PCURVE('',#208,#818);
#818 = DEFINITIONAL_REPRESENTATION('',(#819),#823);
#819 = LINE('',#820,#821);
#820 = CARTESIAN_POINT('',(6.548963197517,6.));
#821 = VECTOR('',#822,1.);
#822 = DIRECTION('',(-1.13E-13,-1.));
#823 = ( GEOMETRIC_REPRESENTATION_CONTEXT(2) 
PARAMETRIC_REPRESENTATION_CONTEXT() REPRESENTATION_CONTEXT('2D SPACE',''
  ) );
#824 = PCURVE('',#149,#825);
#825 = DEFINITIONAL_REPRESENTATION('',(#826),#830);
#826 = LINE('',#827,#828);
#827 = CARTESIAN_POINT('',(-3.746513304613,-6.));
#828 = VECTOR('',#829,1.);
#829 = DIRECTION('',(-1.13E-13,1.));
#830 = ( GEOMETRIC_REPRESENTATION_CONTEXT(2) 
PARAMETRIC_REPRESENTATION_CONTEXT() REPRESENTATION_CONTEXT('2D SPACE',''
  ) );
#831 = ORIENTED_EDGE('',*,*,#832,.F.);
#832 = EDGE_CURVE('',#833,#810,#835,.T.);
#833 = VERTEX_POINT('',#834);
#834 = CARTESIAN_POINT('',(3.600000000001,-5.800000000002,
    11.299999999999));
#835 = SURFACE_CURVE('',#836,(#840,#847),.PCURVE_S1.);
#836 = LINE('',#837,#838);
#837 = CARTESIAN_POINT('',(3.600000000001,-5.800000000002,
    11.299999999999));
#838 = VECTOR('',#839,1.);
#839 = DIRECTION('',(-1.13E-13,1.13E-13,-1.));
#840 = PCURVE('',#208,#841);
#841 = DEFINITIONAL_REPRESENTATION('',(#842),#846);
#842 = LINE('',#843,#844);
#843 = CARTESIAN_POINT('',(-4.751036802483,5.800000000002));
#844 = VECTOR('',#845,1.);
#845 = DIRECTION('',(1.,-1.13E-13));
#846 = ( GEOMETRIC_REPRESENTATION_CONTEXT(2) 
PARAMETRIC_REPRESENTATION_CONTEXT() REPRESENTATION_CONTEXT('2D SPACE',''
  ) );
#847 = PCURVE('',#848,#853);
#848 = PLANE('',#849);
#849 = AXIS2_PLACEMENT_3D('',#850,#851,#852);
#850 = CARTESIAN_POINT('',(3.700000000001,-5.900000000002,
    11.299999999999));
#851 = DIRECTION('',(0.707106781187,0.707106781186,-2.950209285296E-17)
  );
#852 = DIRECTION('',(1.130208611299E-13,-1.129791388701E-13,1.));
#853 = DEFINITIONAL_REPRESENTATION('',(#854),#858);
#854 = LINE('',#855,#856);
#855 = CARTESIAN_POINT('',(4.92638912202E-16,-0.141421356237));
#856 = VECTOR('',#857,1.);
#857 = DIRECTION('',(-1.,0.));
#858 = ( GEOMETRIC_REPRESENTATION_CONTEXT(2) 
PARAMETRIC_REPRESENTATION_CONTEXT() REPRESENTATION_CONTEXT('2D SPACE',''
  ) );
#859 = ORIENTED_EDGE('',*,*,#860,.F.);
#860 = EDGE_CURVE('',#861,#833,#863,.T.);
#861 = VERTEX_POINT('',#862);
#862 = CARTESIAN_POINT('',(3.600000000001,-5.000000000002,
    12.099999999999));
#863 = SURFACE_CURVE('',#864,(#869,#880),.PCURVE_S1.);
#864 = CIRCLE('',#865,0.8);
#865 = AXIS2_PLACEMENT_3D('',#866,#867,#868);
#866 = CARTESIAN_POINT('',(3.600000000001,-5.000000000002,
    11.299999999999));
#867 = DIRECTION('',(1.,-1.1279E-13,-1.129E-13));
#868 = DIRECTION('',(1.129E-13,-9.769962616701E-15,1.));
#869 = PCURVE('',#208,#870);
#870 = DEFINITIONAL_REPRESENTATION('',(#871),#879);
#871 = ( BOUNDED_CURVE() B_SPLINE_CURVE(2,(#872,#873,#874,#875,#876,#877
,#878),.UNSPECIFIED.,.T.,.F.) B_SPLINE_CURVE_WITH_KNOTS((1,2,2,2,2,1),(
    -2.094395102393,0.,2.094395102393,4.188790204786,6.28318530718,
8.377580409573),.UNSPECIFIED.) CURVE() GEOMETRIC_REPRESENTATION_ITEM() 
RATIONAL_B_SPLINE_CURVE((1.,0.5,1.,0.5,1.,0.5,1.)) REPRESENTATION_ITEM(
  '') );
#872 = CARTESIAN_POINT('',(-5.551036802483,5.000000000002));
#873 = CARTESIAN_POINT('',(-5.551036802483,6.385640646057));
#874 = CARTESIAN_POINT('',(-4.351036802483,5.692820323029));
#875 = CARTESIAN_POINT('',(-3.151036802483,5.000000000002));
#876 = CARTESIAN_POINT('',(-4.351036802483,4.307179676974));
#877 = CARTESIAN_POINT('',(-5.551036802483,3.614359353947));
#878 = CARTESIAN_POINT('',(-5.551036802483,5.000000000002));
#879 = ( GEOMETRIC_REPRESENTATION_CONTEXT(2) 
PARAMETRIC_REPRESENTATION_CONTEXT() REPRESENTATION_CONTEXT('2D SPACE',''
  ) );
#880 = PCURVE('',#881,#886);
#881 = CONICAL_SURFACE('',#882,1.,0.785398163397);
#882 = AXIS2_PLACEMENT_3D('',#883,#884,#885);
#883 = CARTESIAN_POINT('',(3.800000000001,-5.000000000002,
    11.299999999999));
#884 = DIRECTION('',(1.,-1.1279E-13,-1.129E-13));
#885 = DIRECTION('',(1.129E-13,-9.769962616701E-15,1.));
#886 = DEFINITIONAL_REPRESENTATION('',(#887),#891);
#887 = LINE('',#888,#889);
#888 = CARTESIAN_POINT('',(0.,-0.2));
#889 = VECTOR('',#890,1.);
#890 = DIRECTION('',(1.,0.));
#891 = ( GEOMETRIC_REPRESENTATION_CONTEXT(2) 
PARAMETRIC_REPRESENTATION_CONTEXT() REPRESENTATION_CONTEXT('2D SPACE',''
  ) );
#892 = ORIENTED_EDGE('',*,*,#893,.F.);
#893 = EDGE_CURVE('',#648,#861,#894,.T.);
#894 = SURFACE_CURVE('',#895,(#899,#906),.PCURVE_S1.);
#895 = LINE('',#896,#897);
#896 = CARTESIAN_POINT('',(3.600000000001,-1.773296764634E-12,12.1));
#897 = VECTOR('',#898,1.);
#898 = DIRECTION('',(-1.13E-13,-1.,-1.13E-13));
#899 = PCURVE('',#208,#900);
#900 = DEFINITIONAL_REPRESENTATION('',(#901),#905);
#901 = LINE('',#902,#903);
#902 = CARTESIAN_POINT('',(-5.551036802484,1.773296764634E-12));
#903 = VECTOR('',#904,1.);
#904 = DIRECTION('',(1.13E-13,1.));
#905 = ( GEOMETRIC_REPRESENTATION_CONTEXT(2) 
PARAMETRIC_REPRESENTATION_CONTEXT() REPRESENTATION_CONTEXT('2D SPACE',''
  ) );
#906 = PCURVE('',#663,#907);
#907 = DEFINITIONAL_REPRESENTATION('',(#908),#912);
#908 = LINE('',#909,#910);
#909 = CARTESIAN_POINT('',(-0.141421356237,-1.773253577237E-12));
#910 = VECTOR('',#911,1.);
#911 = DIRECTION('',(-1.598061325482E-13,-1.));
#912 = ( GEOMETRIC_REPRESENTATION_CONTEXT(2) 
PARAMETRIC_REPRESENTATION_CONTEXT() REPRESENTATION_CONTEXT('2D SPACE',''
  ) );
#913 = ORIENTED_EDGE('',*,*,#675,.T.);
#914 = ORIENTED_EDGE('',*,*,#192,.T.);
#915 = ADVANCED_FACE('',(#916),#741,.T.);
#916 = FACE_BOUND('',#917,.T.);
#917 = EDGE_LOOP('',(#918,#919,#942,#970));
#918 = ORIENTED_EDGE('',*,*,#725,.F.);
#919 = ORIENTED_EDGE('',*,*,#920,.F.);
#920 = EDGE_CURVE('',#921,#703,#923,.T.);
#921 = VERTEX_POINT('',#922);
#922 = CARTESIAN_POINT('',(-3.6,5.6,0.));
#923 = SURFACE_CURVE('',#924,(#928,#935),.PCURVE_S1.);
#924 = LINE('',#925,#926);
#925 = CARTESIAN_POINT('',(-3.6,5.6,0.));
#926 = VECTOR('',#927,1.);
#927 = DIRECTION('',(1.,0.,0.));
#928 = PCURVE('',#741,#929);
#929 = DEFINITIONAL_REPRESENTATION('',(#930),#934);
#930 = LINE('',#931,#932);
#931 = CARTESIAN_POINT('',(-3.15,-3.6));
#932 = VECTOR('',#933,1.);
#933 = DIRECTION('',(0.,1.));
#934 = ( GEOMETRIC_REPRESENTATION_CONTEXT(2) 
PARAMETRIC_REPRESENTATION_CONTEXT() REPRESENTATION_CONTEXT('2D SPACE',''
  ) );
#935 = PCURVE('',#149,#936);
#936 = DEFINITIONAL_REPRESENTATION('',(#937),#941);
#937 = LINE('',#938,#939);
#938 = CARTESIAN_POINT('',(3.453486695386,5.6));
#939 = VECTOR('',#940,1.);
#940 = DIRECTION('',(-1.,-2.083447145421E-43));
#941 = ( GEOMETRIC_REPRESENTATION_CONTEXT(2) 
PARAMETRIC_REPRESENTATION_CONTEXT() REPRESENTATION_CONTEXT('2D SPACE',''
  ) );
#942 = ORIENTED_EDGE('',*,*,#943,.T.);
#943 = EDGE_CURVE('',#921,#944,#946,.T.);
#944 = VERTEX_POINT('',#945);
#945 = CARTESIAN_POINT('',(-3.6,5.6,6.3));
#946 = SURFACE_CURVE('',#947,(#951,#958),.PCURVE_S1.);
#947 = LINE('',#948,#949);
#948 = CARTESIAN_POINT('',(-3.6,5.6,0.));
#949 = VECTOR('',#950,1.);
#950 = DIRECTION('',(0.,0.,1.));
#951 = PCURVE('',#741,#952);
#952 = DEFINITIONAL_REPRESENTATION('',(#953),#957);
#953 = LINE('',#954,#955);
#954 = CARTESIAN_POINT('',(-3.15,-3.6));
#955 = VECTOR('',#956,1.);
#956 = DIRECTION('',(1.,0.));
#957 = ( GEOMETRIC_REPRESENTATION_CONTEXT(2) 
PARAMETRIC_REPRESENTATION_CONTEXT() REPRESENTATION_CONTEXT('2D SPACE',''
  ) );
#958 = PCURVE('',#959,#964);
#959 = PLANE('',#960);
#960 = AXIS2_PLACEMENT_3D('',#961,#962,#963);
#961 = CARTESIAN_POINT('',(-3.6,-1.198527075648E-16,6.548963197516));
#962 = DIRECTION('',(1.,-1.490877844316E-30,1.089061436546E-13));
#963 = DIRECTION('',(-1.089061436546E-13,0.,1.));
#964 = DEFINITIONAL_REPRESENTATION('',(#965),#969);
#965 = LINE('',#966,#967);
#966 = CARTESIAN_POINT('',(-6.548963197516,-5.6));
#967 = VECTOR('',#968,1.);
#968 = DIRECTION('',(1.,-1.623657566845E-43));
#969 = ( GEOMETRIC_REPRESENTATION_CONTEXT(2) 
PARAMETRIC_REPRESENTATION_CONTEXT() REPRESENTATION_CONTEXT('2D SPACE',''
  ) );
#970 = ORIENTED_EDGE('',*,*,#971,.T.);
#971 = EDGE_CURVE('',#944,#726,#972,.T.);
#972 = SURFACE_CURVE('',#973,(#977,#984),.PCURVE_S1.);
#973 = LINE('',#974,#975);
#974 = CARTESIAN_POINT('',(-3.6,5.6,6.3));
#975 = VECTOR('',#976,1.);
#976 = DIRECTION('',(1.,0.,0.));
#977 = PCURVE('',#741,#978);
#978 = DEFINITIONAL_REPRESENTATION('',(#979),#983);
#979 = LINE('',#980,#981);
#980 = CARTESIAN_POINT('',(3.15,-3.6));
#981 = VECTOR('',#982,1.);
#982 = DIRECTION('',(0.,1.));
#983 = ( GEOMETRIC_REPRESENTATION_CONTEXT(2) 
PARAMETRIC_REPRESENTATION_CONTEXT() REPRESENTATION_CONTEXT('2D SPACE',''
  ) );
#984 = PCURVE('',#769,#985);
#985 = DEFINITIONAL_REPRESENTATION('',(#986),#990);
#986 = LINE('',#987,#988);
#987 = CARTESIAN_POINT('',(-3.6,5.6));
#988 = VECTOR('',#989,1.);
#989 = DIRECTION('',(1.,6.336715212386E-65));
#990 = ( GEOMETRIC_REPRESENTATION_CONTEXT(2) 
PARAMETRIC_REPRESENTATION_CONTEXT() REPRESENTATION_CONTEXT('2D SPACE',''
  ) );
#991 = ADVANCED_FACE('',(#992),#959,.T.);
#992 = FACE_BOUND('',#993,.T.);
#993 = EDGE_LOOP('',(#994,#1017,#1045,#1078,#1106,#1135,#1163,#1186,
    #1209,#1230));
#994 = ORIENTED_EDGE('',*,*,#995,.F.);
#995 = EDGE_CURVE('',#996,#921,#998,.T.);
#996 = VERTEX_POINT('',#997);
#997 = CARTESIAN_POINT('',(-3.599999999999,5.8,-1.060485033122E-12));
#998 = SURFACE_CURVE('',#999,(#1003,#1010),.PCURVE_S1.);
#999 = LINE('',#1000,#1001);
#1000 = CARTESIAN_POINT('',(-3.599999999999,6.,-1.084E-12));
#1001 = VECTOR('',#1002,1.);
#1002 = DIRECTION('',(-1.13E-13,-1.,1.13E-13));
#1003 = PCURVE('',#959,#1004);
#1004 = DEFINITIONAL_REPRESENTATION('',(#1005),#1009);
#1005 = LINE('',#1006,#1007);
#1006 = CARTESIAN_POINT('',(-6.548963197517,-6.));
#1007 = VECTOR('',#1008,1.);
#1008 = DIRECTION('',(1.13E-13,1.));
#1009 = ( GEOMETRIC_REPRESENTATION_CONTEXT(2) 
PARAMETRIC_REPRESENTATION_CONTEXT() REPRESENTATION_CONTEXT('2D SPACE',''
  ) );
#1010 = PCURVE('',#149,#1011);
#1011 = DEFINITIONAL_REPRESENTATION('',(#1012),#1016);
#1012 = LINE('',#1013,#1014);
#1013 = CARTESIAN_POINT('',(3.453486695386,6.));
#1014 = VECTOR('',#1015,1.);
#1015 = DIRECTION('',(1.13E-13,-1.));
#1016 = ( GEOMETRIC_REPRESENTATION_CONTEXT(2) 
PARAMETRIC_REPRESENTATION_CONTEXT() REPRESENTATION_CONTEXT('2D SPACE',''
  ) );
#1017 = ORIENTED_EDGE('',*,*,#1018,.F.);
#1018 = EDGE_CURVE('',#1019,#996,#1021,.T.);
#1019 = VERTEX_POINT('',#1020);
#1020 = CARTESIAN_POINT('',(-3.600000000001,5.800000000002,
    11.299999999999));
#1021 = SURFACE_CURVE('',#1022,(#1026,#1033),.PCURVE_S1.);
#1022 = LINE('',#1023,#1024);
#1023 = CARTESIAN_POINT('',(-3.600000000001,5.800000000002,
    11.299999999999));
#1024 = VECTOR('',#1025,1.);
#1025 = DIRECTION('',(1.13E-13,-1.13E-13,-1.));
#1026 = PCURVE('',#959,#1027);
#1027 = DEFINITIONAL_REPRESENTATION('',(#1028),#1032);
#1028 = LINE('',#1029,#1030);
#1029 = CARTESIAN_POINT('',(4.751036802483,-5.800000000002));
#1030 = VECTOR('',#1031,1.);
#1031 = DIRECTION('',(-1.,1.13E-13));
#1032 = ( GEOMETRIC_REPRESENTATION_CONTEXT(2) 
PARAMETRIC_REPRESENTATION_CONTEXT() REPRESENTATION_CONTEXT('2D SPACE',''
  ) );
#1033 = PCURVE('',#1034,#1039);
#1034 = PLANE('',#1035);
#1035 = AXIS2_PLACEMENT_3D('',#1036,#1037,#1038);
#1036 = CARTESIAN_POINT('',(-3.700000000001,5.900000000002,
    11.299999999999));
#1037 = DIRECTION('',(-0.707106781187,-0.707106781186,
    -2.950209285296E-17));
#1038 = DIRECTION('',(-1.130208611299E-13,1.129791388701E-13,1.));
#1039 = DEFINITIONAL_REPRESENTATION('',(#1040),#1044);
#1040 = LINE('',#1041,#1042);
#1041 = CARTESIAN_POINT('',(4.92638912202E-16,-0.141421356237));
#1042 = VECTOR('',#1043,1.);
#1043 = DIRECTION('',(-1.,0.));
#1044 = ( GEOMETRIC_REPRESENTATION_CONTEXT(2) 
PARAMETRIC_REPRESENTATION_CONTEXT() REPRESENTATION_CONTEXT('2D SPACE',''
  ) );
#1045 = ORIENTED_EDGE('',*,*,#1046,.F.);
#1046 = EDGE_CURVE('',#1047,#1019,#1049,.T.);
#1047 = VERTEX_POINT('',#1048);
#1048 = CARTESIAN_POINT('',(-3.600000000001,5.000000000002,
    12.099999999999));
#1049 = SURFACE_CURVE('',#1050,(#1055,#1066),.PCURVE_S1.);
#1050 = CIRCLE('',#1051,0.8);
#1051 = AXIS2_PLACEMENT_3D('',#1052,#1053,#1054);
#1052 = CARTESIAN_POINT('',(-3.600000000001,5.000000000002,
    11.299999999999));
#1053 = DIRECTION('',(-1.,1.1279E-13,-1.129E-13));
#1054 = DIRECTION('',(-1.129E-13,9.769962616701E-15,1.));
#1055 = PCURVE('',#959,#1056);
#1056 = DEFINITIONAL_REPRESENTATION('',(#1057),#1065);
#1057 = ( BOUNDED_CURVE() B_SPLINE_CURVE(2,(#1058,#1059,#1060,#1061,
#1062,#1063,#1064),.UNSPECIFIED.,.T.,.F.) B_SPLINE_CURVE_WITH_KNOTS((1,2
    ,2,2,2,1),(-2.094395102393,0.,2.094395102393,4.188790204786,
6.28318530718,8.377580409573),.UNSPECIFIED.) CURVE() 
GEOMETRIC_REPRESENTATION_ITEM() RATIONAL_B_SPLINE_CURVE((1.,0.5,1.,0.5,
1.,0.5,1.)) REPRESENTATION_ITEM('') );
#1058 = CARTESIAN_POINT('',(5.551036802483,-5.000000000002));
#1059 = CARTESIAN_POINT('',(5.551036802483,-6.385640646057));
#1060 = CARTESIAN_POINT('',(4.351036802483,-5.692820323029));
#1061 = CARTESIAN_POINT('',(3.151036802483,-5.000000000002));
#1062 = CARTESIAN_POINT('',(4.351036802483,-4.307179676974));
#1063 = CARTESIAN_POINT('',(5.551036802483,-3.614359353947));
#1064 = CARTESIAN_POINT('',(5.551036802483,-5.000000000002));
#1065 = ( GEOMETRIC_REPRESENTATION_CONTEXT(2) 
PARAMETRIC_REPRESENTATION_CONTEXT() REPRESENTATION_CONTEXT('2D SPACE',''
  ) );
#1066 = PCURVE('',#1067,#1072);
#1067 = CONICAL_SURFACE('',#1068,1.,0.785398163397);
#1068 = AXIS2_PLACEMENT_3D('',#1069,#1070,#1071);
#1069 = CARTESIAN_POINT('',(-3.800000000001,5.000000000002,
    11.299999999999));
#1070 = DIRECTION('',(-1.,1.1279E-13,-1.129E-13));
#1071 = DIRECTION('',(-1.129E-13,9.769962616701E-15,1.));
#1072 = DEFINITIONAL_REPRESENTATION('',(#1073),#1077);
#1073 = LINE('',#1074,#1075);
#1074 = CARTESIAN_POINT('',(0.,-0.2));
#1075 = VECTOR('',#1076,1.);
#1076 = DIRECTION('',(1.,0.));
#1077 = ( GEOMETRIC_REPRESENTATION_CONTEXT(2) 
PARAMETRIC_REPRESENTATION_CONTEXT() REPRESENTATION_CONTEXT('2D SPACE',''
  ) );
#1078 = ORIENTED_EDGE('',*,*,#1079,.F.);
#1079 = EDGE_CURVE('',#1080,#1047,#1082,.T.);
#1080 = VERTEX_POINT('',#1081);
#1081 = CARTESIAN_POINT('',(-3.600000000001,-5.000000000002,
    12.099999999999));
#1082 = SURFACE_CURVE('',#1083,(#1087,#1094),.PCURVE_S1.);
#1083 = LINE('',#1084,#1085);
#1084 = CARTESIAN_POINT('',(-3.600000000001,1.773296764634E-12,12.1));
#1085 = VECTOR('',#1086,1.);
#1086 = DIRECTION('',(1.13E-13,1.,-1.13E-13));
#1087 = PCURVE('',#959,#1088);
#1088 = DEFINITIONAL_REPRESENTATION('',(#1089),#1093);
#1089 = LINE('',#1090,#1091);
#1090 = CARTESIAN_POINT('',(5.551036802484,-1.773416617341E-12));
#1091 = VECTOR('',#1092,1.);
#1092 = DIRECTION('',(-1.13E-13,-1.));
#1093 = ( GEOMETRIC_REPRESENTATION_CONTEXT(2) 
PARAMETRIC_REPRESENTATION_CONTEXT() REPRESENTATION_CONTEXT('2D SPACE',''
  ) );
#1094 = PCURVE('',#1095,#1100);
#1095 = PLANE('',#1096);
#1096 = AXIS2_PLACEMENT_3D('',#1097,#1098,#1099);
#1097 = CARTESIAN_POINT('',(-3.700000000001,-2.591243816136E-16,
    12.199999999999));
#1098 = DIRECTION('',(0.707106781186,-7.430149562164E-19,0.707106781187)
  );
#1099 = DIRECTION('',(0.707106781187,-4.814824860968E-35,-0.707106781186
    ));
#1100 = DEFINITIONAL_REPRESENTATION('',(#1101),#1105);
#1101 = LINE('',#1102,#1103);
#1102 = CARTESIAN_POINT('',(0.141421356237,1.773555889015E-12));
#1103 = VECTOR('',#1104,1.);
#1104 = DIRECTION('',(1.598061325482E-13,1.));
#1105 = ( GEOMETRIC_REPRESENTATION_CONTEXT(2) 
PARAMETRIC_REPRESENTATION_CONTEXT() REPRESENTATION_CONTEXT('2D SPACE',''
  ) );
#1106 = ORIENTED_EDGE('',*,*,#1107,.T.);
#1107 = EDGE_CURVE('',#1080,#1108,#1110,.T.);
#1108 = VERTEX_POINT('',#1109);
#1109 = CARTESIAN_POINT('',(-3.600000000001,-5.800000000002,
    11.299999999999));
#1110 = SURFACE_CURVE('',#1111,(#1116,#1123),.PCURVE_S1.);
#1111 = CIRCLE('',#1112,0.8);
#1112 = AXIS2_PLACEMENT_3D('',#1113,#1114,#1115);
#1113 = CARTESIAN_POINT('',(-3.600000000001,-5.000000000002,
    11.299999999999));
#1114 = DIRECTION('',(1.,1.1279E-13,1.129E-13));
#1115 = DIRECTION('',(-1.129E-13,-9.769962616701E-15,1.));
#1116 = PCURVE('',#959,#1117);
#1117 = DEFINITIONAL_REPRESENTATION('',(#1118),#1122);
#1118 = CIRCLE('',#1119,0.8);
#1119 = AXIS2_PLACEMENT_2D('',#1120,#1121);
#1120 = CARTESIAN_POINT('',(4.751036802483,5.000000000002));
#1121 = DIRECTION('',(1.,9.769962616701E-15));
#1122 = ( GEOMETRIC_REPRESENTATION_CONTEXT(2) 
PARAMETRIC_REPRESENTATION_CONTEXT() REPRESENTATION_CONTEXT('2D SPACE',''
  ) );
#1123 = PCURVE('',#1124,#1129);
#1124 = CONICAL_SURFACE('',#1125,1.,0.785398163397);
#1125 = AXIS2_PLACEMENT_3D('',#1126,#1127,#1128);
#1126 = CARTESIAN_POINT('',(-3.800000000001,-5.000000000002,
    11.299999999999));
#1127 = DIRECTION('',(-1.,-1.1279E-13,-1.129E-13));
#1128 = DIRECTION('',(-1.129E-13,-9.769962616701E-15,1.));
#1129 = DEFINITIONAL_REPRESENTATION('',(#1130),#1134);
#1130 = LINE('',#1131,#1132);
#1131 = CARTESIAN_POINT('',(-0.,-0.2));
#1132 = VECTOR('',#1133,1.);
#1133 = DIRECTION('',(-1.,0.));
#1134 = ( GEOMETRIC_REPRESENTATION_CONTEXT(2) 
PARAMETRIC_REPRESENTATION_CONTEXT() REPRESENTATION_CONTEXT('2D SPACE',''
  ) );
#1135 = ORIENTED_EDGE('',*,*,#1136,.T.);
#1136 = EDGE_CURVE('',#1108,#1137,#1139,.T.);
#1137 = VERTEX_POINT('',#1138);
#1138 = CARTESIAN_POINT('',(-3.599999999999,-5.8,-1.060485033122E-12));
#1139 = SURFACE_CURVE('',#1140,(#1144,#1151),.PCURVE_S1.);
#1140 = LINE('',#1141,#1142);
#1141 = CARTESIAN_POINT('',(-3.600000000001,-5.800000000002,
    11.299999999999));
#1142 = VECTOR('',#1143,1.);
#1143 = DIRECTION('',(1.13E-13,1.13E-13,-1.));
#1144 = PCURVE('',#959,#1145);
#1145 = DEFINITIONAL_REPRESENTATION('',(#1146),#1150);
#1146 = LINE('',#1147,#1148);
#1147 = CARTESIAN_POINT('',(4.751036802483,5.800000000002));
#1148 = VECTOR('',#1149,1.);
#1149 = DIRECTION('',(-1.,-1.13E-13));
#1150 = ( GEOMETRIC_REPRESENTATION_CONTEXT(2) 
PARAMETRIC_REPRESENTATION_CONTEXT() REPRESENTATION_CONTEXT('2D SPACE',''
  ) );
#1151 = PCURVE('',#1152,#1157);
#1152 = PLANE('',#1153);
#1153 = AXIS2_PLACEMENT_3D('',#1154,#1155,#1156);
#1154 = CARTESIAN_POINT('',(-3.700000000001,-5.900000000002,
    11.299999999999));
#1155 = DIRECTION('',(-0.707106781187,0.707106781186,-2.950209285296E-17
    ));
#1156 = DIRECTION('',(1.130208611299E-13,1.129791388701E-13,-1.));
#1157 = DEFINITIONAL_REPRESENTATION('',(#1158),#1162);
#1158 = LINE('',#1159,#1160);
#1159 = CARTESIAN_POINT('',(-4.92638912202E-16,-0.141421356237));
#1160 = VECTOR('',#1161,1.);
#1161 = DIRECTION('',(1.,0.));
#1162 = ( GEOMETRIC_REPRESENTATION_CONTEXT(2) 
PARAMETRIC_REPRESENTATION_CONTEXT() REPRESENTATION_CONTEXT('2D SPACE',''
  ) );
#1163 = ORIENTED_EDGE('',*,*,#1164,.T.);
#1164 = EDGE_CURVE('',#1137,#1165,#1167,.T.);
#1165 = VERTEX_POINT('',#1166);
#1166 = CARTESIAN_POINT('',(-3.6,-5.6,0.));
#1167 = SURFACE_CURVE('',#1168,(#1172,#1179),.PCURVE_S1.);
#1168 = LINE('',#1169,#1170);
#1169 = CARTESIAN_POINT('',(-3.599999999999,-6.,-1.084E-12));
#1170 = VECTOR('',#1171,1.);
#1171 = DIRECTION('',(-1.13E-13,1.,1.13E-13));
#1172 = PCURVE('',#959,#1173);
#1173 = DEFINITIONAL_REPRESENTATION('',(#1174),#1178);
#1174 = LINE('',#1175,#1176);
#1175 = CARTESIAN_POINT('',(-6.548963197517,6.));
#1176 = VECTOR('',#1177,1.);
#1177 = DIRECTION('',(1.13E-13,-1.));
#1178 = ( GEOMETRIC_REPRESENTATION_CONTEXT(2) 
PARAMETRIC_REPRESENTATION_CONTEXT() REPRESENTATION_CONTEXT('2D SPACE',''
  ) );
#1179 = PCURVE('',#149,#1180);
#1180 = DEFINITIONAL_REPRESENTATION('',(#1181),#1185);
#1181 = LINE('',#1182,#1183);
#1182 = CARTESIAN_POINT('',(3.453486695386,-6.));
#1183 = VECTOR('',#1184,1.);
#1184 = DIRECTION('',(1.13E-13,1.));
#1185 = ( GEOMETRIC_REPRESENTATION_CONTEXT(2) 
PARAMETRIC_REPRESENTATION_CONTEXT() REPRESENTATION_CONTEXT('2D SPACE',''
  ) );
#1186 = ORIENTED_EDGE('',*,*,#1187,.T.);
#1187 = EDGE_CURVE('',#1165,#1188,#1190,.T.);
#1188 = VERTEX_POINT('',#1189);
#1189 = CARTESIAN_POINT('',(-3.6,-5.6,6.3));
#1190 = SURFACE_CURVE('',#1191,(#1195,#1202),.PCURVE_S1.);
#1191 = LINE('',#1192,#1193);
#1192 = CARTESIAN_POINT('',(-3.6,-5.6,0.));
#1193 = VECTOR('',#1194,1.);
#1194 = DIRECTION('',(0.,0.,1.));
#1195 = PCURVE('',#959,#1196);
#1196 = DEFINITIONAL_REPRESENTATION('',(#1197),#1201);
#1197 = LINE('',#1198,#1199);
#1198 = CARTESIAN_POINT('',(-6.548963197516,5.6));
#1199 = VECTOR('',#1200,1.);
#1200 = DIRECTION('',(1.,-1.623657566845E-43));
#1201 = ( GEOMETRIC_REPRESENTATION_CONTEXT(2) 
PARAMETRIC_REPRESENTATION_CONTEXT() REPRESENTATION_CONTEXT('2D SPACE',''
  ) );
#1202 = PCURVE('',#797,#1203);
#1203 = DEFINITIONAL_REPRESENTATION('',(#1204),#1208);
#1204 = LINE('',#1205,#1206);
#1205 = CARTESIAN_POINT('',(3.15,-3.6));
#1206 = VECTOR('',#1207,1.);
#1207 = DIRECTION('',(-1.,0.));
#1208 = ( GEOMETRIC_REPRESENTATION_CONTEXT(2) 
PARAMETRIC_REPRESENTATION_CONTEXT() REPRESENTATION_CONTEXT('2D SPACE',''
  ) );
#1209 = ORIENTED_EDGE('',*,*,#1210,.T.);
#1210 = EDGE_CURVE('',#1188,#944,#1211,.T.);
#1211 = SURFACE_CURVE('',#1212,(#1216,#1223),.PCURVE_S1.);
#1212 = LINE('',#1213,#1214);
#1213 = CARTESIAN_POINT('',(-3.6,0.,6.3));
#1214 = VECTOR('',#1215,1.);
#1215 = DIRECTION('',(0.,1.,0.));
#1216 = PCURVE('',#959,#1217);
#1217 = DEFINITIONAL_REPRESENTATION('',(#1218),#1222);
#1218 = LINE('',#1219,#1220);
#1219 = CARTESIAN_POINT('',(-0.248963197516,-1.198527075648E-16));
#1220 = VECTOR('',#1221,1.);
#1221 = DIRECTION('',(0.,-1.));
#1222 = ( GEOMETRIC_REPRESENTATION_CONTEXT(2) 
PARAMETRIC_REPRESENTATION_CONTEXT() REPRESENTATION_CONTEXT('2D SPACE',''
  ) );
#1223 = PCURVE('',#769,#1224);
#1224 = DEFINITIONAL_REPRESENTATION('',(#1225),#1229);
#1225 = LINE('',#1226,#1227);
#1226 = CARTESIAN_POINT('',(-3.6,-9.65411325761E-17));
#1227 = VECTOR('',#1228,1.);
#1228 = DIRECTION('',(0.,1.));
#1229 = ( GEOMETRIC_REPRESENTATION_CONTEXT(2) 
PARAMETRIC_REPRESENTATION_CONTEXT() REPRESENTATION_CONTEXT('2D SPACE',''
  ) );
#1230 = ORIENTED_EDGE('',*,*,#943,.F.);
#1231 = ADVANCED_FACE('',(#1232),#1034,.F.);
#1232 = FACE_BOUND('',#1233,.T.);
#1233 = EDGE_LOOP('',(#1234,#1257,#1258,#1281));
#1234 = ORIENTED_EDGE('',*,*,#1235,.F.);
#1235 = EDGE_CURVE('',#1019,#1236,#1238,.T.);
#1236 = VERTEX_POINT('',#1237);
#1237 = CARTESIAN_POINT('',(-3.800000000001,6.000000000002,
    11.299999999999));
#1238 = SURFACE_CURVE('',#1239,(#1243,#1250),.PCURVE_S1.);
#1239 = LINE('',#1240,#1241);
#1240 = CARTESIAN_POINT('',(-3.800000000001,6.000000000002,
    11.299999999999));
#1241 = VECTOR('',#1242,1.);
#1242 = DIRECTION('',(-0.707106781186,0.707106781187,-8.748251084069E-14
    ));
#1243 = PCURVE('',#1034,#1244);
#1244 = DEFINITIONAL_REPRESENTATION('',(#1245),#1249);
#1245 = LINE('',#1246,#1247);
#1246 = CARTESIAN_POINT('',(-4.92638912202E-16,0.141421356237));
#1247 = VECTOR('',#1248,1.);
#1248 = DIRECTION('',(7.232362170748E-14,1.));
#1249 = ( GEOMETRIC_REPRESENTATION_CONTEXT(2) 
PARAMETRIC_REPRESENTATION_CONTEXT() REPRESENTATION_CONTEXT('2D SPACE',''
  ) );
#1250 = PCURVE('',#1067,#1251);
#1251 = DEFINITIONAL_REPRESENTATION('',(#1252),#1256);
#1252 = LINE('',#1253,#1254);
#1253 = CARTESIAN_POINT('',(1.570796326795,0.));
#1254 = VECTOR('',#1255,1.);
#1255 = DIRECTION('',(0.,1.));
#1256 = ( GEOMETRIC_REPRESENTATION_CONTEXT(2) 
PARAMETRIC_REPRESENTATION_CONTEXT() REPRESENTATION_CONTEXT('2D SPACE',''
  ) );
#1257 = ORIENTED_EDGE('',*,*,#1018,.T.);
#1258 = ORIENTED_EDGE('',*,*,#1259,.T.);
#1259 = EDGE_CURVE('',#996,#1260,#1262,.T.);
#1260 = VERTEX_POINT('',#1261);
#1261 = CARTESIAN_POINT('',(-3.799999999999,6.,-1.108446667786E-12));
#1262 = SURFACE_CURVE('',#1263,(#1267,#1274),.PCURVE_S1.);
#1263 = LINE('',#1264,#1265);
#1264 = CARTESIAN_POINT('',(-2.58125,4.78125,-4.591288399941E-13));
#1265 = VECTOR('',#1266,1.);
#1266 = DIRECTION('',(-0.707106781186,0.707106781187,-1.409122393548E-13
    ));
#1267 = PCURVE('',#1034,#1268);
#1268 = DEFINITIONAL_REPRESENTATION('',(#1269),#1273);
#1269 = LINE('',#1270,#1271);
#1270 = CARTESIAN_POINT('',(-11.3,-1.582151422905));
#1271 = VECTOR('',#1272,1.);
#1272 = DIRECTION('',(1.889389319332E-14,1.));
#1273 = ( GEOMETRIC_REPRESENTATION_CONTEXT(2) 
PARAMETRIC_REPRESENTATION_CONTEXT() REPRESENTATION_CONTEXT('2D SPACE',''
  ) );
#1274 = PCURVE('',#149,#1275);
#1275 = DEFINITIONAL_REPRESENTATION('',(#1276),#1280);
#1276 = LINE('',#1277,#1278);
#1277 = CARTESIAN_POINT('',(2.434736695386,4.78125));
#1278 = VECTOR('',#1279,1.);
#1279 = DIRECTION('',(0.707106781186,0.707106781187));
#1280 = ( GEOMETRIC_REPRESENTATION_CONTEXT(2) 
PARAMETRIC_REPRESENTATION_CONTEXT() REPRESENTATION_CONTEXT('2D SPACE',''
  ) );
#1281 = ORIENTED_EDGE('',*,*,#1282,.F.);
#1282 = EDGE_CURVE('',#1236,#1260,#1283,.T.);
#1283 = SURFACE_CURVE('',#1284,(#1288,#1295),.PCURVE_S1.);
#1284 = LINE('',#1285,#1286);
#1285 = CARTESIAN_POINT('',(-3.800000000001,6.000000000002,
    11.299999999999));
#1286 = VECTOR('',#1287,1.);
#1287 = DIRECTION('',(1.13E-13,-1.13E-13,-1.));
#1288 = PCURVE('',#1034,#1289);
#1289 = DEFINITIONAL_REPRESENTATION('',(#1290),#1294);
#1290 = LINE('',#1291,#1292);
#1291 = CARTESIAN_POINT('',(-4.92638912202E-16,0.141421356237));
#1292 = VECTOR('',#1293,1.);
#1293 = DIRECTION('',(-1.,0.));
#1294 = ( GEOMETRIC_REPRESENTATION_CONTEXT(2) 
PARAMETRIC_REPRESENTATION_CONTEXT() REPRESENTATION_CONTEXT('2D SPACE',''
  ) );
#1295 = PCURVE('',#1296,#1301);
#1296 = PLANE('',#1297);
#1297 = AXIS2_PLACEMENT_3D('',#1298,#1299,#1300);
#1298 = CARTESIAN_POINT('',(-3.600000000001,6.000000000002,
    11.299999999999));
#1299 = DIRECTION('',(-1.1291E-13,-1.,1.1291E-13));
#1300 = DIRECTION('',(1.1291E-13,-1.1291E-13,-1.));
#1301 = DEFINITIONAL_REPRESENTATION('',(#1302),#1306);
#1302 = LINE('',#1303,#1304);
#1303 = CARTESIAN_POINT('',(2.286995751601E-15,-0.2));
#1304 = VECTOR('',#1305,1.);
#1305 = DIRECTION('',(1.,9.000000000002E-17));
#1306 = ( GEOMETRIC_REPRESENTATION_CONTEXT(2) 
PARAMETRIC_REPRESENTATION_CONTEXT() REPRESENTATION_CONTEXT('2D SPACE',''
  ) );
#1307 = ADVANCED_FACE('',(#1308),#1296,.F.);
#1308 = FACE_BOUND('',#1309,.F.);
#1309 = EDGE_LOOP('',(#1310,#1338,#1366,#1387));
#1310 = ORIENTED_EDGE('',*,*,#1311,.T.);
#1311 = EDGE_CURVE('',#1236,#1312,#1314,.T.);
#1312 = VERTEX_POINT('',#1313);
#1313 = CARTESIAN_POINT('',(-4.250000000001,6.000000000002,
    11.299999999999));
#1314 = SURFACE_CURVE('',#1315,(#1319,#1326),.PCURVE_S1.);
#1315 = LINE('',#1316,#1317);
#1316 = CARTESIAN_POINT('',(-3.600000000001,6.000000000002,
    11.299999999999));
#1317 = VECTOR('',#1318,1.);
#1318 = DIRECTION('',(-1.,1.1291E-13,-1.1291E-13));
#1319 = PCURVE('',#1296,#1320);
#1320 = DEFINITIONAL_REPRESENTATION('',(#1321),#1325);
#1321 = LINE('',#1322,#1323);
#1322 = CARTESIAN_POINT('',(0.,0.));
#1323 = VECTOR('',#1324,1.);
#1324 = DIRECTION('',(-1.274799222837E-26,-1.));
#1325 = ( GEOMETRIC_REPRESENTATION_CONTEXT(2) 
PARAMETRIC_REPRESENTATION_CONTEXT() REPRESENTATION_CONTEXT('2D SPACE',''
  ) );
#1326 = PCURVE('',#1327,#1332);
#1327 = CYLINDRICAL_SURFACE('',#1328,1.);
#1328 = AXIS2_PLACEMENT_3D('',#1329,#1330,#1331);
#1329 = CARTESIAN_POINT('',(-3.600000000001,5.000000000002,
    11.299999999999));
#1330 = DIRECTION('',(1.,-1.128E-13,1.1291E-13));
#1331 = DIRECTION('',(1.128E-13,1.,-1.1291E-13));
#1332 = DEFINITIONAL_REPRESENTATION('',(#1333),#1337);
#1333 = LINE('',#1334,#1335);
#1334 = CARTESIAN_POINT('',(1.0247E-13,0.));
#1335 = VECTOR('',#1336,1.);
#1336 = DIRECTION('',(0.,-1.));
#1337 = ( GEOMETRIC_REPRESENTATION_CONTEXT(2) 
PARAMETRIC_REPRESENTATION_CONTEXT() REPRESENTATION_CONTEXT('2D SPACE',''
  ) );
#1338 = ORIENTED_EDGE('',*,*,#1339,.T.);
#1339 = EDGE_CURVE('',#1312,#1340,#1342,.T.);
#1340 = VERTEX_POINT('',#1341);
#1341 = CARTESIAN_POINT('',(-4.249999999999,6.,-1.157E-12));
#1342 = SURFACE_CURVE('',#1343,(#1347,#1354),.PCURVE_S1.);
#1343 = LINE('',#1344,#1345);
#1344 = CARTESIAN_POINT('',(-4.250000000001,6.000000000002,
    11.299999999999));
#1345 = VECTOR('',#1346,1.);
#1346 = DIRECTION('',(1.13E-13,-1.13E-13,-1.));
#1347 = PCURVE('',#1296,#1348);
#1348 = DEFINITIONAL_REPRESENTATION('',(#1349),#1353);
#1349 = LINE('',#1350,#1351);
#1350 = CARTESIAN_POINT('',(1.215487254802E-15,-0.65));
#1351 = VECTOR('',#1352,1.);
#1352 = DIRECTION('',(1.,9.000000000002E-17));
#1353 = ( GEOMETRIC_REPRESENTATION_CONTEXT(2) 
PARAMETRIC_REPRESENTATION_CONTEXT() REPRESENTATION_CONTEXT('2D SPACE',''
  ) );
#1354 = PCURVE('',#1355,#1360);
#1355 = PLANE('',#1356);
#1356 = AXIS2_PLACEMENT_3D('',#1357,#1358,#1359);
#1357 = CARTESIAN_POINT('',(-4.25,4.654454428627E-18,6.031080959421));
#1358 = DIRECTION('',(-1.,-1.821777096118E-30,-1.136228318488E-13));
#1359 = DIRECTION('',(1.136228318488E-13,0.,-1.));
#1360 = DEFINITIONAL_REPRESENTATION('',(#1361),#1365);
#1361 = LINE('',#1362,#1363);
#1362 = CARTESIAN_POINT('',(-5.268919040578,-6.000000000002));
#1363 = VECTOR('',#1364,1.);
#1364 = DIRECTION('',(1.,1.13E-13));
#1365 = ( GEOMETRIC_REPRESENTATION_CONTEXT(2) 
PARAMETRIC_REPRESENTATION_CONTEXT() REPRESENTATION_CONTEXT('2D SPACE',''
  ) );
#1366 = ORIENTED_EDGE('',*,*,#1367,.F.);
#1367 = EDGE_CURVE('',#1260,#1340,#1368,.T.);
#1368 = SURFACE_CURVE('',#1369,(#1373,#1380),.PCURVE_S1.);
#1369 = LINE('',#1370,#1371);
#1370 = CARTESIAN_POINT('',(-3.599999999999,6.,-1.08393E-12));
#1371 = VECTOR('',#1372,1.);
#1372 = DIRECTION('',(-1.,1.1291E-13,-1.1291E-13));
#1373 = PCURVE('',#1296,#1374);
#1374 = DEFINITIONAL_REPRESENTATION('',(#1375),#1379);
#1375 = LINE('',#1376,#1377);
#1376 = CARTESIAN_POINT('',(11.3,-1.470010078154E-17));
#1377 = VECTOR('',#1378,1.);
#1378 = DIRECTION('',(-1.274799222837E-26,-1.));
#1379 = ( GEOMETRIC_REPRESENTATION_CONTEXT(2) 
PARAMETRIC_REPRESENTATION_CONTEXT() REPRESENTATION_CONTEXT('2D SPACE',''
  ) );
#1380 = PCURVE('',#149,#1381);
#1381 = DEFINITIONAL_REPRESENTATION('',(#1382),#1386);
#1382 = LINE('',#1383,#1384);
#1383 = CARTESIAN_POINT('',(3.453486695386,6.));
#1384 = VECTOR('',#1385,1.);
#1385 = DIRECTION('',(1.,1.1291E-13));
#1386 = ( GEOMETRIC_REPRESENTATION_CONTEXT(2) 
PARAMETRIC_REPRESENTATION_CONTEXT() REPRESENTATION_CONTEXT('2D SPACE',''
  ) );
#1387 = ORIENTED_EDGE('',*,*,#1282,.F.);
#1388 = ADVANCED_FACE('',(#1389),#1355,.T.);
#1389 = FACE_BOUND('',#1390,.T.);
#1390 = EDGE_LOOP('',(#1391,#1419,#1420,#1443,#1471,#1499,#1527,#1550,
    #1578,#1606,#1634,#1657,#1685,#1714));
#1391 = ORIENTED_EDGE('',*,*,#1392,.F.);
#1392 = EDGE_CURVE('',#1312,#1393,#1395,.T.);
#1393 = VERTEX_POINT('',#1394);
#1394 = CARTESIAN_POINT('',(-4.250000000001,5.000000000002,
    12.299999999999));
#1395 = SURFACE_CURVE('',#1396,(#1401,#1412),.PCURVE_S1.);
#1396 = CIRCLE('',#1397,1.);
#1397 = AXIS2_PLACEMENT_3D('',#1398,#1399,#1400);
#1398 = CARTESIAN_POINT('',(-4.250000000001,5.000000000002,
    11.299999999999));
#1399 = DIRECTION('',(1.,-1.13E-13,1.13E-13));
#1400 = DIRECTION('',(1.13E-13,1.,-1.13E-13));
#1401 = PCURVE('',#1355,#1402);
#1402 = DEFINITIONAL_REPRESENTATION('',(#1403),#1411);
#1403 = ( BOUNDED_CURVE() B_SPLINE_CURVE(2,(#1404,#1405,#1406,#1407,
#1408,#1409,#1410),.UNSPECIFIED.,.T.,.F.) B_SPLINE_CURVE_WITH_KNOTS((1,2
    ,2,2,2,1),(-2.094395102393,0.,2.094395102393,4.188790204786,
6.28318530718,8.377580409573),.UNSPECIFIED.) CURVE() 
GEOMETRIC_REPRESENTATION_ITEM() RATIONAL_B_SPLINE_CURVE((1.,0.5,1.,0.5,
1.,0.5,1.)) REPRESENTATION_ITEM('') );
#1404 = CARTESIAN_POINT('',(-5.268919040578,-6.000000000002));
#1405 = CARTESIAN_POINT('',(-7.000969848146,-6.000000000002));
#1406 = CARTESIAN_POINT('',(-6.134944444362,-4.500000000002));
#1407 = CARTESIAN_POINT('',(-5.268919040578,-3.000000000002));
#1408 = CARTESIAN_POINT('',(-4.402893636793,-4.500000000002));
#1409 = CARTESIAN_POINT('',(-3.536868233009,-6.000000000002));
#1410 = CARTESIAN_POINT('',(-5.268919040578,-6.000000000002));
#1411 = ( GEOMETRIC_REPRESENTATION_CONTEXT(2) 
PARAMETRIC_REPRESENTATION_CONTEXT() REPRESENTATION_CONTEXT('2D SPACE',''
  ) );
#1412 = PCURVE('',#1327,#1413);
#1413 = DEFINITIONAL_REPRESENTATION('',(#1414),#1418);
#1414 = LINE('',#1415,#1416);
#1415 = CARTESIAN_POINT('',(0.,-0.65));
#1416 = VECTOR('',#1417,1.);
#1417 = DIRECTION('',(1.,0.));
#1418 = ( GEOMETRIC_REPRESENTATION_CONTEXT(2) 
PARAMETRIC_REPRESENTATION_CONTEXT() REPRESENTATION_CONTEXT('2D SPACE',''
  ) );
#1419 = ORIENTED_EDGE('',*,*,#1339,.T.);
#1420 = ORIENTED_EDGE('',*,*,#1421,.F.);
#1421 = EDGE_CURVE('',#1422,#1340,#1424,.T.);
#1422 = VERTEX_POINT('',#1423);
#1423 = CARTESIAN_POINT('',(-4.25,4.416305717362,0.));
#1424 = SURFACE_CURVE('',#1425,(#1429,#1436),.PCURVE_S1.);
#1425 = LINE('',#1426,#1427);
#1426 = CARTESIAN_POINT('',(-4.249999999999,-6.,-1.157E-12));
#1427 = VECTOR('',#1428,1.);
#1428 = DIRECTION('',(-1.13E-13,1.,1.13E-13));
#1429 = PCURVE('',#1355,#1430);
#1430 = DEFINITIONAL_REPRESENTATION('',(#1431),#1435);
#1431 = LINE('',#1432,#1433);
#1432 = CARTESIAN_POINT('',(6.031080959422,6.));
#1433 = VECTOR('',#1434,1.);
#1434 = DIRECTION('',(-1.13E-13,-1.));
#1435 = ( GEOMETRIC_REPRESENTATION_CONTEXT(2) 
PARAMETRIC_REPRESENTATION_CONTEXT() REPRESENTATION_CONTEXT('2D SPACE',''
  ) );
#1436 = PCURVE('',#149,#1437);
#1437 = DEFINITIONAL_REPRESENTATION('',(#1438),#1442);
#1438 = LINE('',#1439,#1440);
#1439 = CARTESIAN_POINT('',(4.103486695386,-6.));
#1440 = VECTOR('',#1441,1.);
#1441 = DIRECTION('',(1.13E-13,1.));
#1442 = ( GEOMETRIC_REPRESENTATION_CONTEXT(2) 
PARAMETRIC_REPRESENTATION_CONTEXT() REPRESENTATION_CONTEXT('2D SPACE',''
  ) );
#1443 = ORIENTED_EDGE('',*,*,#1444,.T.);
#1444 = EDGE_CURVE('',#1422,#1445,#1447,.T.);
#1445 = VERTEX_POINT('',#1446);
#1446 = CARTESIAN_POINT('',(-4.25,4.416305717362,6.));
#1447 = SURFACE_CURVE('',#1448,(#1452,#1459),.PCURVE_S1.);
#1448 = LINE('',#1449,#1450);
#1449 = CARTESIAN_POINT('',(-4.25,4.416305717362,0.));
#1450 = VECTOR('',#1451,1.);
#1451 = DIRECTION('',(0.,0.,1.));
#1452 = PCURVE('',#1355,#1453);
#1453 = DEFINITIONAL_REPRESENTATION('',(#1454),#1458);
#1454 = LINE('',#1455,#1456);
#1455 = CARTESIAN_POINT('',(6.031080959421,-4.416305717362));
#1456 = VECTOR('',#1457,1.);
#1457 = DIRECTION('',(-1.,2.069954726582E-43));
#1458 = ( GEOMETRIC_REPRESENTATION_CONTEXT(2) 
PARAMETRIC_REPRESENTATION_CONTEXT() REPRESENTATION_CONTEXT('2D SPACE',''
  ) );
#1459 = PCURVE('',#1460,#1465);
#1460 = PLANE('',#1461);
#1461 = AXIS2_PLACEMENT_3D('',#1462,#1463,#1464);
#1462 = CARTESIAN_POINT('',(-4.25,4.416305717362,0.));
#1463 = DIRECTION('',(-0.173648177667,-0.984807753012,0.));
#1464 = DIRECTION('',(-0.984807753012,0.173648177667,0.));
#1465 = DEFINITIONAL_REPRESENTATION('',(#1466),#1470);
#1466 = LINE('',#1467,#1468);
#1467 = CARTESIAN_POINT('',(0.,0.));
#1468 = VECTOR('',#1469,1.);
#1469 = DIRECTION('',(0.,-1.));
#1470 = ( GEOMETRIC_REPRESENTATION_CONTEXT(2) 
PARAMETRIC_REPRESENTATION_CONTEXT() REPRESENTATION_CONTEXT('2D SPACE',''
  ) );
#1471 = ORIENTED_EDGE('',*,*,#1472,.F.);
#1472 = EDGE_CURVE('',#1473,#1445,#1475,.T.);
#1473 = VERTEX_POINT('',#1474);
#1474 = CARTESIAN_POINT('',(-4.25,3.583694282638,6.));
#1475 = SURFACE_CURVE('',#1476,(#1480,#1487),.PCURVE_S1.);
#1476 = LINE('',#1477,#1478);
#1477 = CARTESIAN_POINT('',(-4.25,3.583694282638,6.));
#1478 = VECTOR('',#1479,1.);
#1479 = DIRECTION('',(0.,1.,0.));
#1480 = PCURVE('',#1355,#1481);
#1481 = DEFINITIONAL_REPRESENTATION('',(#1482),#1486);
#1482 = LINE('',#1483,#1484);
#1483 = CARTESIAN_POINT('',(3.108095942134E-02,-3.583694282638));
#1484 = VECTOR('',#1485,1.);
#1485 = DIRECTION('',(0.,-1.));
#1486 = ( GEOMETRIC_REPRESENTATION_CONTEXT(2) 
PARAMETRIC_REPRESENTATION_CONTEXT() REPRESENTATION_CONTEXT('2D SPACE',''
  ) );
#1487 = PCURVE('',#1488,#1493);
#1488 = PLANE('',#1489);
#1489 = AXIS2_PLACEMENT_3D('',#1490,#1491,#1492);
#1490 = CARTESIAN_POINT('',(0.766110762924,4.165025637807,6.));
#1491 = DIRECTION('',(0.,0.,1.));
#1492 = DIRECTION('',(1.,0.,0.));
#1493 = DEFINITIONAL_REPRESENTATION('',(#1494),#1498);
#1494 = LINE('',#1495,#1496);
#1495 = CARTESIAN_POINT('',(-5.016110762924,-0.581331355169));
#1496 = VECTOR('',#1497,1.);
#1497 = DIRECTION('',(0.,1.));
#1498 = ( GEOMETRIC_REPRESENTATION_CONTEXT(2) 
PARAMETRIC_REPRESENTATION_CONTEXT() REPRESENTATION_CONTEXT('2D SPACE',''
  ) );
#1499 = ORIENTED_EDGE('',*,*,#1500,.F.);
#1500 = EDGE_CURVE('',#1501,#1473,#1503,.T.);
#1501 = VERTEX_POINT('',#1502);
#1502 = CARTESIAN_POINT('',(-4.25,3.583694282638,0.));
#1503 = SURFACE_CURVE('',#1504,(#1508,#1515),.PCURVE_S1.);
#1504 = LINE('',#1505,#1506);
#1505 = CARTESIAN_POINT('',(-4.25,3.583694282638,0.));
#1506 = VECTOR('',#1507,1.);
#1507 = DIRECTION('',(0.,0.,1.));
#1508 = PCURVE('',#1355,#1509);
#1509 = DEFINITIONAL_REPRESENTATION('',(#1510),#1514);
#1510 = LINE('',#1511,#1512);
#1511 = CARTESIAN_POINT('',(6.031080959421,-3.583694282638));
#1512 = VECTOR('',#1513,1.);
#1513 = DIRECTION('',(-1.,2.069954726582E-43));
#1514 = ( GEOMETRIC_REPRESENTATION_CONTEXT(2) 
PARAMETRIC_REPRESENTATION_CONTEXT() REPRESENTATION_CONTEXT('2D SPACE',''
  ) );
#1515 = PCURVE('',#1516,#1521);
#1516 = PLANE('',#1517);
#1517 = AXIS2_PLACEMENT_3D('',#1518,#1519,#1520);
#1518 = CARTESIAN_POINT('',(-5.15,3.425,0.));
#1519 = DIRECTION('',(-0.173648177667,0.984807753012,0.));
#1520 = DIRECTION('',(0.984807753012,0.173648177667,0.));
#1521 = DEFINITIONAL_REPRESENTATION('',(#1522),#1526);
#1522 = LINE('',#1523,#1524);
#1523 = CARTESIAN_POINT('',(0.913883950697,0.));
#1524 = VECTOR('',#1525,1.);
#1525 = DIRECTION('',(0.,-1.));
#1526 = ( GEOMETRIC_REPRESENTATION_CONTEXT(2) 
PARAMETRIC_REPRESENTATION_CONTEXT() REPRESENTATION_CONTEXT('2D SPACE',''
  ) );
#1527 = ORIENTED_EDGE('',*,*,#1528,.F.);
#1528 = EDGE_CURVE('',#1529,#1501,#1531,.T.);
#1529 = VERTEX_POINT('',#1530);
#1530 = CARTESIAN_POINT('',(-4.25,-3.583694282638,0.));
#1531 = SURFACE_CURVE('',#1532,(#1536,#1543),.PCURVE_S1.);
#1532 = LINE('',#1533,#1534);
#1533 = CARTESIAN_POINT('',(-4.249999999999,-6.,-1.157E-12));
#1534 = VECTOR('',#1535,1.);
#1535 = DIRECTION('',(-1.13E-13,1.,1.13E-13));
#1536 = PCURVE('',#1355,#1537);
#1537 = DEFINITIONAL_REPRESENTATION('',(#1538),#1542);
#1538 = LINE('',#1539,#1540);
#1539 = CARTESIAN_POINT('',(6.031080959422,6.));
#1540 = VECTOR('',#1541,1.);
#1541 = DIRECTION('',(-1.13E-13,-1.));
#1542 = ( GEOMETRIC_REPRESENTATION_CONTEXT(2) 
PARAMETRIC_REPRESENTATION_CONTEXT() REPRESENTATION_CONTEXT('2D SPACE',''
  ) );
#1543 = PCURVE('',#149,#1544);
#1544 = DEFINITIONAL_REPRESENTATION('',(#1545),#1549);
#1545 = LINE('',#1546,#1547);
#1546 = CARTESIAN_POINT('',(4.103486695386,-6.));
#1547 = VECTOR('',#1548,1.);
#1548 = DIRECTION('',(1.13E-13,1.));
#1549 = ( GEOMETRIC_REPRESENTATION_CONTEXT(2) 
PARAMETRIC_REPRESENTATION_CONTEXT() REPRESENTATION_CONTEXT('2D SPACE',''
  ) );
#1550 = ORIENTED_EDGE('',*,*,#1551,.T.);
#1551 = EDGE_CURVE('',#1529,#1552,#1554,.T.);
#1552 = VERTEX_POINT('',#1553);
#1553 = CARTESIAN_POINT('',(-4.25,-3.583694282638,6.));
#1554 = SURFACE_CURVE('',#1555,(#1559,#1566),.PCURVE_S1.);
#1555 = LINE('',#1556,#1557);
#1556 = CARTESIAN_POINT('',(-4.25,-3.583694282638,0.));
#1557 = VECTOR('',#1558,1.);
#1558 = DIRECTION('',(0.,0.,1.));
#1559 = PCURVE('',#1355,#1560);
#1560 = DEFINITIONAL_REPRESENTATION('',(#1561),#1565);
#1561 = LINE('',#1562,#1563);
#1562 = CARTESIAN_POINT('',(6.031080959421,3.583694282638));
#1563 = VECTOR('',#1564,1.);
#1564 = DIRECTION('',(-1.,2.069954726582E-43));
#1565 = ( GEOMETRIC_REPRESENTATION_CONTEXT(2) 
PARAMETRIC_REPRESENTATION_CONTEXT() REPRESENTATION_CONTEXT('2D SPACE',''
  ) );
#1566 = PCURVE('',#1567,#1572);
#1567 = PLANE('',#1568);
#1568 = AXIS2_PLACEMENT_3D('',#1569,#1570,#1571);
#1569 = CARTESIAN_POINT('',(-5.15,-3.425,0.));
#1570 = DIRECTION('',(-0.173648177667,-0.984807753012,-0.));
#1571 = DIRECTION('',(-0.984807753012,0.173648177667,0.));
#1572 = DEFINITIONAL_REPRESENTATION('',(#1573),#1577);
#1573 = LINE('',#1574,#1575);
#1574 = CARTESIAN_POINT('',(-0.913883950697,0.));
#1575 = VECTOR('',#1576,1.);
#1576 = DIRECTION('',(-0.,-1.));
#1577 = ( GEOMETRIC_REPRESENTATION_CONTEXT(2) 
PARAMETRIC_REPRESENTATION_CONTEXT() REPRESENTATION_CONTEXT('2D SPACE',''
  ) );
#1578 = ORIENTED_EDGE('',*,*,#1579,.T.);
#1579 = EDGE_CURVE('',#1552,#1580,#1582,.T.);
#1580 = VERTEX_POINT('',#1581);
#1581 = CARTESIAN_POINT('',(-4.25,-4.416305717362,6.));
#1582 = SURFACE_CURVE('',#1583,(#1587,#1594),.PCURVE_S1.);
#1583 = LINE('',#1584,#1585);
#1584 = CARTESIAN_POINT('',(-4.25,-3.583694282638,6.));
#1585 = VECTOR('',#1586,1.);
#1586 = DIRECTION('',(-0.,-1.,-0.));
#1587 = PCURVE('',#1355,#1588);
#1588 = DEFINITIONAL_REPRESENTATION('',(#1589),#1593);
#1589 = LINE('',#1590,#1591);
#1590 = CARTESIAN_POINT('',(3.108095942134E-02,3.583694282638));
#1591 = VECTOR('',#1592,1.);
#1592 = DIRECTION('',(0.,1.));
#1593 = ( GEOMETRIC_REPRESENTATION_CONTEXT(2) 
PARAMETRIC_REPRESENTATION_CONTEXT() REPRESENTATION_CONTEXT('2D SPACE',''
  ) );
#1594 = PCURVE('',#1595,#1600);
#1595 = PLANE('',#1596);
#1596 = AXIS2_PLACEMENT_3D('',#1597,#1598,#1599);
#1597 = CARTESIAN_POINT('',(0.766110762924,-4.165025637807,6.));
#1598 = DIRECTION('',(0.,0.,1.));
#1599 = DIRECTION('',(-1.,-0.,-0.));
#1600 = DEFINITIONAL_REPRESENTATION('',(#1601),#1605);
#1601 = LINE('',#1602,#1603);
#1602 = CARTESIAN_POINT('',(5.016110762924,-0.581331355169));
#1603 = VECTOR('',#1604,1.);
#1604 = DIRECTION('',(-0.,1.));
#1605 = ( GEOMETRIC_REPRESENTATION_CONTEXT(2) 
PARAMETRIC_REPRESENTATION_CONTEXT() REPRESENTATION_CONTEXT('2D SPACE',''
  ) );
#1606 = ORIENTED_EDGE('',*,*,#1607,.F.);
#1607 = EDGE_CURVE('',#1608,#1580,#1610,.T.);
#1608 = VERTEX_POINT('',#1609);
#1609 = CARTESIAN_POINT('',(-4.25,-4.416305717362,0.));
#1610 = SURFACE_CURVE('',#1611,(#1615,#1622),.PCURVE_S1.);
#1611 = LINE('',#1612,#1613);
#1612 = CARTESIAN_POINT('',(-4.25,-4.416305717362,0.));
#1613 = VECTOR('',#1614,1.);
#1614 = DIRECTION('',(0.,0.,1.));
#1615 = PCURVE('',#1355,#1616);
#1616 = DEFINITIONAL_REPRESENTATION('',(#1617),#1621);
#1617 = LINE('',#1618,#1619);
#1618 = CARTESIAN_POINT('',(6.031080959421,4.416305717362));
#1619 = VECTOR('',#1620,1.);
#1620 = DIRECTION('',(-1.,2.069954726582E-43));
#1621 = ( GEOMETRIC_REPRESENTATION_CONTEXT(2) 
PARAMETRIC_REPRESENTATION_CONTEXT() REPRESENTATION_CONTEXT('2D SPACE',''
  ) );
#1622 = PCURVE('',#1623,#1628);
#1623 = PLANE('',#1624);
#1624 = AXIS2_PLACEMENT_3D('',#1625,#1626,#1627);
#1625 = CARTESIAN_POINT('',(-4.25,-4.416305717362,0.));
#1626 = DIRECTION('',(-0.173648177667,0.984807753012,0.));
#1627 = DIRECTION('',(0.984807753012,0.173648177667,0.));
#1628 = DEFINITIONAL_REPRESENTATION('',(#1629),#1633);
#1629 = LINE('',#1630,#1631);
#1630 = CARTESIAN_POINT('',(-0.,-0.));
#1631 = VECTOR('',#1632,1.);
#1632 = DIRECTION('',(-0.,-1.));
#1633 = ( GEOMETRIC_REPRESENTATION_CONTEXT(2) 
PARAMETRIC_REPRESENTATION_CONTEXT() REPRESENTATION_CONTEXT('2D SPACE',''
  ) );
#1634 = ORIENTED_EDGE('',*,*,#1635,.F.);
#1635 = EDGE_CURVE('',#1636,#1608,#1638,.T.);
#1636 = VERTEX_POINT('',#1637);
#1637 = CARTESIAN_POINT('',(-4.249999999999,-6.,-1.157E-12));
#1638 = SURFACE_CURVE('',#1639,(#1643,#1650),.PCURVE_S1.);
#1639 = LINE('',#1640,#1641);
#1640 = CARTESIAN_POINT('',(-4.249999999999,-6.,-1.157E-12));
#1641 = VECTOR('',#1642,1.);
#1642 = DIRECTION('',(-1.13E-13,1.,1.13E-13));
#1643 = PCURVE('',#1355,#1644);
#1644 = DEFINITIONAL_REPRESENTATION('',(#1645),#1649);
#1645 = LINE('',#1646,#1647);
#1646 = CARTESIAN_POINT('',(6.031080959422,6.));
#1647 = VECTOR('',#1648,1.);
#1648 = DIRECTION('',(-1.13E-13,-1.));
#1649 = ( GEOMETRIC_REPRESENTATION_CONTEXT(2) 
PARAMETRIC_REPRESENTATION_CONTEXT() REPRESENTATION_CONTEXT('2D SPACE',''
  ) );
#1650 = PCURVE('',#149,#1651);
#1651 = DEFINITIONAL_REPRESENTATION('',(#1652),#1656);
#1652 = LINE('',#1653,#1654);
#1653 = CARTESIAN_POINT('',(4.103486695386,-6.));
#1654 = VECTOR('',#1655,1.);
#1655 = DIRECTION('',(1.13E-13,1.));
#1656 = ( GEOMETRIC_REPRESENTATION_CONTEXT(2) 
PARAMETRIC_REPRESENTATION_CONTEXT() REPRESENTATION_CONTEXT('2D SPACE',''
  ) );
#1657 = ORIENTED_EDGE('',*,*,#1658,.F.);
#1658 = EDGE_CURVE('',#1659,#1636,#1661,.T.);
#1659 = VERTEX_POINT('',#1660);
#1660 = CARTESIAN_POINT('',(-4.250000000001,-6.000000000002,
    11.299999999999));
#1661 = SURFACE_CURVE('',#1662,(#1666,#1673),.PCURVE_S1.);
#1662 = LINE('',#1663,#1664);
#1663 = CARTESIAN_POINT('',(-4.250000000001,-6.000000000002,
    11.299999999999));
#1664 = VECTOR('',#1665,1.);
#1665 = DIRECTION('',(1.13E-13,1.13E-13,-1.));
#1666 = PCURVE('',#1355,#1667);
#1667 = DEFINITIONAL_REPRESENTATION('',(#1668),#1672);
#1668 = LINE('',#1669,#1670);
#1669 = CARTESIAN_POINT('',(-5.268919040578,6.000000000002));
#1670 = VECTOR('',#1671,1.);
#1671 = DIRECTION('',(1.,-1.13E-13));
#1672 = ( GEOMETRIC_REPRESENTATION_CONTEXT(2) 
PARAMETRIC_REPRESENTATION_CONTEXT() REPRESENTATION_CONTEXT('2D SPACE',''
  ) );
#1673 = PCURVE('',#1674,#1679);
#1674 = PLANE('',#1675);
#1675 = AXIS2_PLACEMENT_3D('',#1676,#1677,#1678);
#1676 = CARTESIAN_POINT('',(-3.600000000001,-6.000000000002,
    11.299999999999));
#1677 = DIRECTION('',(-1.1291E-13,1.,1.1291E-13));
#1678 = DIRECTION('',(-1.1291E-13,-1.1291E-13,1.));
#1679 = DEFINITIONAL_REPRESENTATION('',(#1680),#1684);
#1680 = LINE('',#1681,#1682);
#1681 = CARTESIAN_POINT('',(5.60869584598E-16,-0.65));
#1682 = VECTOR('',#1683,1.);
#1683 = DIRECTION('',(-1.,9.E-17));
#1684 = ( GEOMETRIC_REPRESENTATION_CONTEXT(2) 
PARAMETRIC_REPRESENTATION_CONTEXT() REPRESENTATION_CONTEXT('2D SPACE',''
  ) );
#1685 = ORIENTED_EDGE('',*,*,#1686,.T.);
#1686 = EDGE_CURVE('',#1659,#1687,#1689,.T.);
#1687 = VERTEX_POINT('',#1688);
#1688 = CARTESIAN_POINT('',(-4.250000000001,-5.000000000002,
    12.299999999999));
#1689 = SURFACE_CURVE('',#1690,(#1695,#1702),.PCURVE_S1.);
#1690 = CIRCLE('',#1691,1.);
#1691 = AXIS2_PLACEMENT_3D('',#1692,#1693,#1694);
#1692 = CARTESIAN_POINT('',(-4.250000000001,-5.000000000002,
    11.299999999999));
#1693 = DIRECTION('',(-1.,-1.13E-13,-1.13E-13));
#1694 = DIRECTION('',(1.13E-13,-1.,-1.13E-13));
#1695 = PCURVE('',#1355,#1696);
#1696 = DEFINITIONAL_REPRESENTATION('',(#1697),#1701);
#1697 = CIRCLE('',#1698,1.);
#1698 = AXIS2_PLACEMENT_2D('',#1699,#1700);
#1699 = CARTESIAN_POINT('',(-5.268919040578,5.000000000002));
#1700 = DIRECTION('',(1.13E-13,1.));
#1701 = ( GEOMETRIC_REPRESENTATION_CONTEXT(2) 
PARAMETRIC_REPRESENTATION_CONTEXT() REPRESENTATION_CONTEXT('2D SPACE',''
  ) );
#1702 = PCURVE('',#1703,#1708);
#1703 = CYLINDRICAL_SURFACE('',#1704,1.);
#1704 = AXIS2_PLACEMENT_3D('',#1705,#1706,#1707);
#1705 = CARTESIAN_POINT('',(-3.600000000001,-5.000000000002,
    11.299999999999));
#1706 = DIRECTION('',(1.,1.128E-13,1.1291E-13));
#1707 = DIRECTION('',(1.128E-13,-1.,-1.1291E-13));
#1708 = DEFINITIONAL_REPRESENTATION('',(#1709),#1713);
#1709 = LINE('',#1710,#1711);
#1710 = CARTESIAN_POINT('',(-0.,-0.65));
#1711 = VECTOR('',#1712,1.);
#1712 = DIRECTION('',(-1.,0.));
#1713 = ( GEOMETRIC_REPRESENTATION_CONTEXT(2) 
PARAMETRIC_REPRESENTATION_CONTEXT() REPRESENTATION_CONTEXT('2D SPACE',''
  ) );
#1714 = ORIENTED_EDGE('',*,*,#1715,.T.);
#1715 = EDGE_CURVE('',#1687,#1393,#1716,.T.);
#1716 = SURFACE_CURVE('',#1717,(#1721,#1728),.PCURVE_S1.);
#1717 = LINE('',#1718,#1719);
#1718 = CARTESIAN_POINT('',(-4.250000000001,1.8689E-12,12.3));
#1719 = VECTOR('',#1720,1.);
#1720 = DIRECTION('',(1.13E-13,1.,-1.13E-13));
#1721 = PCURVE('',#1355,#1722);
#1722 = DEFINITIONAL_REPRESENTATION('',(#1723),#1727);
#1723 = LINE('',#1724,#1725);
#1724 = CARTESIAN_POINT('',(-6.268919040578,-1.868895345546E-12));
#1725 = VECTOR('',#1726,1.);
#1726 = DIRECTION('',(1.13E-13,-1.));
#1727 = ( GEOMETRIC_REPRESENTATION_CONTEXT(2) 
PARAMETRIC_REPRESENTATION_CONTEXT() REPRESENTATION_CONTEXT('2D SPACE',''
  ) );
#1728 = PCURVE('',#1729,#1734);
#1729 = PLANE('',#1730);
#1730 = AXIS2_PLACEMENT_3D('',#1731,#1732,#1733);
#1731 = CARTESIAN_POINT('',(-4.025000000001,-1.699863004211E-16,
    12.299999999999));
#1732 = DIRECTION('',(-1.105288700056E-13,-5.7833716925E-30,1.));
#1733 = DIRECTION('',(1.,0.,1.105288700056E-13));
#1734 = DEFINITIONAL_REPRESENTATION('',(#1735),#1739);
#1735 = LINE('',#1736,#1737);
#1736 = CARTESIAN_POINT('',(-0.225,1.869069986301E-12));
#1737 = VECTOR('',#1738,1.);
#1738 = DIRECTION('',(1.13E-13,1.));
#1739 = ( GEOMETRIC_REPRESENTATION_CONTEXT(2) 
PARAMETRIC_REPRESENTATION_CONTEXT() REPRESENTATION_CONTEXT('2D SPACE',''
  ) );
#1740 = ADVANCED_FACE('',(#1741),#1460,.F.);
#1741 = FACE_BOUND('',#1742,.F.);
#1742 = EDGE_LOOP('',(#1743,#1744,#1767,#1795));
#1743 = ORIENTED_EDGE('',*,*,#1444,.T.);
#1744 = ORIENTED_EDGE('',*,*,#1745,.T.);
#1745 = EDGE_CURVE('',#1445,#1746,#1748,.T.);
#1746 = VERTEX_POINT('',#1747);
#1747 = CARTESIAN_POINT('',(-5.15,4.575,6.));
#1748 = SURFACE_CURVE('',#1749,(#1753,#1760),.PCURVE_S1.);
#1749 = LINE('',#1750,#1751);
#1750 = CARTESIAN_POINT('',(-4.25,4.416305717362,6.));
#1751 = VECTOR('',#1752,1.);
#1752 = DIRECTION('',(-0.984807753012,0.173648177667,0.));
#1753 = PCURVE('',#1460,#1754);
#1754 = DEFINITIONAL_REPRESENTATION('',(#1755),#1759);
#1755 = LINE('',#1756,#1757);
#1756 = CARTESIAN_POINT('',(0.,-6.));
#1757 = VECTOR('',#1758,1.);
#1758 = DIRECTION('',(1.,0.));
#1759 = ( GEOMETRIC_REPRESENTATION_CONTEXT(2) 
PARAMETRIC_REPRESENTATION_CONTEXT() REPRESENTATION_CONTEXT('2D SPACE',''
  ) );
#1760 = PCURVE('',#1488,#1761);
#1761 = DEFINITIONAL_REPRESENTATION('',(#1762),#1766);
#1762 = LINE('',#1763,#1764);
#1763 = CARTESIAN_POINT('',(-5.016110762924,0.251280079556));
#1764 = VECTOR('',#1765,1.);
#1765 = DIRECTION('',(-0.984807753012,0.173648177667));
#1766 = ( GEOMETRIC_REPRESENTATION_CONTEXT(2) 
PARAMETRIC_REPRESENTATION_CONTEXT() REPRESENTATION_CONTEXT('2D SPACE',''
  ) );
#1767 = ORIENTED_EDGE('',*,*,#1768,.F.);
#1768 = EDGE_CURVE('',#1769,#1746,#1771,.T.);
#1769 = VERTEX_POINT('',#1770);
#1770 = CARTESIAN_POINT('',(-5.15,4.575,0.));
#1771 = SURFACE_CURVE('',#1772,(#1776,#1783),.PCURVE_S1.);
#1772 = LINE('',#1773,#1774);
#1773 = CARTESIAN_POINT('',(-5.15,4.575,0.));
#1774 = VECTOR('',#1775,1.);
#1775 = DIRECTION('',(0.,0.,1.));
#1776 = PCURVE('',#1460,#1777);
#1777 = DEFINITIONAL_REPRESENTATION('',(#1778),#1782);
#1778 = LINE('',#1779,#1780);
#1779 = CARTESIAN_POINT('',(0.913883950697,0.));
#1780 = VECTOR('',#1781,1.);
#1781 = DIRECTION('',(0.,-1.));
#1782 = ( GEOMETRIC_REPRESENTATION_CONTEXT(2) 
PARAMETRIC_REPRESENTATION_CONTEXT() REPRESENTATION_CONTEXT('2D SPACE',''
  ) );
#1783 = PCURVE('',#1784,#1789);
#1784 = PLANE('',#1785);
#1785 = AXIS2_PLACEMENT_3D('',#1786,#1787,#1788);
#1786 = CARTESIAN_POINT('',(-5.15,4.575,0.));
#1787 = DIRECTION('',(1.,0.,0.));
#1788 = DIRECTION('',(0.,-1.,0.));
#1789 = DEFINITIONAL_REPRESENTATION('',(#1790),#1794);
#1790 = LINE('',#1791,#1792);
#1791 = CARTESIAN_POINT('',(0.,0.));
#1792 = VECTOR('',#1793,1.);
#1793 = DIRECTION('',(0.,-1.));
#1794 = ( GEOMETRIC_REPRESENTATION_CONTEXT(2) 
PARAMETRIC_REPRESENTATION_CONTEXT() REPRESENTATION_CONTEXT('2D SPACE',''
  ) );
#1795 = ORIENTED_EDGE('',*,*,#1796,.F.);
#1796 = EDGE_CURVE('',#1422,#1769,#1797,.T.);
#1797 = SURFACE_CURVE('',#1798,(#1802,#1809),.PCURVE_S1.);
#1798 = LINE('',#1799,#1800);
#1799 = CARTESIAN_POINT('',(-4.25,4.416305717362,0.));
#1800 = VECTOR('',#1801,1.);
#1801 = DIRECTION('',(-0.984807753012,0.173648177667,0.));
#1802 = PCURVE('',#1460,#1803);
#1803 = DEFINITIONAL_REPRESENTATION('',(#1804),#1808);
#1804 = LINE('',#1805,#1806);
#1805 = CARTESIAN_POINT('',(0.,0.));
#1806 = VECTOR('',#1807,1.);
#1807 = DIRECTION('',(1.,0.));
#1808 = ( GEOMETRIC_REPRESENTATION_CONTEXT(2) 
PARAMETRIC_REPRESENTATION_CONTEXT() REPRESENTATION_CONTEXT('2D SPACE',''
  ) );
#1809 = PCURVE('',#149,#1810);
#1810 = DEFINITIONAL_REPRESENTATION('',(#1811),#1815);
#1811 = LINE('',#1812,#1813);
#1812 = CARTESIAN_POINT('',(4.103486695386,4.416305717362));
#1813 = VECTOR('',#1814,1.);
#1814 = DIRECTION('',(0.984807753012,0.173648177667));
#1815 = ( GEOMETRIC_REPRESENTATION_CONTEXT(2) 
PARAMETRIC_REPRESENTATION_CONTEXT() REPRESENTATION_CONTEXT('2D SPACE',''
  ) );
#1816 = ADVANCED_FACE('',(#1817),#1784,.F.);
#1817 = FACE_BOUND('',#1818,.F.);
#1818 = EDGE_LOOP('',(#1819,#1820,#1843,#1866));
#1819 = ORIENTED_EDGE('',*,*,#1768,.T.);
#1820 = ORIENTED_EDGE('',*,*,#1821,.T.);
#1821 = EDGE_CURVE('',#1746,#1822,#1824,.T.);
#1822 = VERTEX_POINT('',#1823);
#1823 = CARTESIAN_POINT('',(-5.15,3.425,6.));
#1824 = SURFACE_CURVE('',#1825,(#1829,#1836),.PCURVE_S1.);
#1825 = LINE('',#1826,#1827);
#1826 = CARTESIAN_POINT('',(-5.15,4.575,6.));
#1827 = VECTOR('',#1828,1.);
#1828 = DIRECTION('',(0.,-1.,0.));
#1829 = PCURVE('',#1784,#1830);
#1830 = DEFINITIONAL_REPRESENTATION('',(#1831),#1835);
#1831 = LINE('',#1832,#1833);
#1832 = CARTESIAN_POINT('',(0.,-6.));
#1833 = VECTOR('',#1834,1.);
#1834 = DIRECTION('',(1.,0.));
#1835 = ( GEOMETRIC_REPRESENTATION_CONTEXT(2) 
PARAMETRIC_REPRESENTATION_CONTEXT() REPRESENTATION_CONTEXT('2D SPACE',''
  ) );
#1836 = PCURVE('',#1488,#1837);
#1837 = DEFINITIONAL_REPRESENTATION('',(#1838),#1842);
#1838 = LINE('',#1839,#1840);
#1839 = CARTESIAN_POINT('',(-5.916110762924,0.409974362193));
#1840 = VECTOR('',#1841,1.);
#1841 = DIRECTION('',(0.,-1.));
#1842 = ( GEOMETRIC_REPRESENTATION_CONTEXT(2) 
PARAMETRIC_REPRESENTATION_CONTEXT() REPRESENTATION_CONTEXT('2D SPACE',''
  ) );
#1843 = ORIENTED_EDGE('',*,*,#1844,.F.);
#1844 = EDGE_CURVE('',#1845,#1822,#1847,.T.);
#1845 = VERTEX_POINT('',#1846);
#1846 = CARTESIAN_POINT('',(-5.15,3.425,0.));
#1847 = SURFACE_CURVE('',#1848,(#1852,#1859),.PCURVE_S1.);
#1848 = LINE('',#1849,#1850);
#1849 = CARTESIAN_POINT('',(-5.15,3.425,0.));
#1850 = VECTOR('',#1851,1.);
#1851 = DIRECTION('',(0.,0.,1.));
#1852 = PCURVE('',#1784,#1853);
#1853 = DEFINITIONAL_REPRESENTATION('',(#1854),#1858);
#1854 = LINE('',#1855,#1856);
#1855 = CARTESIAN_POINT('',(1.15,0.));
#1856 = VECTOR('',#1857,1.);
#1857 = DIRECTION('',(0.,-1.));
#1858 = ( GEOMETRIC_REPRESENTATION_CONTEXT(2) 
PARAMETRIC_REPRESENTATION_CONTEXT() REPRESENTATION_CONTEXT('2D SPACE',''
  ) );
#1859 = PCURVE('',#1516,#1860);
#1860 = DEFINITIONAL_REPRESENTATION('',(#1861),#1865);
#1861 = LINE('',#1862,#1863);
#1862 = CARTESIAN_POINT('',(0.,0.));
#1863 = VECTOR('',#1864,1.);
#1864 = DIRECTION('',(0.,-1.));
#1865 = ( GEOMETRIC_REPRESENTATION_CONTEXT(2) 
PARAMETRIC_REPRESENTATION_CONTEXT() REPRESENTATION_CONTEXT('2D SPACE',''
  ) );
#1866 = ORIENTED_EDGE('',*,*,#1867,.F.);
#1867 = EDGE_CURVE('',#1769,#1845,#1868,.T.);
#1868 = SURFACE_CURVE('',#1869,(#1873,#1880),.PCURVE_S1.);
#1869 = LINE('',#1870,#1871);
#1870 = CARTESIAN_POINT('',(-5.15,4.575,0.));
#1871 = VECTOR('',#1872,1.);
#1872 = DIRECTION('',(0.,-1.,0.));
#1873 = PCURVE('',#1784,#1874);
#1874 = DEFINITIONAL_REPRESENTATION('',(#1875),#1879);
#1875 = LINE('',#1876,#1877);
#1876 = CARTESIAN_POINT('',(0.,0.));
#1877 = VECTOR('',#1878,1.);
#1878 = DIRECTION('',(1.,0.));
#1879 = ( GEOMETRIC_REPRESENTATION_CONTEXT(2) 
PARAMETRIC_REPRESENTATION_CONTEXT() REPRESENTATION_CONTEXT('2D SPACE',''
  ) );
#1880 = PCURVE('',#149,#1881);
#1881 = DEFINITIONAL_REPRESENTATION('',(#1882),#1886);
#1882 = LINE('',#1883,#1884);
#1883 = CARTESIAN_POINT('',(5.003486695386,4.575));
#1884 = VECTOR('',#1885,1.);
#1885 = DIRECTION('',(0.,-1.));
#1886 = ( GEOMETRIC_REPRESENTATION_CONTEXT(2) 
PARAMETRIC_REPRESENTATION_CONTEXT() REPRESENTATION_CONTEXT('2D SPACE',''
  ) );
#1887 = ADVANCED_FACE('',(#1888),#1516,.F.);
#1888 = FACE_BOUND('',#1889,.F.);
#1889 = EDGE_LOOP('',(#1890,#1891,#1912,#1913));
#1890 = ORIENTED_EDGE('',*,*,#1844,.T.);
#1891 = ORIENTED_EDGE('',*,*,#1892,.T.);
#1892 = EDGE_CURVE('',#1822,#1473,#1893,.T.);
#1893 = SURFACE_CURVE('',#1894,(#1898,#1905),.PCURVE_S1.);
#1894 = LINE('',#1895,#1896);
#1895 = CARTESIAN_POINT('',(-5.15,3.425,6.));
#1896 = VECTOR('',#1897,1.);
#1897 = DIRECTION('',(0.984807753012,0.173648177667,0.));
#1898 = PCURVE('',#1516,#1899);
#1899 = DEFINITIONAL_REPRESENTATION('',(#1900),#1904);
#1900 = LINE('',#1901,#1902);
#1901 = CARTESIAN_POINT('',(0.,-6.));
#1902 = VECTOR('',#1903,1.);
#1903 = DIRECTION('',(1.,0.));
#1904 = ( GEOMETRIC_REPRESENTATION_CONTEXT(2) 
PARAMETRIC_REPRESENTATION_CONTEXT() REPRESENTATION_CONTEXT('2D SPACE',''
  ) );
#1905 = PCURVE('',#1488,#1906);
#1906 = DEFINITIONAL_REPRESENTATION('',(#1907),#1911);
#1907 = LINE('',#1908,#1909);
#1908 = CARTESIAN_POINT('',(-5.916110762924,-0.740025637807));
#1909 = VECTOR('',#1910,1.);
#1910 = DIRECTION('',(0.984807753012,0.173648177667));
#1911 = ( GEOMETRIC_REPRESENTATION_CONTEXT(2) 
PARAMETRIC_REPRESENTATION_CONTEXT() REPRESENTATION_CONTEXT('2D SPACE',''
  ) );
#1912 = ORIENTED_EDGE('',*,*,#1500,.F.);
#1913 = ORIENTED_EDGE('',*,*,#1914,.F.);
#1914 = EDGE_CURVE('',#1845,#1501,#1915,.T.);
#1915 = SURFACE_CURVE('',#1916,(#1920,#1927),.PCURVE_S1.);
#1916 = LINE('',#1917,#1918);
#1917 = CARTESIAN_POINT('',(-5.15,3.425,0.));
#1918 = VECTOR('',#1919,1.);
#1919 = DIRECTION('',(0.984807753012,0.173648177667,0.));
#1920 = PCURVE('',#1516,#1921);
#1921 = DEFINITIONAL_REPRESENTATION('',(#1922),#1926);
#1922 = LINE('',#1923,#1924);
#1923 = CARTESIAN_POINT('',(0.,0.));
#1924 = VECTOR('',#1925,1.);
#1925 = DIRECTION('',(1.,0.));
#1926 = ( GEOMETRIC_REPRESENTATION_CONTEXT(2) 
PARAMETRIC_REPRESENTATION_CONTEXT() REPRESENTATION_CONTEXT('2D SPACE',''
  ) );
#1927 = PCURVE('',#149,#1928);
#1928 = DEFINITIONAL_REPRESENTATION('',(#1929),#1933);
#1929 = LINE('',#1930,#1931);
#1930 = CARTESIAN_POINT('',(5.003486695386,3.425));
#1931 = VECTOR('',#1932,1.);
#1932 = DIRECTION('',(-0.984807753012,0.173648177667));
#1933 = ( GEOMETRIC_REPRESENTATION_CONTEXT(2) 
PARAMETRIC_REPRESENTATION_CONTEXT() REPRESENTATION_CONTEXT('2D SPACE',''
  ) );
#1934 = ADVANCED_FACE('',(#1935),#1674,.F.);
#1935 = FACE_BOUND('',#1936,.T.);
#1936 = EDGE_LOOP('',(#1937,#1962,#1983,#1984));
#1937 = ORIENTED_EDGE('',*,*,#1938,.F.);
#1938 = EDGE_CURVE('',#1939,#1941,#1943,.T.);
#1939 = VERTEX_POINT('',#1940);
#1940 = CARTESIAN_POINT('',(-3.800000000001,-6.000000000002,
    11.299999999999));
#1941 = VERTEX_POINT('',#1942);
#1942 = CARTESIAN_POINT('',(-3.799999999999,-6.,-1.108446667786E-12));
#1943 = SURFACE_CURVE('',#1944,(#1948,#1955),.PCURVE_S1.);
#1944 = LINE('',#1945,#1946);
#1945 = CARTESIAN_POINT('',(-3.800000000001,-6.000000000002,
    11.299999999999));
#1946 = VECTOR('',#1947,1.);
#1947 = DIRECTION('',(1.13E-13,1.13E-13,-1.));
#1948 = PCURVE('',#1674,#1949);
#1949 = DEFINITIONAL_REPRESENTATION('',(#1950),#1954);
#1950 = LINE('',#1951,#1952);
#1951 = CARTESIAN_POINT('',(-2.286995751601E-15,-0.2));
#1952 = VECTOR('',#1953,1.);
#1953 = DIRECTION('',(-1.,9.000000000002E-17));
#1954 = ( GEOMETRIC_REPRESENTATION_CONTEXT(2) 
PARAMETRIC_REPRESENTATION_CONTEXT() REPRESENTATION_CONTEXT('2D SPACE',''
  ) );
#1955 = PCURVE('',#1152,#1956);
#1956 = DEFINITIONAL_REPRESENTATION('',(#1957),#1961);
#1957 = LINE('',#1958,#1959);
#1958 = CARTESIAN_POINT('',(4.92638912202E-16,0.141421356237));
#1959 = VECTOR('',#1960,1.);
#1960 = DIRECTION('',(1.,0.));
#1961 = ( GEOMETRIC_REPRESENTATION_CONTEXT(2) 
PARAMETRIC_REPRESENTATION_CONTEXT() REPRESENTATION_CONTEXT('2D SPACE',''
  ) );
#1962 = ORIENTED_EDGE('',*,*,#1963,.T.);
#1963 = EDGE_CURVE('',#1939,#1659,#1964,.T.);
#1964 = SURFACE_CURVE('',#1965,(#1969,#1976),.PCURVE_S1.);
#1965 = LINE('',#1966,#1967);
#1966 = CARTESIAN_POINT('',(-3.600000000001,-6.000000000002,
    11.299999999999));
#1967 = VECTOR('',#1968,1.);
#1968 = DIRECTION('',(-1.,-1.1291E-13,-1.1291E-13));
#1969 = PCURVE('',#1674,#1970);
#1970 = DEFINITIONAL_REPRESENTATION('',(#1971),#1975);
#1971 = LINE('',#1972,#1973);
#1972 = CARTESIAN_POINT('',(-0.,0.));
#1973 = VECTOR('',#1974,1.);
#1974 = DIRECTION('',(1.274799222837E-26,-1.));
#1975 = ( GEOMETRIC_REPRESENTATION_CONTEXT(2) 
PARAMETRIC_REPRESENTATION_CONTEXT() REPRESENTATION_CONTEXT('2D SPACE',''
  ) );
#1976 = PCURVE('',#1703,#1977);
#1977 = DEFINITIONAL_REPRESENTATION('',(#1978),#1982);
#1978 = LINE('',#1979,#1980);
#1979 = CARTESIAN_POINT('',(-1.0247E-13,0.));
#1980 = VECTOR('',#1981,1.);
#1981 = DIRECTION('',(-0.,-1.));
#1982 = ( GEOMETRIC_REPRESENTATION_CONTEXT(2) 
PARAMETRIC_REPRESENTATION_CONTEXT() REPRESENTATION_CONTEXT('2D SPACE',''
  ) );
#1983 = ORIENTED_EDGE('',*,*,#1658,.T.);
#1984 = ORIENTED_EDGE('',*,*,#1985,.F.);
#1985 = EDGE_CURVE('',#1941,#1636,#1986,.T.);
#1986 = SURFACE_CURVE('',#1987,(#1991,#1998),.PCURVE_S1.);
#1987 = LINE('',#1988,#1989);
#1988 = CARTESIAN_POINT('',(-3.599999999999,-6.,-1.08393E-12));
#1989 = VECTOR('',#1990,1.);
#1990 = DIRECTION('',(-1.,-1.1291E-13,-1.1291E-13));
#1991 = PCURVE('',#1674,#1992);
#1992 = DEFINITIONAL_REPRESENTATION('',(#1993),#1997);
#1993 = LINE('',#1994,#1995);
#1994 = CARTESIAN_POINT('',(-11.3,-1.470010078154E-17));
#1995 = VECTOR('',#1996,1.);
#1996 = DIRECTION('',(1.274799222837E-26,-1.));
#1997 = ( GEOMETRIC_REPRESENTATION_CONTEXT(2) 
PARAMETRIC_REPRESENTATION_CONTEXT() REPRESENTATION_CONTEXT('2D SPACE',''
  ) );
#1998 = PCURVE('',#149,#1999);
#1999 = DEFINITIONAL_REPRESENTATION('',(#2000),#2004);
#2000 = LINE('',#2001,#2002);
#2001 = CARTESIAN_POINT('',(3.453486695386,-6.));
#2002 = VECTOR('',#2003,1.);
#2003 = DIRECTION('',(1.,-1.1291E-13));
#2004 = ( GEOMETRIC_REPRESENTATION_CONTEXT(2) 
PARAMETRIC_REPRESENTATION_CONTEXT() REPRESENTATION_CONTEXT('2D SPACE',''
  ) );
#2005 = ADVANCED_FACE('',(#2006),#1152,.F.);
#2006 = FACE_BOUND('',#2007,.F.);
#2007 = EDGE_LOOP('',(#2008,#2029,#2030,#2051));
#2008 = ORIENTED_EDGE('',*,*,#2009,.F.);
#2009 = EDGE_CURVE('',#1108,#1939,#2010,.T.);
#2010 = SURFACE_CURVE('',#2011,(#2015,#2022),.PCURVE_S1.);
#2011 = LINE('',#2012,#2013);
#2012 = CARTESIAN_POINT('',(-3.800000000001,-6.000000000002,
    11.299999999999));
#2013 = VECTOR('',#2014,1.);
#2014 = DIRECTION('',(-0.707106781186,-0.707106781187,
    -8.748251084069E-14));
#2015 = PCURVE('',#1152,#2016);
#2016 = DEFINITIONAL_REPRESENTATION('',(#2017),#2021);
#2017 = LINE('',#2018,#2019);
#2018 = CARTESIAN_POINT('',(4.92638912202E-16,0.141421356237));
#2019 = VECTOR('',#2020,1.);
#2020 = DIRECTION('',(-7.232362170748E-14,1.));
#2021 = ( GEOMETRIC_REPRESENTATION_CONTEXT(2) 
PARAMETRIC_REPRESENTATION_CONTEXT() REPRESENTATION_CONTEXT('2D SPACE',''
  ) );
#2022 = PCURVE('',#1124,#2023);
#2023 = DEFINITIONAL_REPRESENTATION('',(#2024),#2028);
#2024 = LINE('',#2025,#2026);
#2025 = CARTESIAN_POINT('',(-1.570796326795,0.));
#2026 = VECTOR('',#2027,1.);
#2027 = DIRECTION('',(-0.,1.));
#2028 = ( GEOMETRIC_REPRESENTATION_CONTEXT(2) 
PARAMETRIC_REPRESENTATION_CONTEXT() REPRESENTATION_CONTEXT('2D SPACE',''
  ) );
#2029 = ORIENTED_EDGE('',*,*,#1136,.T.);
#2030 = ORIENTED_EDGE('',*,*,#2031,.T.);
#2031 = EDGE_CURVE('',#1137,#1941,#2032,.T.);
#2032 = SURFACE_CURVE('',#2033,(#2037,#2044),.PCURVE_S1.);
#2033 = LINE('',#2034,#2035);
#2034 = CARTESIAN_POINT('',(-2.58125,-4.78125,-4.591288399941E-13));
#2035 = VECTOR('',#2036,1.);
#2036 = DIRECTION('',(-0.707106781186,-0.707106781187,
    -1.409122393548E-13));
#2037 = PCURVE('',#1152,#2038);
#2038 = DEFINITIONAL_REPRESENTATION('',(#2039),#2043);
#2039 = LINE('',#2040,#2041);
#2040 = CARTESIAN_POINT('',(11.3,-1.582151422905));
#2041 = VECTOR('',#2042,1.);
#2042 = DIRECTION('',(-1.889389319332E-14,1.));
#2043 = ( GEOMETRIC_REPRESENTATION_CONTEXT(2) 
PARAMETRIC_REPRESENTATION_CONTEXT() REPRESENTATION_CONTEXT('2D SPACE',''
  ) );
#2044 = PCURVE('',#149,#2045);
#2045 = DEFINITIONAL_REPRESENTATION('',(#2046),#2050);
#2046 = LINE('',#2047,#2048);
#2047 = CARTESIAN_POINT('',(2.434736695386,-4.78125));
#2048 = VECTOR('',#2049,1.);
#2049 = DIRECTION('',(0.707106781186,-0.707106781187));
#2050 = ( GEOMETRIC_REPRESENTATION_CONTEXT(2) 
PARAMETRIC_REPRESENTATION_CONTEXT() REPRESENTATION_CONTEXT('2D SPACE',''
  ) );
#2051 = ORIENTED_EDGE('',*,*,#1938,.F.);
#2052 = ADVANCED_FACE('',(#2053),#797,.T.);
#2053 = FACE_BOUND('',#2054,.T.);
#2054 = EDGE_LOOP('',(#2055,#2056,#2077,#2078));
#2055 = ORIENTED_EDGE('',*,*,#781,.T.);
#2056 = ORIENTED_EDGE('',*,*,#2057,.F.);
#2057 = EDGE_CURVE('',#1188,#754,#2058,.T.);
#2058 = SURFACE_CURVE('',#2059,(#2063,#2070),.PCURVE_S1.);
#2059 = LINE('',#2060,#2061);
#2060 = CARTESIAN_POINT('',(-3.6,-5.6,6.3));
#2061 = VECTOR('',#2062,1.);
#2062 = DIRECTION('',(1.,0.,0.));
#2063 = PCURVE('',#797,#2064);
#2064 = DEFINITIONAL_REPRESENTATION('',(#2065),#2069);
#2065 = LINE('',#2066,#2067);
#2066 = CARTESIAN_POINT('',(-3.15,-3.6));
#2067 = VECTOR('',#2068,1.);
#2068 = DIRECTION('',(0.,1.));
#2069 = ( GEOMETRIC_REPRESENTATION_CONTEXT(2) 
PARAMETRIC_REPRESENTATION_CONTEXT() REPRESENTATION_CONTEXT('2D SPACE',''
  ) );
#2070 = PCURVE('',#769,#2071);
#2071 = DEFINITIONAL_REPRESENTATION('',(#2072),#2076);
#2072 = LINE('',#2073,#2074);
#2073 = CARTESIAN_POINT('',(-3.6,-5.6));
#2074 = VECTOR('',#2075,1.);
#2075 = DIRECTION('',(1.,6.336715212386E-65));
#2076 = ( GEOMETRIC_REPRESENTATION_CONTEXT(2) 
PARAMETRIC_REPRESENTATION_CONTEXT() REPRESENTATION_CONTEXT('2D SPACE',''
  ) );
#2077 = ORIENTED_EDGE('',*,*,#1187,.F.);
#2078 = ORIENTED_EDGE('',*,*,#2079,.F.);
#2079 = EDGE_CURVE('',#782,#1165,#2080,.T.);
#2080 = SURFACE_CURVE('',#2081,(#2085,#2092),.PCURVE_S1.);
#2081 = LINE('',#2082,#2083);
#2082 = CARTESIAN_POINT('',(3.6,-5.6,0.));
#2083 = VECTOR('',#2084,1.);
#2084 = DIRECTION('',(-1.,0.,0.));
#2085 = PCURVE('',#797,#2086);
#2086 = DEFINITIONAL_REPRESENTATION('',(#2087),#2091);
#2087 = LINE('',#2088,#2089);
#2088 = CARTESIAN_POINT('',(3.15,3.6));
#2089 = VECTOR('',#2090,1.);
#2090 = DIRECTION('',(0.,-1.));
#2091 = ( GEOMETRIC_REPRESENTATION_CONTEXT(2) 
PARAMETRIC_REPRESENTATION_CONTEXT() REPRESENTATION_CONTEXT('2D SPACE',''
  ) );
#2092 = PCURVE('',#149,#2093);
#2093 = DEFINITIONAL_REPRESENTATION('',(#2094),#2098);
#2094 = LINE('',#2095,#2096);
#2095 = CARTESIAN_POINT('',(-3.746513304614,-5.6));
#2096 = VECTOR('',#2097,1.);
#2097 = DIRECTION('',(1.,2.083447145421E-43));
#2098 = ( GEOMETRIC_REPRESENTATION_CONTEXT(2) 
PARAMETRIC_REPRESENTATION_CONTEXT() REPRESENTATION_CONTEXT('2D SPACE',''
  ) );
#2099 = ADVANCED_FACE('',(#2100),#848,.F.);
#2100 = FACE_BOUND('',#2101,.T.);
#2101 = EDGE_LOOP('',(#2102,#2125,#2126,#2149));
#2102 = ORIENTED_EDGE('',*,*,#2103,.F.);
#2103 = EDGE_CURVE('',#833,#2104,#2106,.T.);
#2104 = VERTEX_POINT('',#2105);
#2105 = CARTESIAN_POINT('',(3.800000000001,-6.000000000002,
    11.299999999999));
#2106 = SURFACE_CURVE('',#2107,(#2111,#2118),.PCURVE_S1.);
#2107 = LINE('',#2108,#2109);
#2108 = CARTESIAN_POINT('',(3.800000000001,-6.000000000002,
    11.299999999999));
#2109 = VECTOR('',#2110,1.);
#2110 = DIRECTION('',(0.707106781186,-0.707106781187,-8.748251084069E-14
    ));
#2111 = PCURVE('',#848,#2112);
#2112 = DEFINITIONAL_REPRESENTATION('',(#2113),#2117);
#2113 = LINE('',#2114,#2115);
#2114 = CARTESIAN_POINT('',(-4.92638912202E-16,0.141421356237));
#2115 = VECTOR('',#2116,1.);
#2116 = DIRECTION('',(7.232362170748E-14,1.));
#2117 = ( GEOMETRIC_REPRESENTATION_CONTEXT(2) 
PARAMETRIC_REPRESENTATION_CONTEXT() REPRESENTATION_CONTEXT('2D SPACE',''
  ) );
#2118 = PCURVE('',#881,#2119);
#2119 = DEFINITIONAL_REPRESENTATION('',(#2120),#2124);
#2120 = LINE('',#2121,#2122);
#2121 = CARTESIAN_POINT('',(1.570796326795,0.));
#2122 = VECTOR('',#2123,1.);
#2123 = DIRECTION('',(0.,1.));
#2124 = ( GEOMETRIC_REPRESENTATION_CONTEXT(2) 
PARAMETRIC_REPRESENTATION_CONTEXT() REPRESENTATION_CONTEXT('2D SPACE',''
  ) );
#2125 = ORIENTED_EDGE('',*,*,#832,.T.);
#2126 = ORIENTED_EDGE('',*,*,#2127,.T.);
#2127 = EDGE_CURVE('',#810,#2128,#2130,.T.);
#2128 = VERTEX_POINT('',#2129);
#2129 = CARTESIAN_POINT('',(3.799999999999,-6.,-1.108446667786E-12));
#2130 = SURFACE_CURVE('',#2131,(#2135,#2142),.PCURVE_S1.);
#2131 = LINE('',#2132,#2133);
#2132 = CARTESIAN_POINT('',(2.58125,-4.78125,-4.591288399941E-13));
#2133 = VECTOR('',#2134,1.);
#2134 = DIRECTION('',(0.707106781186,-0.707106781187,-1.409122393548E-13
    ));
#2135 = PCURVE('',#848,#2136);
#2136 = DEFINITIONAL_REPRESENTATION('',(#2137),#2141);
#2137 = LINE('',#2138,#2139);
#2138 = CARTESIAN_POINT('',(-11.3,-1.582151422905));
#2139 = VECTOR('',#2140,1.);
#2140 = DIRECTION('',(1.889389319332E-14,1.));
#2141 = ( GEOMETRIC_REPRESENTATION_CONTEXT(2) 
PARAMETRIC_REPRESENTATION_CONTEXT() REPRESENTATION_CONTEXT('2D SPACE',''
  ) );
#2142 = PCURVE('',#149,#2143);
#2143 = DEFINITIONAL_REPRESENTATION('',(#2144),#2148);
#2144 = LINE('',#2145,#2146);
#2145 = CARTESIAN_POINT('',(-2.727763304613,-4.78125));
#2146 = VECTOR('',#2147,1.);
#2147 = DIRECTION('',(-0.707106781186,-0.707106781187));
#2148 = ( GEOMETRIC_REPRESENTATION_CONTEXT(2) 
PARAMETRIC_REPRESENTATION_CONTEXT() REPRESENTATION_CONTEXT('2D SPACE',''
  ) );
#2149 = ORIENTED_EDGE('',*,*,#2150,.F.);
#2150 = EDGE_CURVE('',#2104,#2128,#2151,.T.);
#2151 = SURFACE_CURVE('',#2152,(#2156,#2163),.PCURVE_S1.);
#2152 = LINE('',#2153,#2154);
#2153 = CARTESIAN_POINT('',(3.800000000001,-6.000000000002,
    11.299999999999));
#2154 = VECTOR('',#2155,1.);
#2155 = DIRECTION('',(-1.13E-13,1.13E-13,-1.));
#2156 = PCURVE('',#848,#2157);
#2157 = DEFINITIONAL_REPRESENTATION('',(#2158),#2162);
#2158 = LINE('',#2159,#2160);
#2159 = CARTESIAN_POINT('',(-4.92638912202E-16,0.141421356237));
#2160 = VECTOR('',#2161,1.);
#2161 = DIRECTION('',(-1.,0.));
#2162 = ( GEOMETRIC_REPRESENTATION_CONTEXT(2) 
PARAMETRIC_REPRESENTATION_CONTEXT() REPRESENTATION_CONTEXT('2D SPACE',''
  ) );
#2163 = PCURVE('',#347,#2164);
#2164 = DEFINITIONAL_REPRESENTATION('',(#2165),#2169);
#2165 = LINE('',#2166,#2167);
#2166 = CARTESIAN_POINT('',(2.286995751601E-15,-0.2));
#2167 = VECTOR('',#2168,1.);
#2168 = DIRECTION('',(1.,9.000000000002E-17));
#2169 = ( GEOMETRIC_REPRESENTATION_CONTEXT(2) 
PARAMETRIC_REPRESENTATION_CONTEXT() REPRESENTATION_CONTEXT('2D SPACE',''
  ) );
#2170 = ADVANCED_FACE('',(#2171),#347,.F.);
#2171 = FACE_BOUND('',#2172,.F.);
#2172 = EDGE_LOOP('',(#2173,#2174,#2195,#2196));
#2173 = ORIENTED_EDGE('',*,*,#2150,.F.);
#2174 = ORIENTED_EDGE('',*,*,#2175,.T.);
#2175 = EDGE_CURVE('',#2104,#299,#2176,.T.);
#2176 = SURFACE_CURVE('',#2177,(#2181,#2188),.PCURVE_S1.);
#2177 = LINE('',#2178,#2179);
#2178 = CARTESIAN_POINT('',(3.600000000001,-6.000000000002,
    11.299999999999));
#2179 = VECTOR('',#2180,1.);
#2180 = DIRECTION('',(1.,-1.1291E-13,-1.1291E-13));
#2181 = PCURVE('',#347,#2182);
#2182 = DEFINITIONAL_REPRESENTATION('',(#2183),#2187);
#2183 = LINE('',#2184,#2185);
#2184 = CARTESIAN_POINT('',(0.,0.));
#2185 = VECTOR('',#2186,1.);
#2186 = DIRECTION('',(-1.274799222837E-26,-1.));
#2187 = ( GEOMETRIC_REPRESENTATION_CONTEXT(2) 
PARAMETRIC_REPRESENTATION_CONTEXT() REPRESENTATION_CONTEXT('2D SPACE',''
  ) );
#2188 = PCURVE('',#319,#2189);
#2189 = DEFINITIONAL_REPRESENTATION('',(#2190),#2194);
#2190 = LINE('',#2191,#2192);
#2191 = CARTESIAN_POINT('',(1.0247E-13,0.));
#2192 = VECTOR('',#2193,1.);
#2193 = DIRECTION('',(0.,-1.));
#2194 = ( GEOMETRIC_REPRESENTATION_CONTEXT(2) 
PARAMETRIC_REPRESENTATION_CONTEXT() REPRESENTATION_CONTEXT('2D SPACE',''
  ) );
#2195 = ORIENTED_EDGE('',*,*,#331,.T.);
#2196 = ORIENTED_EDGE('',*,*,#2197,.F.);
#2197 = EDGE_CURVE('',#2128,#332,#2198,.T.);
#2198 = SURFACE_CURVE('',#2199,(#2203,#2210),.PCURVE_S1.);
#2199 = LINE('',#2200,#2201);
#2200 = CARTESIAN_POINT('',(3.599999999999,-6.,-1.08393E-12));
#2201 = VECTOR('',#2202,1.);
#2202 = DIRECTION('',(1.,-1.1291E-13,-1.1291E-13));
#2203 = PCURVE('',#347,#2204);
#2204 = DEFINITIONAL_REPRESENTATION('',(#2205),#2209);
#2205 = LINE('',#2206,#2207);
#2206 = CARTESIAN_POINT('',(11.3,-1.470010078154E-17));
#2207 = VECTOR('',#2208,1.);
#2208 = DIRECTION('',(-1.274799222837E-26,-1.));
#2209 = ( GEOMETRIC_REPRESENTATION_CONTEXT(2) 
PARAMETRIC_REPRESENTATION_CONTEXT() REPRESENTATION_CONTEXT('2D SPACE',''
  ) );
#2210 = PCURVE('',#149,#2211);
#2211 = DEFINITIONAL_REPRESENTATION('',(#2212),#2216);
#2212 = LINE('',#2213,#2214);
#2213 = CARTESIAN_POINT('',(-3.746513304613,-6.));
#2214 = VECTOR('',#2215,1.);
#2215 = DIRECTION('',(-1.,-1.1291E-13));
#2216 = ( GEOMETRIC_REPRESENTATION_CONTEXT(2) 
PARAMETRIC_REPRESENTATION_CONTEXT() REPRESENTATION_CONTEXT('2D SPACE',''
  ) );
#2217 = ADVANCED_FACE('',(#2218),#398,.T.);
#2218 = FACE_BOUND('',#2219,.F.);
#2219 = EDGE_LOOP('',(#2220,#2221,#2244,#2272));
#2220 = ORIENTED_EDGE('',*,*,#382,.T.);
#2221 = ORIENTED_EDGE('',*,*,#2222,.T.);
#2222 = EDGE_CURVE('',#383,#2223,#2225,.T.);
#2223 = VERTEX_POINT('',#2224);
#2224 = CARTESIAN_POINT('',(3.35,-4.575,6.));
#2225 = SURFACE_CURVE('',#2226,(#2230,#2237),.PCURVE_S1.);
#2226 = LINE('',#2227,#2228);
#2227 = CARTESIAN_POINT('',(4.25,-4.416305717362,6.));
#2228 = VECTOR('',#2229,1.);
#2229 = DIRECTION('',(-0.984807753012,-0.173648177667,-0.));
#2230 = PCURVE('',#398,#2231);
#2231 = DEFINITIONAL_REPRESENTATION('',(#2232),#2236);
#2232 = LINE('',#2233,#2234);
#2233 = CARTESIAN_POINT('',(-0.,-6.));
#2234 = VECTOR('',#2235,1.);
#2235 = DIRECTION('',(-1.,0.));
#2236 = ( GEOMETRIC_REPRESENTATION_CONTEXT(2) 
PARAMETRIC_REPRESENTATION_CONTEXT() REPRESENTATION_CONTEXT('2D SPACE',''
  ) );
#2237 = PCURVE('',#426,#2238);
#2238 = DEFINITIONAL_REPRESENTATION('',(#2239),#2243);
#2239 = LINE('',#2240,#2241);
#2240 = CARTESIAN_POINT('',(-0.487483106477,0.416305717362));
#2241 = VECTOR('',#2242,1.);
#2242 = DIRECTION('',(0.984807753012,0.173648177667));
#2243 = ( GEOMETRIC_REPRESENTATION_CONTEXT(2) 
PARAMETRIC_REPRESENTATION_CONTEXT() REPRESENTATION_CONTEXT('2D SPACE',''
  ) );
#2244 = ORIENTED_EDGE('',*,*,#2245,.F.);
#2245 = EDGE_CURVE('',#2246,#2223,#2248,.T.);
#2246 = VERTEX_POINT('',#2247);
#2247 = CARTESIAN_POINT('',(3.35,-4.575,0.));
#2248 = SURFACE_CURVE('',#2249,(#2253,#2260),.PCURVE_S1.);
#2249 = LINE('',#2250,#2251);
#2250 = CARTESIAN_POINT('',(3.35,-4.575,0.));
#2251 = VECTOR('',#2252,1.);
#2252 = DIRECTION('',(0.,0.,1.));
#2253 = PCURVE('',#398,#2254);
#2254 = DEFINITIONAL_REPRESENTATION('',(#2255),#2259);
#2255 = LINE('',#2256,#2257);
#2256 = CARTESIAN_POINT('',(-0.913883950697,0.));
#2257 = VECTOR('',#2258,1.);
#2258 = DIRECTION('',(-0.,-1.));
#2259 = ( GEOMETRIC_REPRESENTATION_CONTEXT(2) 
PARAMETRIC_REPRESENTATION_CONTEXT() REPRESENTATION_CONTEXT('2D SPACE',''
  ) );
#2260 = PCURVE('',#2261,#2266);
#2261 = PLANE('',#2262);
#2262 = AXIS2_PLACEMENT_3D('',#2263,#2264,#2265);
#2263 = CARTESIAN_POINT('',(3.35,-4.575,0.));
#2264 = DIRECTION('',(1.,0.,0.));
#2265 = DIRECTION('',(-0.,-1.,-0.));
#2266 = DEFINITIONAL_REPRESENTATION('',(#2267),#2271);
#2267 = LINE('',#2268,#2269);
#2268 = CARTESIAN_POINT('',(-0.,0.));
#2269 = VECTOR('',#2270,1.);
#2270 = DIRECTION('',(-0.,-1.));
#2271 = ( GEOMETRIC_REPRESENTATION_CONTEXT(2) 
PARAMETRIC_REPRESENTATION_CONTEXT() REPRESENTATION_CONTEXT('2D SPACE',''
  ) );
#2272 = ORIENTED_EDGE('',*,*,#2273,.F.);
#2273 = EDGE_CURVE('',#360,#2246,#2274,.T.);
#2274 = SURFACE_CURVE('',#2275,(#2279,#2286),.PCURVE_S1.);
#2275 = LINE('',#2276,#2277);
#2276 = CARTESIAN_POINT('',(4.25,-4.416305717362,0.));
#2277 = VECTOR('',#2278,1.);
#2278 = DIRECTION('',(-0.984807753012,-0.173648177667,-0.));
#2279 = PCURVE('',#398,#2280);
#2280 = DEFINITIONAL_REPRESENTATION('',(#2281),#2285);
#2281 = LINE('',#2282,#2283);
#2282 = CARTESIAN_POINT('',(-0.,-0.));
#2283 = VECTOR('',#2284,1.);
#2284 = DIRECTION('',(-1.,0.));
#2285 = ( GEOMETRIC_REPRESENTATION_CONTEXT(2) 
PARAMETRIC_REPRESENTATION_CONTEXT() REPRESENTATION_CONTEXT('2D SPACE',''
  ) );
#2286 = PCURVE('',#149,#2287);
#2287 = DEFINITIONAL_REPRESENTATION('',(#2288),#2292);
#2288 = LINE('',#2289,#2290);
#2289 = CARTESIAN_POINT('',(-4.396513304614,-4.416305717362));
#2290 = VECTOR('',#2291,1.);
#2291 = DIRECTION('',(0.984807753012,-0.173648177667));
#2292 = ( GEOMETRIC_REPRESENTATION_CONTEXT(2) 
PARAMETRIC_REPRESENTATION_CONTEXT() REPRESENTATION_CONTEXT('2D SPACE',''
  ) );
#2293 = ADVANCED_FACE('',(#2294),#454,.T.);
#2294 = FACE_BOUND('',#2295,.F.);
#2295 = EDGE_LOOP('',(#2296,#2321,#2342,#2343));
#2296 = ORIENTED_EDGE('',*,*,#2297,.T.);
#2297 = EDGE_CURVE('',#2298,#2300,#2302,.T.);
#2298 = VERTEX_POINT('',#2299);
#2299 = CARTESIAN_POINT('',(3.35,-3.425,0.));
#2300 = VERTEX_POINT('',#2301);
#2301 = CARTESIAN_POINT('',(3.35,-3.425,6.));
#2302 = SURFACE_CURVE('',#2303,(#2307,#2314),.PCURVE_S1.);
#2303 = LINE('',#2304,#2305);
#2304 = CARTESIAN_POINT('',(3.35,-3.425,0.));
#2305 = VECTOR('',#2306,1.);
#2306 = DIRECTION('',(0.,0.,1.));
#2307 = PCURVE('',#454,#2308);
#2308 = DEFINITIONAL_REPRESENTATION('',(#2309),#2313);
#2309 = LINE('',#2310,#2311);
#2310 = CARTESIAN_POINT('',(-0.,-0.));
#2311 = VECTOR('',#2312,1.);
#2312 = DIRECTION('',(-0.,-1.));
#2313 = ( GEOMETRIC_REPRESENTATION_CONTEXT(2) 
PARAMETRIC_REPRESENTATION_CONTEXT() REPRESENTATION_CONTEXT('2D SPACE',''
  ) );
#2314 = PCURVE('',#2261,#2315);
#2315 = DEFINITIONAL_REPRESENTATION('',(#2316),#2320);
#2316 = LINE('',#2317,#2318);
#2317 = CARTESIAN_POINT('',(-1.15,0.));
#2318 = VECTOR('',#2319,1.);
#2319 = DIRECTION('',(-0.,-1.));
#2320 = ( GEOMETRIC_REPRESENTATION_CONTEXT(2) 
PARAMETRIC_REPRESENTATION_CONTEXT() REPRESENTATION_CONTEXT('2D SPACE',''
  ) );
#2321 = ORIENTED_EDGE('',*,*,#2322,.T.);
#2322 = EDGE_CURVE('',#2300,#411,#2323,.T.);
#2323 = SURFACE_CURVE('',#2324,(#2328,#2335),.PCURVE_S1.);
#2324 = LINE('',#2325,#2326);
#2325 = CARTESIAN_POINT('',(3.35,-3.425,6.));
#2326 = VECTOR('',#2327,1.);
#2327 = DIRECTION('',(0.984807753012,-0.173648177667,0.));
#2328 = PCURVE('',#454,#2329);
#2329 = DEFINITIONAL_REPRESENTATION('',(#2330),#2334);
#2330 = LINE('',#2331,#2332);
#2331 = CARTESIAN_POINT('',(-0.,-6.));
#2332 = VECTOR('',#2333,1.);
#2333 = DIRECTION('',(-1.,0.));
#2334 = ( GEOMETRIC_REPRESENTATION_CONTEXT(2) 
PARAMETRIC_REPRESENTATION_CONTEXT() REPRESENTATION_CONTEXT('2D SPACE',''
  ) );
#2335 = PCURVE('',#426,#2336);
#2336 = DEFINITIONAL_REPRESENTATION('',(#2337),#2341);
#2337 = LINE('',#2338,#2339);
#2338 = CARTESIAN_POINT('',(0.412516893523,-0.575));
#2339 = VECTOR('',#2340,1.);
#2340 = DIRECTION('',(-0.984807753012,0.173648177667));
#2341 = ( GEOMETRIC_REPRESENTATION_CONTEXT(2) 
PARAMETRIC_REPRESENTATION_CONTEXT() REPRESENTATION_CONTEXT('2D SPACE',''
  ) );
#2342 = ORIENTED_EDGE('',*,*,#438,.F.);
#2343 = ORIENTED_EDGE('',*,*,#2344,.F.);
#2344 = EDGE_CURVE('',#2298,#439,#2345,.T.);
#2345 = SURFACE_CURVE('',#2346,(#2350,#2357),.PCURVE_S1.);
#2346 = LINE('',#2347,#2348);
#2347 = CARTESIAN_POINT('',(3.35,-3.425,0.));
#2348 = VECTOR('',#2349,1.);
#2349 = DIRECTION('',(0.984807753012,-0.173648177667,0.));
#2350 = PCURVE('',#454,#2351);
#2351 = DEFINITIONAL_REPRESENTATION('',(#2352),#2356);
#2352 = LINE('',#2353,#2354);
#2353 = CARTESIAN_POINT('',(-0.,-0.));
#2354 = VECTOR('',#2355,1.);
#2355 = DIRECTION('',(-1.,0.));
#2356 = ( GEOMETRIC_REPRESENTATION_CONTEXT(2) 
PARAMETRIC_REPRESENTATION_CONTEXT() REPRESENTATION_CONTEXT('2D SPACE',''
  ) );
#2357 = PCURVE('',#149,#2358);
#2358 = DEFINITIONAL_REPRESENTATION('',(#2359),#2363);
#2359 = LINE('',#2360,#2361);
#2360 = CARTESIAN_POINT('',(-3.496513304614,-3.425));
#2361 = VECTOR('',#2362,1.);
#2362 = DIRECTION('',(-0.984807753012,-0.173648177667));
#2363 = ( GEOMETRIC_REPRESENTATION_CONTEXT(2) 
PARAMETRIC_REPRESENTATION_CONTEXT() REPRESENTATION_CONTEXT('2D SPACE',''
  ) );
#2364 = ADVANCED_FACE('',(#2365),#505,.T.);
#2365 = FACE_BOUND('',#2366,.T.);
#2366 = EDGE_LOOP('',(#2367,#2397,#2418,#2419));
#2367 = ORIENTED_EDGE('',*,*,#2368,.T.);
#2368 = EDGE_CURVE('',#2369,#2371,#2373,.T.);
#2369 = VERTEX_POINT('',#2370);
#2370 = CARTESIAN_POINT('',(3.35,3.425,0.));
#2371 = VERTEX_POINT('',#2372);
#2372 = CARTESIAN_POINT('',(3.35,3.425,6.));
#2373 = SURFACE_CURVE('',#2374,(#2378,#2385),.PCURVE_S1.);
#2374 = LINE('',#2375,#2376);
#2375 = CARTESIAN_POINT('',(3.35,3.425,0.));
#2376 = VECTOR('',#2377,1.);
#2377 = DIRECTION('',(0.,0.,1.));
#2378 = PCURVE('',#505,#2379);
#2379 = DEFINITIONAL_REPRESENTATION('',(#2380),#2384);
#2380 = LINE('',#2381,#2382);
#2381 = CARTESIAN_POINT('',(0.,0.));
#2382 = VECTOR('',#2383,1.);
#2383 = DIRECTION('',(0.,-1.));
#2384 = ( GEOMETRIC_REPRESENTATION_CONTEXT(2) 
PARAMETRIC_REPRESENTATION_CONTEXT() REPRESENTATION_CONTEXT('2D SPACE',''
  ) );
#2385 = PCURVE('',#2386,#2391);
#2386 = PLANE('',#2387);
#2387 = AXIS2_PLACEMENT_3D('',#2388,#2389,#2390);
#2388 = CARTESIAN_POINT('',(3.35,4.575,0.));
#2389 = DIRECTION('',(1.,0.,0.));
#2390 = DIRECTION('',(0.,-1.,0.));
#2391 = DEFINITIONAL_REPRESENTATION('',(#2392),#2396);
#2392 = LINE('',#2393,#2394);
#2393 = CARTESIAN_POINT('',(1.15,0.));
#2394 = VECTOR('',#2395,1.);
#2395 = DIRECTION('',(0.,-1.));
#2396 = ( GEOMETRIC_REPRESENTATION_CONTEXT(2) 
PARAMETRIC_REPRESENTATION_CONTEXT() REPRESENTATION_CONTEXT('2D SPACE',''
  ) );
#2397 = ORIENTED_EDGE('',*,*,#2398,.T.);
#2398 = EDGE_CURVE('',#2371,#490,#2399,.T.);
#2399 = SURFACE_CURVE('',#2400,(#2404,#2411),.PCURVE_S1.);
#2400 = LINE('',#2401,#2402);
#2401 = CARTESIAN_POINT('',(3.35,3.425,6.));
#2402 = VECTOR('',#2403,1.);
#2403 = DIRECTION('',(0.984807753012,0.173648177667,0.));
#2404 = PCURVE('',#505,#2405);
#2405 = DEFINITIONAL_REPRESENTATION('',(#2406),#2410);
#2406 = LINE('',#2407,#2408);
#2407 = CARTESIAN_POINT('',(0.,-6.));
#2408 = VECTOR('',#2409,1.);
#2409 = DIRECTION('',(1.,0.));
#2410 = ( GEOMETRIC_REPRESENTATION_CONTEXT(2) 
PARAMETRIC_REPRESENTATION_CONTEXT() REPRESENTATION_CONTEXT('2D SPACE',''
  ) );
#2411 = PCURVE('',#533,#2412);
#2412 = DEFINITIONAL_REPRESENTATION('',(#2413),#2417);
#2413 = LINE('',#2414,#2415);
#2414 = CARTESIAN_POINT('',(-0.412516893523,-0.575));
#2415 = VECTOR('',#2416,1.);
#2416 = DIRECTION('',(0.984807753012,0.173648177667));
#2417 = ( GEOMETRIC_REPRESENTATION_CONTEXT(2) 
PARAMETRIC_REPRESENTATION_CONTEXT() REPRESENTATION_CONTEXT('2D SPACE',''
  ) );
#2418 = ORIENTED_EDGE('',*,*,#489,.F.);
#2419 = ORIENTED_EDGE('',*,*,#2420,.F.);
#2420 = EDGE_CURVE('',#2369,#467,#2421,.T.);
#2421 = SURFACE_CURVE('',#2422,(#2426,#2433),.PCURVE_S1.);
#2422 = LINE('',#2423,#2424);
#2423 = CARTESIAN_POINT('',(3.35,3.425,0.));
#2424 = VECTOR('',#2425,1.);
#2425 = DIRECTION('',(0.984807753012,0.173648177667,0.));
#2426 = PCURVE('',#505,#2427);
#2427 = DEFINITIONAL_REPRESENTATION('',(#2428),#2432);
#2428 = LINE('',#2429,#2430);
#2429 = CARTESIAN_POINT('',(0.,0.));
#2430 = VECTOR('',#2431,1.);
#2431 = DIRECTION('',(1.,0.));
#2432 = ( GEOMETRIC_REPRESENTATION_CONTEXT(2) 
PARAMETRIC_REPRESENTATION_CONTEXT() REPRESENTATION_CONTEXT('2D SPACE',''
  ) );
#2433 = PCURVE('',#149,#2434);
#2434 = DEFINITIONAL_REPRESENTATION('',(#2435),#2439);
#2435 = LINE('',#2436,#2437);
#2436 = CARTESIAN_POINT('',(-3.496513304614,3.425));
#2437 = VECTOR('',#2438,1.);
#2438 = DIRECTION('',(-0.984807753012,0.173648177667));
#2439 = ( GEOMETRIC_REPRESENTATION_CONTEXT(2) 
PARAMETRIC_REPRESENTATION_CONTEXT() REPRESENTATION_CONTEXT('2D SPACE',''
  ) );
#2440 = ADVANCED_FACE('',(#2441),#2386,.T.);
#2441 = FACE_BOUND('',#2442,.T.);
#2442 = EDGE_LOOP('',(#2443,#2468,#2489,#2490));
#2443 = ORIENTED_EDGE('',*,*,#2444,.T.);
#2444 = EDGE_CURVE('',#2445,#2447,#2449,.T.);
#2445 = VERTEX_POINT('',#2446);
#2446 = CARTESIAN_POINT('',(3.35,4.575,0.));
#2447 = VERTEX_POINT('',#2448);
#2448 = CARTESIAN_POINT('',(3.35,4.575,6.));
#2449 = SURFACE_CURVE('',#2450,(#2454,#2461),.PCURVE_S1.);
#2450 = LINE('',#2451,#2452);
#2451 = CARTESIAN_POINT('',(3.35,4.575,0.));
#2452 = VECTOR('',#2453,1.);
#2453 = DIRECTION('',(0.,0.,1.));
#2454 = PCURVE('',#2386,#2455);
#2455 = DEFINITIONAL_REPRESENTATION('',(#2456),#2460);
#2456 = LINE('',#2457,#2458);
#2457 = CARTESIAN_POINT('',(0.,0.));
#2458 = VECTOR('',#2459,1.);
#2459 = DIRECTION('',(0.,-1.));
#2460 = ( GEOMETRIC_REPRESENTATION_CONTEXT(2) 
PARAMETRIC_REPRESENTATION_CONTEXT() REPRESENTATION_CONTEXT('2D SPACE',''
  ) );
#2461 = PCURVE('',#561,#2462);
#2462 = DEFINITIONAL_REPRESENTATION('',(#2463),#2467);
#2463 = LINE('',#2464,#2465);
#2464 = CARTESIAN_POINT('',(0.913883950697,0.));
#2465 = VECTOR('',#2466,1.);
#2466 = DIRECTION('',(0.,-1.));
#2467 = ( GEOMETRIC_REPRESENTATION_CONTEXT(2) 
PARAMETRIC_REPRESENTATION_CONTEXT() REPRESENTATION_CONTEXT('2D SPACE',''
  ) );
#2468 = ORIENTED_EDGE('',*,*,#2469,.T.);
#2469 = EDGE_CURVE('',#2447,#2371,#2470,.T.);
#2470 = SURFACE_CURVE('',#2471,(#2475,#2482),.PCURVE_S1.);
#2471 = LINE('',#2472,#2473);
#2472 = CARTESIAN_POINT('',(3.35,4.575,6.));
#2473 = VECTOR('',#2474,1.);
#2474 = DIRECTION('',(0.,-1.,0.));
#2475 = PCURVE('',#2386,#2476);
#2476 = DEFINITIONAL_REPRESENTATION('',(#2477),#2481);
#2477 = LINE('',#2478,#2479);
#2478 = CARTESIAN_POINT('',(0.,-6.));
#2479 = VECTOR('',#2480,1.);
#2480 = DIRECTION('',(1.,0.));
#2481 = ( GEOMETRIC_REPRESENTATION_CONTEXT(2) 
PARAMETRIC_REPRESENTATION_CONTEXT() REPRESENTATION_CONTEXT('2D SPACE',''
  ) );
#2482 = PCURVE('',#533,#2483);
#2483 = DEFINITIONAL_REPRESENTATION('',(#2484),#2488);
#2484 = LINE('',#2485,#2486);
#2485 = CARTESIAN_POINT('',(-0.412516893523,0.575));
#2486 = VECTOR('',#2487,1.);
#2487 = DIRECTION('',(0.,-1.));
#2488 = ( GEOMETRIC_REPRESENTATION_CONTEXT(2) 
PARAMETRIC_REPRESENTATION_CONTEXT() REPRESENTATION_CONTEXT('2D SPACE',''
  ) );
#2489 = ORIENTED_EDGE('',*,*,#2368,.F.);
#2490 = ORIENTED_EDGE('',*,*,#2491,.F.);
#2491 = EDGE_CURVE('',#2445,#2369,#2492,.T.);
#2492 = SURFACE_CURVE('',#2493,(#2497,#2504),.PCURVE_S1.);
#2493 = LINE('',#2494,#2495);
#2494 = CARTESIAN_POINT('',(3.35,4.575,0.));
#2495 = VECTOR('',#2496,1.);
#2496 = DIRECTION('',(0.,-1.,0.));
#2497 = PCURVE('',#2386,#2498);
#2498 = DEFINITIONAL_REPRESENTATION('',(#2499),#2503);
#2499 = LINE('',#2500,#2501);
#2500 = CARTESIAN_POINT('',(0.,0.));
#2501 = VECTOR('',#2502,1.);
#2502 = DIRECTION('',(1.,0.));
#2503 = ( GEOMETRIC_REPRESENTATION_CONTEXT(2) 
PARAMETRIC_REPRESENTATION_CONTEXT() REPRESENTATION_CONTEXT('2D SPACE',''
  ) );
#2504 = PCURVE('',#149,#2505);
#2505 = DEFINITIONAL_REPRESENTATION('',(#2506),#2510);
#2506 = LINE('',#2507,#2508);
#2507 = CARTESIAN_POINT('',(-3.496513304614,4.575));
#2508 = VECTOR('',#2509,1.);
#2509 = DIRECTION('',(0.,-1.));
#2510 = ( GEOMETRIC_REPRESENTATION_CONTEXT(2) 
PARAMETRIC_REPRESENTATION_CONTEXT() REPRESENTATION_CONTEXT('2D SPACE',''
  ) );
#2511 = ADVANCED_FACE('',(#2512),#561,.T.);
#2512 = FACE_BOUND('',#2513,.T.);
#2513 = EDGE_LOOP('',(#2514,#2515,#2536,#2537));
#2514 = ORIENTED_EDGE('',*,*,#545,.T.);
#2515 = ORIENTED_EDGE('',*,*,#2516,.T.);
#2516 = EDGE_CURVE('',#518,#2447,#2517,.T.);
#2517 = SURFACE_CURVE('',#2518,(#2522,#2529),.PCURVE_S1.);
#2518 = LINE('',#2519,#2520);
#2519 = CARTESIAN_POINT('',(4.25,4.416305717362,6.));
#2520 = VECTOR('',#2521,1.);
#2521 = DIRECTION('',(-0.984807753012,0.173648177667,0.));
#2522 = PCURVE('',#561,#2523);
#2523 = DEFINITIONAL_REPRESENTATION('',(#2524),#2528);
#2524 = LINE('',#2525,#2526);
#2525 = CARTESIAN_POINT('',(0.,-6.));
#2526 = VECTOR('',#2527,1.);
#2527 = DIRECTION('',(1.,0.));
#2528 = ( GEOMETRIC_REPRESENTATION_CONTEXT(2) 
PARAMETRIC_REPRESENTATION_CONTEXT() REPRESENTATION_CONTEXT('2D SPACE',''
  ) );
#2529 = PCURVE('',#533,#2530);
#2530 = DEFINITIONAL_REPRESENTATION('',(#2531),#2535);
#2531 = LINE('',#2532,#2533);
#2532 = CARTESIAN_POINT('',(0.487483106477,0.416305717362));
#2533 = VECTOR('',#2534,1.);
#2534 = DIRECTION('',(-0.984807753012,0.173648177667));
#2535 = ( GEOMETRIC_REPRESENTATION_CONTEXT(2) 
PARAMETRIC_REPRESENTATION_CONTEXT() REPRESENTATION_CONTEXT('2D SPACE',''
  ) );
#2536 = ORIENTED_EDGE('',*,*,#2444,.F.);
#2537 = ORIENTED_EDGE('',*,*,#2538,.F.);
#2538 = EDGE_CURVE('',#546,#2445,#2539,.T.);
#2539 = SURFACE_CURVE('',#2540,(#2544,#2551),.PCURVE_S1.);
#2540 = LINE('',#2541,#2542);
#2541 = CARTESIAN_POINT('',(4.25,4.416305717362,0.));
#2542 = VECTOR('',#2543,1.);
#2543 = DIRECTION('',(-0.984807753012,0.173648177667,0.));
#2544 = PCURVE('',#561,#2545);
#2545 = DEFINITIONAL_REPRESENTATION('',(#2546),#2550);
#2546 = LINE('',#2547,#2548);
#2547 = CARTESIAN_POINT('',(0.,0.));
#2548 = VECTOR('',#2549,1.);
#2549 = DIRECTION('',(1.,0.));
#2550 = ( GEOMETRIC_REPRESENTATION_CONTEXT(2) 
PARAMETRIC_REPRESENTATION_CONTEXT() REPRESENTATION_CONTEXT('2D SPACE',''
  ) );
#2551 = PCURVE('',#149,#2552);
#2552 = DEFINITIONAL_REPRESENTATION('',(#2553),#2557);
#2553 = LINE('',#2554,#2555);
#2554 = CARTESIAN_POINT('',(-4.396513304614,4.416305717362));
#2555 = VECTOR('',#2556,1.);
#2556 = DIRECTION('',(0.984807753012,0.173648177667));
#2557 = ( GEOMETRIC_REPRESENTATION_CONTEXT(2) 
PARAMETRIC_REPRESENTATION_CONTEXT() REPRESENTATION_CONTEXT('2D SPACE',''
  ) );
#2558 = ADVANCED_FACE('',(#2559),#533,.F.);
#2559 = FACE_BOUND('',#2560,.F.);
#2560 = EDGE_LOOP('',(#2561,#2562,#2563,#2564));
#2561 = ORIENTED_EDGE('',*,*,#2516,.T.);
#2562 = ORIENTED_EDGE('',*,*,#2469,.T.);
#2563 = ORIENTED_EDGE('',*,*,#2398,.T.);
#2564 = ORIENTED_EDGE('',*,*,#517,.T.);
#2565 = ADVANCED_FACE('',(#2566),#426,.F.);
#2566 = FACE_BOUND('',#2567,.T.);
#2567 = EDGE_LOOP('',(#2568,#2569,#2590,#2591));
#2568 = ORIENTED_EDGE('',*,*,#2222,.T.);
#2569 = ORIENTED_EDGE('',*,*,#2570,.T.);
#2570 = EDGE_CURVE('',#2223,#2300,#2571,.T.);
#2571 = SURFACE_CURVE('',#2572,(#2576,#2583),.PCURVE_S1.);
#2572 = LINE('',#2573,#2574);
#2573 = CARTESIAN_POINT('',(3.35,-4.575,6.));
#2574 = VECTOR('',#2575,1.);
#2575 = DIRECTION('',(0.,1.,0.));
#2576 = PCURVE('',#426,#2577);
#2577 = DEFINITIONAL_REPRESENTATION('',(#2578),#2582);
#2578 = LINE('',#2579,#2580);
#2579 = CARTESIAN_POINT('',(0.412516893523,0.575));
#2580 = VECTOR('',#2581,1.);
#2581 = DIRECTION('',(-0.,-1.));
#2582 = ( GEOMETRIC_REPRESENTATION_CONTEXT(2) 
PARAMETRIC_REPRESENTATION_CONTEXT() REPRESENTATION_CONTEXT('2D SPACE',''
  ) );
#2583 = PCURVE('',#2261,#2584);
#2584 = DEFINITIONAL_REPRESENTATION('',(#2585),#2589);
#2585 = LINE('',#2586,#2587);
#2586 = CARTESIAN_POINT('',(-0.,-6.));
#2587 = VECTOR('',#2588,1.);
#2588 = DIRECTION('',(-1.,0.));
#2589 = ( GEOMETRIC_REPRESENTATION_CONTEXT(2) 
PARAMETRIC_REPRESENTATION_CONTEXT() REPRESENTATION_CONTEXT('2D SPACE',''
  ) );
#2590 = ORIENTED_EDGE('',*,*,#2322,.T.);
#2591 = ORIENTED_EDGE('',*,*,#410,.T.);
#2592 = ADVANCED_FACE('',(#2593),#319,.T.);
#2593 = FACE_BOUND('',#2594,.T.);
#2594 = EDGE_LOOP('',(#2595,#2619,#2620,#2621));
#2595 = ORIENTED_EDGE('',*,*,#2596,.T.);
#2596 = EDGE_CURVE('',#2597,#2104,#2599,.T.);
#2597 = VERTEX_POINT('',#2598);
#2598 = CARTESIAN_POINT('',(3.800000000001,-5.000000000002,
    12.299999999999));
#2599 = SURFACE_CURVE('',#2600,(#2605,#2612),.PCURVE_S1.);
#2600 = CIRCLE('',#2601,1.);
#2601 = AXIS2_PLACEMENT_3D('',#2602,#2603,#2604);
#2602 = CARTESIAN_POINT('',(3.800000000001,-5.000000000002,
    11.299999999999));
#2603 = DIRECTION('',(1.,-1.1279E-13,-1.129E-13));
#2604 = DIRECTION('',(1.129E-13,-9.769962616701E-15,1.));
#2605 = PCURVE('',#319,#2606);
#2606 = DEFINITIONAL_REPRESENTATION('',(#2607),#2611);
#2607 = LINE('',#2608,#2609);
#2608 = CARTESIAN_POINT('',(1.570796326795,-0.2));
#2609 = VECTOR('',#2610,1.);
#2610 = DIRECTION('',(-1.,0.));
#2611 = ( GEOMETRIC_REPRESENTATION_CONTEXT(2) 
PARAMETRIC_REPRESENTATION_CONTEXT() REPRESENTATION_CONTEXT('2D SPACE',''
  ) );
#2612 = PCURVE('',#881,#2613);
#2613 = DEFINITIONAL_REPRESENTATION('',(#2614),#2618);
#2614 = LINE('',#2615,#2616);
#2615 = CARTESIAN_POINT('',(0.,0.));
#2616 = VECTOR('',#2617,1.);
#2617 = DIRECTION('',(1.,0.));
#2618 = ( GEOMETRIC_REPRESENTATION_CONTEXT(2) 
PARAMETRIC_REPRESENTATION_CONTEXT() REPRESENTATION_CONTEXT('2D SPACE',''
  ) );
#2619 = ORIENTED_EDGE('',*,*,#2175,.T.);
#2620 = ORIENTED_EDGE('',*,*,#298,.T.);
#2621 = ORIENTED_EDGE('',*,*,#2622,.F.);
#2622 = EDGE_CURVE('',#2597,#271,#2623,.T.);
#2623 = SURFACE_CURVE('',#2624,(#2628,#2635),.PCURVE_S1.);
#2624 = LINE('',#2625,#2626);
#2625 = CARTESIAN_POINT('',(3.600000000001,-5.000000000002,
    12.299999999999));
#2626 = VECTOR('',#2627,1.);
#2627 = DIRECTION('',(1.,-1.1291E-13,-1.1291E-13));
#2628 = PCURVE('',#319,#2629);
#2629 = DEFINITIONAL_REPRESENTATION('',(#2630),#2634);
#2630 = LINE('',#2631,#2632);
#2631 = CARTESIAN_POINT('',(1.570796326795,0.));
#2632 = VECTOR('',#2633,1.);
#2633 = DIRECTION('',(0.,-1.));
#2634 = ( GEOMETRIC_REPRESENTATION_CONTEXT(2) 
PARAMETRIC_REPRESENTATION_CONTEXT() REPRESENTATION_CONTEXT('2D SPACE',''
  ) );
#2635 = PCURVE('',#286,#2636);
#2636 = DEFINITIONAL_REPRESENTATION('',(#2637),#2641);
#2637 = LINE('',#2638,#2639);
#2638 = CARTESIAN_POINT('',(-0.425,-5.000000000002));
#2639 = VECTOR('',#2640,1.);
#2640 = DIRECTION('',(1.,-1.1291E-13));
#2641 = ( GEOMETRIC_REPRESENTATION_CONTEXT(2) 
PARAMETRIC_REPRESENTATION_CONTEXT() REPRESENTATION_CONTEXT('2D SPACE',''
  ) );
#2642 = ADVANCED_FACE('',(#2643),#286,.T.);
#2643 = FACE_BOUND('',#2644,.T.);
#2644 = EDGE_LOOP('',(#2645,#2666,#2667,#2668));
#2645 = ORIENTED_EDGE('',*,*,#2646,.F.);
#2646 = EDGE_CURVE('',#2597,#598,#2647,.T.);
#2647 = SURFACE_CURVE('',#2648,(#2652,#2659),.PCURVE_S1.);
#2648 = LINE('',#2649,#2650);
#2649 = CARTESIAN_POINT('',(3.800000000001,1.818496764634E-12,12.3));
#2650 = VECTOR('',#2651,1.);
#2651 = DIRECTION('',(-1.13E-13,1.,-1.13E-13));
#2652 = PCURVE('',#286,#2653);
#2653 = DEFINITIONAL_REPRESENTATION('',(#2654),#2658);
#2654 = LINE('',#2655,#2656);
#2655 = CARTESIAN_POINT('',(-0.225,1.818560509496E-12));
#2656 = VECTOR('',#2657,1.);
#2657 = DIRECTION('',(-1.13E-13,1.));
#2658 = ( GEOMETRIC_REPRESENTATION_CONTEXT(2) 
PARAMETRIC_REPRESENTATION_CONTEXT() REPRESENTATION_CONTEXT('2D SPACE',''
  ) );
#2659 = PCURVE('',#663,#2660);
#2660 = DEFINITIONAL_REPRESENTATION('',(#2661),#2665);
#2661 = LINE('',#2662,#2663);
#2662 = CARTESIAN_POINT('',(0.141421356238,1.818539952031E-12));
#2663 = VECTOR('',#2664,1.);
#2664 = DIRECTION('',(-1.598061325482E-13,1.));
#2665 = ( GEOMETRIC_REPRESENTATION_CONTEXT(2) 
PARAMETRIC_REPRESENTATION_CONTEXT() REPRESENTATION_CONTEXT('2D SPACE',''
  ) );
#2666 = ORIENTED_EDGE('',*,*,#2622,.T.);
#2667 = ORIENTED_EDGE('',*,*,#270,.T.);
#2668 = ORIENTED_EDGE('',*,*,#623,.F.);
#2669 = ADVANCED_FACE('',(#2670),#663,.T.);
#2670 = FACE_BOUND('',#2671,.T.);
#2671 = EDGE_LOOP('',(#2672,#2673,#2694,#2695));
#2672 = ORIENTED_EDGE('',*,*,#893,.T.);
#2673 = ORIENTED_EDGE('',*,*,#2674,.T.);
#2674 = EDGE_CURVE('',#861,#2597,#2675,.T.);
#2675 = SURFACE_CURVE('',#2676,(#2680,#2687),.PCURVE_S1.);
#2676 = LINE('',#2677,#2678);
#2677 = CARTESIAN_POINT('',(3.700000000001,-5.000000000002,
    12.199999999999));
#2678 = VECTOR('',#2679,1.);
#2679 = DIRECTION('',(0.707106781187,-1.598061325482E-13,0.707106781186)
  );
#2680 = PCURVE('',#663,#2681);
#2681 = DEFINITIONAL_REPRESENTATION('',(#2682),#2686);
#2682 = LINE('',#2683,#2684);
#2683 = CARTESIAN_POINT('',(-3.890689112618E-13,-5.000000000002));
#2684 = VECTOR('',#2685,1.);
#2685 = DIRECTION('',(1.,-1.598061325482E-13));
#2686 = ( GEOMETRIC_REPRESENTATION_CONTEXT(2) 
PARAMETRIC_REPRESENTATION_CONTEXT() REPRESENTATION_CONTEXT('2D SPACE',''
  ) );
#2687 = PCURVE('',#881,#2688);
#2688 = DEFINITIONAL_REPRESENTATION('',(#2689),#2693);
#2689 = LINE('',#2690,#2691);
#2690 = CARTESIAN_POINT('',(2.22044604925E-16,-0.1));
#2691 = VECTOR('',#2692,1.);
#2692 = DIRECTION('',(0.,1.));
#2693 = ( GEOMETRIC_REPRESENTATION_CONTEXT(2) 
PARAMETRIC_REPRESENTATION_CONTEXT() REPRESENTATION_CONTEXT('2D SPACE',''
  ) );
#2694 = ORIENTED_EDGE('',*,*,#2646,.T.);
#2695 = ORIENTED_EDGE('',*,*,#647,.F.);
#2696 = ADVANCED_FACE('',(#2697,#2703,#2822,#2936),#769,.T.);
#2697 = FACE_BOUND('',#2698,.T.);
#2698 = EDGE_LOOP('',(#2699,#2700,#2701,#2702));
#2699 = ORIENTED_EDGE('',*,*,#971,.F.);
#2700 = ORIENTED_EDGE('',*,*,#1210,.F.);
#2701 = ORIENTED_EDGE('',*,*,#2057,.T.);
#2702 = ORIENTED_EDGE('',*,*,#753,.T.);
#2703 = FACE_BOUND('',#2704,.T.);
#2704 = EDGE_LOOP('',(#2705,#2740,#2768,#2796));
#2705 = ORIENTED_EDGE('',*,*,#2706,.T.);
#2706 = EDGE_CURVE('',#2707,#2709,#2711,.T.);
#2707 = VERTEX_POINT('',#2708);
#2708 = CARTESIAN_POINT('',(5.35782974627E-17,1.75,6.3));
#2709 = VERTEX_POINT('',#2710);
#2710 = CARTESIAN_POINT('',(1.75,-1.071565949254E-16,6.3));
#2711 = SURFACE_CURVE('',#2712,(#2717,#2728),.PCURVE_S1.);
#2712 = CIRCLE('',#2713,1.75);
#2713 = AXIS2_PLACEMENT_3D('',#2714,#2715,#2716);
#2714 = CARTESIAN_POINT('',(0.,0.,6.3));
#2715 = DIRECTION('',(0.,0.,-1.));
#2716 = DIRECTION('',(-1.,-0.,-0.));
#2717 = PCURVE('',#769,#2718);
#2718 = DEFINITIONAL_REPRESENTATION('',(#2719),#2727);
#2719 = ( BOUNDED_CURVE() B_SPLINE_CURVE(2,(#2720,#2721,#2722,#2723,
#2724,#2725,#2726),.UNSPECIFIED.,.T.,.F.) B_SPLINE_CURVE_WITH_KNOTS((1,2
    ,2,2,2,1),(-2.094395102393,0.,2.094395102393,4.188790204786,
6.28318530718,8.377580409573),.UNSPECIFIED.) CURVE() 
GEOMETRIC_REPRESENTATION_ITEM() RATIONAL_B_SPLINE_CURVE((1.,0.5,1.,0.5,
1.,0.5,1.)) REPRESENTATION_ITEM('') );
#2720 = CARTESIAN_POINT('',(-1.75,-9.65411325761E-17));
#2721 = CARTESIAN_POINT('',(-1.75,3.031088913246));
#2722 = CARTESIAN_POINT('',(0.875,1.515544456623));
#2723 = CARTESIAN_POINT('',(3.5,3.320852471255E-16));
#2724 = CARTESIAN_POINT('',(0.875,-1.515544456623));
#2725 = CARTESIAN_POINT('',(-1.75,-3.031088913246));
#2726 = CARTESIAN_POINT('',(-1.75,-9.65411325761E-17));
#2727 = ( GEOMETRIC_REPRESENTATION_CONTEXT(2) 
PARAMETRIC_REPRESENTATION_CONTEXT() REPRESENTATION_CONTEXT('2D SPACE',''
  ) );
#2728 = PCURVE('',#2729,#2734);
#2729 = CYLINDRICAL_SURFACE('',#2730,1.75);
#2730 = AXIS2_PLACEMENT_3D('',#2731,#2732,#2733);
#2731 = CARTESIAN_POINT('',(0.,0.,1.));
#2732 = DIRECTION('',(0.,0.,-1.));
#2733 = DIRECTION('',(-1.,-0.,-0.));
#2734 = DEFINITIONAL_REPRESENTATION('',(#2735),#2739);
#2735 = LINE('',#2736,#2737);
#2736 = CARTESIAN_POINT('',(0.,-5.3));
#2737 = VECTOR('',#2738,1.);
#2738 = DIRECTION('',(1.,0.));
#2739 = ( GEOMETRIC_REPRESENTATION_CONTEXT(2) 
PARAMETRIC_REPRESENTATION_CONTEXT() REPRESENTATION_CONTEXT('2D SPACE',''
  ) );
#2740 = ORIENTED_EDGE('',*,*,#2741,.T.);
#2741 = EDGE_CURVE('',#2709,#2742,#2744,.T.);
#2742 = VERTEX_POINT('',#2743);
#2743 = CARTESIAN_POINT('',(-5.35782974627E-17,-1.75,6.3));
#2744 = SURFACE_CURVE('',#2745,(#2750,#2761),.PCURVE_S1.);
#2745 = CIRCLE('',#2746,1.75);
#2746 = AXIS2_PLACEMENT_3D('',#2747,#2748,#2749);
#2747 = CARTESIAN_POINT('',(0.,0.,6.3));
#2748 = DIRECTION('',(0.,0.,-1.));
#2749 = DIRECTION('',(-1.,0.,0.));
#2750 = PCURVE('',#769,#2751);
#2751 = DEFINITIONAL_REPRESENTATION('',(#2752),#2760);
#2752 = ( BOUNDED_CURVE() B_SPLINE_CURVE(2,(#2753,#2754,#2755,#2756,
#2757,#2758,#2759),.UNSPECIFIED.,.T.,.F.) B_SPLINE_CURVE_WITH_KNOTS((1,2
    ,2,2,2,1),(-2.094395102393,0.,2.094395102393,4.188790204786,
6.28318530718,8.377580409573),.UNSPECIFIED.) CURVE() 
GEOMETRIC_REPRESENTATION_ITEM() RATIONAL_B_SPLINE_CURVE((1.,0.5,1.,0.5,
1.,0.5,1.)) REPRESENTATION_ITEM('') );
#2753 = CARTESIAN_POINT('',(-1.75,-9.65411325761E-17));
#2754 = CARTESIAN_POINT('',(-1.75,3.031088913246));
#2755 = CARTESIAN_POINT('',(0.875,1.515544456623));
#2756 = CARTESIAN_POINT('',(3.5,3.320852471255E-16));
#2757 = CARTESIAN_POINT('',(0.875,-1.515544456623));
#2758 = CARTESIAN_POINT('',(-1.75,-3.031088913246));
#2759 = CARTESIAN_POINT('',(-1.75,-9.65411325761E-17));
#2760 = ( GEOMETRIC_REPRESENTATION_CONTEXT(2) 
PARAMETRIC_REPRESENTATION_CONTEXT() REPRESENTATION_CONTEXT('2D SPACE',''
  ) );
#2761 = PCURVE('',#2729,#2762);
#2762 = DEFINITIONAL_REPRESENTATION('',(#2763),#2767);
#2763 = LINE('',#2764,#2765);
#2764 = CARTESIAN_POINT('',(0.,-5.3));
#2765 = VECTOR('',#2766,1.);
#2766 = DIRECTION('',(1.,0.));
#2767 = ( GEOMETRIC_REPRESENTATION_CONTEXT(2) 
PARAMETRIC_REPRESENTATION_CONTEXT() REPRESENTATION_CONTEXT('2D SPACE',''
  ) );
#2768 = ORIENTED_EDGE('',*,*,#2769,.T.);
#2769 = EDGE_CURVE('',#2742,#2770,#2772,.T.);
#2770 = VERTEX_POINT('',#2771);
#2771 = CARTESIAN_POINT('',(-1.75,1.071565949254E-16,6.3));
#2772 = SURFACE_CURVE('',#2773,(#2778,#2789),.PCURVE_S1.);
#2773 = CIRCLE('',#2774,1.75);
#2774 = AXIS2_PLACEMENT_3D('',#2775,#2776,#2777);
#2775 = CARTESIAN_POINT('',(0.,0.,6.3));
#2776 = DIRECTION('',(0.,0.,-1.));
#2777 = DIRECTION('',(1.,0.,0.));
#2778 = PCURVE('',#769,#2779);
#2779 = DEFINITIONAL_REPRESENTATION('',(#2780),#2788);
#2780 = ( BOUNDED_CURVE() B_SPLINE_CURVE(2,(#2781,#2782,#2783,#2784,
#2785,#2786,#2787),.UNSPECIFIED.,.T.,.F.) B_SPLINE_CURVE_WITH_KNOTS((1,2
    ,2,2,2,1),(-2.094395102393,0.,2.094395102393,4.188790204786,
6.28318530718,8.377580409573),.UNSPECIFIED.) CURVE() 
GEOMETRIC_REPRESENTATION_ITEM() RATIONAL_B_SPLINE_CURVE((1.,0.5,1.,0.5,
1.,0.5,1.)) REPRESENTATION_ITEM('') );
#2781 = CARTESIAN_POINT('',(1.75,-9.65411325761E-17));
#2782 = CARTESIAN_POINT('',(1.75,-3.031088913246));
#2783 = CARTESIAN_POINT('',(-0.875,-1.515544456623));
#2784 = CARTESIAN_POINT('',(-3.5,-5.251675122777E-16));
#2785 = CARTESIAN_POINT('',(-0.875,1.515544456623));
#2786 = CARTESIAN_POINT('',(1.75,3.031088913246));
#2787 = CARTESIAN_POINT('',(1.75,-9.65411325761E-17));
#2788 = ( GEOMETRIC_REPRESENTATION_CONTEXT(2) 
PARAMETRIC_REPRESENTATION_CONTEXT() REPRESENTATION_CONTEXT('2D SPACE',''
  ) );
#2789 = PCURVE('',#2729,#2790);
#2790 = DEFINITIONAL_REPRESENTATION('',(#2791),#2795);
#2791 = LINE('',#2792,#2793);
#2792 = CARTESIAN_POINT('',(3.14159265359,-5.3));
#2793 = VECTOR('',#2794,1.);
#2794 = DIRECTION('',(1.,0.));
#2795 = ( GEOMETRIC_REPRESENTATION_CONTEXT(2) 
PARAMETRIC_REPRESENTATION_CONTEXT() REPRESENTATION_CONTEXT('2D SPACE',''
  ) );
#2796 = ORIENTED_EDGE('',*,*,#2797,.T.);
#2797 = EDGE_CURVE('',#2770,#2707,#2798,.T.);
#2798 = SURFACE_CURVE('',#2799,(#2804,#2815),.PCURVE_S1.);
#2799 = CIRCLE('',#2800,1.75);
#2800 = AXIS2_PLACEMENT_3D('',#2801,#2802,#2803);
#2801 = CARTESIAN_POINT('',(0.,0.,6.3));
#2802 = DIRECTION('',(0.,0.,-1.));
#2803 = DIRECTION('',(1.,0.,0.));
#2804 = PCURVE('',#769,#2805);
#2805 = DEFINITIONAL_REPRESENTATION('',(#2806),#2814);
#2806 = ( BOUNDED_CURVE() B_SPLINE_CURVE(2,(#2807,#2808,#2809,#2810,
#2811,#2812,#2813),.UNSPECIFIED.,.T.,.F.) B_SPLINE_CURVE_WITH_KNOTS((1,2
    ,2,2,2,1),(-2.094395102393,0.,2.094395102393,4.188790204786,
6.28318530718,8.377580409573),.UNSPECIFIED.) CURVE() 
GEOMETRIC_REPRESENTATION_ITEM() RATIONAL_B_SPLINE_CURVE((1.,0.5,1.,0.5,
1.,0.5,1.)) REPRESENTATION_ITEM('') );
#2807 = CARTESIAN_POINT('',(1.75,-9.65411325761E-17));
#2808 = CARTESIAN_POINT('',(1.75,-3.031088913246));
#2809 = CARTESIAN_POINT('',(-0.875,-1.515544456623));
#2810 = CARTESIAN_POINT('',(-3.5,-5.251675122777E-16));
#2811 = CARTESIAN_POINT('',(-0.875,1.515544456623));
#2812 = CARTESIAN_POINT('',(1.75,3.031088913246));
#2813 = CARTESIAN_POINT('',(1.75,-9.65411325761E-17));
#2814 = ( GEOMETRIC_REPRESENTATION_CONTEXT(2) 
PARAMETRIC_REPRESENTATION_CONTEXT() REPRESENTATION_CONTEXT('2D SPACE',''
  ) );
#2815 = PCURVE('',#2729,#2816);
#2816 = DEFINITIONAL_REPRESENTATION('',(#2817),#2821);
#2817 = LINE('',#2818,#2819);
#2818 = CARTESIAN_POINT('',(-3.14159265359,-5.3));
#2819 = VECTOR('',#2820,1.);
#2820 = DIRECTION('',(1.,0.));
#2821 = ( GEOMETRIC_REPRESENTATION_CONTEXT(2) 
PARAMETRIC_REPRESENTATION_CONTEXT() REPRESENTATION_CONTEXT('2D SPACE',''
  ) );
#2822 = FACE_BOUND('',#2823,.T.);
#2823 = EDGE_LOOP('',(#2824,#2854,#2882,#2910));
#2824 = ORIENTED_EDGE('',*,*,#2825,.T.);
#2825 = EDGE_CURVE('',#2826,#2828,#2830,.T.);
#2826 = VERTEX_POINT('',#2827);
#2827 = CARTESIAN_POINT('',(1.5,3.6,6.3));
#2828 = VERTEX_POINT('',#2829);
#2829 = CARTESIAN_POINT('',(-1.5,3.6,6.3));
#2830 = SURFACE_CURVE('',#2831,(#2835,#2842),.PCURVE_S1.);
#2831 = LINE('',#2832,#2833);
#2832 = CARTESIAN_POINT('',(1.65,3.6,6.3));
#2833 = VECTOR('',#2834,1.);
#2834 = DIRECTION('',(-1.,0.,0.));
#2835 = PCURVE('',#769,#2836);
#2836 = DEFINITIONAL_REPRESENTATION('',(#2837),#2841);
#2837 = LINE('',#2838,#2839);
#2838 = CARTESIAN_POINT('',(1.65,3.6));
#2839 = VECTOR('',#2840,1.);
#2840 = DIRECTION('',(-1.,-6.336715212386E-65));
#2841 = ( GEOMETRIC_REPRESENTATION_CONTEXT(2) 
PARAMETRIC_REPRESENTATION_CONTEXT() REPRESENTATION_CONTEXT('2D SPACE',''
  ) );
#2842 = PCURVE('',#2843,#2848);
#2843 = PLANE('',#2844);
#2844 = AXIS2_PLACEMENT_3D('',#2845,#2846,#2847);
#2845 = CARTESIAN_POINT('',(0.,3.6,5.3));
#2846 = DIRECTION('',(0.,1.,0.));
#2847 = DIRECTION('',(0.,0.,1.));
#2848 = DEFINITIONAL_REPRESENTATION('',(#2849),#2853);
#2849 = LINE('',#2850,#2851);
#2850 = CARTESIAN_POINT('',(1.,1.65));
#2851 = VECTOR('',#2852,1.);
#2852 = DIRECTION('',(0.,-1.));
#2853 = ( GEOMETRIC_REPRESENTATION_CONTEXT(2) 
PARAMETRIC_REPRESENTATION_CONTEXT() REPRESENTATION_CONTEXT('2D SPACE',''
  ) );
#2854 = ORIENTED_EDGE('',*,*,#2855,.T.);
#2855 = EDGE_CURVE('',#2828,#2856,#2858,.T.);
#2856 = VERTEX_POINT('',#2857);
#2857 = CARTESIAN_POINT('',(-1.5,4.4,6.3));
#2858 = SURFACE_CURVE('',#2859,(#2863,#2870),.PCURVE_S1.);
#2859 = LINE('',#2860,#2861);
#2860 = CARTESIAN_POINT('',(-1.5,3.6,6.3));
#2861 = VECTOR('',#2862,1.);
#2862 = DIRECTION('',(0.,1.,0.));
#2863 = PCURVE('',#769,#2864);
#2864 = DEFINITIONAL_REPRESENTATION('',(#2865),#2869);
#2865 = LINE('',#2866,#2867);
#2866 = CARTESIAN_POINT('',(-1.5,3.6));
#2867 = VECTOR('',#2868,1.);
#2868 = DIRECTION('',(0.,1.));
#2869 = ( GEOMETRIC_REPRESENTATION_CONTEXT(2) 
PARAMETRIC_REPRESENTATION_CONTEXT() REPRESENTATION_CONTEXT('2D SPACE',''
  ) );
#2870 = PCURVE('',#2871,#2876);
#2871 = PLANE('',#2872);
#2872 = AXIS2_PLACEMENT_3D('',#2873,#2874,#2875);
#2873 = CARTESIAN_POINT('',(-1.5,4.4,14.473426866159));
#2874 = DIRECTION('',(-1.,0.,0.));
#2875 = DIRECTION('',(0.,-1.,0.));
#2876 = DEFINITIONAL_REPRESENTATION('',(#2877),#2881);
#2877 = LINE('',#2878,#2879);
#2878 = CARTESIAN_POINT('',(0.8,-8.173426866159));
#2879 = VECTOR('',#2880,1.);
#2880 = DIRECTION('',(-1.,0.));
#2881 = ( GEOMETRIC_REPRESENTATION_CONTEXT(2) 
PARAMETRIC_REPRESENTATION_CONTEXT() REPRESENTATION_CONTEXT('2D SPACE',''
  ) );
#2882 = ORIENTED_EDGE('',*,*,#2883,.T.);
#2883 = EDGE_CURVE('',#2856,#2884,#2886,.T.);
#2884 = VERTEX_POINT('',#2885);
#2885 = CARTESIAN_POINT('',(1.5,4.4,6.3));
#2886 = SURFACE_CURVE('',#2887,(#2891,#2898),.PCURVE_S1.);
#2887 = LINE('',#2888,#2889);
#2888 = CARTESIAN_POINT('',(-0.9,4.4,6.3));
#2889 = VECTOR('',#2890,1.);
#2890 = DIRECTION('',(1.,0.,0.));
#2891 = PCURVE('',#769,#2892);
#2892 = DEFINITIONAL_REPRESENTATION('',(#2893),#2897);
#2893 = LINE('',#2894,#2895);
#2894 = CARTESIAN_POINT('',(-0.9,4.4));
#2895 = VECTOR('',#2896,1.);
#2896 = DIRECTION('',(1.,6.336715212386E-65));
#2897 = ( GEOMETRIC_REPRESENTATION_CONTEXT(2) 
PARAMETRIC_REPRESENTATION_CONTEXT() REPRESENTATION_CONTEXT('2D SPACE',''
  ) );
#2898 = PCURVE('',#2899,#2904);
#2899 = PLANE('',#2900);
#2900 = AXIS2_PLACEMENT_3D('',#2901,#2902,#2903);
#2901 = CARTESIAN_POINT('',(0.,4.4,5.3));
#2902 = DIRECTION('',(-0.,-1.,-0.));
#2903 = DIRECTION('',(0.,0.,-1.));
#2904 = DEFINITIONAL_REPRESENTATION('',(#2905),#2909);
#2905 = LINE('',#2906,#2907);
#2906 = CARTESIAN_POINT('',(-1.,-0.9));
#2907 = VECTOR('',#2908,1.);
#2908 = DIRECTION('',(0.,1.));
#2909 = ( GEOMETRIC_REPRESENTATION_CONTEXT(2) 
PARAMETRIC_REPRESENTATION_CONTEXT() REPRESENTATION_CONTEXT('2D SPACE',''
  ) );
#2910 = ORIENTED_EDGE('',*,*,#2911,.T.);
#2911 = EDGE_CURVE('',#2884,#2826,#2912,.T.);
#2912 = SURFACE_CURVE('',#2913,(#2917,#2924),.PCURVE_S1.);
#2913 = LINE('',#2914,#2915);
#2914 = CARTESIAN_POINT('',(1.5,3.6,6.3));
#2915 = VECTOR('',#2916,1.);
#2916 = DIRECTION('',(0.,-1.,0.));
#2917 = PCURVE('',#769,#2918);
#2918 = DEFINITIONAL_REPRESENTATION('',(#2919),#2923);
#2919 = LINE('',#2920,#2921);
#2920 = CARTESIAN_POINT('',(1.5,3.6));
#2921 = VECTOR('',#2922,1.);
#2922 = DIRECTION('',(0.,-1.));
#2923 = ( GEOMETRIC_REPRESENTATION_CONTEXT(2) 
PARAMETRIC_REPRESENTATION_CONTEXT() REPRESENTATION_CONTEXT('2D SPACE',''
  ) );
#2924 = PCURVE('',#2925,#2930);
#2925 = PLANE('',#2926);
#2926 = AXIS2_PLACEMENT_3D('',#2927,#2928,#2929);
#2927 = CARTESIAN_POINT('',(1.5,4.4,14.473426866159));
#2928 = DIRECTION('',(1.,0.,0.));
#2929 = DIRECTION('',(0.,1.,0.));
#2930 = DEFINITIONAL_REPRESENTATION('',(#2931),#2935);
#2931 = LINE('',#2932,#2933);
#2932 = CARTESIAN_POINT('',(-0.8,-8.173426866159));
#2933 = VECTOR('',#2934,1.);
#2934 = DIRECTION('',(-1.,0.));
#2935 = ( GEOMETRIC_REPRESENTATION_CONTEXT(2) 
PARAMETRIC_REPRESENTATION_CONTEXT() REPRESENTATION_CONTEXT('2D SPACE',''
  ) );
#2936 = FACE_BOUND('',#2937,.T.);
#2937 = EDGE_LOOP('',(#2938,#2968,#2996,#3024));
#2938 = ORIENTED_EDGE('',*,*,#2939,.T.);
#2939 = EDGE_CURVE('',#2940,#2942,#2944,.T.);
#2940 = VERTEX_POINT('',#2941);
#2941 = CARTESIAN_POINT('',(1.5,-3.6,6.3));
#2942 = VERTEX_POINT('',#2943);
#2943 = CARTESIAN_POINT('',(1.5,-4.4,6.3));
#2944 = SURFACE_CURVE('',#2945,(#2949,#2956),.PCURVE_S1.);
#2945 = LINE('',#2946,#2947);
#2946 = CARTESIAN_POINT('',(1.5,-3.6,6.3));
#2947 = VECTOR('',#2948,1.);
#2948 = DIRECTION('',(0.,-1.,0.));
#2949 = PCURVE('',#769,#2950);
#2950 = DEFINITIONAL_REPRESENTATION('',(#2951),#2955);
#2951 = LINE('',#2952,#2953);
#2952 = CARTESIAN_POINT('',(1.5,-3.6));
#2953 = VECTOR('',#2954,1.);
#2954 = DIRECTION('',(0.,-1.));
#2955 = ( GEOMETRIC_REPRESENTATION_CONTEXT(2) 
PARAMETRIC_REPRESENTATION_CONTEXT() REPRESENTATION_CONTEXT('2D SPACE',''
  ) );
#2956 = PCURVE('',#2957,#2962);
#2957 = PLANE('',#2958);
#2958 = AXIS2_PLACEMENT_3D('',#2959,#2960,#2961);
#2959 = CARTESIAN_POINT('',(1.5,-4.4,14.473426866159));
#2960 = DIRECTION('',(1.,0.,0.));
#2961 = DIRECTION('',(0.,1.,0.));
#2962 = DEFINITIONAL_REPRESENTATION('',(#2963),#2967);
#2963 = LINE('',#2964,#2965);
#2964 = CARTESIAN_POINT('',(0.8,-8.173426866159));
#2965 = VECTOR('',#2966,1.);
#2966 = DIRECTION('',(-1.,0.));
#2967 = ( GEOMETRIC_REPRESENTATION_CONTEXT(2) 
PARAMETRIC_REPRESENTATION_CONTEXT() REPRESENTATION_CONTEXT('2D SPACE',''
  ) );
#2968 = ORIENTED_EDGE('',*,*,#2969,.T.);
#2969 = EDGE_CURVE('',#2942,#2970,#2972,.T.);
#2970 = VERTEX_POINT('',#2971);
#2971 = CARTESIAN_POINT('',(-1.5,-4.4,6.3));
#2972 = SURFACE_CURVE('',#2973,(#2977,#2984),.PCURVE_S1.);
#2973 = LINE('',#2974,#2975);
#2974 = CARTESIAN_POINT('',(0.9,-4.4,6.3));
#2975 = VECTOR('',#2976,1.);
#2976 = DIRECTION('',(-1.,-0.,-0.));
#2977 = PCURVE('',#769,#2978);
#2978 = DEFINITIONAL_REPRESENTATION('',(#2979),#2983);
#2979 = LINE('',#2980,#2981);
#2980 = CARTESIAN_POINT('',(0.9,-4.4));
#2981 = VECTOR('',#2982,1.);
#2982 = DIRECTION('',(-1.,-6.336715212386E-65));
#2983 = ( GEOMETRIC_REPRESENTATION_CONTEXT(2) 
PARAMETRIC_REPRESENTATION_CONTEXT() REPRESENTATION_CONTEXT('2D SPACE',''
  ) );
#2984 = PCURVE('',#2985,#2990);
#2985 = PLANE('',#2986);
#2986 = AXIS2_PLACEMENT_3D('',#2987,#2988,#2989);
#2987 = CARTESIAN_POINT('',(0.,-4.4,5.3));
#2988 = DIRECTION('',(0.,1.,0.));
#2989 = DIRECTION('',(0.,0.,1.));
#2990 = DEFINITIONAL_REPRESENTATION('',(#2991),#2995);
#2991 = LINE('',#2992,#2993);
#2992 = CARTESIAN_POINT('',(1.,0.9));
#2993 = VECTOR('',#2994,1.);
#2994 = DIRECTION('',(0.,-1.));
#2995 = ( GEOMETRIC_REPRESENTATION_CONTEXT(2) 
PARAMETRIC_REPRESENTATION_CONTEXT() REPRESENTATION_CONTEXT('2D SPACE',''
  ) );
#2996 = ORIENTED_EDGE('',*,*,#2997,.T.);
#2997 = EDGE_CURVE('',#2970,#2998,#3000,.T.);
#2998 = VERTEX_POINT('',#2999);
#2999 = CARTESIAN_POINT('',(-1.5,-3.6,6.3));
#3000 = SURFACE_CURVE('',#3001,(#3005,#3012),.PCURVE_S1.);
#3001 = LINE('',#3002,#3003);
#3002 = CARTESIAN_POINT('',(-1.5,-3.6,6.3));
#3003 = VECTOR('',#3004,1.);
#3004 = DIRECTION('',(0.,1.,0.));
#3005 = PCURVE('',#769,#3006);
#3006 = DEFINITIONAL_REPRESENTATION('',(#3007),#3011);
#3007 = LINE('',#3008,#3009);
#3008 = CARTESIAN_POINT('',(-1.5,-3.6));
#3009 = VECTOR('',#3010,1.);
#3010 = DIRECTION('',(0.,1.));
#3011 = ( GEOMETRIC_REPRESENTATION_CONTEXT(2) 
PARAMETRIC_REPRESENTATION_CONTEXT() REPRESENTATION_CONTEXT('2D SPACE',''
  ) );
#3012 = PCURVE('',#3013,#3018);
#3013 = PLANE('',#3014);
#3014 = AXIS2_PLACEMENT_3D('',#3015,#3016,#3017);
#3015 = CARTESIAN_POINT('',(-1.5,-4.4,14.473426866159));
#3016 = DIRECTION('',(-1.,-0.,-0.));
#3017 = DIRECTION('',(-0.,-1.,-0.));
#3018 = DEFINITIONAL_REPRESENTATION('',(#3019),#3023);
#3019 = LINE('',#3020,#3021);
#3020 = CARTESIAN_POINT('',(-0.8,-8.173426866159));
#3021 = VECTOR('',#3022,1.);
#3022 = DIRECTION('',(-1.,0.));
#3023 = ( GEOMETRIC_REPRESENTATION_CONTEXT(2) 
PARAMETRIC_REPRESENTATION_CONTEXT() REPRESENTATION_CONTEXT('2D SPACE',''
  ) );
#3024 = ORIENTED_EDGE('',*,*,#3025,.T.);
#3025 = EDGE_CURVE('',#2998,#2940,#3026,.T.);
#3026 = SURFACE_CURVE('',#3027,(#3031,#3038),.PCURVE_S1.);
#3027 = LINE('',#3028,#3029);
#3028 = CARTESIAN_POINT('',(-1.65,-3.6,6.3));
#3029 = VECTOR('',#3030,1.);
#3030 = DIRECTION('',(1.,0.,0.));
#3031 = PCURVE('',#769,#3032);
#3032 = DEFINITIONAL_REPRESENTATION('',(#3033),#3037);
#3033 = LINE('',#3034,#3035);
#3034 = CARTESIAN_POINT('',(-1.65,-3.6));
#3035 = VECTOR('',#3036,1.);
#3036 = DIRECTION('',(1.,6.336715212386E-65));
#3037 = ( GEOMETRIC_REPRESENTATION_CONTEXT(2) 
PARAMETRIC_REPRESENTATION_CONTEXT() REPRESENTATION_CONTEXT('2D SPACE',''
  ) );
#3038 = PCURVE('',#3039,#3044);
#3039 = PLANE('',#3040);
#3040 = AXIS2_PLACEMENT_3D('',#3041,#3042,#3043);
#3041 = CARTESIAN_POINT('',(0.,-3.6,5.3));
#3042 = DIRECTION('',(-0.,-1.,-0.));
#3043 = DIRECTION('',(0.,0.,-1.));
#3044 = DEFINITIONAL_REPRESENTATION('',(#3045),#3049);
#3045 = LINE('',#3046,#3047);
#3046 = CARTESIAN_POINT('',(-1.,-1.65));
#3047 = VECTOR('',#3048,1.);
#3048 = DIRECTION('',(0.,1.));
#3049 = ( GEOMETRIC_REPRESENTATION_CONTEXT(2) 
PARAMETRIC_REPRESENTATION_CONTEXT() REPRESENTATION_CONTEXT('2D SPACE',''
  ) );
#3050 = ADVANCED_FACE('',(#3051),#881,.T.);
#3051 = FACE_BOUND('',#3052,.T.);
#3052 = EDGE_LOOP('',(#3053,#3054,#3055,#3056));
#3053 = ORIENTED_EDGE('',*,*,#2674,.F.);
#3054 = ORIENTED_EDGE('',*,*,#860,.T.);
#3055 = ORIENTED_EDGE('',*,*,#2103,.T.);
#3056 = ORIENTED_EDGE('',*,*,#2596,.F.);
#3057 = ADVANCED_FACE('',(#3058),#1067,.T.);
#3058 = FACE_BOUND('',#3059,.T.);
#3059 = EDGE_LOOP('',(#3060,#3083,#3084,#3085));
#3060 = ORIENTED_EDGE('',*,*,#3061,.F.);
#3061 = EDGE_CURVE('',#1047,#3062,#3064,.T.);
#3062 = VERTEX_POINT('',#3063);
#3063 = CARTESIAN_POINT('',(-3.800000000001,5.000000000002,
    12.299999999999));
#3064 = SURFACE_CURVE('',#3065,(#3069,#3076),.PCURVE_S1.);
#3065 = LINE('',#3066,#3067);
#3066 = CARTESIAN_POINT('',(-3.700000000001,5.000000000002,
    12.199999999999));
#3067 = VECTOR('',#3068,1.);
#3068 = DIRECTION('',(-0.707106781187,1.598061325482E-13,0.707106781186)
  );
#3069 = PCURVE('',#1067,#3070);
#3070 = DEFINITIONAL_REPRESENTATION('',(#3071),#3075);
#3071 = LINE('',#3072,#3073);
#3072 = CARTESIAN_POINT('',(2.22044604925E-16,-0.1));
#3073 = VECTOR('',#3074,1.);
#3074 = DIRECTION('',(0.,1.));
#3075 = ( GEOMETRIC_REPRESENTATION_CONTEXT(2) 
PARAMETRIC_REPRESENTATION_CONTEXT() REPRESENTATION_CONTEXT('2D SPACE',''
  ) );
#3076 = PCURVE('',#1095,#3077);
#3077 = DEFINITIONAL_REPRESENTATION('',(#3078),#3082);
#3078 = LINE('',#3079,#3080);
#3079 = CARTESIAN_POINT('',(3.871848003114E-13,5.000000000002));
#3080 = VECTOR('',#3081,1.);
#3081 = DIRECTION('',(-1.,1.598061325482E-13));
#3082 = ( GEOMETRIC_REPRESENTATION_CONTEXT(2) 
PARAMETRIC_REPRESENTATION_CONTEXT() REPRESENTATION_CONTEXT('2D SPACE',''
  ) );
#3083 = ORIENTED_EDGE('',*,*,#1046,.T.);
#3084 = ORIENTED_EDGE('',*,*,#1235,.T.);
#3085 = ORIENTED_EDGE('',*,*,#3086,.F.);
#3086 = EDGE_CURVE('',#3062,#1236,#3087,.T.);
#3087 = SURFACE_CURVE('',#3088,(#3093,#3100),.PCURVE_S1.);
#3088 = CIRCLE('',#3089,1.);
#3089 = AXIS2_PLACEMENT_3D('',#3090,#3091,#3092);
#3090 = CARTESIAN_POINT('',(-3.800000000001,5.000000000002,
    11.299999999999));
#3091 = DIRECTION('',(-1.,1.1279E-13,-1.129E-13));
#3092 = DIRECTION('',(-1.129E-13,9.769962616701E-15,1.));
#3093 = PCURVE('',#1067,#3094);
#3094 = DEFINITIONAL_REPRESENTATION('',(#3095),#3099);
#3095 = LINE('',#3096,#3097);
#3096 = CARTESIAN_POINT('',(0.,0.));
#3097 = VECTOR('',#3098,1.);
#3098 = DIRECTION('',(1.,0.));
#3099 = ( GEOMETRIC_REPRESENTATION_CONTEXT(2) 
PARAMETRIC_REPRESENTATION_CONTEXT() REPRESENTATION_CONTEXT('2D SPACE',''
  ) );
#3100 = PCURVE('',#1327,#3101);
#3101 = DEFINITIONAL_REPRESENTATION('',(#3102),#3106);
#3102 = LINE('',#3103,#3104);
#3103 = CARTESIAN_POINT('',(1.570796326795,-0.2));
#3104 = VECTOR('',#3105,1.);
#3105 = DIRECTION('',(-1.,-0.));
#3106 = ( GEOMETRIC_REPRESENTATION_CONTEXT(2) 
PARAMETRIC_REPRESENTATION_CONTEXT() REPRESENTATION_CONTEXT('2D SPACE',''
  ) );
#3107 = ADVANCED_FACE('',(#3108),#1095,.T.);
#3108 = FACE_BOUND('',#3109,.T.);
#3109 = EDGE_LOOP('',(#3110,#3111,#3112,#3135));
#3110 = ORIENTED_EDGE('',*,*,#1079,.T.);
#3111 = ORIENTED_EDGE('',*,*,#3061,.T.);
#3112 = ORIENTED_EDGE('',*,*,#3113,.T.);
#3113 = EDGE_CURVE('',#3062,#3114,#3116,.T.);
#3114 = VERTEX_POINT('',#3115);
#3115 = CARTESIAN_POINT('',(-3.800000000001,-5.000000000002,
    12.299999999999));
#3116 = SURFACE_CURVE('',#3117,(#3121,#3128),.PCURVE_S1.);
#3117 = LINE('',#3118,#3119);
#3118 = CARTESIAN_POINT('',(-3.800000000001,-1.818496764634E-12,12.3));
#3119 = VECTOR('',#3120,1.);
#3120 = DIRECTION('',(1.13E-13,-1.,-1.13E-13));
#3121 = PCURVE('',#1095,#3122);
#3122 = DEFINITIONAL_REPRESENTATION('',(#3123),#3127);
#3123 = LINE('',#3124,#3125);
#3124 = CARTESIAN_POINT('',(-0.141421356238,-1.818237640252E-12));
#3125 = VECTOR('',#3126,1.);
#3126 = DIRECTION('',(1.598061325482E-13,-1.));
#3127 = ( GEOMETRIC_REPRESENTATION_CONTEXT(2) 
PARAMETRIC_REPRESENTATION_CONTEXT() REPRESENTATION_CONTEXT('2D SPACE',''
  ) );
#3128 = PCURVE('',#1729,#3129);
#3129 = DEFINITIONAL_REPRESENTATION('',(#3130),#3134);
#3130 = LINE('',#3131,#3132);
#3131 = CARTESIAN_POINT('',(0.225,-1.818326778333E-12));
#3132 = VECTOR('',#3133,1.);
#3133 = DIRECTION('',(1.13E-13,-1.));
#3134 = ( GEOMETRIC_REPRESENTATION_CONTEXT(2) 
PARAMETRIC_REPRESENTATION_CONTEXT() REPRESENTATION_CONTEXT('2D SPACE',''
  ) );
#3135 = ORIENTED_EDGE('',*,*,#3136,.F.);
#3136 = EDGE_CURVE('',#1080,#3114,#3137,.T.);
#3137 = SURFACE_CURVE('',#3138,(#3142,#3149),.PCURVE_S1.);
#3138 = LINE('',#3139,#3140);
#3139 = CARTESIAN_POINT('',(-3.700000000001,-5.000000000002,
    12.199999999999));
#3140 = VECTOR('',#3141,1.);
#3141 = DIRECTION('',(-0.707106781187,-1.598061325482E-13,0.707106781186
    ));
#3142 = PCURVE('',#1095,#3143);
#3143 = DEFINITIONAL_REPRESENTATION('',(#3144),#3148);
#3144 = LINE('',#3145,#3146);
#3145 = CARTESIAN_POINT('',(3.871848003114E-13,-5.000000000002));
#3146 = VECTOR('',#3147,1.);
#3147 = DIRECTION('',(-1.,-1.598061325482E-13));
#3148 = ( GEOMETRIC_REPRESENTATION_CONTEXT(2) 
PARAMETRIC_REPRESENTATION_CONTEXT() REPRESENTATION_CONTEXT('2D SPACE',''
  ) );
#3149 = PCURVE('',#1124,#3150);
#3150 = DEFINITIONAL_REPRESENTATION('',(#3151),#3155);
#3151 = LINE('',#3152,#3153);
#3152 = CARTESIAN_POINT('',(-2.22044604925E-16,-0.1));
#3153 = VECTOR('',#3154,1.);
#3154 = DIRECTION('',(-0.,1.));
#3155 = ( GEOMETRIC_REPRESENTATION_CONTEXT(2) 
PARAMETRIC_REPRESENTATION_CONTEXT() REPRESENTATION_CONTEXT('2D SPACE',''
  ) );
#3156 = ADVANCED_FACE('',(#3157),#1124,.T.);
#3157 = FACE_BOUND('',#3158,.F.);
#3158 = EDGE_LOOP('',(#3159,#3160,#3161,#3162));
#3159 = ORIENTED_EDGE('',*,*,#3136,.F.);
#3160 = ORIENTED_EDGE('',*,*,#1107,.T.);
#3161 = ORIENTED_EDGE('',*,*,#2009,.T.);
#3162 = ORIENTED_EDGE('',*,*,#3163,.F.);
#3163 = EDGE_CURVE('',#3114,#1939,#3164,.T.);
#3164 = SURFACE_CURVE('',#3165,(#3170,#3177),.PCURVE_S1.);
#3165 = CIRCLE('',#3166,1.);
#3166 = AXIS2_PLACEMENT_3D('',#3167,#3168,#3169);
#3167 = CARTESIAN_POINT('',(-3.800000000001,-5.000000000002,
    11.299999999999));
#3168 = DIRECTION('',(1.,1.1279E-13,1.129E-13));
#3169 = DIRECTION('',(-1.129E-13,-9.769962616701E-15,1.));
#3170 = PCURVE('',#1124,#3171);
#3171 = DEFINITIONAL_REPRESENTATION('',(#3172),#3176);
#3172 = LINE('',#3173,#3174);
#3173 = CARTESIAN_POINT('',(-0.,0.));
#3174 = VECTOR('',#3175,1.);
#3175 = DIRECTION('',(-1.,0.));
#3176 = ( GEOMETRIC_REPRESENTATION_CONTEXT(2) 
PARAMETRIC_REPRESENTATION_CONTEXT() REPRESENTATION_CONTEXT('2D SPACE',''
  ) );
#3177 = PCURVE('',#1703,#3178);
#3178 = DEFINITIONAL_REPRESENTATION('',(#3179),#3183);
#3179 = LINE('',#3180,#3181);
#3180 = CARTESIAN_POINT('',(-1.570796326795,-0.2));
#3181 = VECTOR('',#3182,1.);
#3182 = DIRECTION('',(1.,-0.));
#3183 = ( GEOMETRIC_REPRESENTATION_CONTEXT(2) 
PARAMETRIC_REPRESENTATION_CONTEXT() REPRESENTATION_CONTEXT('2D SPACE',''
  ) );
#3184 = ADVANCED_FACE('',(#3185),#1327,.T.);
#3185 = FACE_BOUND('',#3186,.T.);
#3186 = EDGE_LOOP('',(#3187,#3188,#3189,#3210));
#3187 = ORIENTED_EDGE('',*,*,#1311,.T.);
#3188 = ORIENTED_EDGE('',*,*,#1392,.T.);
#3189 = ORIENTED_EDGE('',*,*,#3190,.F.);
#3190 = EDGE_CURVE('',#3062,#1393,#3191,.T.);
#3191 = SURFACE_CURVE('',#3192,(#3196,#3203),.PCURVE_S1.);
#3192 = LINE('',#3193,#3194);
#3193 = CARTESIAN_POINT('',(-3.600000000001,5.000000000002,
    12.299999999999));
#3194 = VECTOR('',#3195,1.);
#3195 = DIRECTION('',(-1.,1.1291E-13,-1.1291E-13));
#3196 = PCURVE('',#1327,#3197);
#3197 = DEFINITIONAL_REPRESENTATION('',(#3198),#3202);
#3198 = LINE('',#3199,#3200);
#3199 = CARTESIAN_POINT('',(1.570796326795,0.));
#3200 = VECTOR('',#3201,1.);
#3201 = DIRECTION('',(0.,-1.));
#3202 = ( GEOMETRIC_REPRESENTATION_CONTEXT(2) 
PARAMETRIC_REPRESENTATION_CONTEXT() REPRESENTATION_CONTEXT('2D SPACE',''
  ) );
#3203 = PCURVE('',#1729,#3204);
#3204 = DEFINITIONAL_REPRESENTATION('',(#3205),#3209);
#3205 = LINE('',#3206,#3207);
#3206 = CARTESIAN_POINT('',(0.425,5.000000000002));
#3207 = VECTOR('',#3208,1.);
#3208 = DIRECTION('',(-1.,1.1291E-13));
#3209 = ( GEOMETRIC_REPRESENTATION_CONTEXT(2) 
PARAMETRIC_REPRESENTATION_CONTEXT() REPRESENTATION_CONTEXT('2D SPACE',''
  ) );
#3210 = ORIENTED_EDGE('',*,*,#3086,.T.);
#3211 = ADVANCED_FACE('',(#3212),#1729,.T.);
#3212 = FACE_BOUND('',#3213,.T.);
#3213 = EDGE_LOOP('',(#3214,#3215,#3216,#3237));
#3214 = ORIENTED_EDGE('',*,*,#3190,.T.);
#3215 = ORIENTED_EDGE('',*,*,#1715,.F.);
#3216 = ORIENTED_EDGE('',*,*,#3217,.F.);
#3217 = EDGE_CURVE('',#3114,#1687,#3218,.T.);
#3218 = SURFACE_CURVE('',#3219,(#3223,#3230),.PCURVE_S1.);
#3219 = LINE('',#3220,#3221);
#3220 = CARTESIAN_POINT('',(-3.600000000001,-5.000000000002,
    12.299999999999));
#3221 = VECTOR('',#3222,1.);
#3222 = DIRECTION('',(-1.,-1.1291E-13,-1.1291E-13));
#3223 = PCURVE('',#1729,#3224);
#3224 = DEFINITIONAL_REPRESENTATION('',(#3225),#3229);
#3225 = LINE('',#3226,#3227);
#3226 = CARTESIAN_POINT('',(0.425,-5.000000000002));
#3227 = VECTOR('',#3228,1.);
#3228 = DIRECTION('',(-1.,-1.1291E-13));
#3229 = ( GEOMETRIC_REPRESENTATION_CONTEXT(2) 
PARAMETRIC_REPRESENTATION_CONTEXT() REPRESENTATION_CONTEXT('2D SPACE',''
  ) );
#3230 = PCURVE('',#1703,#3231);
#3231 = DEFINITIONAL_REPRESENTATION('',(#3232),#3236);
#3232 = LINE('',#3233,#3234);
#3233 = CARTESIAN_POINT('',(-1.570796326795,0.));
#3234 = VECTOR('',#3235,1.);
#3235 = DIRECTION('',(-0.,-1.));
#3236 = ( GEOMETRIC_REPRESENTATION_CONTEXT(2) 
PARAMETRIC_REPRESENTATION_CONTEXT() REPRESENTATION_CONTEXT('2D SPACE',''
  ) );
#3237 = ORIENTED_EDGE('',*,*,#3113,.F.);
#3238 = ADVANCED_FACE('',(#3239),#1703,.T.);
#3239 = FACE_BOUND('',#3240,.F.);
#3240 = EDGE_LOOP('',(#3241,#3242,#3243,#3244));
#3241 = ORIENTED_EDGE('',*,*,#3163,.T.);
#3242 = ORIENTED_EDGE('',*,*,#1963,.T.);
#3243 = ORIENTED_EDGE('',*,*,#1686,.T.);
#3244 = ORIENTED_EDGE('',*,*,#3217,.F.);
#3245 = ADVANCED_FACE('',(#3246),#1623,.F.);
#3246 = FACE_BOUND('',#3247,.T.);
#3247 = EDGE_LOOP('',(#3248,#3249,#3272,#3300));
#3248 = ORIENTED_EDGE('',*,*,#1607,.T.);
#3249 = ORIENTED_EDGE('',*,*,#3250,.T.);
#3250 = EDGE_CURVE('',#1580,#3251,#3253,.T.);
#3251 = VERTEX_POINT('',#3252);
#3252 = CARTESIAN_POINT('',(-5.15,-4.575,6.));
#3253 = SURFACE_CURVE('',#3254,(#3258,#3265),.PCURVE_S1.);
#3254 = LINE('',#3255,#3256);
#3255 = CARTESIAN_POINT('',(-4.25,-4.416305717362,6.));
#3256 = VECTOR('',#3257,1.);
#3257 = DIRECTION('',(-0.984807753012,-0.173648177667,-0.));
#3258 = PCURVE('',#1623,#3259);
#3259 = DEFINITIONAL_REPRESENTATION('',(#3260),#3264);
#3260 = LINE('',#3261,#3262);
#3261 = CARTESIAN_POINT('',(-0.,-6.));
#3262 = VECTOR('',#3263,1.);
#3263 = DIRECTION('',(-1.,0.));
#3264 = ( GEOMETRIC_REPRESENTATION_CONTEXT(2) 
PARAMETRIC_REPRESENTATION_CONTEXT() REPRESENTATION_CONTEXT('2D SPACE',''
  ) );
#3265 = PCURVE('',#1595,#3266);
#3266 = DEFINITIONAL_REPRESENTATION('',(#3267),#3271);
#3267 = LINE('',#3268,#3269);
#3268 = CARTESIAN_POINT('',(5.016110762924,0.251280079556));
#3269 = VECTOR('',#3270,1.);
#3270 = DIRECTION('',(0.984807753012,0.173648177667));
#3271 = ( GEOMETRIC_REPRESENTATION_CONTEXT(2) 
PARAMETRIC_REPRESENTATION_CONTEXT() REPRESENTATION_CONTEXT('2D SPACE',''
  ) );
#3272 = ORIENTED_EDGE('',*,*,#3273,.F.);
#3273 = EDGE_CURVE('',#3274,#3251,#3276,.T.);
#3274 = VERTEX_POINT('',#3275);
#3275 = CARTESIAN_POINT('',(-5.15,-4.575,0.));
#3276 = SURFACE_CURVE('',#3277,(#3281,#3288),.PCURVE_S1.);
#3277 = LINE('',#3278,#3279);
#3278 = CARTESIAN_POINT('',(-5.15,-4.575,0.));
#3279 = VECTOR('',#3280,1.);
#3280 = DIRECTION('',(0.,0.,1.));
#3281 = PCURVE('',#1623,#3282);
#3282 = DEFINITIONAL_REPRESENTATION('',(#3283),#3287);
#3283 = LINE('',#3284,#3285);
#3284 = CARTESIAN_POINT('',(-0.913883950697,0.));
#3285 = VECTOR('',#3286,1.);
#3286 = DIRECTION('',(-0.,-1.));
#3287 = ( GEOMETRIC_REPRESENTATION_CONTEXT(2) 
PARAMETRIC_REPRESENTATION_CONTEXT() REPRESENTATION_CONTEXT('2D SPACE',''
  ) );
#3288 = PCURVE('',#3289,#3294);
#3289 = PLANE('',#3290);
#3290 = AXIS2_PLACEMENT_3D('',#3291,#3292,#3293);
#3291 = CARTESIAN_POINT('',(-5.15,-4.575,0.));
#3292 = DIRECTION('',(1.,0.,0.));
#3293 = DIRECTION('',(-0.,-1.,-0.));
#3294 = DEFINITIONAL_REPRESENTATION('',(#3295),#3299);
#3295 = LINE('',#3296,#3297);
#3296 = CARTESIAN_POINT('',(-0.,0.));
#3297 = VECTOR('',#3298,1.);
#3298 = DIRECTION('',(-0.,-1.));
#3299 = ( GEOMETRIC_REPRESENTATION_CONTEXT(2) 
PARAMETRIC_REPRESENTATION_CONTEXT() REPRESENTATION_CONTEXT('2D SPACE',''
  ) );
#3300 = ORIENTED_EDGE('',*,*,#3301,.F.);
#3301 = EDGE_CURVE('',#1608,#3274,#3302,.T.);
#3302 = SURFACE_CURVE('',#3303,(#3307,#3314),.PCURVE_S1.);
#3303 = LINE('',#3304,#3305);
#3304 = CARTESIAN_POINT('',(-4.25,-4.416305717362,0.));
#3305 = VECTOR('',#3306,1.);
#3306 = DIRECTION('',(-0.984807753012,-0.173648177667,-0.));
#3307 = PCURVE('',#1623,#3308);
#3308 = DEFINITIONAL_REPRESENTATION('',(#3309),#3313);
#3309 = LINE('',#3310,#3311);
#3310 = CARTESIAN_POINT('',(-0.,-0.));
#3311 = VECTOR('',#3312,1.);
#3312 = DIRECTION('',(-1.,0.));
#3313 = ( GEOMETRIC_REPRESENTATION_CONTEXT(2) 
PARAMETRIC_REPRESENTATION_CONTEXT() REPRESENTATION_CONTEXT('2D SPACE',''
  ) );
#3314 = PCURVE('',#149,#3315);
#3315 = DEFINITIONAL_REPRESENTATION('',(#3316),#3320);
#3316 = LINE('',#3317,#3318);
#3317 = CARTESIAN_POINT('',(4.103486695386,-4.416305717362));
#3318 = VECTOR('',#3319,1.);
#3319 = DIRECTION('',(0.984807753012,-0.173648177667));
#3320 = ( GEOMETRIC_REPRESENTATION_CONTEXT(2) 
PARAMETRIC_REPRESENTATION_CONTEXT() REPRESENTATION_CONTEXT('2D SPACE',''
  ) );
#3321 = ADVANCED_FACE('',(#3322),#1595,.T.);
#3322 = FACE_BOUND('',#3323,.F.);
#3323 = EDGE_LOOP('',(#3324,#3325,#3348,#3369));
#3324 = ORIENTED_EDGE('',*,*,#3250,.T.);
#3325 = ORIENTED_EDGE('',*,*,#3326,.T.);
#3326 = EDGE_CURVE('',#3251,#3327,#3329,.T.);
#3327 = VERTEX_POINT('',#3328);
#3328 = CARTESIAN_POINT('',(-5.15,-3.425,6.));
#3329 = SURFACE_CURVE('',#3330,(#3334,#3341),.PCURVE_S1.);
#3330 = LINE('',#3331,#3332);
#3331 = CARTESIAN_POINT('',(-5.15,-4.575,6.));
#3332 = VECTOR('',#3333,1.);
#3333 = DIRECTION('',(0.,1.,0.));
#3334 = PCURVE('',#1595,#3335);
#3335 = DEFINITIONAL_REPRESENTATION('',(#3336),#3340);
#3336 = LINE('',#3337,#3338);
#3337 = CARTESIAN_POINT('',(5.916110762924,0.409974362193));
#3338 = VECTOR('',#3339,1.);
#3339 = DIRECTION('',(-0.,-1.));
#3340 = ( GEOMETRIC_REPRESENTATION_CONTEXT(2) 
PARAMETRIC_REPRESENTATION_CONTEXT() REPRESENTATION_CONTEXT('2D SPACE',''
  ) );
#3341 = PCURVE('',#3289,#3342);
#3342 = DEFINITIONAL_REPRESENTATION('',(#3343),#3347);
#3343 = LINE('',#3344,#3345);
#3344 = CARTESIAN_POINT('',(-0.,-6.));
#3345 = VECTOR('',#3346,1.);
#3346 = DIRECTION('',(-1.,0.));
#3347 = ( GEOMETRIC_REPRESENTATION_CONTEXT(2) 
PARAMETRIC_REPRESENTATION_CONTEXT() REPRESENTATION_CONTEXT('2D SPACE',''
  ) );
#3348 = ORIENTED_EDGE('',*,*,#3349,.T.);
#3349 = EDGE_CURVE('',#3327,#1552,#3350,.T.);
#3350 = SURFACE_CURVE('',#3351,(#3355,#3362),.PCURVE_S1.);
#3351 = LINE('',#3352,#3353);
#3352 = CARTESIAN_POINT('',(-5.15,-3.425,6.));
#3353 = VECTOR('',#3354,1.);
#3354 = DIRECTION('',(0.984807753012,-0.173648177667,0.));
#3355 = PCURVE('',#1595,#3356);
#3356 = DEFINITIONAL_REPRESENTATION('',(#3357),#3361);
#3357 = LINE('',#3358,#3359);
#3358 = CARTESIAN_POINT('',(5.916110762924,-0.740025637807));
#3359 = VECTOR('',#3360,1.);
#3360 = DIRECTION('',(-0.984807753012,0.173648177667));
#3361 = ( GEOMETRIC_REPRESENTATION_CONTEXT(2) 
PARAMETRIC_REPRESENTATION_CONTEXT() REPRESENTATION_CONTEXT('2D SPACE',''
  ) );
#3362 = PCURVE('',#1567,#3363);
#3363 = DEFINITIONAL_REPRESENTATION('',(#3364),#3368);
#3364 = LINE('',#3365,#3366);
#3365 = CARTESIAN_POINT('',(-0.,-6.));
#3366 = VECTOR('',#3367,1.);
#3367 = DIRECTION('',(-1.,0.));
#3368 = ( GEOMETRIC_REPRESENTATION_CONTEXT(2) 
PARAMETRIC_REPRESENTATION_CONTEXT() REPRESENTATION_CONTEXT('2D SPACE',''
  ) );
#3369 = ORIENTED_EDGE('',*,*,#1579,.T.);
#3370 = ADVANCED_FACE('',(#3371),#1567,.F.);
#3371 = FACE_BOUND('',#3372,.T.);
#3372 = EDGE_LOOP('',(#3373,#3396,#3397,#3398));
#3373 = ORIENTED_EDGE('',*,*,#3374,.T.);
#3374 = EDGE_CURVE('',#3375,#3327,#3377,.T.);
#3375 = VERTEX_POINT('',#3376);
#3376 = CARTESIAN_POINT('',(-5.15,-3.425,0.));
#3377 = SURFACE_CURVE('',#3378,(#3382,#3389),.PCURVE_S1.);
#3378 = LINE('',#3379,#3380);
#3379 = CARTESIAN_POINT('',(-5.15,-3.425,0.));
#3380 = VECTOR('',#3381,1.);
#3381 = DIRECTION('',(0.,0.,1.));
#3382 = PCURVE('',#1567,#3383);
#3383 = DEFINITIONAL_REPRESENTATION('',(#3384),#3388);
#3384 = LINE('',#3385,#3386);
#3385 = CARTESIAN_POINT('',(-0.,-0.));
#3386 = VECTOR('',#3387,1.);
#3387 = DIRECTION('',(-0.,-1.));
#3388 = ( GEOMETRIC_REPRESENTATION_CONTEXT(2) 
PARAMETRIC_REPRESENTATION_CONTEXT() REPRESENTATION_CONTEXT('2D SPACE',''
  ) );
#3389 = PCURVE('',#3289,#3390);
#3390 = DEFINITIONAL_REPRESENTATION('',(#3391),#3395);
#3391 = LINE('',#3392,#3393);
#3392 = CARTESIAN_POINT('',(-1.15,0.));
#3393 = VECTOR('',#3394,1.);
#3394 = DIRECTION('',(-0.,-1.));
#3395 = ( GEOMETRIC_REPRESENTATION_CONTEXT(2) 
PARAMETRIC_REPRESENTATION_CONTEXT() REPRESENTATION_CONTEXT('2D SPACE',''
  ) );
#3396 = ORIENTED_EDGE('',*,*,#3349,.T.);
#3397 = ORIENTED_EDGE('',*,*,#1551,.F.);
#3398 = ORIENTED_EDGE('',*,*,#3399,.F.);
#3399 = EDGE_CURVE('',#3375,#1529,#3400,.T.);
#3400 = SURFACE_CURVE('',#3401,(#3405,#3412),.PCURVE_S1.);
#3401 = LINE('',#3402,#3403);
#3402 = CARTESIAN_POINT('',(-5.15,-3.425,0.));
#3403 = VECTOR('',#3404,1.);
#3404 = DIRECTION('',(0.984807753012,-0.173648177667,0.));
#3405 = PCURVE('',#1567,#3406);
#3406 = DEFINITIONAL_REPRESENTATION('',(#3407),#3411);
#3407 = LINE('',#3408,#3409);
#3408 = CARTESIAN_POINT('',(-0.,-0.));
#3409 = VECTOR('',#3410,1.);
#3410 = DIRECTION('',(-1.,0.));
#3411 = ( GEOMETRIC_REPRESENTATION_CONTEXT(2) 
PARAMETRIC_REPRESENTATION_CONTEXT() REPRESENTATION_CONTEXT('2D SPACE',''
  ) );
#3412 = PCURVE('',#149,#3413);
#3413 = DEFINITIONAL_REPRESENTATION('',(#3414),#3418);
#3414 = LINE('',#3415,#3416);
#3415 = CARTESIAN_POINT('',(5.003486695386,-3.425));
#3416 = VECTOR('',#3417,1.);
#3417 = DIRECTION('',(-0.984807753012,-0.173648177667));
#3418 = ( GEOMETRIC_REPRESENTATION_CONTEXT(2) 
PARAMETRIC_REPRESENTATION_CONTEXT() REPRESENTATION_CONTEXT('2D SPACE',''
  ) );
#3419 = ADVANCED_FACE('',(#3420),#1488,.T.);
#3420 = FACE_BOUND('',#3421,.T.);
#3421 = EDGE_LOOP('',(#3422,#3423,#3424,#3425));
#3422 = ORIENTED_EDGE('',*,*,#1745,.T.);
#3423 = ORIENTED_EDGE('',*,*,#1821,.T.);
#3424 = ORIENTED_EDGE('',*,*,#1892,.T.);
#3425 = ORIENTED_EDGE('',*,*,#1472,.T.);
#3426 = ADVANCED_FACE('',(#3427),#3289,.F.);
#3427 = FACE_BOUND('',#3428,.T.);
#3428 = EDGE_LOOP('',(#3429,#3430,#3431,#3432));
#3429 = ORIENTED_EDGE('',*,*,#3273,.T.);
#3430 = ORIENTED_EDGE('',*,*,#3326,.T.);
#3431 = ORIENTED_EDGE('',*,*,#3374,.F.);
#3432 = ORIENTED_EDGE('',*,*,#3433,.F.);
#3433 = EDGE_CURVE('',#3274,#3375,#3434,.T.);
#3434 = SURFACE_CURVE('',#3435,(#3439,#3446),.PCURVE_S1.);
#3435 = LINE('',#3436,#3437);
#3436 = CARTESIAN_POINT('',(-5.15,-4.575,0.));
#3437 = VECTOR('',#3438,1.);
#3438 = DIRECTION('',(0.,1.,0.));
#3439 = PCURVE('',#3289,#3440);
#3440 = DEFINITIONAL_REPRESENTATION('',(#3441),#3445);
#3441 = LINE('',#3442,#3443);
#3442 = CARTESIAN_POINT('',(-0.,0.));
#3443 = VECTOR('',#3444,1.);
#3444 = DIRECTION('',(-1.,0.));
#3445 = ( GEOMETRIC_REPRESENTATION_CONTEXT(2) 
PARAMETRIC_REPRESENTATION_CONTEXT() REPRESENTATION_CONTEXT('2D SPACE',''
  ) );
#3446 = PCURVE('',#149,#3447);
#3447 = DEFINITIONAL_REPRESENTATION('',(#3448),#3452);
#3448 = LINE('',#3449,#3450);
#3449 = CARTESIAN_POINT('',(5.003486695386,-4.575));
#3450 = VECTOR('',#3451,1.);
#3451 = DIRECTION('',(0.,1.));
#3452 = ( GEOMETRIC_REPRESENTATION_CONTEXT(2) 
PARAMETRIC_REPRESENTATION_CONTEXT() REPRESENTATION_CONTEXT('2D SPACE',''
  ) );
#3453 = ADVANCED_FACE('',(#3454),#2261,.T.);
#3454 = FACE_BOUND('',#3455,.F.);
#3455 = EDGE_LOOP('',(#3456,#3457,#3458,#3459));
#3456 = ORIENTED_EDGE('',*,*,#2245,.T.);
#3457 = ORIENTED_EDGE('',*,*,#2570,.T.);
#3458 = ORIENTED_EDGE('',*,*,#2297,.F.);
#3459 = ORIENTED_EDGE('',*,*,#3460,.F.);
#3460 = EDGE_CURVE('',#2246,#2298,#3461,.T.);
#3461 = SURFACE_CURVE('',#3462,(#3466,#3473),.PCURVE_S1.);
#3462 = LINE('',#3463,#3464);
#3463 = CARTESIAN_POINT('',(3.35,-4.575,0.));
#3464 = VECTOR('',#3465,1.);
#3465 = DIRECTION('',(0.,1.,0.));
#3466 = PCURVE('',#2261,#3467);
#3467 = DEFINITIONAL_REPRESENTATION('',(#3468),#3472);
#3468 = LINE('',#3469,#3470);
#3469 = CARTESIAN_POINT('',(-0.,0.));
#3470 = VECTOR('',#3471,1.);
#3471 = DIRECTION('',(-1.,0.));
#3472 = ( GEOMETRIC_REPRESENTATION_CONTEXT(2) 
PARAMETRIC_REPRESENTATION_CONTEXT() REPRESENTATION_CONTEXT('2D SPACE',''
  ) );
#3473 = PCURVE('',#149,#3474);
#3474 = DEFINITIONAL_REPRESENTATION('',(#3475),#3479);
#3475 = LINE('',#3476,#3477);
#3476 = CARTESIAN_POINT('',(-3.496513304614,-4.575));
#3477 = VECTOR('',#3478,1.);
#3478 = DIRECTION('',(0.,1.));
#3479 = ( GEOMETRIC_REPRESENTATION_CONTEXT(2) 
PARAMETRIC_REPRESENTATION_CONTEXT() REPRESENTATION_CONTEXT('2D SPACE',''
  ) );
#3480 = ADVANCED_FACE('',(#3481),#2729,.F.);
#3481 = FACE_BOUND('',#3482,.F.);
#3482 = EDGE_LOOP('',(#3483,#3484,#3485,#3486,#3508,#3541,#3565,#3593,
    #3615,#3616));
#3483 = ORIENTED_EDGE('',*,*,#2706,.T.);
#3484 = ORIENTED_EDGE('',*,*,#2741,.T.);
#3485 = ORIENTED_EDGE('',*,*,#2769,.T.);
#3486 = ORIENTED_EDGE('',*,*,#3487,.T.);
#3487 = EDGE_CURVE('',#2770,#3488,#3490,.T.);
#3488 = VERTEX_POINT('',#3489);
#3489 = CARTESIAN_POINT('',(-1.75,0.,1.));
#3490 = SEAM_CURVE('',#3491,(#3494,#3501),.PCURVE_S1.);
#3491 = B_SPLINE_CURVE_WITH_KNOTS('',1,(#3492,#3493),.UNSPECIFIED.,.F.,
  .F.,(2,2),(-5.3,0.),.PIECEWISE_BEZIER_KNOTS.);
#3492 = CARTESIAN_POINT('',(-1.75,0.,6.3));
#3493 = CARTESIAN_POINT('',(-1.75,0.,1.));
#3494 = PCURVE('',#2729,#3495);
#3495 = DEFINITIONAL_REPRESENTATION('',(#3496),#3500);
#3496 = LINE('',#3497,#3498);
#3497 = CARTESIAN_POINT('',(6.28318530718,0.));
#3498 = VECTOR('',#3499,1.);
#3499 = DIRECTION('',(0.,1.));
#3500 = ( GEOMETRIC_REPRESENTATION_CONTEXT(2) 
PARAMETRIC_REPRESENTATION_CONTEXT() REPRESENTATION_CONTEXT('2D SPACE',''
  ) );
#3501 = PCURVE('',#2729,#3502);
#3502 = DEFINITIONAL_REPRESENTATION('',(#3503),#3507);
#3503 = LINE('',#3504,#3505);
#3504 = CARTESIAN_POINT('',(0.,0.));
#3505 = VECTOR('',#3506,1.);
#3506 = DIRECTION('',(0.,1.));
#3507 = ( GEOMETRIC_REPRESENTATION_CONTEXT(2) 
PARAMETRIC_REPRESENTATION_CONTEXT() REPRESENTATION_CONTEXT('2D SPACE',''
  ) );
#3508 = ORIENTED_EDGE('',*,*,#3509,.F.);
#3509 = EDGE_CURVE('',#3510,#3488,#3512,.T.);
#3510 = VERTEX_POINT('',#3511);
#3511 = CARTESIAN_POINT('',(3.571886497513E-17,-1.75,1.));
#3512 = SURFACE_CURVE('',#3513,(#3518,#3525),.PCURVE_S1.);
#3513 = CIRCLE('',#3514,1.75);
#3514 = AXIS2_PLACEMENT_3D('',#3515,#3516,#3517);
#3515 = CARTESIAN_POINT('',(0.,0.,1.));
#3516 = DIRECTION('',(0.,0.,-1.));
#3517 = DIRECTION('',(1.,0.,0.));
#3518 = PCURVE('',#2729,#3519);
#3519 = DEFINITIONAL_REPRESENTATION('',(#3520),#3524);
#3520 = LINE('',#3521,#3522);
#3521 = CARTESIAN_POINT('',(3.14159265359,0.));
#3522 = VECTOR('',#3523,1.);
#3523 = DIRECTION('',(1.,0.));
#3524 = ( GEOMETRIC_REPRESENTATION_CONTEXT(2) 
PARAMETRIC_REPRESENTATION_CONTEXT() REPRESENTATION_CONTEXT('2D SPACE',''
  ) );
#3525 = PCURVE('',#3526,#3531);
#3526 = PLANE('',#3527);
#3527 = AXIS2_PLACEMENT_3D('',#3528,#3529,#3530);
#3528 = CARTESIAN_POINT('',(-2.042653509383E-17,-5.999605397836E-17,1.)
  );
#3529 = DIRECTION('',(0.,0.,1.));
#3530 = DIRECTION('',(1.,0.,0.));
#3531 = DEFINITIONAL_REPRESENTATION('',(#3532),#3540);
#3532 = ( BOUNDED_CURVE() B_SPLINE_CURVE(2,(#3533,#3534,#3535,#3536,
#3537,#3538,#3539),.UNSPECIFIED.,.T.,.F.) B_SPLINE_CURVE_WITH_KNOTS((1,2
    ,2,2,2,1),(-2.094395102393,0.,2.094395102393,4.188790204786,
6.28318530718,8.377580409573),.UNSPECIFIED.) CURVE() 
GEOMETRIC_REPRESENTATION_ITEM() RATIONAL_B_SPLINE_CURVE((1.,0.5,1.,0.5,
1.,0.5,1.)) REPRESENTATION_ITEM('') );
#3533 = CARTESIAN_POINT('',(1.75,5.999605397836E-17));
#3534 = CARTESIAN_POINT('',(1.75,-3.031088913246));
#3535 = CARTESIAN_POINT('',(-0.875,-1.515544456623));
#3536 = CARTESIAN_POINT('',(-3.5,-3.686303257232E-16));
#3537 = CARTESIAN_POINT('',(-0.875,1.515544456623));
#3538 = CARTESIAN_POINT('',(1.75,3.031088913246));
#3539 = CARTESIAN_POINT('',(1.75,5.999605397836E-17));
#3540 = ( GEOMETRIC_REPRESENTATION_CONTEXT(2) 
PARAMETRIC_REPRESENTATION_CONTEXT() REPRESENTATION_CONTEXT('2D SPACE',''
  ) );
#3541 = ORIENTED_EDGE('',*,*,#3542,.T.);
#3542 = EDGE_CURVE('',#3510,#3543,#3545,.T.);
#3543 = VERTEX_POINT('',#3544);
#3544 = CARTESIAN_POINT('',(1.75,0.,1.));
#3545 = SURFACE_CURVE('',#3546,(#3551,#3558),.PCURVE_S1.);
#3546 = CIRCLE('',#3547,1.75);
#3547 = AXIS2_PLACEMENT_3D('',#3548,#3549,#3550);
#3548 = CARTESIAN_POINT('',(0.,0.,1.));
#3549 = DIRECTION('',(0.,0.,1.));
#3550 = DIRECTION('',(-1.,0.,0.));
#3551 = PCURVE('',#2729,#3552);
#3552 = DEFINITIONAL_REPRESENTATION('',(#3553),#3557);
#3553 = LINE('',#3554,#3555);
#3554 = CARTESIAN_POINT('',(6.28318530718,0.));
#3555 = VECTOR('',#3556,1.);
#3556 = DIRECTION('',(-1.,0.));
#3557 = ( GEOMETRIC_REPRESENTATION_CONTEXT(2) 
PARAMETRIC_REPRESENTATION_CONTEXT() REPRESENTATION_CONTEXT('2D SPACE',''
  ) );
#3558 = PCURVE('',#3526,#3559);
#3559 = DEFINITIONAL_REPRESENTATION('',(#3560),#3564);
#3560 = CIRCLE('',#3561,1.75);
#3561 = AXIS2_PLACEMENT_2D('',#3562,#3563);
#3562 = CARTESIAN_POINT('',(2.042653509383E-17,5.999605397836E-17));
#3563 = DIRECTION('',(-1.,0.));
#3564 = ( GEOMETRIC_REPRESENTATION_CONTEXT(2) 
PARAMETRIC_REPRESENTATION_CONTEXT() REPRESENTATION_CONTEXT('2D SPACE',''
  ) );
#3565 = ORIENTED_EDGE('',*,*,#3566,.F.);
#3566 = EDGE_CURVE('',#3567,#3543,#3569,.T.);
#3567 = VERTEX_POINT('',#3568);
#3568 = CARTESIAN_POINT('',(3.571886497513E-17,1.75,1.));
#3569 = SURFACE_CURVE('',#3570,(#3575,#3582),.PCURVE_S1.);
#3570 = CIRCLE('',#3571,1.75);
#3571 = AXIS2_PLACEMENT_3D('',#3572,#3573,#3574);
#3572 = CARTESIAN_POINT('',(0.,0.,1.));
#3573 = DIRECTION('',(0.,0.,-1.));
#3574 = DIRECTION('',(-1.,-0.,-0.));
#3575 = PCURVE('',#2729,#3576);
#3576 = DEFINITIONAL_REPRESENTATION('',(#3577),#3581);
#3577 = LINE('',#3578,#3579);
#3578 = CARTESIAN_POINT('',(0.,0.));
#3579 = VECTOR('',#3580,1.);
#3580 = DIRECTION('',(1.,0.));
#3581 = ( GEOMETRIC_REPRESENTATION_CONTEXT(2) 
PARAMETRIC_REPRESENTATION_CONTEXT() REPRESENTATION_CONTEXT('2D SPACE',''
  ) );
#3582 = PCURVE('',#3526,#3583);
#3583 = DEFINITIONAL_REPRESENTATION('',(#3584),#3592);
#3584 = ( BOUNDED_CURVE() B_SPLINE_CURVE(2,(#3585,#3586,#3587,#3588,
#3589,#3590,#3591),.UNSPECIFIED.,.T.,.F.) B_SPLINE_CURVE_WITH_KNOTS((1,2
    ,2,2,2,1),(-2.094395102393,0.,2.094395102393,4.188790204786,
6.28318530718,8.377580409573),.UNSPECIFIED.) CURVE() 
GEOMETRIC_REPRESENTATION_ITEM() RATIONAL_B_SPLINE_CURVE((1.,0.5,1.,0.5,
1.,0.5,1.)) REPRESENTATION_ITEM('') );
#3585 = CARTESIAN_POINT('',(-1.75,5.999605397836E-17));
#3586 = CARTESIAN_POINT('',(-1.75,3.031088913246));
#3587 = CARTESIAN_POINT('',(0.875,1.515544456623));
#3588 = CARTESIAN_POINT('',(3.5,4.886224336799E-16));
#3589 = CARTESIAN_POINT('',(0.875,-1.515544456623));
#3590 = CARTESIAN_POINT('',(-1.75,-3.031088913246));
#3591 = CARTESIAN_POINT('',(-1.75,5.999605397836E-17));
#3592 = ( GEOMETRIC_REPRESENTATION_CONTEXT(2) 
PARAMETRIC_REPRESENTATION_CONTEXT() REPRESENTATION_CONTEXT('2D SPACE',''
  ) );
#3593 = ORIENTED_EDGE('',*,*,#3594,.T.);
#3594 = EDGE_CURVE('',#3567,#3488,#3595,.T.);
#3595 = SURFACE_CURVE('',#3596,(#3601,#3608),.PCURVE_S1.);
#3596 = CIRCLE('',#3597,1.75);
#3597 = AXIS2_PLACEMENT_3D('',#3598,#3599,#3600);
#3598 = CARTESIAN_POINT('',(0.,0.,1.));
#3599 = DIRECTION('',(0.,0.,1.));
#3600 = DIRECTION('',(1.,0.,0.));
#3601 = PCURVE('',#2729,#3602);
#3602 = DEFINITIONAL_REPRESENTATION('',(#3603),#3607);
#3603 = LINE('',#3604,#3605);
#3604 = CARTESIAN_POINT('',(3.14159265359,0.));
#3605 = VECTOR('',#3606,1.);
#3606 = DIRECTION('',(-1.,0.));
#3607 = ( GEOMETRIC_REPRESENTATION_CONTEXT(2) 
PARAMETRIC_REPRESENTATION_CONTEXT() REPRESENTATION_CONTEXT('2D SPACE',''
  ) );
#3608 = PCURVE('',#3526,#3609);
#3609 = DEFINITIONAL_REPRESENTATION('',(#3610),#3614);
#3610 = CIRCLE('',#3611,1.75);
#3611 = AXIS2_PLACEMENT_2D('',#3612,#3613);
#3612 = CARTESIAN_POINT('',(2.042653509383E-17,5.999605397836E-17));
#3613 = DIRECTION('',(1.,0.));
#3614 = ( GEOMETRIC_REPRESENTATION_CONTEXT(2) 
PARAMETRIC_REPRESENTATION_CONTEXT() REPRESENTATION_CONTEXT('2D SPACE',''
  ) );
#3615 = ORIENTED_EDGE('',*,*,#3487,.F.);
#3616 = ORIENTED_EDGE('',*,*,#2797,.T.);
#3617 = ADVANCED_FACE('',(#3618),#2843,.T.);
#3618 = FACE_BOUND('',#3619,.T.);
#3619 = EDGE_LOOP('',(#3620,#3621,#3644,#3672));
#3620 = ORIENTED_EDGE('',*,*,#2825,.F.);
#3621 = ORIENTED_EDGE('',*,*,#3622,.T.);
#3622 = EDGE_CURVE('',#2826,#3623,#3625,.T.);
#3623 = VERTEX_POINT('',#3624);
#3624 = CARTESIAN_POINT('',(1.5,3.6,4.3));
#3625 = SURFACE_CURVE('',#3626,(#3630,#3637),.PCURVE_S1.);
#3626 = LINE('',#3627,#3628);
#3627 = CARTESIAN_POINT('',(1.5,3.6,14.473426866159));
#3628 = VECTOR('',#3629,1.);
#3629 = DIRECTION('',(0.,0.,-1.));
#3630 = PCURVE('',#2843,#3631);
#3631 = DEFINITIONAL_REPRESENTATION('',(#3632),#3636);
#3632 = LINE('',#3633,#3634);
#3633 = CARTESIAN_POINT('',(9.173426866159,1.5));
#3634 = VECTOR('',#3635,1.);
#3635 = DIRECTION('',(-1.,0.));
#3636 = ( GEOMETRIC_REPRESENTATION_CONTEXT(2) 
PARAMETRIC_REPRESENTATION_CONTEXT() REPRESENTATION_CONTEXT('2D SPACE',''
  ) );
#3637 = PCURVE('',#2925,#3638);
#3638 = DEFINITIONAL_REPRESENTATION('',(#3639),#3643);
#3639 = LINE('',#3640,#3641);
#3640 = CARTESIAN_POINT('',(-0.8,0.));
#3641 = VECTOR('',#3642,1.);
#3642 = DIRECTION('',(-0.,-1.));
#3643 = ( GEOMETRIC_REPRESENTATION_CONTEXT(2) 
PARAMETRIC_REPRESENTATION_CONTEXT() REPRESENTATION_CONTEXT('2D SPACE',''
  ) );
#3644 = ORIENTED_EDGE('',*,*,#3645,.F.);
#3645 = EDGE_CURVE('',#3646,#3623,#3648,.T.);
#3646 = VERTEX_POINT('',#3647);
#3647 = CARTESIAN_POINT('',(-1.5,3.6,4.3));
#3648 = SURFACE_CURVE('',#3649,(#3653,#3660),.PCURVE_S1.);
#3649 = LINE('',#3650,#3651);
#3650 = CARTESIAN_POINT('',(-1.881353335343,3.6,4.3));
#3651 = VECTOR('',#3652,1.);
#3652 = DIRECTION('',(1.,0.,0.));
#3653 = PCURVE('',#2843,#3654);
#3654 = DEFINITIONAL_REPRESENTATION('',(#3655),#3659);
#3655 = LINE('',#3656,#3657);
#3656 = CARTESIAN_POINT('',(-1.,-1.881353335343));
#3657 = VECTOR('',#3658,1.);
#3658 = DIRECTION('',(0.,1.));
#3659 = ( GEOMETRIC_REPRESENTATION_CONTEXT(2) 
PARAMETRIC_REPRESENTATION_CONTEXT() REPRESENTATION_CONTEXT('2D SPACE',''
  ) );
#3660 = PCURVE('',#3661,#3666);
#3661 = PLANE('',#3662);
#3662 = AXIS2_PLACEMENT_3D('',#3663,#3664,#3665);
#3663 = CARTESIAN_POINT('',(1.276118419109E-16,0.,4.3));
#3664 = DIRECTION('',(-0.,-0.,-1.));
#3665 = DIRECTION('',(-1.,0.,0.));
#3666 = DEFINITIONAL_REPRESENTATION('',(#3667),#3671);
#3667 = LINE('',#3668,#3669);
#3668 = CARTESIAN_POINT('',(1.881353335343,3.6));
#3669 = VECTOR('',#3670,1.);
#3670 = DIRECTION('',(-1.,0.));
#3671 = ( GEOMETRIC_REPRESENTATION_CONTEXT(2) 
PARAMETRIC_REPRESENTATION_CONTEXT() REPRESENTATION_CONTEXT('2D SPACE',''
  ) );
#3672 = ORIENTED_EDGE('',*,*,#3673,.F.);
#3673 = EDGE_CURVE('',#2828,#3646,#3674,.T.);
#3674 = SURFACE_CURVE('',#3675,(#3679,#3686),.PCURVE_S1.);
#3675 = LINE('',#3676,#3677);
#3676 = CARTESIAN_POINT('',(-1.5,3.6,14.473426866159));
#3677 = VECTOR('',#3678,1.);
#3678 = DIRECTION('',(-0.,-0.,-1.));
#3679 = PCURVE('',#2843,#3680);
#3680 = DEFINITIONAL_REPRESENTATION('',(#3681),#3685);
#3681 = LINE('',#3682,#3683);
#3682 = CARTESIAN_POINT('',(9.173426866159,-1.5));
#3683 = VECTOR('',#3684,1.);
#3684 = DIRECTION('',(-1.,0.));
#3685 = ( GEOMETRIC_REPRESENTATION_CONTEXT(2) 
PARAMETRIC_REPRESENTATION_CONTEXT() REPRESENTATION_CONTEXT('2D SPACE',''
  ) );
#3686 = PCURVE('',#2871,#3687);
#3687 = DEFINITIONAL_REPRESENTATION('',(#3688),#3692);
#3688 = LINE('',#3689,#3690);
#3689 = CARTESIAN_POINT('',(0.8,0.));
#3690 = VECTOR('',#3691,1.);
#3691 = DIRECTION('',(0.,-1.));
#3692 = ( GEOMETRIC_REPRESENTATION_CONTEXT(2) 
PARAMETRIC_REPRESENTATION_CONTEXT() REPRESENTATION_CONTEXT('2D SPACE',''
  ) );
#3693 = ADVANCED_FACE('',(#3694),#3708,.T.);
#3694 = FACE_BOUND('',#3695,.T.);
#3695 = EDGE_LOOP('',(#3696,#3731,#3754,#3782));
#3696 = ORIENTED_EDGE('',*,*,#3697,.F.);
#3697 = EDGE_CURVE('',#3698,#3700,#3702,.T.);
#3698 = VERTEX_POINT('',#3699);
#3699 = CARTESIAN_POINT('',(3.,-4.8,0.));
#3700 = VERTEX_POINT('',#3701);
#3701 = CARTESIAN_POINT('',(3.,-4.8,4.3));
#3702 = SURFACE_CURVE('',#3703,(#3707,#3719),.PCURVE_S1.);
#3703 = LINE('',#3704,#3705);
#3704 = CARTESIAN_POINT('',(3.,-4.8,1.075));
#3705 = VECTOR('',#3706,1.);
#3706 = DIRECTION('',(0.,0.,1.));
#3707 = PCURVE('',#3708,#3713);
#3708 = PLANE('',#3709);
#3709 = AXIS2_PLACEMENT_3D('',#3710,#3711,#3712);
#3710 = CARTESIAN_POINT('',(0.,-4.8,2.15));
#3711 = DIRECTION('',(0.,1.,0.));
#3712 = DIRECTION('',(0.,0.,1.));
#3713 = DEFINITIONAL_REPRESENTATION('',(#3714),#3718);
#3714 = LINE('',#3715,#3716);
#3715 = CARTESIAN_POINT('',(-1.075,3.));
#3716 = VECTOR('',#3717,1.);
#3717 = DIRECTION('',(1.,0.));
#3718 = ( GEOMETRIC_REPRESENTATION_CONTEXT(2) 
PARAMETRIC_REPRESENTATION_CONTEXT() REPRESENTATION_CONTEXT('2D SPACE',''
  ) );
#3719 = PCURVE('',#3720,#3725);
#3720 = PLANE('',#3721);
#3721 = AXIS2_PLACEMENT_3D('',#3722,#3723,#3724);
#3722 = CARTESIAN_POINT('',(3.,-5.5,0.));
#3723 = DIRECTION('',(1.,0.,0.));
#3724 = DIRECTION('',(-0.,-1.,-0.));
#3725 = DEFINITIONAL_REPRESENTATION('',(#3726),#3730);
#3726 = LINE('',#3727,#3728);
#3727 = CARTESIAN_POINT('',(-0.7,-1.075));
#3728 = VECTOR('',#3729,1.);
#3729 = DIRECTION('',(-0.,-1.));
#3730 = ( GEOMETRIC_REPRESENTATION_CONTEXT(2) 
PARAMETRIC_REPRESENTATION_CONTEXT() REPRESENTATION_CONTEXT('2D SPACE',''
  ) );
#3731 = ORIENTED_EDGE('',*,*,#3732,.F.);
#3732 = EDGE_CURVE('',#3733,#3698,#3735,.T.);
#3733 = VERTEX_POINT('',#3734);
#3734 = CARTESIAN_POINT('',(-3.9,-4.8,0.));
#3735 = SURFACE_CURVE('',#3736,(#3740,#3747),.PCURVE_S1.);
#3736 = LINE('',#3737,#3738);
#3737 = CARTESIAN_POINT('',(-3.9,-4.8,0.));
#3738 = VECTOR('',#3739,1.);
#3739 = DIRECTION('',(1.,0.,0.));
#3740 = PCURVE('',#3708,#3741);
#3741 = DEFINITIONAL_REPRESENTATION('',(#3742),#3746);
#3742 = LINE('',#3743,#3744);
#3743 = CARTESIAN_POINT('',(-2.15,-3.9));
#3744 = VECTOR('',#3745,1.);
#3745 = DIRECTION('',(0.,1.));
#3746 = ( GEOMETRIC_REPRESENTATION_CONTEXT(2) 
PARAMETRIC_REPRESENTATION_CONTEXT() REPRESENTATION_CONTEXT('2D SPACE',''
  ) );
#3747 = PCURVE('',#149,#3748);
#3748 = DEFINITIONAL_REPRESENTATION('',(#3749),#3753);
#3749 = LINE('',#3750,#3751);
#3750 = CARTESIAN_POINT('',(3.753486695386,-4.8));
#3751 = VECTOR('',#3752,1.);
#3752 = DIRECTION('',(-1.,-2.083447145421E-43));
#3753 = ( GEOMETRIC_REPRESENTATION_CONTEXT(2) 
PARAMETRIC_REPRESENTATION_CONTEXT() REPRESENTATION_CONTEXT('2D SPACE',''
  ) );
#3754 = ORIENTED_EDGE('',*,*,#3755,.T.);
#3755 = EDGE_CURVE('',#3733,#3756,#3758,.T.);
#3756 = VERTEX_POINT('',#3757);
#3757 = CARTESIAN_POINT('',(-3.9,-4.8,4.3));
#3758 = SURFACE_CURVE('',#3759,(#3763,#3770),.PCURVE_S1.);
#3759 = LINE('',#3760,#3761);
#3760 = CARTESIAN_POINT('',(-3.9,-4.8,0.));
#3761 = VECTOR('',#3762,1.);
#3762 = DIRECTION('',(0.,0.,1.));
#3763 = PCURVE('',#3708,#3764);
#3764 = DEFINITIONAL_REPRESENTATION('',(#3765),#3769);
#3765 = LINE('',#3766,#3767);
#3766 = CARTESIAN_POINT('',(-2.15,-3.9));
#3767 = VECTOR('',#3768,1.);
#3768 = DIRECTION('',(1.,0.));
#3769 = ( GEOMETRIC_REPRESENTATION_CONTEXT(2) 
PARAMETRIC_REPRESENTATION_CONTEXT() REPRESENTATION_CONTEXT('2D SPACE',''
  ) );
#3770 = PCURVE('',#3771,#3776);
#3771 = PLANE('',#3772);
#3772 = AXIS2_PLACEMENT_3D('',#3773,#3774,#3775);
#3773 = CARTESIAN_POINT('',(-3.9,0.,2.15));
#3774 = DIRECTION('',(1.,4.515000602226E-33,4.419887489322E-32));
#3775 = DIRECTION('',(-4.419887489322E-32,0.,1.));
#3776 = DEFINITIONAL_REPRESENTATION('',(#3777),#3781);
#3777 = LINE('',#3778,#3779);
#3778 = CARTESIAN_POINT('',(-2.15,4.8));
#3779 = VECTOR('',#3780,1.);
#3780 = DIRECTION('',(1.,1.995579467606E-64));
#3781 = ( GEOMETRIC_REPRESENTATION_CONTEXT(2) 
PARAMETRIC_REPRESENTATION_CONTEXT() REPRESENTATION_CONTEXT('2D SPACE',''
  ) );
#3782 = ORIENTED_EDGE('',*,*,#3783,.F.);
#3783 = EDGE_CURVE('',#3700,#3756,#3784,.T.);
#3784 = SURFACE_CURVE('',#3785,(#3789,#3796),.PCURVE_S1.);
#3785 = LINE('',#3786,#3787);
#3786 = CARTESIAN_POINT('',(3.9,-4.8,4.3));
#3787 = VECTOR('',#3788,1.);
#3788 = DIRECTION('',(-1.,0.,0.));
#3789 = PCURVE('',#3708,#3790);
#3790 = DEFINITIONAL_REPRESENTATION('',(#3791),#3795);
#3791 = LINE('',#3792,#3793);
#3792 = CARTESIAN_POINT('',(2.15,3.9));
#3793 = VECTOR('',#3794,1.);
#3794 = DIRECTION('',(0.,-1.));
#3795 = ( GEOMETRIC_REPRESENTATION_CONTEXT(2) 
PARAMETRIC_REPRESENTATION_CONTEXT() REPRESENTATION_CONTEXT('2D SPACE',''
  ) );
#3796 = PCURVE('',#3661,#3797);
#3797 = DEFINITIONAL_REPRESENTATION('',(#3798),#3802);
#3798 = LINE('',#3799,#3800);
#3799 = CARTESIAN_POINT('',(-3.9,-4.8));
#3800 = VECTOR('',#3801,1.);
#3801 = DIRECTION('',(1.,0.));
#3802 = ( GEOMETRIC_REPRESENTATION_CONTEXT(2) 
PARAMETRIC_REPRESENTATION_CONTEXT() REPRESENTATION_CONTEXT('2D SPACE',''
  ) );
#3803 = ADVANCED_FACE('',(#3804),#3771,.T.);
#3804 = FACE_BOUND('',#3805,.T.);
#3805 = EDGE_LOOP('',(#3806,#3836,#3857,#3858));
#3806 = ORIENTED_EDGE('',*,*,#3807,.T.);
#3807 = EDGE_CURVE('',#3808,#3810,#3812,.T.);
#3808 = VERTEX_POINT('',#3809);
#3809 = CARTESIAN_POINT('',(-3.9,4.8,0.));
#3810 = VERTEX_POINT('',#3811);
#3811 = CARTESIAN_POINT('',(-3.9,4.8,4.3));
#3812 = SURFACE_CURVE('',#3813,(#3817,#3824),.PCURVE_S1.);
#3813 = LINE('',#3814,#3815);
#3814 = CARTESIAN_POINT('',(-3.9,4.8,0.));
#3815 = VECTOR('',#3816,1.);
#3816 = DIRECTION('',(0.,0.,1.));
#3817 = PCURVE('',#3771,#3818);
#3818 = DEFINITIONAL_REPRESENTATION('',(#3819),#3823);
#3819 = LINE('',#3820,#3821);
#3820 = CARTESIAN_POINT('',(-2.15,-4.8));
#3821 = VECTOR('',#3822,1.);
#3822 = DIRECTION('',(1.,1.995579467606E-64));
#3823 = ( GEOMETRIC_REPRESENTATION_CONTEXT(2) 
PARAMETRIC_REPRESENTATION_CONTEXT() REPRESENTATION_CONTEXT('2D SPACE',''
  ) );
#3824 = PCURVE('',#3825,#3830);
#3825 = PLANE('',#3826);
#3826 = AXIS2_PLACEMENT_3D('',#3827,#3828,#3829);
#3827 = CARTESIAN_POINT('',(9.175396897729E-18,4.8,2.15));
#3828 = DIRECTION('',(-0.,-1.,-0.));
#3829 = DIRECTION('',(0.,0.,-1.));
#3830 = DEFINITIONAL_REPRESENTATION('',(#3831),#3835);
#3831 = LINE('',#3832,#3833);
#3832 = CARTESIAN_POINT('',(2.15,-3.9));
#3833 = VECTOR('',#3834,1.);
#3834 = DIRECTION('',(-1.,0.));
#3835 = ( GEOMETRIC_REPRESENTATION_CONTEXT(2) 
PARAMETRIC_REPRESENTATION_CONTEXT() REPRESENTATION_CONTEXT('2D SPACE',''
  ) );
#3836 = ORIENTED_EDGE('',*,*,#3837,.T.);
#3837 = EDGE_CURVE('',#3810,#3756,#3838,.T.);
#3838 = SURFACE_CURVE('',#3839,(#3843,#3850),.PCURVE_S1.);
#3839 = LINE('',#3840,#3841);
#3840 = CARTESIAN_POINT('',(-3.9,0.,4.3));
#3841 = VECTOR('',#3842,1.);
#3842 = DIRECTION('',(-0.,-1.,-0.));
#3843 = PCURVE('',#3771,#3844);
#3844 = DEFINITIONAL_REPRESENTATION('',(#3845),#3849);
#3845 = LINE('',#3846,#3847);
#3846 = CARTESIAN_POINT('',(2.15,2.005063049915E-48));
#3847 = VECTOR('',#3848,1.);
#3848 = DIRECTION('',(0.,1.));
#3849 = ( GEOMETRIC_REPRESENTATION_CONTEXT(2) 
PARAMETRIC_REPRESENTATION_CONTEXT() REPRESENTATION_CONTEXT('2D SPACE',''
  ) );
#3850 = PCURVE('',#3661,#3851);
#3851 = DEFINITIONAL_REPRESENTATION('',(#3852),#3856);
#3852 = LINE('',#3853,#3854);
#3853 = CARTESIAN_POINT('',(3.9,0.));
#3854 = VECTOR('',#3855,1.);
#3855 = DIRECTION('',(0.,-1.));
#3856 = ( GEOMETRIC_REPRESENTATION_CONTEXT(2) 
PARAMETRIC_REPRESENTATION_CONTEXT() REPRESENTATION_CONTEXT('2D SPACE',''
  ) );
#3857 = ORIENTED_EDGE('',*,*,#3755,.F.);
#3858 = ORIENTED_EDGE('',*,*,#3859,.T.);
#3859 = EDGE_CURVE('',#3733,#3808,#3860,.T.);
#3860 = SURFACE_CURVE('',#3861,(#3865,#3872),.PCURVE_S1.);
#3861 = LINE('',#3862,#3863);
#3862 = CARTESIAN_POINT('',(-3.9,0.,0.));
#3863 = VECTOR('',#3864,1.);
#3864 = DIRECTION('',(0.,1.,0.));
#3865 = PCURVE('',#3771,#3866);
#3866 = DEFINITIONAL_REPRESENTATION('',(#3867),#3871);
#3867 = LINE('',#3868,#3869);
#3868 = CARTESIAN_POINT('',(-2.15,2.005063049915E-48));
#3869 = VECTOR('',#3870,1.);
#3870 = DIRECTION('',(0.,-1.));
#3871 = ( GEOMETRIC_REPRESENTATION_CONTEXT(2) 
PARAMETRIC_REPRESENTATION_CONTEXT() REPRESENTATION_CONTEXT('2D SPACE',''
  ) );
#3872 = PCURVE('',#149,#3873);
#3873 = DEFINITIONAL_REPRESENTATION('',(#3874),#3878);
#3874 = LINE('',#3875,#3876);
#3875 = CARTESIAN_POINT('',(3.753486695386,-4.203400270736E-16));
#3876 = VECTOR('',#3877,1.);
#3877 = DIRECTION('',(0.,1.));
#3878 = ( GEOMETRIC_REPRESENTATION_CONTEXT(2) 
PARAMETRIC_REPRESENTATION_CONTEXT() REPRESENTATION_CONTEXT('2D SPACE',''
  ) );
#3879 = ADVANCED_FACE('',(#3880),#3825,.T.);
#3880 = FACE_BOUND('',#3881,.T.);
#3881 = EDGE_LOOP('',(#3882,#3905,#3933,#3954));
#3882 = ORIENTED_EDGE('',*,*,#3883,.F.);
#3883 = EDGE_CURVE('',#3884,#3808,#3886,.T.);
#3884 = VERTEX_POINT('',#3885);
#3885 = CARTESIAN_POINT('',(3.,4.8,0.));
#3886 = SURFACE_CURVE('',#3887,(#3891,#3898),.PCURVE_S1.);
#3887 = LINE('',#3888,#3889);
#3888 = CARTESIAN_POINT('',(3.9,4.8,0.));
#3889 = VECTOR('',#3890,1.);
#3890 = DIRECTION('',(-1.,-0.,-0.));
#3891 = PCURVE('',#3825,#3892);
#3892 = DEFINITIONAL_REPRESENTATION('',(#3893),#3897);
#3893 = LINE('',#3894,#3895);
#3894 = CARTESIAN_POINT('',(2.15,3.9));
#3895 = VECTOR('',#3896,1.);
#3896 = DIRECTION('',(0.,-1.));
#3897 = ( GEOMETRIC_REPRESENTATION_CONTEXT(2) 
PARAMETRIC_REPRESENTATION_CONTEXT() REPRESENTATION_CONTEXT('2D SPACE',''
  ) );
#3898 = PCURVE('',#149,#3899);
#3899 = DEFINITIONAL_REPRESENTATION('',(#3900),#3904);
#3900 = LINE('',#3901,#3902);
#3901 = CARTESIAN_POINT('',(-4.046513304614,4.8));
#3902 = VECTOR('',#3903,1.);
#3903 = DIRECTION('',(1.,2.083447145421E-43));
#3904 = ( GEOMETRIC_REPRESENTATION_CONTEXT(2) 
PARAMETRIC_REPRESENTATION_CONTEXT() REPRESENTATION_CONTEXT('2D SPACE',''
  ) );
#3905 = ORIENTED_EDGE('',*,*,#3906,.T.);
#3906 = EDGE_CURVE('',#3884,#3907,#3909,.T.);
#3907 = VERTEX_POINT('',#3908);
#3908 = CARTESIAN_POINT('',(3.,4.8,4.3));
#3909 = SURFACE_CURVE('',#3910,(#3914,#3921),.PCURVE_S1.);
#3910 = LINE('',#3911,#3912);
#3911 = CARTESIAN_POINT('',(3.,4.8,1.075));
#3912 = VECTOR('',#3913,1.);
#3913 = DIRECTION('',(0.,0.,1.));
#3914 = PCURVE('',#3825,#3915);
#3915 = DEFINITIONAL_REPRESENTATION('',(#3916),#3920);
#3916 = LINE('',#3917,#3918);
#3917 = CARTESIAN_POINT('',(1.075,3.));
#3918 = VECTOR('',#3919,1.);
#3919 = DIRECTION('',(-1.,0.));
#3920 = ( GEOMETRIC_REPRESENTATION_CONTEXT(2) 
PARAMETRIC_REPRESENTATION_CONTEXT() REPRESENTATION_CONTEXT('2D SPACE',''
  ) );
#3921 = PCURVE('',#3922,#3927);
#3922 = PLANE('',#3923);
#3923 = AXIS2_PLACEMENT_3D('',#3924,#3925,#3926);
#3924 = CARTESIAN_POINT('',(3.,5.5,0.));
#3925 = DIRECTION('',(1.,0.,0.));
#3926 = DIRECTION('',(0.,-1.,0.));
#3927 = DEFINITIONAL_REPRESENTATION('',(#3928),#3932);
#3928 = LINE('',#3929,#3930);
#3929 = CARTESIAN_POINT('',(0.7,-1.075));
#3930 = VECTOR('',#3931,1.);
#3931 = DIRECTION('',(0.,-1.));
#3932 = ( GEOMETRIC_REPRESENTATION_CONTEXT(2) 
PARAMETRIC_REPRESENTATION_CONTEXT() REPRESENTATION_CONTEXT('2D SPACE',''
  ) );
#3933 = ORIENTED_EDGE('',*,*,#3934,.T.);
#3934 = EDGE_CURVE('',#3907,#3810,#3935,.T.);
#3935 = SURFACE_CURVE('',#3936,(#3940,#3947),.PCURVE_S1.);
#3936 = LINE('',#3937,#3938);
#3937 = CARTESIAN_POINT('',(3.9,4.8,4.3));
#3938 = VECTOR('',#3939,1.);
#3939 = DIRECTION('',(-1.,-0.,-0.));
#3940 = PCURVE('',#3825,#3941);
#3941 = DEFINITIONAL_REPRESENTATION('',(#3942),#3946);
#3942 = LINE('',#3943,#3944);
#3943 = CARTESIAN_POINT('',(-2.15,3.9));
#3944 = VECTOR('',#3945,1.);
#3945 = DIRECTION('',(0.,-1.));
#3946 = ( GEOMETRIC_REPRESENTATION_CONTEXT(2) 
PARAMETRIC_REPRESENTATION_CONTEXT() REPRESENTATION_CONTEXT('2D SPACE',''
  ) );
#3947 = PCURVE('',#3661,#3948);
#3948 = DEFINITIONAL_REPRESENTATION('',(#3949),#3953);
#3949 = LINE('',#3950,#3951);
#3950 = CARTESIAN_POINT('',(-3.9,4.8));
#3951 = VECTOR('',#3952,1.);
#3952 = DIRECTION('',(1.,0.));
#3953 = ( GEOMETRIC_REPRESENTATION_CONTEXT(2) 
PARAMETRIC_REPRESENTATION_CONTEXT() REPRESENTATION_CONTEXT('2D SPACE',''
  ) );
#3954 = ORIENTED_EDGE('',*,*,#3807,.F.);
#3955 = ADVANCED_FACE('',(#3956),#3922,.F.);
#3956 = FACE_BOUND('',#3957,.F.);
#3957 = EDGE_LOOP('',(#3958,#3981,#3982,#4005));
#3958 = ORIENTED_EDGE('',*,*,#3959,.F.);
#3959 = EDGE_CURVE('',#3884,#3960,#3962,.T.);
#3960 = VERTEX_POINT('',#3961);
#3961 = CARTESIAN_POINT('',(3.,3.,0.));
#3962 = SURFACE_CURVE('',#3963,(#3967,#3974),.PCURVE_S1.);
#3963 = LINE('',#3964,#3965);
#3964 = CARTESIAN_POINT('',(3.,5.5,0.));
#3965 = VECTOR('',#3966,1.);
#3966 = DIRECTION('',(0.,-1.,0.));
#3967 = PCURVE('',#3922,#3968);
#3968 = DEFINITIONAL_REPRESENTATION('',(#3969),#3973);
#3969 = LINE('',#3970,#3971);
#3970 = CARTESIAN_POINT('',(0.,0.));
#3971 = VECTOR('',#3972,1.);
#3972 = DIRECTION('',(1.,0.));
#3973 = ( GEOMETRIC_REPRESENTATION_CONTEXT(2) 
PARAMETRIC_REPRESENTATION_CONTEXT() REPRESENTATION_CONTEXT('2D SPACE',''
  ) );
#3974 = PCURVE('',#149,#3975);
#3975 = DEFINITIONAL_REPRESENTATION('',(#3976),#3980);
#3976 = LINE('',#3977,#3978);
#3977 = CARTESIAN_POINT('',(-3.146513304614,5.5));
#3978 = VECTOR('',#3979,1.);
#3979 = DIRECTION('',(0.,-1.));
#3980 = ( GEOMETRIC_REPRESENTATION_CONTEXT(2) 
PARAMETRIC_REPRESENTATION_CONTEXT() REPRESENTATION_CONTEXT('2D SPACE',''
  ) );
#3981 = ORIENTED_EDGE('',*,*,#3906,.T.);
#3982 = ORIENTED_EDGE('',*,*,#3983,.T.);
#3983 = EDGE_CURVE('',#3907,#3984,#3986,.T.);
#3984 = VERTEX_POINT('',#3985);
#3985 = CARTESIAN_POINT('',(3.,3.,4.3));
#3986 = SURFACE_CURVE('',#3987,(#3991,#3998),.PCURVE_S1.);
#3987 = LINE('',#3988,#3989);
#3988 = CARTESIAN_POINT('',(3.,2.75,4.3));
#3989 = VECTOR('',#3990,1.);
#3990 = DIRECTION('',(0.,-1.,0.));
#3991 = PCURVE('',#3922,#3992);
#3992 = DEFINITIONAL_REPRESENTATION('',(#3993),#3997);
#3993 = LINE('',#3994,#3995);
#3994 = CARTESIAN_POINT('',(2.75,-4.3));
#3995 = VECTOR('',#3996,1.);
#3996 = DIRECTION('',(1.,0.));
#3997 = ( GEOMETRIC_REPRESENTATION_CONTEXT(2) 
PARAMETRIC_REPRESENTATION_CONTEXT() REPRESENTATION_CONTEXT('2D SPACE',''
  ) );
#3998 = PCURVE('',#3661,#3999);
#3999 = DEFINITIONAL_REPRESENTATION('',(#4000),#4004);
#4000 = LINE('',#4001,#4002);
#4001 = CARTESIAN_POINT('',(-3.,2.75));
#4002 = VECTOR('',#4003,1.);
#4003 = DIRECTION('',(0.,-1.));
#4004 = ( GEOMETRIC_REPRESENTATION_CONTEXT(2) 
PARAMETRIC_REPRESENTATION_CONTEXT() REPRESENTATION_CONTEXT('2D SPACE',''
  ) );
#4005 = ORIENTED_EDGE('',*,*,#4006,.F.);
#4006 = EDGE_CURVE('',#3960,#3984,#4007,.T.);
#4007 = SURFACE_CURVE('',#4008,(#4012,#4019),.PCURVE_S1.);
#4008 = LINE('',#4009,#4010);
#4009 = CARTESIAN_POINT('',(3.,3.,0.));
#4010 = VECTOR('',#4011,1.);
#4011 = DIRECTION('',(0.,0.,1.));
#4012 = PCURVE('',#3922,#4013);
#4013 = DEFINITIONAL_REPRESENTATION('',(#4014),#4018);
#4014 = LINE('',#4015,#4016);
#4015 = CARTESIAN_POINT('',(2.5,0.));
#4016 = VECTOR('',#4017,1.);
#4017 = DIRECTION('',(0.,-1.));
#4018 = ( GEOMETRIC_REPRESENTATION_CONTEXT(2) 
PARAMETRIC_REPRESENTATION_CONTEXT() REPRESENTATION_CONTEXT('2D SPACE',''
  ) );
#4019 = PCURVE('',#4020,#4025);
#4020 = PLANE('',#4021);
#4021 = AXIS2_PLACEMENT_3D('',#4022,#4023,#4024);
#4022 = CARTESIAN_POINT('',(3.,3.,0.));
#4023 = DIRECTION('',(0.,1.,0.));
#4024 = DIRECTION('',(1.,0.,0.));
#4025 = DEFINITIONAL_REPRESENTATION('',(#4026),#4030);
#4026 = LINE('',#4027,#4028);
#4027 = CARTESIAN_POINT('',(0.,0.));
#4028 = VECTOR('',#4029,1.);
#4029 = DIRECTION('',(0.,-1.));
#4030 = ( GEOMETRIC_REPRESENTATION_CONTEXT(2) 
PARAMETRIC_REPRESENTATION_CONTEXT() REPRESENTATION_CONTEXT('2D SPACE',''
  ) );
#4031 = ADVANCED_FACE('',(#4032),#4020,.F.);
#4032 = FACE_BOUND('',#4033,.F.);
#4033 = EDGE_LOOP('',(#4034,#4057,#4058,#4081));
#4034 = ORIENTED_EDGE('',*,*,#4035,.F.);
#4035 = EDGE_CURVE('',#3960,#4036,#4038,.T.);
#4036 = VERTEX_POINT('',#4037);
#4037 = CARTESIAN_POINT('',(3.9,3.,0.));
#4038 = SURFACE_CURVE('',#4039,(#4043,#4050),.PCURVE_S1.);
#4039 = LINE('',#4040,#4041);
#4040 = CARTESIAN_POINT('',(3.,3.,0.));
#4041 = VECTOR('',#4042,1.);
#4042 = DIRECTION('',(1.,0.,0.));
#4043 = PCURVE('',#4020,#4044);
#4044 = DEFINITIONAL_REPRESENTATION('',(#4045),#4049);
#4045 = LINE('',#4046,#4047);
#4046 = CARTESIAN_POINT('',(0.,0.));
#4047 = VECTOR('',#4048,1.);
#4048 = DIRECTION('',(1.,0.));
#4049 = ( GEOMETRIC_REPRESENTATION_CONTEXT(2) 
PARAMETRIC_REPRESENTATION_CONTEXT() REPRESENTATION_CONTEXT('2D SPACE',''
  ) );
#4050 = PCURVE('',#149,#4051);
#4051 = DEFINITIONAL_REPRESENTATION('',(#4052),#4056);
#4052 = LINE('',#4053,#4054);
#4053 = CARTESIAN_POINT('',(-3.146513304614,3.));
#4054 = VECTOR('',#4055,1.);
#4055 = DIRECTION('',(-1.,-2.083447145421E-43));
#4056 = ( GEOMETRIC_REPRESENTATION_CONTEXT(2) 
PARAMETRIC_REPRESENTATION_CONTEXT() REPRESENTATION_CONTEXT('2D SPACE',''
  ) );
#4057 = ORIENTED_EDGE('',*,*,#4006,.T.);
#4058 = ORIENTED_EDGE('',*,*,#4059,.T.);
#4059 = EDGE_CURVE('',#3984,#4060,#4062,.T.);
#4060 = VERTEX_POINT('',#4061);
#4061 = CARTESIAN_POINT('',(3.9,3.,4.3));
#4062 = SURFACE_CURVE('',#4063,(#4067,#4074),.PCURVE_S1.);
#4063 = LINE('',#4064,#4065);
#4064 = CARTESIAN_POINT('',(1.5,3.,4.3));
#4065 = VECTOR('',#4066,1.);
#4066 = DIRECTION('',(1.,0.,0.));
#4067 = PCURVE('',#4020,#4068);
#4068 = DEFINITIONAL_REPRESENTATION('',(#4069),#4073);
#4069 = LINE('',#4070,#4071);
#4070 = CARTESIAN_POINT('',(-1.5,-4.3));
#4071 = VECTOR('',#4072,1.);
#4072 = DIRECTION('',(1.,0.));
#4073 = ( GEOMETRIC_REPRESENTATION_CONTEXT(2) 
PARAMETRIC_REPRESENTATION_CONTEXT() REPRESENTATION_CONTEXT('2D SPACE',''
  ) );
#4074 = PCURVE('',#3661,#4075);
#4075 = DEFINITIONAL_REPRESENTATION('',(#4076),#4080);
#4076 = LINE('',#4077,#4078);
#4077 = CARTESIAN_POINT('',(-1.5,3.));
#4078 = VECTOR('',#4079,1.);
#4079 = DIRECTION('',(-1.,0.));
#4080 = ( GEOMETRIC_REPRESENTATION_CONTEXT(2) 
PARAMETRIC_REPRESENTATION_CONTEXT() REPRESENTATION_CONTEXT('2D SPACE',''
  ) );
#4081 = ORIENTED_EDGE('',*,*,#4082,.T.);
#4082 = EDGE_CURVE('',#4060,#4036,#4083,.T.);
#4083 = SURFACE_CURVE('',#4084,(#4088,#4095),.PCURVE_S1.);
#4084 = LINE('',#4085,#4086);
#4085 = CARTESIAN_POINT('',(3.9,3.,1.075));
#4086 = VECTOR('',#4087,1.);
#4087 = DIRECTION('',(-2.946591659548E-32,0.,-1.));
#4088 = PCURVE('',#4020,#4089);
#4089 = DEFINITIONAL_REPRESENTATION('',(#4090),#4094);
#4090 = LINE('',#4091,#4092);
#4091 = CARTESIAN_POINT('',(0.9,-1.075));
#4092 = VECTOR('',#4093,1.);
#4093 = DIRECTION('',(-2.946591659548E-32,1.));
#4094 = ( GEOMETRIC_REPRESENTATION_CONTEXT(2) 
PARAMETRIC_REPRESENTATION_CONTEXT() REPRESENTATION_CONTEXT('2D SPACE',''
  ) );
#4095 = PCURVE('',#4096,#4101);
#4096 = PLANE('',#4097);
#4097 = AXIS2_PLACEMENT_3D('',#4098,#4099,#4100);
#4098 = CARTESIAN_POINT('',(3.9,0.,2.15));
#4099 = DIRECTION('',(-1.,4.515000602226E-33,2.946591659548E-32));
#4100 = DIRECTION('',(-2.946591659548E-32,0.,-1.));
#4101 = DEFINITIONAL_REPRESENTATION('',(#4102),#4106);
#4102 = LINE('',#4103,#4104);
#4103 = CARTESIAN_POINT('',(1.075,-3.));
#4104 = VECTOR('',#4105,1.);
#4105 = DIRECTION('',(1.,0.));
#4106 = ( GEOMETRIC_REPRESENTATION_CONTEXT(2) 
PARAMETRIC_REPRESENTATION_CONTEXT() REPRESENTATION_CONTEXT('2D SPACE',''
  ) );
#4107 = ADVANCED_FACE('',(#4108),#4096,.T.);
#4108 = FACE_BOUND('',#4109,.T.);
#4109 = EDGE_LOOP('',(#4110,#4133,#4134,#4157));
#4110 = ORIENTED_EDGE('',*,*,#4111,.F.);
#4111 = EDGE_CURVE('',#4060,#4112,#4114,.T.);
#4112 = VERTEX_POINT('',#4113);
#4113 = CARTESIAN_POINT('',(3.9,-3.,4.3));
#4114 = SURFACE_CURVE('',#4115,(#4119,#4126),.PCURVE_S1.);
#4115 = LINE('',#4116,#4117);
#4116 = CARTESIAN_POINT('',(3.9,0.,4.3));
#4117 = VECTOR('',#4118,1.);
#4118 = DIRECTION('',(0.,-1.,0.));
#4119 = PCURVE('',#4096,#4120);
#4120 = DEFINITIONAL_REPRESENTATION('',(#4121),#4125);
#4121 = LINE('',#4122,#4123);
#4122 = CARTESIAN_POINT('',(-2.15,2.005063049915E-48));
#4123 = VECTOR('',#4124,1.);
#4124 = DIRECTION('',(0.,1.));
#4125 = ( GEOMETRIC_REPRESENTATION_CONTEXT(2) 
PARAMETRIC_REPRESENTATION_CONTEXT() REPRESENTATION_CONTEXT('2D SPACE',''
  ) );
#4126 = PCURVE('',#3661,#4127);
#4127 = DEFINITIONAL_REPRESENTATION('',(#4128),#4132);
#4128 = LINE('',#4129,#4130);
#4129 = CARTESIAN_POINT('',(-3.9,0.));
#4130 = VECTOR('',#4131,1.);
#4131 = DIRECTION('',(0.,-1.));
#4132 = ( GEOMETRIC_REPRESENTATION_CONTEXT(2) 
PARAMETRIC_REPRESENTATION_CONTEXT() REPRESENTATION_CONTEXT('2D SPACE',''
  ) );
#4133 = ORIENTED_EDGE('',*,*,#4082,.T.);
#4134 = ORIENTED_EDGE('',*,*,#4135,.T.);
#4135 = EDGE_CURVE('',#4036,#4136,#4138,.T.);
#4136 = VERTEX_POINT('',#4137);
#4137 = CARTESIAN_POINT('',(3.9,-3.,0.));
#4138 = SURFACE_CURVE('',#4139,(#4143,#4150),.PCURVE_S1.);
#4139 = LINE('',#4140,#4141);
#4140 = CARTESIAN_POINT('',(3.9,0.,0.));
#4141 = VECTOR('',#4142,1.);
#4142 = DIRECTION('',(0.,-1.,0.));
#4143 = PCURVE('',#4096,#4144);
#4144 = DEFINITIONAL_REPRESENTATION('',(#4145),#4149);
#4145 = LINE('',#4146,#4147);
#4146 = CARTESIAN_POINT('',(2.15,2.005063049915E-48));
#4147 = VECTOR('',#4148,1.);
#4148 = DIRECTION('',(0.,1.));
#4149 = ( GEOMETRIC_REPRESENTATION_CONTEXT(2) 
PARAMETRIC_REPRESENTATION_CONTEXT() REPRESENTATION_CONTEXT('2D SPACE',''
  ) );
#4150 = PCURVE('',#149,#4151);
#4151 = DEFINITIONAL_REPRESENTATION('',(#4152),#4156);
#4152 = LINE('',#4153,#4154);
#4153 = CARTESIAN_POINT('',(-4.046513304614,-4.203400270736E-16));
#4154 = VECTOR('',#4155,1.);
#4155 = DIRECTION('',(0.,-1.));
#4156 = ( GEOMETRIC_REPRESENTATION_CONTEXT(2) 
PARAMETRIC_REPRESENTATION_CONTEXT() REPRESENTATION_CONTEXT('2D SPACE',''
  ) );
#4157 = ORIENTED_EDGE('',*,*,#4158,.F.);
#4158 = EDGE_CURVE('',#4112,#4136,#4159,.T.);
#4159 = SURFACE_CURVE('',#4160,(#4164,#4171),.PCURVE_S1.);
#4160 = LINE('',#4161,#4162);
#4161 = CARTESIAN_POINT('',(3.9,-3.,1.075));
#4162 = VECTOR('',#4163,1.);
#4163 = DIRECTION('',(-2.946591659548E-32,0.,-1.));
#4164 = PCURVE('',#4096,#4165);
#4165 = DEFINITIONAL_REPRESENTATION('',(#4166),#4170);
#4166 = LINE('',#4167,#4168);
#4167 = CARTESIAN_POINT('',(1.075,3.));
#4168 = VECTOR('',#4169,1.);
#4169 = DIRECTION('',(1.,0.));
#4170 = ( GEOMETRIC_REPRESENTATION_CONTEXT(2) 
PARAMETRIC_REPRESENTATION_CONTEXT() REPRESENTATION_CONTEXT('2D SPACE',''
  ) );
#4171 = PCURVE('',#4172,#4177);
#4172 = PLANE('',#4173);
#4173 = AXIS2_PLACEMENT_3D('',#4174,#4175,#4176);
#4174 = CARTESIAN_POINT('',(3.,-3.,0.));
#4175 = DIRECTION('',(-0.,-1.,-0.));
#4176 = DIRECTION('',(-1.,-0.,-0.));
#4177 = DEFINITIONAL_REPRESENTATION('',(#4178),#4182);
#4178 = LINE('',#4179,#4180);
#4179 = CARTESIAN_POINT('',(-0.9,-1.075));
#4180 = VECTOR('',#4181,1.);
#4181 = DIRECTION('',(2.946591659548E-32,1.));
#4182 = ( GEOMETRIC_REPRESENTATION_CONTEXT(2) 
PARAMETRIC_REPRESENTATION_CONTEXT() REPRESENTATION_CONTEXT('2D SPACE',''
  ) );
#4183 = ADVANCED_FACE('',(#4184),#3720,.F.);
#4184 = FACE_BOUND('',#4185,.T.);
#4185 = EDGE_LOOP('',(#4186,#4209,#4210,#4233));
#4186 = ORIENTED_EDGE('',*,*,#4187,.F.);
#4187 = EDGE_CURVE('',#3698,#4188,#4190,.T.);
#4188 = VERTEX_POINT('',#4189);
#4189 = CARTESIAN_POINT('',(3.,-3.,0.));
#4190 = SURFACE_CURVE('',#4191,(#4195,#4202),.PCURVE_S1.);
#4191 = LINE('',#4192,#4193);
#4192 = CARTESIAN_POINT('',(3.,-5.5,0.));
#4193 = VECTOR('',#4194,1.);
#4194 = DIRECTION('',(0.,1.,0.));
#4195 = PCURVE('',#3720,#4196);
#4196 = DEFINITIONAL_REPRESENTATION('',(#4197),#4201);
#4197 = LINE('',#4198,#4199);
#4198 = CARTESIAN_POINT('',(-0.,0.));
#4199 = VECTOR('',#4200,1.);
#4200 = DIRECTION('',(-1.,0.));
#4201 = ( GEOMETRIC_REPRESENTATION_CONTEXT(2) 
PARAMETRIC_REPRESENTATION_CONTEXT() REPRESENTATION_CONTEXT('2D SPACE',''
  ) );
#4202 = PCURVE('',#149,#4203);
#4203 = DEFINITIONAL_REPRESENTATION('',(#4204),#4208);
#4204 = LINE('',#4205,#4206);
#4205 = CARTESIAN_POINT('',(-3.146513304614,-5.5));
#4206 = VECTOR('',#4207,1.);
#4207 = DIRECTION('',(0.,1.));
#4208 = ( GEOMETRIC_REPRESENTATION_CONTEXT(2) 
PARAMETRIC_REPRESENTATION_CONTEXT() REPRESENTATION_CONTEXT('2D SPACE',''
  ) );
#4209 = ORIENTED_EDGE('',*,*,#3697,.T.);
#4210 = ORIENTED_EDGE('',*,*,#4211,.T.);
#4211 = EDGE_CURVE('',#3700,#4212,#4214,.T.);
#4212 = VERTEX_POINT('',#4213);
#4213 = CARTESIAN_POINT('',(3.,-3.,4.3));
#4214 = SURFACE_CURVE('',#4215,(#4219,#4226),.PCURVE_S1.);
#4215 = LINE('',#4216,#4217);
#4216 = CARTESIAN_POINT('',(3.,-2.75,4.3));
#4217 = VECTOR('',#4218,1.);
#4218 = DIRECTION('',(0.,1.,0.));
#4219 = PCURVE('',#3720,#4220);
#4220 = DEFINITIONAL_REPRESENTATION('',(#4221),#4225);
#4221 = LINE('',#4222,#4223);
#4222 = CARTESIAN_POINT('',(-2.75,-4.3));
#4223 = VECTOR('',#4224,1.);
#4224 = DIRECTION('',(-1.,0.));
#4225 = ( GEOMETRIC_REPRESENTATION_CONTEXT(2) 
PARAMETRIC_REPRESENTATION_CONTEXT() REPRESENTATION_CONTEXT('2D SPACE',''
  ) );
#4226 = PCURVE('',#3661,#4227);
#4227 = DEFINITIONAL_REPRESENTATION('',(#4228),#4232);
#4228 = LINE('',#4229,#4230);
#4229 = CARTESIAN_POINT('',(-3.,-2.75));
#4230 = VECTOR('',#4231,1.);
#4231 = DIRECTION('',(0.,1.));
#4232 = ( GEOMETRIC_REPRESENTATION_CONTEXT(2) 
PARAMETRIC_REPRESENTATION_CONTEXT() REPRESENTATION_CONTEXT('2D SPACE',''
  ) );
#4233 = ORIENTED_EDGE('',*,*,#4234,.F.);
#4234 = EDGE_CURVE('',#4188,#4212,#4235,.T.);
#4235 = SURFACE_CURVE('',#4236,(#4240,#4247),.PCURVE_S1.);
#4236 = LINE('',#4237,#4238);
#4237 = CARTESIAN_POINT('',(3.,-3.,0.));
#4238 = VECTOR('',#4239,1.);
#4239 = DIRECTION('',(0.,0.,1.));
#4240 = PCURVE('',#3720,#4241);
#4241 = DEFINITIONAL_REPRESENTATION('',(#4242),#4246);
#4242 = LINE('',#4243,#4244);
#4243 = CARTESIAN_POINT('',(-2.5,0.));
#4244 = VECTOR('',#4245,1.);
#4245 = DIRECTION('',(-0.,-1.));
#4246 = ( GEOMETRIC_REPRESENTATION_CONTEXT(2) 
PARAMETRIC_REPRESENTATION_CONTEXT() REPRESENTATION_CONTEXT('2D SPACE',''
  ) );
#4247 = PCURVE('',#4172,#4248);
#4248 = DEFINITIONAL_REPRESENTATION('',(#4249),#4253);
#4249 = LINE('',#4250,#4251);
#4250 = CARTESIAN_POINT('',(-0.,-0.));
#4251 = VECTOR('',#4252,1.);
#4252 = DIRECTION('',(-0.,-1.));
#4253 = ( GEOMETRIC_REPRESENTATION_CONTEXT(2) 
PARAMETRIC_REPRESENTATION_CONTEXT() REPRESENTATION_CONTEXT('2D SPACE',''
  ) );
#4254 = ADVANCED_FACE('',(#4255,#4285,#4379,#4490),#3661,.T.);
#4255 = FACE_BOUND('',#4256,.T.);
#4256 = EDGE_LOOP('',(#4257,#4258,#4259,#4260,#4261,#4282,#4283,#4284));
#4257 = ORIENTED_EDGE('',*,*,#3934,.F.);
#4258 = ORIENTED_EDGE('',*,*,#3983,.T.);
#4259 = ORIENTED_EDGE('',*,*,#4059,.T.);
#4260 = ORIENTED_EDGE('',*,*,#4111,.T.);
#4261 = ORIENTED_EDGE('',*,*,#4262,.F.);
#4262 = EDGE_CURVE('',#4212,#4112,#4263,.T.);
#4263 = SURFACE_CURVE('',#4264,(#4268,#4275),.PCURVE_S1.);
#4264 = LINE('',#4265,#4266);
#4265 = CARTESIAN_POINT('',(1.5,-3.,4.3));
#4266 = VECTOR('',#4267,1.);
#4267 = DIRECTION('',(1.,0.,0.));
#4268 = PCURVE('',#3661,#4269);
#4269 = DEFINITIONAL_REPRESENTATION('',(#4270),#4274);
#4270 = LINE('',#4271,#4272);
#4271 = CARTESIAN_POINT('',(-1.5,-3.));
#4272 = VECTOR('',#4273,1.);
#4273 = DIRECTION('',(-1.,0.));
#4274 = ( GEOMETRIC_REPRESENTATION_CONTEXT(2) 
PARAMETRIC_REPRESENTATION_CONTEXT() REPRESENTATION_CONTEXT('2D SPACE',''
  ) );
#4275 = PCURVE('',#4172,#4276);
#4276 = DEFINITIONAL_REPRESENTATION('',(#4277),#4281);
#4277 = LINE('',#4278,#4279);
#4278 = CARTESIAN_POINT('',(1.5,-4.3));
#4279 = VECTOR('',#4280,1.);
#4280 = DIRECTION('',(-1.,-0.));
#4281 = ( GEOMETRIC_REPRESENTATION_CONTEXT(2) 
PARAMETRIC_REPRESENTATION_CONTEXT() REPRESENTATION_CONTEXT('2D SPACE',''
  ) );
#4282 = ORIENTED_EDGE('',*,*,#4211,.F.);
#4283 = ORIENTED_EDGE('',*,*,#3783,.T.);
#4284 = ORIENTED_EDGE('',*,*,#3837,.F.);
#4285 = FACE_BOUND('',#4286,.T.);
#4286 = EDGE_LOOP('',(#4287,#4312,#4335,#4358));
#4287 = ORIENTED_EDGE('',*,*,#4288,.T.);
#4288 = EDGE_CURVE('',#4289,#4291,#4293,.T.);
#4289 = VERTEX_POINT('',#4290);
#4290 = CARTESIAN_POINT('',(-1.5,-4.4,4.3));
#4291 = VERTEX_POINT('',#4292);
#4292 = CARTESIAN_POINT('',(1.5,-4.4,4.3));
#4293 = SURFACE_CURVE('',#4294,(#4298,#4305),.PCURVE_S1.);
#4294 = LINE('',#4295,#4296);
#4295 = CARTESIAN_POINT('',(-1.131353335343,-4.4,4.3));
#4296 = VECTOR('',#4297,1.);
#4297 = DIRECTION('',(1.,0.,0.));
#4298 = PCURVE('',#3661,#4299);
#4299 = DEFINITIONAL_REPRESENTATION('',(#4300),#4304);
#4300 = LINE('',#4301,#4302);
#4301 = CARTESIAN_POINT('',(1.131353335343,-4.4));
#4302 = VECTOR('',#4303,1.);
#4303 = DIRECTION('',(-1.,0.));
#4304 = ( GEOMETRIC_REPRESENTATION_CONTEXT(2) 
PARAMETRIC_REPRESENTATION_CONTEXT() REPRESENTATION_CONTEXT('2D SPACE',''
  ) );
#4305 = PCURVE('',#2985,#4306);
#4306 = DEFINITIONAL_REPRESENTATION('',(#4307),#4311);
#4307 = LINE('',#4308,#4309);
#4308 = CARTESIAN_POINT('',(-1.,-1.131353335343));
#4309 = VECTOR('',#4310,1.);
#4310 = DIRECTION('',(0.,1.));
#4311 = ( GEOMETRIC_REPRESENTATION_CONTEXT(2) 
PARAMETRIC_REPRESENTATION_CONTEXT() REPRESENTATION_CONTEXT('2D SPACE',''
  ) );
#4312 = ORIENTED_EDGE('',*,*,#4313,.T.);
#4313 = EDGE_CURVE('',#4291,#4314,#4316,.T.);
#4314 = VERTEX_POINT('',#4315);
#4315 = CARTESIAN_POINT('',(1.5,-3.6,4.3));
#4316 = SURFACE_CURVE('',#4317,(#4321,#4328),.PCURVE_S1.);
#4317 = LINE('',#4318,#4319);
#4318 = CARTESIAN_POINT('',(1.5,-3.571798692817,4.3));
#4319 = VECTOR('',#4320,1.);
#4320 = DIRECTION('',(0.,1.,0.));
#4321 = PCURVE('',#3661,#4322);
#4322 = DEFINITIONAL_REPRESENTATION('',(#4323),#4327);
#4323 = LINE('',#4324,#4325);
#4324 = CARTESIAN_POINT('',(-1.5,-3.571798692817));
#4325 = VECTOR('',#4326,1.);
#4326 = DIRECTION('',(0.,1.));
#4327 = ( GEOMETRIC_REPRESENTATION_CONTEXT(2) 
PARAMETRIC_REPRESENTATION_CONTEXT() REPRESENTATION_CONTEXT('2D SPACE',''
  ) );
#4328 = PCURVE('',#2957,#4329);
#4329 = DEFINITIONAL_REPRESENTATION('',(#4330),#4334);
#4330 = LINE('',#4331,#4332);
#4331 = CARTESIAN_POINT('',(0.828201307183,-10.17342686615));
#4332 = VECTOR('',#4333,1.);
#4333 = DIRECTION('',(1.,0.));
#4334 = ( GEOMETRIC_REPRESENTATION_CONTEXT(2) 
PARAMETRIC_REPRESENTATION_CONTEXT() REPRESENTATION_CONTEXT('2D SPACE',''
  ) );
#4335 = ORIENTED_EDGE('',*,*,#4336,.T.);
#4336 = EDGE_CURVE('',#4314,#4337,#4339,.T.);
#4337 = VERTEX_POINT('',#4338);
#4338 = CARTESIAN_POINT('',(-1.5,-3.6,4.3));
#4339 = SURFACE_CURVE('',#4340,(#4344,#4351),.PCURVE_S1.);
#4340 = LINE('',#4341,#4342);
#4341 = CARTESIAN_POINT('',(1.881353335343,-3.6,4.3));
#4342 = VECTOR('',#4343,1.);
#4343 = DIRECTION('',(-1.,0.,0.));
#4344 = PCURVE('',#3661,#4345);
#4345 = DEFINITIONAL_REPRESENTATION('',(#4346),#4350);
#4346 = LINE('',#4347,#4348);
#4347 = CARTESIAN_POINT('',(-1.881353335343,-3.6));
#4348 = VECTOR('',#4349,1.);
#4349 = DIRECTION('',(1.,0.));
#4350 = ( GEOMETRIC_REPRESENTATION_CONTEXT(2) 
PARAMETRIC_REPRESENTATION_CONTEXT() REPRESENTATION_CONTEXT('2D SPACE',''
  ) );
#4351 = PCURVE('',#3039,#4352);
#4352 = DEFINITIONAL_REPRESENTATION('',(#4353),#4357);
#4353 = LINE('',#4354,#4355);
#4354 = CARTESIAN_POINT('',(1.,1.881353335343));
#4355 = VECTOR('',#4356,1.);
#4356 = DIRECTION('',(0.,-1.));
#4357 = ( GEOMETRIC_REPRESENTATION_CONTEXT(2) 
PARAMETRIC_REPRESENTATION_CONTEXT() REPRESENTATION_CONTEXT('2D SPACE',''
  ) );
#4358 = ORIENTED_EDGE('',*,*,#4359,.T.);
#4359 = EDGE_CURVE('',#4337,#4289,#4360,.T.);
#4360 = SURFACE_CURVE('',#4361,(#4365,#4372),.PCURVE_S1.);
#4361 = LINE('',#4362,#4363);
#4362 = CARTESIAN_POINT('',(-1.5,-3.571798692817,4.3));
#4363 = VECTOR('',#4364,1.);
#4364 = DIRECTION('',(0.,-1.,0.));
#4365 = PCURVE('',#3661,#4366);
#4366 = DEFINITIONAL_REPRESENTATION('',(#4367),#4371);
#4367 = LINE('',#4368,#4369);
#4368 = CARTESIAN_POINT('',(1.5,-3.571798692817));
#4369 = VECTOR('',#4370,1.);
#4370 = DIRECTION('',(0.,-1.));
#4371 = ( GEOMETRIC_REPRESENTATION_CONTEXT(2) 
PARAMETRIC_REPRESENTATION_CONTEXT() REPRESENTATION_CONTEXT('2D SPACE',''
  ) );
#4372 = PCURVE('',#3013,#4373);
#4373 = DEFINITIONAL_REPRESENTATION('',(#4374),#4378);
#4374 = LINE('',#4375,#4376);
#4375 = CARTESIAN_POINT('',(-0.828201307183,-10.17342686615));
#4376 = VECTOR('',#4377,1.);
#4377 = DIRECTION('',(1.,-0.));
#4378 = ( GEOMETRIC_REPRESENTATION_CONTEXT(2) 
PARAMETRIC_REPRESENTATION_CONTEXT() REPRESENTATION_CONTEXT('2D SPACE',''
  ) );
#4379 = FACE_BOUND('',#4380,.T.);
#4380 = EDGE_LOOP('',(#4381,#4412,#4440,#4464));
#4381 = ORIENTED_EDGE('',*,*,#4382,.F.);
#4382 = EDGE_CURVE('',#4383,#4385,#4387,.T.);
#4383 = VERTEX_POINT('',#4384);
#4384 = CARTESIAN_POINT('',(7.654042491557E-17,2.5,4.3));
#4385 = VERTEX_POINT('',#4386);
#4386 = CARTESIAN_POINT('',(2.5,0.,4.3));
#4387 = SURFACE_CURVE('',#4388,(#4393,#4400),.PCURVE_S1.);
#4388 = CIRCLE('',#4389,2.5);
#4389 = AXIS2_PLACEMENT_3D('',#4390,#4391,#4392);
#4390 = CARTESIAN_POINT('',(0.,0.,4.3));
#4391 = DIRECTION('',(0.,0.,-1.));
#4392 = DIRECTION('',(-1.,-0.,-0.));
#4393 = PCURVE('',#3661,#4394);
#4394 = DEFINITIONAL_REPRESENTATION('',(#4395),#4399);
#4395 = CIRCLE('',#4396,2.5);
#4396 = AXIS2_PLACEMENT_2D('',#4397,#4398);
#4397 = CARTESIAN_POINT('',(1.276118419109E-16,0.));
#4398 = DIRECTION('',(1.,0.));
#4399 = ( GEOMETRIC_REPRESENTATION_CONTEXT(2) 
PARAMETRIC_REPRESENTATION_CONTEXT() REPRESENTATION_CONTEXT('2D SPACE',''
  ) );
#4400 = PCURVE('',#4401,#4406);
#4401 = CYLINDRICAL_SURFACE('',#4402,2.5);
#4402 = AXIS2_PLACEMENT_3D('',#4403,#4404,#4405);
#4403 = CARTESIAN_POINT('',(0.,0.,0.));
#4404 = DIRECTION('',(0.,0.,-1.));
#4405 = DIRECTION('',(-1.,-0.,-0.));
#4406 = DEFINITIONAL_REPRESENTATION('',(#4407),#4411);
#4407 = LINE('',#4408,#4409);
#4408 = CARTESIAN_POINT('',(0.,-4.3));
#4409 = VECTOR('',#4410,1.);
#4410 = DIRECTION('',(1.,0.));
#4411 = ( GEOMETRIC_REPRESENTATION_CONTEXT(2) 
PARAMETRIC_REPRESENTATION_CONTEXT() REPRESENTATION_CONTEXT('2D SPACE',''
  ) );
#4412 = ORIENTED_EDGE('',*,*,#4413,.T.);
#4413 = EDGE_CURVE('',#4383,#4414,#4416,.T.);
#4414 = VERTEX_POINT('',#4415);
#4415 = CARTESIAN_POINT('',(-2.5,0.,4.3));
#4416 = SURFACE_CURVE('',#4417,(#4422,#4433),.PCURVE_S1.);
#4417 = CIRCLE('',#4418,2.5);
#4418 = AXIS2_PLACEMENT_3D('',#4419,#4420,#4421);
#4419 = CARTESIAN_POINT('',(0.,0.,4.3));
#4420 = DIRECTION('',(0.,0.,1.));
#4421 = DIRECTION('',(1.,0.,0.));
#4422 = PCURVE('',#3661,#4423);
#4423 = DEFINITIONAL_REPRESENTATION('',(#4424),#4432);
#4424 = ( BOUNDED_CURVE() B_SPLINE_CURVE(2,(#4425,#4426,#4427,#4428,
#4429,#4430,#4431),.UNSPECIFIED.,.T.,.F.) B_SPLINE_CURVE_WITH_KNOTS((1,2
    ,2,2,2,1),(-2.094395102393,0.,2.094395102393,4.188790204786,
6.28318530718,8.377580409573),.UNSPECIFIED.) CURVE() 
GEOMETRIC_REPRESENTATION_ITEM() RATIONAL_B_SPLINE_CURVE((1.,0.5,1.,0.5,
1.,0.5,1.)) REPRESENTATION_ITEM('') );
#4425 = CARTESIAN_POINT('',(-2.5,0.));
#4426 = CARTESIAN_POINT('',(-2.5,4.330127018922));
#4427 = CARTESIAN_POINT('',(1.25,2.165063509461));
#4428 = CARTESIAN_POINT('',(5.,6.123233995737E-16));
#4429 = CARTESIAN_POINT('',(1.25,-2.165063509461));
#4430 = CARTESIAN_POINT('',(-2.5,-4.330127018922));
#4431 = CARTESIAN_POINT('',(-2.5,0.));
#4432 = ( GEOMETRIC_REPRESENTATION_CONTEXT(2) 
PARAMETRIC_REPRESENTATION_CONTEXT() REPRESENTATION_CONTEXT('2D SPACE',''
  ) );
#4433 = PCURVE('',#4401,#4434);
#4434 = DEFINITIONAL_REPRESENTATION('',(#4435),#4439);
#4435 = LINE('',#4436,#4437);
#4436 = CARTESIAN_POINT('',(3.14159265359,-4.3));
#4437 = VECTOR('',#4438,1.);
#4438 = DIRECTION('',(-1.,0.));
#4439 = ( GEOMETRIC_REPRESENTATION_CONTEXT(2) 
PARAMETRIC_REPRESENTATION_CONTEXT() REPRESENTATION_CONTEXT('2D SPACE',''
  ) );
#4440 = ORIENTED_EDGE('',*,*,#4441,.F.);
#4441 = EDGE_CURVE('',#4442,#4414,#4444,.T.);
#4442 = VERTEX_POINT('',#4443);
#4443 = CARTESIAN_POINT('',(7.654042491557E-17,-2.5,4.3));
#4444 = SURFACE_CURVE('',#4445,(#4450,#4457),.PCURVE_S1.);
#4445 = CIRCLE('',#4446,2.5);
#4446 = AXIS2_PLACEMENT_3D('',#4447,#4448,#4449);
#4447 = CARTESIAN_POINT('',(0.,0.,4.3));
#4448 = DIRECTION('',(0.,0.,-1.));
#4449 = DIRECTION('',(1.,0.,0.));
#4450 = PCURVE('',#3661,#4451);
#4451 = DEFINITIONAL_REPRESENTATION('',(#4452),#4456);
#4452 = CIRCLE('',#4453,2.5);
#4453 = AXIS2_PLACEMENT_2D('',#4454,#4455);
#4454 = CARTESIAN_POINT('',(1.276118419109E-16,0.));
#4455 = DIRECTION('',(-1.,0.));
#4456 = ( GEOMETRIC_REPRESENTATION_CONTEXT(2) 
PARAMETRIC_REPRESENTATION_CONTEXT() REPRESENTATION_CONTEXT('2D SPACE',''
  ) );
#4457 = PCURVE('',#4401,#4458);
#4458 = DEFINITIONAL_REPRESENTATION('',(#4459),#4463);
#4459 = LINE('',#4460,#4461);
#4460 = CARTESIAN_POINT('',(3.14159265359,-4.3));
#4461 = VECTOR('',#4462,1.);
#4462 = DIRECTION('',(1.,0.));
#4463 = ( GEOMETRIC_REPRESENTATION_CONTEXT(2) 
PARAMETRIC_REPRESENTATION_CONTEXT() REPRESENTATION_CONTEXT('2D SPACE',''
  ) );
#4464 = ORIENTED_EDGE('',*,*,#4465,.T.);
#4465 = EDGE_CURVE('',#4442,#4385,#4466,.T.);
#4466 = SURFACE_CURVE('',#4467,(#4472,#4483),.PCURVE_S1.);
#4467 = CIRCLE('',#4468,2.5);
#4468 = AXIS2_PLACEMENT_3D('',#4469,#4470,#4471);
#4469 = CARTESIAN_POINT('',(0.,0.,4.3));
#4470 = DIRECTION('',(0.,0.,1.));
#4471 = DIRECTION('',(-1.,0.,0.));
#4472 = PCURVE('',#3661,#4473);
#4473 = DEFINITIONAL_REPRESENTATION('',(#4474),#4482);
#4474 = ( BOUNDED_CURVE() B_SPLINE_CURVE(2,(#4475,#4476,#4477,#4478,
#4479,#4480,#4481),.UNSPECIFIED.,.T.,.F.) B_SPLINE_CURVE_WITH_KNOTS((1,2
    ,2,2,2,1),(-2.094395102393,0.,2.094395102393,4.188790204786,
6.28318530718,8.377580409573),.UNSPECIFIED.) CURVE() 
GEOMETRIC_REPRESENTATION_ITEM() RATIONAL_B_SPLINE_CURVE((1.,0.5,1.,0.5,
1.,0.5,1.)) REPRESENTATION_ITEM('') );
#4475 = CARTESIAN_POINT('',(2.5,0.));
#4476 = CARTESIAN_POINT('',(2.5,-4.330127018922));
#4477 = CARTESIAN_POINT('',(-1.25,-2.165063509461));
#4478 = CARTESIAN_POINT('',(-5.,-6.123233995737E-16));
#4479 = CARTESIAN_POINT('',(-1.25,2.165063509461));
#4480 = CARTESIAN_POINT('',(2.5,4.330127018922));
#4481 = CARTESIAN_POINT('',(2.5,0.));
#4482 = ( GEOMETRIC_REPRESENTATION_CONTEXT(2) 
PARAMETRIC_REPRESENTATION_CONTEXT() REPRESENTATION_CONTEXT('2D SPACE',''
  ) );
#4483 = PCURVE('',#4401,#4484);
#4484 = DEFINITIONAL_REPRESENTATION('',(#4485),#4489);
#4485 = LINE('',#4486,#4487);
#4486 = CARTESIAN_POINT('',(6.28318530718,-4.3));
#4487 = VECTOR('',#4488,1.);
#4488 = DIRECTION('',(-1.,0.));
#4489 = ( GEOMETRIC_REPRESENTATION_CONTEXT(2) 
PARAMETRIC_REPRESENTATION_CONTEXT() REPRESENTATION_CONTEXT('2D SPACE',''
  ) );
#4490 = FACE_BOUND('',#4491,.T.);
#4491 = EDGE_LOOP('',(#4492,#4517,#4538,#4539));
#4492 = ORIENTED_EDGE('',*,*,#4493,.T.);
#4493 = EDGE_CURVE('',#4494,#4496,#4498,.T.);
#4494 = VERTEX_POINT('',#4495);
#4495 = CARTESIAN_POINT('',(1.5,4.4,4.3));
#4496 = VERTEX_POINT('',#4497);
#4497 = CARTESIAN_POINT('',(-1.5,4.4,4.3));
#4498 = SURFACE_CURVE('',#4499,(#4503,#4510),.PCURVE_S1.);
#4499 = LINE('',#4500,#4501);
#4500 = CARTESIAN_POINT('',(1.131353335343,4.4,4.3));
#4501 = VECTOR('',#4502,1.);
#4502 = DIRECTION('',(-1.,0.,0.));
#4503 = PCURVE('',#3661,#4504);
#4504 = DEFINITIONAL_REPRESENTATION('',(#4505),#4509);
#4505 = LINE('',#4506,#4507);
#4506 = CARTESIAN_POINT('',(-1.131353335343,4.4));
#4507 = VECTOR('',#4508,1.);
#4508 = DIRECTION('',(1.,0.));
#4509 = ( GEOMETRIC_REPRESENTATION_CONTEXT(2) 
PARAMETRIC_REPRESENTATION_CONTEXT() REPRESENTATION_CONTEXT('2D SPACE',''
  ) );
#4510 = PCURVE('',#2899,#4511);
#4511 = DEFINITIONAL_REPRESENTATION('',(#4512),#4516);
#4512 = LINE('',#4513,#4514);
#4513 = CARTESIAN_POINT('',(1.,1.131353335343));
#4514 = VECTOR('',#4515,1.);
#4515 = DIRECTION('',(0.,-1.));
#4516 = ( GEOMETRIC_REPRESENTATION_CONTEXT(2) 
PARAMETRIC_REPRESENTATION_CONTEXT() REPRESENTATION_CONTEXT('2D SPACE',''
  ) );
#4517 = ORIENTED_EDGE('',*,*,#4518,.T.);
#4518 = EDGE_CURVE('',#4496,#3646,#4519,.T.);
#4519 = SURFACE_CURVE('',#4520,(#4524,#4531),.PCURVE_S1.);
#4520 = LINE('',#4521,#4522);
#4521 = CARTESIAN_POINT('',(-1.5,3.571798692817,4.3));
#4522 = VECTOR('',#4523,1.);
#4523 = DIRECTION('',(0.,-1.,0.));
#4524 = PCURVE('',#3661,#4525);
#4525 = DEFINITIONAL_REPRESENTATION('',(#4526),#4530);
#4526 = LINE('',#4527,#4528);
#4527 = CARTESIAN_POINT('',(1.5,3.571798692817));
#4528 = VECTOR('',#4529,1.);
#4529 = DIRECTION('',(0.,-1.));
#4530 = ( GEOMETRIC_REPRESENTATION_CONTEXT(2) 
PARAMETRIC_REPRESENTATION_CONTEXT() REPRESENTATION_CONTEXT('2D SPACE',''
  ) );
#4531 = PCURVE('',#2871,#4532);
#4532 = DEFINITIONAL_REPRESENTATION('',(#4533),#4537);
#4533 = LINE('',#4534,#4535);
#4534 = CARTESIAN_POINT('',(0.828201307183,-10.17342686615));
#4535 = VECTOR('',#4536,1.);
#4536 = DIRECTION('',(1.,0.));
#4537 = ( GEOMETRIC_REPRESENTATION_CONTEXT(2) 
PARAMETRIC_REPRESENTATION_CONTEXT() REPRESENTATION_CONTEXT('2D SPACE',''
  ) );
#4538 = ORIENTED_EDGE('',*,*,#3645,.T.);
#4539 = ORIENTED_EDGE('',*,*,#4540,.T.);
#4540 = EDGE_CURVE('',#3623,#4494,#4541,.T.);
#4541 = SURFACE_CURVE('',#4542,(#4546,#4553),.PCURVE_S1.);
#4542 = LINE('',#4543,#4544);
#4543 = CARTESIAN_POINT('',(1.5,3.571798692817,4.3));
#4544 = VECTOR('',#4545,1.);
#4545 = DIRECTION('',(0.,1.,0.));
#4546 = PCURVE('',#3661,#4547);
#4547 = DEFINITIONAL_REPRESENTATION('',(#4548),#4552);
#4548 = LINE('',#4549,#4550);
#4549 = CARTESIAN_POINT('',(-1.5,3.571798692817));
#4550 = VECTOR('',#4551,1.);
#4551 = DIRECTION('',(0.,1.));
#4552 = ( GEOMETRIC_REPRESENTATION_CONTEXT(2) 
PARAMETRIC_REPRESENTATION_CONTEXT() REPRESENTATION_CONTEXT('2D SPACE',''
  ) );
#4553 = PCURVE('',#2925,#4554);
#4554 = DEFINITIONAL_REPRESENTATION('',(#4555),#4559);
#4555 = LINE('',#4556,#4557);
#4556 = CARTESIAN_POINT('',(-0.828201307183,-10.17342686615));
#4557 = VECTOR('',#4558,1.);
#4558 = DIRECTION('',(1.,-0.));
#4559 = ( GEOMETRIC_REPRESENTATION_CONTEXT(2) 
PARAMETRIC_REPRESENTATION_CONTEXT() REPRESENTATION_CONTEXT('2D SPACE',''
  ) );
#4560 = ADVANCED_FACE('',(#4561),#4172,.F.);
#4561 = FACE_BOUND('',#4562,.T.);
#4562 = EDGE_LOOP('',(#4563,#4584,#4585,#4586));
#4563 = ORIENTED_EDGE('',*,*,#4564,.F.);
#4564 = EDGE_CURVE('',#4188,#4136,#4565,.T.);
#4565 = SURFACE_CURVE('',#4566,(#4570,#4577),.PCURVE_S1.);
#4566 = LINE('',#4567,#4568);
#4567 = CARTESIAN_POINT('',(3.,-3.,0.));
#4568 = VECTOR('',#4569,1.);
#4569 = DIRECTION('',(1.,0.,0.));
#4570 = PCURVE('',#4172,#4571);
#4571 = DEFINITIONAL_REPRESENTATION('',(#4572),#4576);
#4572 = LINE('',#4573,#4574);
#4573 = CARTESIAN_POINT('',(-0.,-0.));
#4574 = VECTOR('',#4575,1.);
#4575 = DIRECTION('',(-1.,-0.));
#4576 = ( GEOMETRIC_REPRESENTATION_CONTEXT(2) 
PARAMETRIC_REPRESENTATION_CONTEXT() REPRESENTATION_CONTEXT('2D SPACE',''
  ) );
#4577 = PCURVE('',#149,#4578);
#4578 = DEFINITIONAL_REPRESENTATION('',(#4579),#4583);
#4579 = LINE('',#4580,#4581);
#4580 = CARTESIAN_POINT('',(-3.146513304614,-3.));
#4581 = VECTOR('',#4582,1.);
#4582 = DIRECTION('',(-1.,-2.083447145421E-43));
#4583 = ( GEOMETRIC_REPRESENTATION_CONTEXT(2) 
PARAMETRIC_REPRESENTATION_CONTEXT() REPRESENTATION_CONTEXT('2D SPACE',''
  ) );
#4584 = ORIENTED_EDGE('',*,*,#4234,.T.);
#4585 = ORIENTED_EDGE('',*,*,#4262,.T.);
#4586 = ORIENTED_EDGE('',*,*,#4158,.T.);
#4587 = ADVANCED_FACE('',(#4588),#2871,.F.);
#4588 = FACE_BOUND('',#4589,.F.);
#4589 = EDGE_LOOP('',(#4590,#4591,#4612,#4613));
#4590 = ORIENTED_EDGE('',*,*,#2855,.T.);
#4591 = ORIENTED_EDGE('',*,*,#4592,.T.);
#4592 = EDGE_CURVE('',#2856,#4496,#4593,.T.);
#4593 = SURFACE_CURVE('',#4594,(#4598,#4605),.PCURVE_S1.);
#4594 = LINE('',#4595,#4596);
#4595 = CARTESIAN_POINT('',(-1.5,4.4,14.473426866159));
#4596 = VECTOR('',#4597,1.);
#4597 = DIRECTION('',(-0.,-0.,-1.));
#4598 = PCURVE('',#2871,#4599);
#4599 = DEFINITIONAL_REPRESENTATION('',(#4600),#4604);
#4600 = LINE('',#4601,#4602);
#4601 = CARTESIAN_POINT('',(0.,0.));
#4602 = VECTOR('',#4603,1.);
#4603 = DIRECTION('',(0.,-1.));
#4604 = ( GEOMETRIC_REPRESENTATION_CONTEXT(2) 
PARAMETRIC_REPRESENTATION_CONTEXT() REPRESENTATION_CONTEXT('2D SPACE',''
  ) );
#4605 = PCURVE('',#2899,#4606);
#4606 = DEFINITIONAL_REPRESENTATION('',(#4607),#4611);
#4607 = LINE('',#4608,#4609);
#4608 = CARTESIAN_POINT('',(-9.173426866159,-1.5));
#4609 = VECTOR('',#4610,1.);
#4610 = DIRECTION('',(1.,0.));
#4611 = ( GEOMETRIC_REPRESENTATION_CONTEXT(2) 
PARAMETRIC_REPRESENTATION_CONTEXT() REPRESENTATION_CONTEXT('2D SPACE',''
  ) );
#4612 = ORIENTED_EDGE('',*,*,#4518,.T.);
#4613 = ORIENTED_EDGE('',*,*,#3673,.F.);
#4614 = ADVANCED_FACE('',(#4615),#2899,.T.);
#4615 = FACE_BOUND('',#4616,.T.);
#4616 = EDGE_LOOP('',(#4617,#4618,#4619,#4620));
#4617 = ORIENTED_EDGE('',*,*,#2883,.F.);
#4618 = ORIENTED_EDGE('',*,*,#4592,.T.);
#4619 = ORIENTED_EDGE('',*,*,#4493,.F.);
#4620 = ORIENTED_EDGE('',*,*,#4621,.F.);
#4621 = EDGE_CURVE('',#2884,#4494,#4622,.T.);
#4622 = SURFACE_CURVE('',#4623,(#4627,#4634),.PCURVE_S1.);
#4623 = LINE('',#4624,#4625);
#4624 = CARTESIAN_POINT('',(1.5,4.4,14.473426866159));
#4625 = VECTOR('',#4626,1.);
#4626 = DIRECTION('',(0.,0.,-1.));
#4627 = PCURVE('',#2899,#4628);
#4628 = DEFINITIONAL_REPRESENTATION('',(#4629),#4633);
#4629 = LINE('',#4630,#4631);
#4630 = CARTESIAN_POINT('',(-9.173426866159,1.5));
#4631 = VECTOR('',#4632,1.);
#4632 = DIRECTION('',(1.,0.));
#4633 = ( GEOMETRIC_REPRESENTATION_CONTEXT(2) 
PARAMETRIC_REPRESENTATION_CONTEXT() REPRESENTATION_CONTEXT('2D SPACE',''
  ) );
#4634 = PCURVE('',#2925,#4635);
#4635 = DEFINITIONAL_REPRESENTATION('',(#4636),#4640);
#4636 = LINE('',#4637,#4638);
#4637 = CARTESIAN_POINT('',(0.,-0.));
#4638 = VECTOR('',#4639,1.);
#4639 = DIRECTION('',(-0.,-1.));
#4640 = ( GEOMETRIC_REPRESENTATION_CONTEXT(2) 
PARAMETRIC_REPRESENTATION_CONTEXT() REPRESENTATION_CONTEXT('2D SPACE',''
  ) );
#4641 = ADVANCED_FACE('',(#4642),#2925,.F.);
#4642 = FACE_BOUND('',#4643,.T.);
#4643 = EDGE_LOOP('',(#4644,#4645,#4646,#4647));
#4644 = ORIENTED_EDGE('',*,*,#2911,.F.);
#4645 = ORIENTED_EDGE('',*,*,#4621,.T.);
#4646 = ORIENTED_EDGE('',*,*,#4540,.F.);
#4647 = ORIENTED_EDGE('',*,*,#3622,.F.);
#4648 = ADVANCED_FACE('',(#4649),#2957,.F.);
#4649 = FACE_BOUND('',#4650,.F.);
#4650 = EDGE_LOOP('',(#4651,#4652,#4673,#4674));
#4651 = ORIENTED_EDGE('',*,*,#2939,.T.);
#4652 = ORIENTED_EDGE('',*,*,#4653,.T.);
#4653 = EDGE_CURVE('',#2942,#4291,#4654,.T.);
#4654 = SURFACE_CURVE('',#4655,(#4659,#4666),.PCURVE_S1.);
#4655 = LINE('',#4656,#4657);
#4656 = CARTESIAN_POINT('',(1.5,-4.4,14.473426866159));
#4657 = VECTOR('',#4658,1.);
#4658 = DIRECTION('',(0.,0.,-1.));
#4659 = PCURVE('',#2957,#4660);
#4660 = DEFINITIONAL_REPRESENTATION('',(#4661),#4665);
#4661 = LINE('',#4662,#4663);
#4662 = CARTESIAN_POINT('',(0.,0.));
#4663 = VECTOR('',#4664,1.);
#4664 = DIRECTION('',(0.,-1.));
#4665 = ( GEOMETRIC_REPRESENTATION_CONTEXT(2) 
PARAMETRIC_REPRESENTATION_CONTEXT() REPRESENTATION_CONTEXT('2D SPACE',''
  ) );
#4666 = PCURVE('',#2985,#4667);
#4667 = DEFINITIONAL_REPRESENTATION('',(#4668),#4672);
#4668 = LINE('',#4669,#4670);
#4669 = CARTESIAN_POINT('',(9.173426866159,1.5));
#4670 = VECTOR('',#4671,1.);
#4671 = DIRECTION('',(-1.,0.));
#4672 = ( GEOMETRIC_REPRESENTATION_CONTEXT(2) 
PARAMETRIC_REPRESENTATION_CONTEXT() REPRESENTATION_CONTEXT('2D SPACE',''
  ) );
#4673 = ORIENTED_EDGE('',*,*,#4313,.T.);
#4674 = ORIENTED_EDGE('',*,*,#4675,.F.);
#4675 = EDGE_CURVE('',#2940,#4314,#4676,.T.);
#4676 = SURFACE_CURVE('',#4677,(#4681,#4688),.PCURVE_S1.);
#4677 = LINE('',#4678,#4679);
#4678 = CARTESIAN_POINT('',(1.5,-3.6,14.473426866159));
#4679 = VECTOR('',#4680,1.);
#4680 = DIRECTION('',(0.,0.,-1.));
#4681 = PCURVE('',#2957,#4682);
#4682 = DEFINITIONAL_REPRESENTATION('',(#4683),#4687);
#4683 = LINE('',#4684,#4685);
#4684 = CARTESIAN_POINT('',(0.8,0.));
#4685 = VECTOR('',#4686,1.);
#4686 = DIRECTION('',(0.,-1.));
#4687 = ( GEOMETRIC_REPRESENTATION_CONTEXT(2) 
PARAMETRIC_REPRESENTATION_CONTEXT() REPRESENTATION_CONTEXT('2D SPACE',''
  ) );
#4688 = PCURVE('',#3039,#4689);
#4689 = DEFINITIONAL_REPRESENTATION('',(#4690),#4694);
#4690 = LINE('',#4691,#4692);
#4691 = CARTESIAN_POINT('',(-9.173426866159,1.5));
#4692 = VECTOR('',#4693,1.);
#4693 = DIRECTION('',(1.,0.));
#4694 = ( GEOMETRIC_REPRESENTATION_CONTEXT(2) 
PARAMETRIC_REPRESENTATION_CONTEXT() REPRESENTATION_CONTEXT('2D SPACE',''
  ) );
#4695 = ADVANCED_FACE('',(#4696),#2985,.T.);
#4696 = FACE_BOUND('',#4697,.T.);
#4697 = EDGE_LOOP('',(#4698,#4699,#4700,#4701));
#4698 = ORIENTED_EDGE('',*,*,#2969,.F.);
#4699 = ORIENTED_EDGE('',*,*,#4653,.T.);
#4700 = ORIENTED_EDGE('',*,*,#4288,.F.);
#4701 = ORIENTED_EDGE('',*,*,#4702,.F.);
#4702 = EDGE_CURVE('',#2970,#4289,#4703,.T.);
#4703 = SURFACE_CURVE('',#4704,(#4708,#4715),.PCURVE_S1.);
#4704 = LINE('',#4705,#4706);
#4705 = CARTESIAN_POINT('',(-1.5,-4.4,14.473426866159));
#4706 = VECTOR('',#4707,1.);
#4707 = DIRECTION('',(0.,0.,-1.));
#4708 = PCURVE('',#2985,#4709);
#4709 = DEFINITIONAL_REPRESENTATION('',(#4710),#4714);
#4710 = LINE('',#4711,#4712);
#4711 = CARTESIAN_POINT('',(9.173426866159,-1.5));
#4712 = VECTOR('',#4713,1.);
#4713 = DIRECTION('',(-1.,0.));
#4714 = ( GEOMETRIC_REPRESENTATION_CONTEXT(2) 
PARAMETRIC_REPRESENTATION_CONTEXT() REPRESENTATION_CONTEXT('2D SPACE',''
  ) );
#4715 = PCURVE('',#3013,#4716);
#4716 = DEFINITIONAL_REPRESENTATION('',(#4717),#4721);
#4717 = LINE('',#4718,#4719);
#4718 = CARTESIAN_POINT('',(-0.,0.));
#4719 = VECTOR('',#4720,1.);
#4720 = DIRECTION('',(-0.,-1.));
#4721 = ( GEOMETRIC_REPRESENTATION_CONTEXT(2) 
PARAMETRIC_REPRESENTATION_CONTEXT() REPRESENTATION_CONTEXT('2D SPACE',''
  ) );
#4722 = ADVANCED_FACE('',(#4723),#3013,.F.);
#4723 = FACE_BOUND('',#4724,.T.);
#4724 = EDGE_LOOP('',(#4725,#4726,#4727,#4728));
#4725 = ORIENTED_EDGE('',*,*,#2997,.F.);
#4726 = ORIENTED_EDGE('',*,*,#4702,.T.);
#4727 = ORIENTED_EDGE('',*,*,#4359,.F.);
#4728 = ORIENTED_EDGE('',*,*,#4729,.F.);
#4729 = EDGE_CURVE('',#2998,#4337,#4730,.T.);
#4730 = SURFACE_CURVE('',#4731,(#4735,#4742),.PCURVE_S1.);
#4731 = LINE('',#4732,#4733);
#4732 = CARTESIAN_POINT('',(-1.5,-3.6,14.473426866159));
#4733 = VECTOR('',#4734,1.);
#4734 = DIRECTION('',(0.,0.,-1.));
#4735 = PCURVE('',#3013,#4736);
#4736 = DEFINITIONAL_REPRESENTATION('',(#4737),#4741);
#4737 = LINE('',#4738,#4739);
#4738 = CARTESIAN_POINT('',(-0.8,0.));
#4739 = VECTOR('',#4740,1.);
#4740 = DIRECTION('',(-0.,-1.));
#4741 = ( GEOMETRIC_REPRESENTATION_CONTEXT(2) 
PARAMETRIC_REPRESENTATION_CONTEXT() REPRESENTATION_CONTEXT('2D SPACE',''
  ) );
#4742 = PCURVE('',#3039,#4743);
#4743 = DEFINITIONAL_REPRESENTATION('',(#4744),#4748);
#4744 = LINE('',#4745,#4746);
#4745 = CARTESIAN_POINT('',(-9.173426866159,-1.5));
#4746 = VECTOR('',#4747,1.);
#4747 = DIRECTION('',(1.,0.));
#4748 = ( GEOMETRIC_REPRESENTATION_CONTEXT(2) 
PARAMETRIC_REPRESENTATION_CONTEXT() REPRESENTATION_CONTEXT('2D SPACE',''
  ) );
#4749 = ADVANCED_FACE('',(#4750),#3039,.T.);
#4750 = FACE_BOUND('',#4751,.T.);
#4751 = EDGE_LOOP('',(#4752,#4753,#4754,#4755));
#4752 = ORIENTED_EDGE('',*,*,#3025,.F.);
#4753 = ORIENTED_EDGE('',*,*,#4729,.T.);
#4754 = ORIENTED_EDGE('',*,*,#4336,.F.);
#4755 = ORIENTED_EDGE('',*,*,#4675,.F.);
#4756 = ADVANCED_FACE('',(#4757),#4401,.T.);
#4757 = FACE_BOUND('',#4758,.T.);
#4758 = EDGE_LOOP('',(#4759,#4760,#4761,#4783,#4812,#4840,#4864,#4890,
    #4891,#4892));
#4759 = ORIENTED_EDGE('',*,*,#4465,.F.);
#4760 = ORIENTED_EDGE('',*,*,#4441,.T.);
#4761 = ORIENTED_EDGE('',*,*,#4762,.T.);
#4762 = EDGE_CURVE('',#4414,#4763,#4765,.T.);
#4763 = VERTEX_POINT('',#4764);
#4764 = CARTESIAN_POINT('',(-2.5,0.,0.));
#4765 = SEAM_CURVE('',#4766,(#4769,#4776),.PCURVE_S1.);
#4766 = B_SPLINE_CURVE_WITH_KNOTS('',1,(#4767,#4768),.UNSPECIFIED.,.F.,
  .F.,(2,2),(-4.3,0.),.PIECEWISE_BEZIER_KNOTS.);
#4767 = CARTESIAN_POINT('',(-2.5,0.,4.3));
#4768 = CARTESIAN_POINT('',(-2.5,0.,0.));
#4769 = PCURVE('',#4401,#4770);
#4770 = DEFINITIONAL_REPRESENTATION('',(#4771),#4775);
#4771 = LINE('',#4772,#4773);
#4772 = CARTESIAN_POINT('',(6.28318530718,0.));
#4773 = VECTOR('',#4774,1.);
#4774 = DIRECTION('',(0.,1.));
#4775 = ( GEOMETRIC_REPRESENTATION_CONTEXT(2) 
PARAMETRIC_REPRESENTATION_CONTEXT() REPRESENTATION_CONTEXT('2D SPACE',''
  ) );
#4776 = PCURVE('',#4401,#4777);
#4777 = DEFINITIONAL_REPRESENTATION('',(#4778),#4782);
#4778 = LINE('',#4779,#4780);
#4779 = CARTESIAN_POINT('',(0.,0.));
#4780 = VECTOR('',#4781,1.);
#4781 = DIRECTION('',(0.,1.));
#4782 = ( GEOMETRIC_REPRESENTATION_CONTEXT(2) 
PARAMETRIC_REPRESENTATION_CONTEXT() REPRESENTATION_CONTEXT('2D SPACE',''
  ) );
#4783 = ORIENTED_EDGE('',*,*,#4784,.F.);
#4784 = EDGE_CURVE('',#4785,#4763,#4787,.T.);
#4785 = VERTEX_POINT('',#4786);
#4786 = CARTESIAN_POINT('',(7.654042491557E-17,-2.5,0.));
#4787 = SURFACE_CURVE('',#4788,(#4793,#4800),.PCURVE_S1.);
#4788 = CIRCLE('',#4789,2.5);
#4789 = AXIS2_PLACEMENT_3D('',#4790,#4791,#4792);
#4790 = CARTESIAN_POINT('',(0.,0.,0.));
#4791 = DIRECTION('',(0.,0.,-1.));
#4792 = DIRECTION('',(1.,0.,0.));
#4793 = PCURVE('',#4401,#4794);
#4794 = DEFINITIONAL_REPRESENTATION('',(#4795),#4799);
#4795 = LINE('',#4796,#4797);
#4796 = CARTESIAN_POINT('',(3.14159265359,0.));
#4797 = VECTOR('',#4798,1.);
#4798 = DIRECTION('',(1.,-0.));
#4799 = ( GEOMETRIC_REPRESENTATION_CONTEXT(2) 
PARAMETRIC_REPRESENTATION_CONTEXT() REPRESENTATION_CONTEXT('2D SPACE',''
  ) );
#4800 = PCURVE('',#4801,#4806);
#4801 = PLANE('',#4802);
#4802 = AXIS2_PLACEMENT_3D('',#4803,#4804,#4805);
#4803 = CARTESIAN_POINT('',(-2.859714913137E-17,-3.013898620593E-17,0.)
  );
#4804 = DIRECTION('',(-0.,-0.,-1.));
#4805 = DIRECTION('',(-1.,0.,0.));
#4806 = DEFINITIONAL_REPRESENTATION('',(#4807),#4811);
#4807 = CIRCLE('',#4808,2.5);
#4808 = AXIS2_PLACEMENT_2D('',#4809,#4810);
#4809 = CARTESIAN_POINT('',(-2.859714913137E-17,3.013898620593E-17));
#4810 = DIRECTION('',(-1.,0.));
#4811 = ( GEOMETRIC_REPRESENTATION_CONTEXT(2) 
PARAMETRIC_REPRESENTATION_CONTEXT() REPRESENTATION_CONTEXT('2D SPACE',''
  ) );
#4812 = ORIENTED_EDGE('',*,*,#4813,.T.);
#4813 = EDGE_CURVE('',#4785,#4814,#4816,.T.);
#4814 = VERTEX_POINT('',#4815);
#4815 = CARTESIAN_POINT('',(2.5,0.,0.));
#4816 = SURFACE_CURVE('',#4817,(#4822,#4829),.PCURVE_S1.);
#4817 = CIRCLE('',#4818,2.5);
#4818 = AXIS2_PLACEMENT_3D('',#4819,#4820,#4821);
#4819 = CARTESIAN_POINT('',(0.,0.,0.));
#4820 = DIRECTION('',(0.,0.,1.));
#4821 = DIRECTION('',(-1.,0.,0.));
#4822 = PCURVE('',#4401,#4823);
#4823 = DEFINITIONAL_REPRESENTATION('',(#4824),#4828);
#4824 = LINE('',#4825,#4826);
#4825 = CARTESIAN_POINT('',(6.28318530718,0.));
#4826 = VECTOR('',#4827,1.);
#4827 = DIRECTION('',(-1.,0.));
#4828 = ( GEOMETRIC_REPRESENTATION_CONTEXT(2) 
PARAMETRIC_REPRESENTATION_CONTEXT() REPRESENTATION_CONTEXT('2D SPACE',''
  ) );
#4829 = PCURVE('',#4801,#4830);
#4830 = DEFINITIONAL_REPRESENTATION('',(#4831),#4839);
#4831 = ( BOUNDED_CURVE() B_SPLINE_CURVE(2,(#4832,#4833,#4834,#4835,
#4836,#4837,#4838),.UNSPECIFIED.,.T.,.F.) B_SPLINE_CURVE_WITH_KNOTS((1,2
    ,2,2,2,1),(-2.094395102393,0.,2.094395102393,4.188790204786,
6.28318530718,8.377580409573),.UNSPECIFIED.) CURVE() 
GEOMETRIC_REPRESENTATION_ITEM() RATIONAL_B_SPLINE_CURVE((1.,0.5,1.,0.5,
1.,0.5,1.)) REPRESENTATION_ITEM('') );
#4832 = CARTESIAN_POINT('',(2.5,3.013898620593E-17));
#4833 = CARTESIAN_POINT('',(2.5,-4.330127018922));
#4834 = CARTESIAN_POINT('',(-1.25,-2.165063509461));
#4835 = CARTESIAN_POINT('',(-5.,-5.821844133677E-16));
#4836 = CARTESIAN_POINT('',(-1.25,2.165063509461));
#4837 = CARTESIAN_POINT('',(2.5,4.330127018922));
#4838 = CARTESIAN_POINT('',(2.5,3.013898620593E-17));
#4839 = ( GEOMETRIC_REPRESENTATION_CONTEXT(2) 
PARAMETRIC_REPRESENTATION_CONTEXT() REPRESENTATION_CONTEXT('2D SPACE',''
  ) );
#4840 = ORIENTED_EDGE('',*,*,#4841,.F.);
#4841 = EDGE_CURVE('',#4842,#4814,#4844,.T.);
#4842 = VERTEX_POINT('',#4843);
#4843 = CARTESIAN_POINT('',(7.654042491557E-17,2.5,0.));
#4844 = SURFACE_CURVE('',#4845,(#4850,#4857),.PCURVE_S1.);
#4845 = CIRCLE('',#4846,2.5);
#4846 = AXIS2_PLACEMENT_3D('',#4847,#4848,#4849);
#4847 = CARTESIAN_POINT('',(0.,0.,0.));
#4848 = DIRECTION('',(0.,0.,-1.));
#4849 = DIRECTION('',(-1.,-0.,-0.));
#4850 = PCURVE('',#4401,#4851);
#4851 = DEFINITIONAL_REPRESENTATION('',(#4852),#4856);
#4852 = LINE('',#4853,#4854);
#4853 = CARTESIAN_POINT('',(0.,0.));
#4854 = VECTOR('',#4855,1.);
#4855 = DIRECTION('',(1.,0.));
#4856 = ( GEOMETRIC_REPRESENTATION_CONTEXT(2) 
PARAMETRIC_REPRESENTATION_CONTEXT() REPRESENTATION_CONTEXT('2D SPACE',''
  ) );
#4857 = PCURVE('',#4801,#4858);
#4858 = DEFINITIONAL_REPRESENTATION('',(#4859),#4863);
#4859 = CIRCLE('',#4860,2.5);
#4860 = AXIS2_PLACEMENT_2D('',#4861,#4862);
#4861 = CARTESIAN_POINT('',(-2.859714913137E-17,3.013898620593E-17));
#4862 = DIRECTION('',(1.,0.));
#4863 = ( GEOMETRIC_REPRESENTATION_CONTEXT(2) 
PARAMETRIC_REPRESENTATION_CONTEXT() REPRESENTATION_CONTEXT('2D SPACE',''
  ) );
#4864 = ORIENTED_EDGE('',*,*,#4865,.T.);
#4865 = EDGE_CURVE('',#4842,#4763,#4866,.T.);
#4866 = SURFACE_CURVE('',#4867,(#4872,#4879),.PCURVE_S1.);
#4867 = CIRCLE('',#4868,2.5);
#4868 = AXIS2_PLACEMENT_3D('',#4869,#4870,#4871);
#4869 = CARTESIAN_POINT('',(0.,0.,0.));
#4870 = DIRECTION('',(0.,0.,1.));
#4871 = DIRECTION('',(1.,0.,0.));
#4872 = PCURVE('',#4401,#4873);
#4873 = DEFINITIONAL_REPRESENTATION('',(#4874),#4878);
#4874 = LINE('',#4875,#4876);
#4875 = CARTESIAN_POINT('',(3.14159265359,0.));
#4876 = VECTOR('',#4877,1.);
#4877 = DIRECTION('',(-1.,0.));
#4878 = ( GEOMETRIC_REPRESENTATION_CONTEXT(2) 
PARAMETRIC_REPRESENTATION_CONTEXT() REPRESENTATION_CONTEXT('2D SPACE',''
  ) );
#4879 = PCURVE('',#4801,#4880);
#4880 = DEFINITIONAL_REPRESENTATION('',(#4881),#4889);
#4881 = ( BOUNDED_CURVE() B_SPLINE_CURVE(2,(#4882,#4883,#4884,#4885,
#4886,#4887,#4888),.UNSPECIFIED.,.T.,.F.) B_SPLINE_CURVE_WITH_KNOTS((1,2
    ,2,2,2,1),(-2.094395102393,0.,2.094395102393,4.188790204786,
6.28318530718,8.377580409573),.UNSPECIFIED.) CURVE() 
GEOMETRIC_REPRESENTATION_ITEM() RATIONAL_B_SPLINE_CURVE((1.,0.5,1.,0.5,
1.,0.5,1.)) REPRESENTATION_ITEM('') );
#4882 = CARTESIAN_POINT('',(-2.5,3.013898620593E-17));
#4883 = CARTESIAN_POINT('',(-2.5,4.330127018922));
#4884 = CARTESIAN_POINT('',(1.25,2.165063509461));
#4885 = CARTESIAN_POINT('',(5.,6.424623857796E-16));
#4886 = CARTESIAN_POINT('',(1.25,-2.165063509461));
#4887 = CARTESIAN_POINT('',(-2.5,-4.330127018922));
#4888 = CARTESIAN_POINT('',(-2.5,3.013898620593E-17));
#4889 = ( GEOMETRIC_REPRESENTATION_CONTEXT(2) 
PARAMETRIC_REPRESENTATION_CONTEXT() REPRESENTATION_CONTEXT('2D SPACE',''
  ) );
#4890 = ORIENTED_EDGE('',*,*,#4762,.F.);
#4891 = ORIENTED_EDGE('',*,*,#4413,.F.);
#4892 = ORIENTED_EDGE('',*,*,#4382,.T.);
#4893 = ADVANCED_FACE('',(#4894),#3526,.T.);
#4894 = FACE_BOUND('',#4895,.T.);
#4895 = EDGE_LOOP('',(#4896,#4897,#4898,#4899));
#4896 = ORIENTED_EDGE('',*,*,#3566,.F.);
#4897 = ORIENTED_EDGE('',*,*,#3594,.T.);
#4898 = ORIENTED_EDGE('',*,*,#3509,.F.);
#4899 = ORIENTED_EDGE('',*,*,#3542,.T.);
#4900 = ADVANCED_FACE('',(#4901),#4801,.T.);
#4901 = FACE_BOUND('',#4902,.T.);
#4902 = EDGE_LOOP('',(#4903,#4904,#4905,#4906));
#4903 = ORIENTED_EDGE('',*,*,#4841,.T.);
#4904 = ORIENTED_EDGE('',*,*,#4813,.F.);
#4905 = ORIENTED_EDGE('',*,*,#4784,.T.);
#4906 = ORIENTED_EDGE('',*,*,#4865,.F.);
#4907 = ADVANCED_FACE('',(#4908,#4942),#149,.T.);
#4908 = FACE_BOUND('',#4909,.T.);
#4909 = EDGE_LOOP('',(#4910,#4911,#4912,#4913,#4914,#4915,#4916,#4917,
    #4918,#4919,#4920,#4921,#4922,#4923,#4924,#4925,#4926,#4927,#4928,
    #4929,#4930,#4931,#4932,#4933,#4934,#4935,#4936,#4937,#4938,#4939,
    #4940,#4941));
#4910 = ORIENTED_EDGE('',*,*,#702,.F.);
#4911 = ORIENTED_EDGE('',*,*,#220,.T.);
#4912 = ORIENTED_EDGE('',*,*,#135,.T.);
#4913 = ORIENTED_EDGE('',*,*,#573,.T.);
#4914 = ORIENTED_EDGE('',*,*,#2538,.T.);
#4915 = ORIENTED_EDGE('',*,*,#2491,.T.);
#4916 = ORIENTED_EDGE('',*,*,#2420,.T.);
#4917 = ORIENTED_EDGE('',*,*,#466,.T.);
#4918 = ORIENTED_EDGE('',*,*,#2344,.F.);
#4919 = ORIENTED_EDGE('',*,*,#3460,.F.);
#4920 = ORIENTED_EDGE('',*,*,#2273,.F.);
#4921 = ORIENTED_EDGE('',*,*,#359,.T.);
#4922 = ORIENTED_EDGE('',*,*,#2197,.F.);
#4923 = ORIENTED_EDGE('',*,*,#2127,.F.);
#4924 = ORIENTED_EDGE('',*,*,#809,.T.);
#4925 = ORIENTED_EDGE('',*,*,#2079,.T.);
#4926 = ORIENTED_EDGE('',*,*,#1164,.F.);
#4927 = ORIENTED_EDGE('',*,*,#2031,.T.);
#4928 = ORIENTED_EDGE('',*,*,#1985,.T.);
#4929 = ORIENTED_EDGE('',*,*,#1635,.T.);
#4930 = ORIENTED_EDGE('',*,*,#3301,.T.);
#4931 = ORIENTED_EDGE('',*,*,#3433,.T.);
#4932 = ORIENTED_EDGE('',*,*,#3399,.T.);
#4933 = ORIENTED_EDGE('',*,*,#1528,.T.);
#4934 = ORIENTED_EDGE('',*,*,#1914,.F.);
#4935 = ORIENTED_EDGE('',*,*,#1867,.F.);
#4936 = ORIENTED_EDGE('',*,*,#1796,.F.);
#4937 = ORIENTED_EDGE('',*,*,#1421,.T.);
#4938 = ORIENTED_EDGE('',*,*,#1367,.F.);
#4939 = ORIENTED_EDGE('',*,*,#1259,.F.);
#4940 = ORIENTED_EDGE('',*,*,#995,.T.);
#4941 = ORIENTED_EDGE('',*,*,#920,.T.);
#4942 = FACE_BOUND('',#4943,.T.);
#4943 = EDGE_LOOP('',(#4944,#4945,#4946,#4947,#4948,#4949,#4950,#4951));
#4944 = ORIENTED_EDGE('',*,*,#3732,.T.);
#4945 = ORIENTED_EDGE('',*,*,#4187,.T.);
#4946 = ORIENTED_EDGE('',*,*,#4564,.T.);
#4947 = ORIENTED_EDGE('',*,*,#4135,.F.);
#4948 = ORIENTED_EDGE('',*,*,#4035,.F.);
#4949 = ORIENTED_EDGE('',*,*,#3959,.F.);
#4950 = ORIENTED_EDGE('',*,*,#3883,.T.);
#4951 = ORIENTED_EDGE('',*,*,#3859,.F.);
#4952 = ( GEOMETRIC_REPRESENTATION_CONTEXT(3) 
GLOBAL_UNCERTAINTY_ASSIGNED_CONTEXT((#4956)) 
GLOBAL_UNIT_ASSIGNED_CONTEXT((#4953,#4954,#4955)) REPRESENTATION_CONTEXT
('Context #1','3D Context with UNIT and UNCERTAINTY') );
#4953 = ( LENGTH_UNIT() NAMED_UNIT(*) SI_UNIT(.MILLI.,.METRE.) );
#4954 = ( NAMED_UNIT(*) PLANE_ANGLE_UNIT() SI_UNIT($,.RADIAN.) );
#4955 = ( NAMED_UNIT(*) SI_UNIT($,.STERADIAN.) SOLID_ANGLE_UNIT() );
#4956 = UNCERTAINTY_MEASURE_WITH_UNIT(LENGTH_MEASURE(5.E-06),#4953,
  'distance_accuracy_value','confusion accuracy');
#4957 = SHAPE_DEFINITION_REPRESENTATION(#4958,#37);
#4958 = PRODUCT_DEFINITION_SHAPE('','',#4959);
#4959 = PRODUCT_DEFINITION('design','',#4960,#4963);
#4960 = PRODUCT_DEFINITION_FORMATION('','',#4961);
#4961 = PRODUCT('Insulator','Insulator','',(#4962));
#4962 = PRODUCT_CONTEXT('',#2,'mechanical');
#4963 = PRODUCT_DEFINITION_CONTEXT('part definition',#2,'design');
#4964 = CONTEXT_DEPENDENT_SHAPE_REPRESENTATION(#4965,#4967);
#4965 = ( REPRESENTATION_RELATIONSHIP('','',#37,#10) 
REPRESENTATION_RELATIONSHIP_WITH_TRANSFORMATION(#4966) 
SHAPE_REPRESENTATION_RELATIONSHIP() );
#4966 = ITEM_DEFINED_TRANSFORMATION('','',#11,#15);
#4967 = PRODUCT_DEFINITION_SHAPE('Placement','Placement of an item',
  #4968);
#4968 = NEXT_ASSEMBLY_USAGE_OCCURRENCE('5','Insulator','',#5,#4959,$);
#4969 = PRODUCT_RELATED_PRODUCT_CATEGORY('part',$,(#4961));
#4970 = ADVANCED_BREP_SHAPE_REPRESENTATION('',(#11,#4971),#7194);
#4971 = MANIFOLD_SOLID_BREP('',#4972);
#4972 = CLOSED_SHELL('',(#4973,#5061,#5100,#5156,#5211,#5215,#5990,#6073
    ,#6645,#6679,#6706,#6753,#6787,#6794,#6828,#6862,#6889,#6916,#6943,
    #6977,#7011,#7038,#7065,#7092,#7126,#7160,#7187));
#4973 = ADVANCED_FACE('',(#4974),#4987,.T.);
#4974 = FACE_BOUND('',#4975,.F.);
#4975 = EDGE_LOOP('',(#4976,#5010,#5033,#5060));
#4976 = ORIENTED_EDGE('',*,*,#4977,.T.);
#4977 = EDGE_CURVE('',#4978,#4978,#4980,.T.);
#4978 = VERTEX_POINT('',#4979);
#4979 = CARTESIAN_POINT('',(2.8,0.,1.542463035442));
#4980 = SURFACE_CURVE('',#4981,(#4986,#4998),.PCURVE_S1.);
#4981 = CIRCLE('',#4982,2.8);
#4982 = AXIS2_PLACEMENT_3D('',#4983,#4984,#4985);
#4983 = CARTESIAN_POINT('',(0.,0.,1.542463035442));
#4984 = DIRECTION('',(0.,0.,1.));
#4985 = DIRECTION('',(1.,0.,-0.));
#4986 = PCURVE('',#4987,#4992);
#4987 = CYLINDRICAL_SURFACE('',#4988,2.8);
#4988 = AXIS2_PLACEMENT_3D('',#4989,#4990,#4991);
#4989 = CARTESIAN_POINT('',(0.,0.,1.542463035442));
#4990 = DIRECTION('',(-0.,-0.,-1.));
#4991 = DIRECTION('',(1.,0.,0.));
#4992 = DEFINITIONAL_REPRESENTATION('',(#4993),#4997);
#4993 = LINE('',#4994,#4995);
#4994 = CARTESIAN_POINT('',(-0.,0.));
#4995 = VECTOR('',#4996,1.);
#4996 = DIRECTION('',(-1.,0.));
#4997 = ( GEOMETRIC_REPRESENTATION_CONTEXT(2) 
PARAMETRIC_REPRESENTATION_CONTEXT() REPRESENTATION_CONTEXT('2D SPACE',''
  ) );
#4998 = PCURVE('',#4999,#5004);
#4999 = SPHERICAL_SURFACE('',#5000,5.);
#5000 = AXIS2_PLACEMENT_3D('',#5001,#5002,#5003);
#5001 = CARTESIAN_POINT('',(-7.22E-15,0.,-2.6));
#5002 = DIRECTION('',(-0.,-0.,-1.));
#5003 = DIRECTION('',(1.,0.,-0.));
#5004 = DEFINITIONAL_REPRESENTATION('',(#5005),#5009);
#5005 = LINE('',#5006,#5007);
#5006 = CARTESIAN_POINT('',(-0.,-0.976410526794));
#5007 = VECTOR('',#5008,1.);
#5008 = DIRECTION('',(-1.,0.));
#5009 = ( GEOMETRIC_REPRESENTATION_CONTEXT(2) 
PARAMETRIC_REPRESENTATION_CONTEXT() REPRESENTATION_CONTEXT('2D SPACE',''
  ) );
#5010 = ORIENTED_EDGE('',*,*,#5011,.T.);
#5011 = EDGE_CURVE('',#4978,#5012,#5014,.T.);
#5012 = VERTEX_POINT('',#5013);
#5013 = CARTESIAN_POINT('',(2.8,0.,0.));
#5014 = SEAM_CURVE('',#5015,(#5019,#5026),.PCURVE_S1.);
#5015 = LINE('',#5016,#5017);
#5016 = CARTESIAN_POINT('',(2.8,0.,1.542463035442));
#5017 = VECTOR('',#5018,1.);
#5018 = DIRECTION('',(0.,0.,-1.));
#5019 = PCURVE('',#4987,#5020);
#5020 = DEFINITIONAL_REPRESENTATION('',(#5021),#5025);
#5021 = LINE('',#5022,#5023);
#5022 = CARTESIAN_POINT('',(-0.,0.));
#5023 = VECTOR('',#5024,1.);
#5024 = DIRECTION('',(-0.,1.));
#5025 = ( GEOMETRIC_REPRESENTATION_CONTEXT(2) 
PARAMETRIC_REPRESENTATION_CONTEXT() REPRESENTATION_CONTEXT('2D SPACE',''
  ) );
#5026 = PCURVE('',#4987,#5027);
#5027 = DEFINITIONAL_REPRESENTATION('',(#5028),#5032);
#5028 = LINE('',#5029,#5030);
#5029 = CARTESIAN_POINT('',(-6.28318530718,0.));
#5030 = VECTOR('',#5031,1.);
#5031 = DIRECTION('',(-0.,1.));
#5032 = ( GEOMETRIC_REPRESENTATION_CONTEXT(2) 
PARAMETRIC_REPRESENTATION_CONTEXT() REPRESENTATION_CONTEXT('2D SPACE',''
  ) );
#5033 = ORIENTED_EDGE('',*,*,#5034,.F.);
#5034 = EDGE_CURVE('',#5012,#5012,#5035,.T.);
#5035 = SURFACE_CURVE('',#5036,(#5041,#5048),.PCURVE_S1.);
#5036 = CIRCLE('',#5037,2.8);
#5037 = AXIS2_PLACEMENT_3D('',#5038,#5039,#5040);
#5038 = CARTESIAN_POINT('',(0.,0.,0.));
#5039 = DIRECTION('',(0.,0.,1.));
#5040 = DIRECTION('',(1.,0.,-0.));
#5041 = PCURVE('',#4987,#5042);
#5042 = DEFINITIONAL_REPRESENTATION('',(#5043),#5047);
#5043 = LINE('',#5044,#5045);
#5044 = CARTESIAN_POINT('',(-0.,1.542463035442));
#5045 = VECTOR('',#5046,1.);
#5046 = DIRECTION('',(-1.,0.));
#5047 = ( GEOMETRIC_REPRESENTATION_CONTEXT(2) 
PARAMETRIC_REPRESENTATION_CONTEXT() REPRESENTATION_CONTEXT('2D SPACE',''
  ) );
#5048 = PCURVE('',#5049,#5054);
#5049 = PLANE('',#5050);
#5050 = AXIS2_PLACEMENT_3D('',#5051,#5052,#5053);
#5051 = CARTESIAN_POINT('',(0.,0.,0.));
#5052 = DIRECTION('',(0.,0.,1.));
#5053 = DIRECTION('',(1.,0.,-0.));
#5054 = DEFINITIONAL_REPRESENTATION('',(#5055),#5059);
#5055 = CIRCLE('',#5056,2.8);
#5056 = AXIS2_PLACEMENT_2D('',#5057,#5058);
#5057 = CARTESIAN_POINT('',(0.,0.));
#5058 = DIRECTION('',(1.,0.));
#5059 = ( GEOMETRIC_REPRESENTATION_CONTEXT(2) 
PARAMETRIC_REPRESENTATION_CONTEXT() REPRESENTATION_CONTEXT('2D SPACE',''
  ) );
#5060 = ORIENTED_EDGE('',*,*,#5011,.F.);
#5061 = ADVANCED_FACE('',(#5062,#5065),#5049,.F.);
#5062 = FACE_BOUND('',#5063,.F.);
#5063 = EDGE_LOOP('',(#5064));
#5064 = ORIENTED_EDGE('',*,*,#5034,.T.);
#5065 = FACE_BOUND('',#5066,.F.);
#5066 = EDGE_LOOP('',(#5067));
#5067 = ORIENTED_EDGE('',*,*,#5068,.F.);
#5068 = EDGE_CURVE('',#5069,#5069,#5071,.T.);
#5069 = VERTEX_POINT('',#5070);
#5070 = CARTESIAN_POINT('',(1.6,0.,0.));
#5071 = SURFACE_CURVE('',#5072,(#5077,#5084),.PCURVE_S1.);
#5072 = CIRCLE('',#5073,1.6);
#5073 = AXIS2_PLACEMENT_3D('',#5074,#5075,#5076);
#5074 = CARTESIAN_POINT('',(0.,0.,-1.E-17));
#5075 = DIRECTION('',(0.,0.,1.));
#5076 = DIRECTION('',(1.,0.,-0.));
#5077 = PCURVE('',#5049,#5078);
#5078 = DEFINITIONAL_REPRESENTATION('',(#5079),#5083);
#5079 = CIRCLE('',#5080,1.6);
#5080 = AXIS2_PLACEMENT_2D('',#5081,#5082);
#5081 = CARTESIAN_POINT('',(0.,0.));
#5082 = DIRECTION('',(1.,0.));
#5083 = ( GEOMETRIC_REPRESENTATION_CONTEXT(2) 
PARAMETRIC_REPRESENTATION_CONTEXT() REPRESENTATION_CONTEXT('2D SPACE',''
  ) );
#5084 = PCURVE('',#5085,#5094);
#5085 = SURFACE_OF_REVOLUTION('',#5086,#5091);
#5086 = CIRCLE('',#5087,0.1);
#5087 = AXIS2_PLACEMENT_3D('',#5088,#5089,#5090);
#5088 = CARTESIAN_POINT('',(1.6,0.,-0.1));
#5089 = DIRECTION('',(0.,-1.,0.));
#5090 = DIRECTION('',(0.,0.,1.));
#5091 = AXIS1_PLACEMENT('',#5092,#5093);
#5092 = CARTESIAN_POINT('',(0.,0.,0.));
#5093 = DIRECTION('',(0.,0.,1.));
#5094 = DEFINITIONAL_REPRESENTATION('',(#5095),#5099);
#5095 = LINE('',#5096,#5097);
#5096 = CARTESIAN_POINT('',(0.,0.));
#5097 = VECTOR('',#5098,1.);
#5098 = DIRECTION('',(1.,0.));
#5099 = ( GEOMETRIC_REPRESENTATION_CONTEXT(2) 
PARAMETRIC_REPRESENTATION_CONTEXT() REPRESENTATION_CONTEXT('2D SPACE',''
  ) );
#5100 = ADVANCED_FACE('',(#5101),#5085,.F.);
#5101 = FACE_BOUND('',#5102,.F.);
#5102 = EDGE_LOOP('',(#5103,#5104,#5128,#5155));
#5103 = ORIENTED_EDGE('',*,*,#5068,.T.);
#5104 = ORIENTED_EDGE('',*,*,#5105,.T.);
#5105 = EDGE_CURVE('',#5069,#5106,#5108,.T.);
#5106 = VERTEX_POINT('',#5107);
#5107 = CARTESIAN_POINT('',(1.5,0.,-1.E-01));
#5108 = SEAM_CURVE('',#5109,(#5114,#5121),.PCURVE_S1.);
#5109 = CIRCLE('',#5110,0.1);
#5110 = AXIS2_PLACEMENT_3D('',#5111,#5112,#5113);
#5111 = CARTESIAN_POINT('',(1.6,0.,-0.1));
#5112 = DIRECTION('',(0.,-1.,0.));
#5113 = DIRECTION('',(0.,0.,1.));
#5114 = PCURVE('',#5085,#5115);
#5115 = DEFINITIONAL_REPRESENTATION('',(#5116),#5120);
#5116 = LINE('',#5117,#5118);
#5117 = CARTESIAN_POINT('',(0.,0.));
#5118 = VECTOR('',#5119,1.);
#5119 = DIRECTION('',(0.,1.));
#5120 = ( GEOMETRIC_REPRESENTATION_CONTEXT(2) 
PARAMETRIC_REPRESENTATION_CONTEXT() REPRESENTATION_CONTEXT('2D SPACE',''
  ) );
#5121 = PCURVE('',#5085,#5122);
#5122 = DEFINITIONAL_REPRESENTATION('',(#5123),#5127);
#5123 = LINE('',#5124,#5125);
#5124 = CARTESIAN_POINT('',(6.28318530718,0.));
#5125 = VECTOR('',#5126,1.);
#5126 = DIRECTION('',(0.,1.));
#5127 = ( GEOMETRIC_REPRESENTATION_CONTEXT(2) 
PARAMETRIC_REPRESENTATION_CONTEXT() REPRESENTATION_CONTEXT('2D SPACE',''
  ) );
#5128 = ORIENTED_EDGE('',*,*,#5129,.F.);
#5129 = EDGE_CURVE('',#5106,#5106,#5130,.T.);
#5130 = SURFACE_CURVE('',#5131,(#5136,#5143),.PCURVE_S1.);
#5131 = CIRCLE('',#5132,1.5);
#5132 = AXIS2_PLACEMENT_3D('',#5133,#5134,#5135);
#5133 = CARTESIAN_POINT('',(0.,0.,-0.1));
#5134 = DIRECTION('',(0.,0.,1.));
#5135 = DIRECTION('',(1.,0.,-0.));
#5136 = PCURVE('',#5085,#5137);
#5137 = DEFINITIONAL_REPRESENTATION('',(#5138),#5142);
#5138 = LINE('',#5139,#5140);
#5139 = CARTESIAN_POINT('',(0.,1.570796326795));
#5140 = VECTOR('',#5141,1.);
#5141 = DIRECTION('',(1.,0.));
#5142 = ( GEOMETRIC_REPRESENTATION_CONTEXT(2) 
PARAMETRIC_REPRESENTATION_CONTEXT() REPRESENTATION_CONTEXT('2D SPACE',''
  ) );
#5143 = PCURVE('',#5144,#5149);
#5144 = CYLINDRICAL_SURFACE('',#5145,1.5);
#5145 = AXIS2_PLACEMENT_3D('',#5146,#5147,#5148);
#5146 = CARTESIAN_POINT('',(0.,0.,-0.1));
#5147 = DIRECTION('',(-0.,-0.,-1.));
#5148 = DIRECTION('',(1.,0.,0.));
#5149 = DEFINITIONAL_REPRESENTATION('',(#5150),#5154);
#5150 = LINE('',#5151,#5152);
#5151 = CARTESIAN_POINT('',(-0.,0.));
#5152 = VECTOR('',#5153,1.);
#5153 = DIRECTION('',(-1.,0.));
#5154 = ( GEOMETRIC_REPRESENTATION_CONTEXT(2) 
PARAMETRIC_REPRESENTATION_CONTEXT() REPRESENTATION_CONTEXT('2D SPACE',''
  ) );
#5155 = ORIENTED_EDGE('',*,*,#5105,.F.);
#5156 = ADVANCED_FACE('',(#5157),#5144,.T.);
#5157 = FACE_BOUND('',#5158,.F.);
#5158 = EDGE_LOOP('',(#5159,#5160,#5183,#5210));
#5159 = ORIENTED_EDGE('',*,*,#5129,.T.);
#5160 = ORIENTED_EDGE('',*,*,#5161,.T.);
#5161 = EDGE_CURVE('',#5106,#5162,#5164,.T.);
#5162 = VERTEX_POINT('',#5163);
#5163 = CARTESIAN_POINT('',(1.5,0.,-6.));
#5164 = SEAM_CURVE('',#5165,(#5169,#5176),.PCURVE_S1.);
#5165 = LINE('',#5166,#5167);
#5166 = CARTESIAN_POINT('',(1.5,0.,-0.1));
#5167 = VECTOR('',#5168,1.);
#5168 = DIRECTION('',(0.,0.,-1.));
#5169 = PCURVE('',#5144,#5170);
#5170 = DEFINITIONAL_REPRESENTATION('',(#5171),#5175);
#5171 = LINE('',#5172,#5173);
#5172 = CARTESIAN_POINT('',(-0.,0.));
#5173 = VECTOR('',#5174,1.);
#5174 = DIRECTION('',(-0.,1.));
#5175 = ( GEOMETRIC_REPRESENTATION_CONTEXT(2) 
PARAMETRIC_REPRESENTATION_CONTEXT() REPRESENTATION_CONTEXT('2D SPACE',''
  ) );
#5176 = PCURVE('',#5144,#5177);
#5177 = DEFINITIONAL_REPRESENTATION('',(#5178),#5182);
#5178 = LINE('',#5179,#5180);
#5179 = CARTESIAN_POINT('',(-6.28318530718,0.));
#5180 = VECTOR('',#5181,1.);
#5181 = DIRECTION('',(-0.,1.));
#5182 = ( GEOMETRIC_REPRESENTATION_CONTEXT(2) 
PARAMETRIC_REPRESENTATION_CONTEXT() REPRESENTATION_CONTEXT('2D SPACE',''
  ) );
#5183 = ORIENTED_EDGE('',*,*,#5184,.F.);
#5184 = EDGE_CURVE('',#5162,#5162,#5185,.T.);
#5185 = SURFACE_CURVE('',#5186,(#5191,#5198),.PCURVE_S1.);
#5186 = CIRCLE('',#5187,1.5);
#5187 = AXIS2_PLACEMENT_3D('',#5188,#5189,#5190);
#5188 = CARTESIAN_POINT('',(0.,0.,-6.));
#5189 = DIRECTION('',(0.,0.,1.));
#5190 = DIRECTION('',(1.,0.,-0.));
#5191 = PCURVE('',#5144,#5192);
#5192 = DEFINITIONAL_REPRESENTATION('',(#5193),#5197);
#5193 = LINE('',#5194,#5195);
#5194 = CARTESIAN_POINT('',(-0.,5.9));
#5195 = VECTOR('',#5196,1.);
#5196 = DIRECTION('',(-1.,0.));
#5197 = ( GEOMETRIC_REPRESENTATION_CONTEXT(2) 
PARAMETRIC_REPRESENTATION_CONTEXT() REPRESENTATION_CONTEXT('2D SPACE',''
  ) );
#5198 = PCURVE('',#5199,#5204);
#5199 = PLANE('',#5200);
#5200 = AXIS2_PLACEMENT_3D('',#5201,#5202,#5203);
#5201 = CARTESIAN_POINT('',(0.,0.,-6.));
#5202 = DIRECTION('',(0.,0.,1.));
#5203 = DIRECTION('',(1.,0.,-0.));
#5204 = DEFINITIONAL_REPRESENTATION('',(#5205),#5209);
#5205 = CIRCLE('',#5206,1.5);
#5206 = AXIS2_PLACEMENT_2D('',#5207,#5208);
#5207 = CARTESIAN_POINT('',(0.,0.));
#5208 = DIRECTION('',(1.,0.));
#5209 = ( GEOMETRIC_REPRESENTATION_CONTEXT(2) 
PARAMETRIC_REPRESENTATION_CONTEXT() REPRESENTATION_CONTEXT('2D SPACE',''
  ) );
#5210 = ORIENTED_EDGE('',*,*,#5161,.F.);
#5211 = ADVANCED_FACE('',(#5212),#5199,.F.);
#5212 = FACE_BOUND('',#5213,.F.);
#5213 = EDGE_LOOP('',(#5214));
#5214 = ORIENTED_EDGE('',*,*,#5184,.T.);
#5215 = ADVANCED_FACE('',(#5216),#4999,.T.);
#5216 = FACE_BOUND('',#5217,.F.);
#5217 = EDGE_LOOP('',(#5218,#5255,#5277,#5278,#5279,#5314,#5358,#5387,
    #5431,#5466,#5501,#5545,#5574,#5618,#5653,#5688,#5732,#5761,#5805,
    #5840,#5875,#5919,#5948));
#5218 = ORIENTED_EDGE('',*,*,#5219,.T.);
#5219 = EDGE_CURVE('',#5220,#5222,#5224,.T.);
#5220 = VERTEX_POINT('',#5221);
#5221 = CARTESIAN_POINT('',(0.805652660387,-0.205,2.330405540198));
#5222 = VERTEX_POINT('',#5223);
#5223 = CARTESIAN_POINT('',(0.729522433961,0.,2.346493406278));
#5224 = SURFACE_CURVE('',#5225,(#5230,#5243),.PCURVE_S1.);
#5225 = CIRCLE('',#5226,4.998713430256);
#5226 = AXIS2_PLACEMENT_3D('',#5227,#5228,#5229);
#5227 = CARTESIAN_POINT('',(0.105296750278,4.01183536046E-02,
    -2.612928815247));
#5228 = DIRECTION('',(-0.928380992663,-0.353715730496,0.113990852535));
#5229 = DIRECTION('',(0.356036447518,-0.934472069159,0.));
#5230 = PCURVE('',#4999,#5231);
#5231 = DEFINITIONAL_REPRESENTATION('',(#5232),#5242);
#5232 = B_SPLINE_CURVE_WITH_KNOTS('',8,(#5233,#5234,#5235,#5236,#5237,
    #5238,#5239,#5240,#5241),.UNSPECIFIED.,.F.,.F.,(9,9),(1.469764627858
    ,1.518812231425),.PIECEWISE_BEZIER_KNOTS.);
#5233 = CARTESIAN_POINT('',(-6.008923131964,-1.400742030604));
#5234 = CARTESIAN_POINT('',(-6.038110202821,-1.404371157267));
#5235 = CARTESIAN_POINT('',(-6.068710659222,-1.407837110275));
#5236 = CARTESIAN_POINT('',(-6.100771020021,-1.4111259604));
#5237 = CARTESIAN_POINT('',(-6.134323900355,-1.414222750521));
#5238 = CARTESIAN_POINT('',(-6.169380956064,-1.417111659916));
#5239 = CARTESIAN_POINT('',(-6.205923758593,-1.419776322575));
#5240 = CARTESIAN_POINT('',(-6.243893053725,-1.422200531485));
#5241 = CARTESIAN_POINT('',(-6.28318530718,-1.4243691451));
#5242 = ( GEOMETRIC_REPRESENTATION_CONTEXT(2) 
PARAMETRIC_REPRESENTATION_CONTEXT() REPRESENTATION_CONTEXT('2D SPACE',''
  ) );
#5243 = PCURVE('',#5244,#5249);
#5244 = PLANE('',#5245);
#5245 = AXIS2_PLACEMENT_3D('',#5246,#5247,#5248);
#5246 = CARTESIAN_POINT('',(0.711716641687,-0.1025,1.88341746371));
#5247 = DIRECTION('',(-0.928380992663,-0.353715730496,0.113990852535));
#5248 = DIRECTION('',(-0.356036447518,0.934472069159,0.));
#5249 = DEFINITIONAL_REPRESENTATION('',(#5250),#5254);
#5250 = CIRCLE('',#5251,4.998713430256);
#5251 = AXIS2_PLACEMENT_2D('',#5252,#5253);
#5252 = CARTESIAN_POINT('',(0.349180451834,4.525846655802));
#5253 = DIRECTION('',(-1.,1.E-17));
#5254 = ( GEOMETRIC_REPRESENTATION_CONTEXT(2) 
PARAMETRIC_REPRESENTATION_CONTEXT() REPRESENTATION_CONTEXT('2D SPACE',''
  ) );
#5255 = ORIENTED_EDGE('',*,*,#5256,.T.);
#5256 = EDGE_CURVE('',#5222,#4978,#5257,.T.);
#5257 = SEAM_CURVE('',#5258,(#5263,#5270),.PCURVE_S1.);
#5258 = CIRCLE('',#5259,5.);
#5259 = AXIS2_PLACEMENT_3D('',#5260,#5261,#5262);
#5260 = CARTESIAN_POINT('',(-7.22E-15,0.,-2.6));
#5261 = DIRECTION('',(0.,1.,0.));
#5262 = DIRECTION('',(1.44E-15,-0.,1.));
#5263 = PCURVE('',#4999,#5264);
#5264 = DEFINITIONAL_REPRESENTATION('',(#5265),#5269);
#5265 = LINE('',#5266,#5267);
#5266 = CARTESIAN_POINT('',(-0.,-1.570796326795));
#5267 = VECTOR('',#5268,1.);
#5268 = DIRECTION('',(-0.,1.));
#5269 = ( GEOMETRIC_REPRESENTATION_CONTEXT(2) 
PARAMETRIC_REPRESENTATION_CONTEXT() REPRESENTATION_CONTEXT('2D SPACE',''
  ) );
#5270 = PCURVE('',#4999,#5271);
#5271 = DEFINITIONAL_REPRESENTATION('',(#5272),#5276);
#5272 = LINE('',#5273,#5274);
#5273 = CARTESIAN_POINT('',(-6.28318530718,-1.570796326795));
#5274 = VECTOR('',#5275,1.);
#5275 = DIRECTION('',(-0.,1.));
#5276 = ( GEOMETRIC_REPRESENTATION_CONTEXT(2) 
PARAMETRIC_REPRESENTATION_CONTEXT() REPRESENTATION_CONTEXT('2D SPACE',''
  ) );
#5277 = ORIENTED_EDGE('',*,*,#4977,.F.);
#5278 = ORIENTED_EDGE('',*,*,#5256,.F.);
#5279 = ORIENTED_EDGE('',*,*,#5280,.T.);
#5280 = EDGE_CURVE('',#5222,#5281,#5283,.T.);
#5281 = VERTEX_POINT('',#5282);
#5282 = CARTESIAN_POINT('',(0.805652660387,0.205,2.330405540198));
#5283 = SURFACE_CURVE('',#5284,(#5289,#5302),.PCURVE_S1.);
#5284 = CIRCLE('',#5285,4.998713430256);
#5285 = AXIS2_PLACEMENT_3D('',#5286,#5287,#5288);
#5286 = CARTESIAN_POINT('',(0.105296750278,-4.01183536046E-02,
    -2.612928815247));
#5287 = DIRECTION('',(-0.928380992663,0.353715730496,0.113990852535));
#5288 = DIRECTION('',(-0.356036447518,-0.934472069159,0.));
#5289 = PCURVE('',#4999,#5290);
#5290 = DEFINITIONAL_REPRESENTATION('',(#5291),#5301);
#5291 = B_SPLINE_CURVE_WITH_KNOTS('',8,(#5292,#5293,#5294,#5295,#5296,
    #5297,#5298,#5299,#5300),.UNSPECIFIED.,.F.,.F.,(9,9),(1.622780422165
    ,1.671828025732),.PIECEWISE_BEZIER_KNOTS.);
#5292 = CARTESIAN_POINT('',(-9.7E-16,-1.4243691451));
#5293 = CARTESIAN_POINT('',(-3.929225345507E-02,-1.422200531485));
#5294 = CARTESIAN_POINT('',(-7.726154859061E-02,-1.419776322575));
#5295 = CARTESIAN_POINT('',(-0.113804351091,-1.417111659922));
#5296 = CARTESIAN_POINT('',(-0.148861406867,-1.414222750514));
#5297 = CARTESIAN_POINT('',(-0.182414287119,-1.41112596041));
#5298 = CARTESIAN_POINT('',(-0.214474647961,-1.407837110274));
#5299 = CARTESIAN_POINT('',(-0.245075104358,-1.404371157267));
#5300 = CARTESIAN_POINT('',(-0.274262175215,-1.400742030604));
#5301 = ( GEOMETRIC_REPRESENTATION_CONTEXT(2) 
PARAMETRIC_REPRESENTATION_CONTEXT() REPRESENTATION_CONTEXT('2D SPACE',''
  ) );
#5302 = PCURVE('',#5303,#5308);
#5303 = PLANE('',#5304);
#5304 = AXIS2_PLACEMENT_3D('',#5305,#5306,#5307);
#5305 = CARTESIAN_POINT('',(0.711716641687,0.1025,1.88341746371));
#5306 = DIRECTION('',(-0.928380992663,0.353715730496,0.113990852535));
#5307 = DIRECTION('',(0.356036447518,0.934472069159,0.));
#5308 = DEFINITIONAL_REPRESENTATION('',(#5309),#5313);
#5309 = CIRCLE('',#5310,4.998713430256);
#5310 = AXIS2_PLACEMENT_2D('',#5311,#5312);
#5311 = CARTESIAN_POINT('',(-0.349180451834,4.525846655802));
#5312 = DIRECTION('',(-1.,-1.E-17));
#5313 = ( GEOMETRIC_REPRESENTATION_CONTEXT(2) 
PARAMETRIC_REPRESENTATION_CONTEXT() REPRESENTATION_CONTEXT('2D SPACE',''
  ) );
#5314 = ORIENTED_EDGE('',*,*,#5315,.T.);
#5315 = EDGE_CURVE('',#5281,#5316,#5318,.T.);
#5316 = VERTEX_POINT('',#5317);
#5317 = CARTESIAN_POINT('',(1.284581118007,0.774500710949,2.169696007085
    ));
#5318 = SURFACE_CURVE('',#5319,(#5324,#5346),.PCURVE_S1.);
#5319 = CIRCLE('',#5320,4.999975777468);
#5320 = AXIS2_PLACEMENT_3D('',#5321,#5322,#5323);
#5321 = CARTESIAN_POINT('',(1.165959146708E-02,-1.020926695481E-02,
    -2.601431617819));
#5322 = DIRECTION('',(-0.749159152089,0.65597202071,9.198517753569E-02)
  );
#5323 = DIRECTION('',(-0.658764936111,-0.752348827972,2.775557561563E-17
    ));
#5324 = PCURVE('',#4999,#5325);
#5325 = DEFINITIONAL_REPRESENTATION('',(#5326),#5345);
#5326 = B_SPLINE_CURVE_WITH_KNOTS('',9,(#5327,#5328,#5329,#5330,#5331,
    #5332,#5333,#5334,#5335,#5336,#5337,#5338,#5339,#5340,#5341,#5342,
    #5343,#5344),.UNSPECIFIED.,.F.,.F.,(10,8,10),(1.677081086133,
    1.807938483951,1.93879588177),.UNSPECIFIED.);
#5327 = CARTESIAN_POINT('',(-0.123568152294,-1.428199368687));
#5328 = CARTESIAN_POINT('',(-0.192007752297,-1.417391897607));
#5329 = CARTESIAN_POINT('',(-0.248851626023,-1.405842655857));
#5330 = CARTESIAN_POINT('',(-0.296581959989,-1.393768586964));
#5331 = CARTESIAN_POINT('',(-0.337369631361,-1.381307290481));
#5332 = CARTESIAN_POINT('',(-0.372615614549,-1.368546432437));
#5333 = CARTESIAN_POINT('',(-0.4034382012,-1.355550284905));
#5334 = CARTESIAN_POINT('',(-0.430628742406,-1.342363961876));
#5335 = CARTESIAN_POINT('',(-0.45481559717,-1.329022051923));
#5336 = CARTESIAN_POINT('',(-0.498149889748,-1.302079606518));
#5337 = CARTESIAN_POINT('',(-0.517297483442,-1.288479077795));
#5338 = CARTESIAN_POINT('',(-0.534410947696,-1.274775569728));
#5339 = CARTESIAN_POINT('',(-0.549839647702,-1.260987433053));
#5340 = CARTESIAN_POINT('',(-0.563849071708,-1.247128436391));
#5341 = CARTESIAN_POINT('',(-0.576647301581,-1.233209269846));
#5342 = CARTESIAN_POINT('',(-0.588400394643,-1.219238371872));
#5343 = CARTESIAN_POINT('',(-0.599243748493,-1.205222598923));
#5344 = CARTESIAN_POINT('',(-0.609288970463,-1.19116756333));
#5345 = ( GEOMETRIC_REPRESENTATION_CONTEXT(2) 
PARAMETRIC_REPRESENTATION_CONTEXT() REPRESENTATION_CONTEXT('2D SPACE',''
  ) );
#5346 = PCURVE('',#5347,#5352);
#5347 = PLANE('',#5348);
#5348 = AXIS2_PLACEMENT_3D('',#5349,#5350,#5351);
#5349 = CARTESIAN_POINT('',(1.788716284239,1.390397187558,1.88341746371)
  );
#5350 = DIRECTION('',(-0.749159152089,0.65597202071,9.198517753569E-02)
  );
#5351 = DIRECTION('',(0.658764936111,0.752348827972,-6.938893903907E-18)
  );
#5352 = DEFINITIONAL_REPRESENTATION('',(#5353),#5357);
#5353 = CIRCLE('',#5354,4.999975777468);
#5354 = AXIS2_PLACEMENT_2D('',#5355,#5356);
#5355 = CARTESIAN_POINT('',(-2.224407263183,4.503944109482));
#5356 = DIRECTION('',(-1.,-2.E-17));
#5357 = ( GEOMETRIC_REPRESENTATION_CONTEXT(2) 
PARAMETRIC_REPRESENTATION_CONTEXT() REPRESENTATION_CONTEXT('2D SPACE',''
  ) );
#5358 = ORIENTED_EDGE('',*,*,#5359,.F.);
#5359 = EDGE_CURVE('',#5360,#5316,#5362,.T.);
#5360 = VERTEX_POINT('',#5361);
#5361 = CARTESIAN_POINT('',(0.774500710949,1.284581118007,2.169696007085
    ));
#5362 = SURFACE_CURVE('',#5363,(#5368,#5375),.PCURVE_S1.);
#5363 = CIRCLE('',#5364,1.5);
#5364 = AXIS2_PLACEMENT_3D('',#5365,#5366,#5367);
#5365 = CARTESIAN_POINT('',(1.233E-14,0.,2.169696007085));
#5366 = DIRECTION('',(-4.1E-15,0.,-1.));
#5367 = DIRECTION('',(1.,0.,-4.1E-15));
#5368 = PCURVE('',#4999,#5369);
#5369 = DEFINITIONAL_REPRESENTATION('',(#5370),#5374);
#5370 = LINE('',#5371,#5372);
#5371 = CARTESIAN_POINT('',(-6.28318530718,-1.26610367278));
#5372 = VECTOR('',#5373,1.);
#5373 = DIRECTION('',(1.,-0.));
#5374 = ( GEOMETRIC_REPRESENTATION_CONTEXT(2) 
PARAMETRIC_REPRESENTATION_CONTEXT() REPRESENTATION_CONTEXT('2D SPACE',''
  ) );
#5375 = PCURVE('',#5376,#5381);
#5376 = CONICAL_SURFACE('',#5377,1.87393620604,0.462512251778);
#5377 = AXIS2_PLACEMENT_3D('',#5378,#5379,#5380);
#5378 = CARTESIAN_POINT('',(0.,0.,2.919696007085));
#5379 = DIRECTION('',(0.,0.,1.));
#5380 = DIRECTION('',(1.,0.,0.));
#5381 = DEFINITIONAL_REPRESENTATION('',(#5382),#5386);
#5382 = LINE('',#5383,#5384);
#5383 = CARTESIAN_POINT('',(6.28318530718,-0.75));
#5384 = VECTOR('',#5385,1.);
#5385 = DIRECTION('',(-1.,-0.));
#5386 = ( GEOMETRIC_REPRESENTATION_CONTEXT(2) 
PARAMETRIC_REPRESENTATION_CONTEXT() REPRESENTATION_CONTEXT('2D SPACE',''
  ) );
#5387 = ORIENTED_EDGE('',*,*,#5388,.T.);
#5388 = EDGE_CURVE('',#5360,#5389,#5391,.T.);
#5389 = VERTEX_POINT('',#5390);
#5390 = CARTESIAN_POINT('',(0.205,0.805652660387,2.330405540198));
#5391 = SURFACE_CURVE('',#5392,(#5397,#5419),.PCURVE_S1.);
#5392 = CIRCLE('',#5393,4.999975777468);
#5393 = AXIS2_PLACEMENT_3D('',#5394,#5395,#5396);
#5394 = CARTESIAN_POINT('',(-1.020926695481E-02,1.165959146708E-02,
    -2.601431617819));
#5395 = DIRECTION('',(0.65597202071,-0.749159152089,9.198517753569E-02)
  );
#5396 = DIRECTION('',(0.752348827972,0.658764936111,0.));
#5397 = PCURVE('',#4999,#5398);
#5398 = DEFINITIONAL_REPRESENTATION('',(#5399),#5418);
#5399 = B_SPLINE_CURVE_WITH_KNOTS('',9,(#5400,#5401,#5402,#5403,#5404,
    #5405,#5406,#5407,#5408,#5409,#5410,#5411,#5412,#5413,#5414,#5415,
    #5416,#5417),.UNSPECIFIED.,.F.,.F.,(10,8,10),(1.20279677182,
    1.333654169638,1.464511567457),.UNSPECIFIED.);
#5400 = CARTESIAN_POINT('',(-0.961507356332,-1.19116756333));
#5401 = CARTESIAN_POINT('',(-0.971552578302,-1.205222598923));
#5402 = CARTESIAN_POINT('',(-0.982395932152,-1.219238371873));
#5403 = CARTESIAN_POINT('',(-0.994149025213,-1.233209269842));
#5404 = CARTESIAN_POINT('',(-1.006947255086,-1.24712843639));
#5405 = CARTESIAN_POINT('',(-1.020956679093,-1.260987433052));
#5406 = CARTESIAN_POINT('',(-1.036385379098,-1.274775569726));
#5407 = CARTESIAN_POINT('',(-1.053498843353,-1.288479077797));
#5408 = CARTESIAN_POINT('',(-1.072646437047,-1.302079606518));
#5409 = CARTESIAN_POINT('',(-1.115980729625,-1.329022051923));
#5410 = CARTESIAN_POINT('',(-1.140167584385,-1.342363961869));
#5411 = CARTESIAN_POINT('',(-1.167358125656,-1.355550284976));
#5412 = CARTESIAN_POINT('',(-1.198180712123,-1.368546432335));
#5413 = CARTESIAN_POINT('',(-1.233426695526,-1.381307290561));
#5414 = CARTESIAN_POINT('',(-1.274214366738,-1.393768586888));
#5415 = CARTESIAN_POINT('',(-1.321944700778,-1.40584265587));
#5416 = CARTESIAN_POINT('',(-1.378788574498,-1.417391897607));
#5417 = CARTESIAN_POINT('',(-1.447228174501,-1.428199368687));
#5418 = ( GEOMETRIC_REPRESENTATION_CONTEXT(2) 
PARAMETRIC_REPRESENTATION_CONTEXT() REPRESENTATION_CONTEXT('2D SPACE',''
  ) );
#5419 = PCURVE('',#5420,#5425);
#5420 = PLANE('',#5421);
#5421 = AXIS2_PLACEMENT_3D('',#5422,#5423,#5424);
#5422 = CARTESIAN_POINT('',(1.390397187558,1.788716284239,1.88341746371)
  );
#5423 = DIRECTION('',(0.65597202071,-0.749159152089,9.198517753569E-02)
  );
#5424 = DIRECTION('',(-0.752348827972,-0.658764936111,6.938893903907E-18
    ));
#5425 = DEFINITIONAL_REPRESENTATION('',(#5426),#5430);
#5426 = CIRCLE('',#5427,4.999975777468);
#5427 = AXIS2_PLACEMENT_2D('',#5428,#5429);
#5428 = CARTESIAN_POINT('',(2.224407263183,4.503944109482));
#5429 = DIRECTION('',(-1.,1.E-17));
#5430 = ( GEOMETRIC_REPRESENTATION_CONTEXT(2) 
PARAMETRIC_REPRESENTATION_CONTEXT() REPRESENTATION_CONTEXT('2D SPACE',''
  ) );
#5431 = ORIENTED_EDGE('',*,*,#5432,.T.);
#5432 = EDGE_CURVE('',#5389,#5433,#5435,.T.);
#5433 = VERTEX_POINT('',#5434);
#5434 = CARTESIAN_POINT('',(0.,0.729522433961,2.346493406278));
#5435 = SURFACE_CURVE('',#5436,(#5441,#5454),.PCURVE_S1.);
#5436 = CIRCLE('',#5437,4.998713430256);
#5437 = AXIS2_PLACEMENT_3D('',#5438,#5439,#5440);
#5438 = CARTESIAN_POINT('',(-4.01183536046E-02,0.105296750278,
    -2.612928815247));
#5439 = DIRECTION('',(0.353715730496,-0.928380992663,0.113990852535));
#5440 = DIRECTION('',(0.934472069159,0.356036447518,-6.938893903907E-18)
  );
#5441 = PCURVE('',#4999,#5442);
#5442 = DEFINITIONAL_REPRESENTATION('',(#5443),#5453);
#5443 = B_SPLINE_CURVE_WITH_KNOTS('',8,(#5444,#5445,#5446,#5447,#5448,
    #5449,#5450,#5451,#5452),.UNSPECIFIED.,.F.,.F.,(9,9),(1.469764627858
    ,1.536245028522),.PIECEWISE_BEZIER_KNOTS.);
#5444 = CARTESIAN_POINT('',(-1.29653415158,-1.400742030604));
#5445 = CARTESIAN_POINT('',(-1.336095068397,-1.405661043503));
#5446 = CARTESIAN_POINT('',(-1.378252617345,-1.410280276517));
#5447 = CARTESIAN_POINT('',(-1.423122733218,-1.414565048295));
#5448 = CARTESIAN_POINT('',(-1.470773961216,-1.418477184767));
#5449 = CARTESIAN_POINT('',(-1.521196853752,-1.421975858256));
#5450 = CARTESIAN_POINT('',(-1.574255465163,-1.425019108093));
#5451 = CARTESIAN_POINT('',(-1.62963825979,-1.427568746016));
#5452 = CARTESIAN_POINT('',(-1.686889262993,-1.429594721703));
#5453 = ( GEOMETRIC_REPRESENTATION_CONTEXT(2) 
PARAMETRIC_REPRESENTATION_CONTEXT() REPRESENTATION_CONTEXT('2D SPACE',''
  ) );
#5454 = PCURVE('',#5455,#5460);
#5455 = PLANE('',#5456);
#5456 = AXIS2_PLACEMENT_3D('',#5457,#5458,#5459);
#5457 = CARTESIAN_POINT('',(0.1025,0.711716641687,1.88341746371));
#5458 = DIRECTION('',(0.353715730496,-0.928380992663,0.113990852535));
#5459 = DIRECTION('',(-0.934472069159,-0.356036447518,0.));
#5460 = DEFINITIONAL_REPRESENTATION('',(#5461),#5465);
#5461 = CIRCLE('',#5462,4.998713430256);
#5462 = AXIS2_PLACEMENT_2D('',#5463,#5464);
#5463 = CARTESIAN_POINT('',(0.349180451834,4.525846655802));
#5464 = DIRECTION('',(-1.,1.E-17));
#5465 = ( GEOMETRIC_REPRESENTATION_CONTEXT(2) 
PARAMETRIC_REPRESENTATION_CONTEXT() REPRESENTATION_CONTEXT('2D SPACE',''
  ) );
#5466 = ORIENTED_EDGE('',*,*,#5467,.T.);
#5467 = EDGE_CURVE('',#5433,#5468,#5470,.T.);
#5468 = VERTEX_POINT('',#5469);
#5469 = CARTESIAN_POINT('',(-0.205,0.805652660387,2.330405540198));
#5470 = SURFACE_CURVE('',#5471,(#5476,#5489),.PCURVE_S1.);
#5471 = CIRCLE('',#5472,4.998713430256);
#5472 = AXIS2_PLACEMENT_3D('',#5473,#5474,#5475);
#5473 = CARTESIAN_POINT('',(4.011835360459E-02,0.105296750278,
    -2.612928815247));
#5474 = DIRECTION('',(-0.353715730496,-0.928380992663,0.113990852535));
#5475 = DIRECTION('',(0.934472069159,-0.356036447518,-1.387778780781E-17
    ));
#5476 = PCURVE('',#4999,#5477);
#5477 = DEFINITIONAL_REPRESENTATION('',(#5478),#5488);
#5478 = B_SPLINE_CURVE_WITH_KNOTS('',8,(#5479,#5480,#5481,#5482,#5483,
    #5484,#5485,#5486,#5487),.UNSPECIFIED.,.F.,.F.,(9,9),(1.605347625068
    ,1.671828025732),.PIECEWISE_BEZIER_KNOTS.);
#5479 = CARTESIAN_POINT('',(-1.454703390597,-1.429594721703));
#5480 = CARTESIAN_POINT('',(-1.5119543938,-1.427568746016));
#5481 = CARTESIAN_POINT('',(-1.567337188427,-1.425019108093));
#5482 = CARTESIAN_POINT('',(-1.620395799832,-1.421975858247));
#5483 = CARTESIAN_POINT('',(-1.670818692365,-1.418477184779));
#5484 = CARTESIAN_POINT('',(-1.718469920364,-1.414565048291));
#5485 = CARTESIAN_POINT('',(-1.763340036243,-1.410280276518));
#5486 = CARTESIAN_POINT('',(-1.805497585193,-1.405661043503));
#5487 = CARTESIAN_POINT('',(-1.84505850201,-1.400742030604));
#5488 = ( GEOMETRIC_REPRESENTATION_CONTEXT(2) 
PARAMETRIC_REPRESENTATION_CONTEXT() REPRESENTATION_CONTEXT('2D SPACE',''
  ) );
#5489 = PCURVE('',#5490,#5495);
#5490 = PLANE('',#5491);
#5491 = AXIS2_PLACEMENT_3D('',#5492,#5493,#5494);
#5492 = CARTESIAN_POINT('',(-0.1025,0.711716641687,1.88341746371));
#5493 = DIRECTION('',(-0.353715730496,-0.928380992663,0.113990852535));
#5494 = DIRECTION('',(-0.934472069159,0.356036447518,0.));
#5495 = DEFINITIONAL_REPRESENTATION('',(#5496),#5500);
#5496 = CIRCLE('',#5497,4.998713430256);
#5497 = AXIS2_PLACEMENT_2D('',#5498,#5499);
#5498 = CARTESIAN_POINT('',(-0.349180451834,4.525846655802));
#5499 = DIRECTION('',(-1.,0.));
#5500 = ( GEOMETRIC_REPRESENTATION_CONTEXT(2) 
PARAMETRIC_REPRESENTATION_CONTEXT() REPRESENTATION_CONTEXT('2D SPACE',''
  ) );
#5501 = ORIENTED_EDGE('',*,*,#5502,.T.);
#5502 = EDGE_CURVE('',#5468,#5503,#5505,.T.);
#5503 = VERTEX_POINT('',#5504);
#5504 = CARTESIAN_POINT('',(-0.774500710949,1.284581118007,
    2.169696007085));
#5505 = SURFACE_CURVE('',#5506,(#5511,#5533),.PCURVE_S1.);
#5506 = CIRCLE('',#5507,4.999975777468);
#5507 = AXIS2_PLACEMENT_3D('',#5508,#5509,#5510);
#5508 = CARTESIAN_POINT('',(1.02092669548E-02,1.165959146709E-02,
    -2.601431617819));
#5509 = DIRECTION('',(-0.65597202071,-0.749159152089,9.198517753569E-02)
  );
#5510 = DIRECTION('',(0.752348827972,-0.658764936111,-6.938893903907E-18
    ));
#5511 = PCURVE('',#4999,#5512);
#5512 = DEFINITIONAL_REPRESENTATION('',(#5513),#5532);
#5513 = B_SPLINE_CURVE_WITH_KNOTS('',9,(#5514,#5515,#5516,#5517,#5518,
    #5519,#5520,#5521,#5522,#5523,#5524,#5525,#5526,#5527,#5528,#5529,
    #5530,#5531),.UNSPECIFIED.,.F.,.F.,(10,8,10),(1.677081086133,
    1.807938483951,1.93879588177),.UNSPECIFIED.);
#5514 = CARTESIAN_POINT('',(-1.694364479089,-1.428199368687));
#5515 = CARTESIAN_POINT('',(-1.762804079092,-1.417391897607));
#5516 = CARTESIAN_POINT('',(-1.81964795282,-1.405842655865));
#5517 = CARTESIAN_POINT('',(-1.867378286817,-1.393768586933));
#5518 = CARTESIAN_POINT('',(-1.908165958041,-1.38130729051));
#5519 = CARTESIAN_POINT('',(-1.943411941371,-1.368546432379));
#5520 = CARTESIAN_POINT('',(-1.974234528017,-1.355550284919));
#5521 = CARTESIAN_POINT('',(-2.001425069191,-1.342363961872));
#5522 = CARTESIAN_POINT('',(-2.025611923965,-1.329022051923));
#5523 = CARTESIAN_POINT('',(-2.068946216543,-1.302079606518));
#5524 = CARTESIAN_POINT('',(-2.088093810236,-1.288479077797));
#5525 = CARTESIAN_POINT('',(-2.10520727449,-1.274775569724));
#5526 = CARTESIAN_POINT('',(-2.120635974498,-1.260987433056));
#5527 = CARTESIAN_POINT('',(-2.134645398504,-1.247128436394));
#5528 = CARTESIAN_POINT('',(-2.147443628374,-1.233209269842));
#5529 = CARTESIAN_POINT('',(-2.159196721437,-1.219238371873));
#5530 = CARTESIAN_POINT('',(-2.170040075288,-1.205222598923));
#5531 = CARTESIAN_POINT('',(-2.180085297258,-1.19116756333));
#5532 = ( GEOMETRIC_REPRESENTATION_CONTEXT(2) 
PARAMETRIC_REPRESENTATION_CONTEXT() REPRESENTATION_CONTEXT('2D SPACE',''
  ) );
#5533 = PCURVE('',#5534,#5539);
#5534 = PLANE('',#5535);
#5535 = AXIS2_PLACEMENT_3D('',#5536,#5537,#5538);
#5536 = CARTESIAN_POINT('',(-1.390397187558,1.788716284239,1.88341746371
    ));
#5537 = DIRECTION('',(-0.65597202071,-0.749159152089,9.198517753569E-02)
  );
#5538 = DIRECTION('',(-0.752348827972,0.658764936111,-6.938893903907E-18
    ));
#5539 = DEFINITIONAL_REPRESENTATION('',(#5540),#5544);
#5540 = CIRCLE('',#5541,4.999975777468);
#5541 = AXIS2_PLACEMENT_2D('',#5542,#5543);
#5542 = CARTESIAN_POINT('',(-2.224407263183,4.503944109482));
#5543 = DIRECTION('',(-1.,-1.E-17));
#5544 = ( GEOMETRIC_REPRESENTATION_CONTEXT(2) 
PARAMETRIC_REPRESENTATION_CONTEXT() REPRESENTATION_CONTEXT('2D SPACE',''
  ) );
#5545 = ORIENTED_EDGE('',*,*,#5546,.F.);
#5546 = EDGE_CURVE('',#5547,#5503,#5549,.T.);
#5547 = VERTEX_POINT('',#5548);
#5548 = CARTESIAN_POINT('',(-1.284581118007,0.774500710949,
    2.169696007085));
#5549 = SURFACE_CURVE('',#5550,(#5555,#5562),.PCURVE_S1.);
#5550 = CIRCLE('',#5551,1.5);
#5551 = AXIS2_PLACEMENT_3D('',#5552,#5553,#5554);
#5552 = CARTESIAN_POINT('',(1.233E-14,0.,2.169696007085));
#5553 = DIRECTION('',(-4.1E-15,0.,-1.));
#5554 = DIRECTION('',(1.,0.,-4.1E-15));
#5555 = PCURVE('',#4999,#5556);
#5556 = DEFINITIONAL_REPRESENTATION('',(#5557),#5561);
#5557 = LINE('',#5558,#5559);
#5558 = CARTESIAN_POINT('',(-6.28318530718,-1.26610367278));
#5559 = VECTOR('',#5560,1.);
#5560 = DIRECTION('',(1.,-0.));
#5561 = ( GEOMETRIC_REPRESENTATION_CONTEXT(2) 
PARAMETRIC_REPRESENTATION_CONTEXT() REPRESENTATION_CONTEXT('2D SPACE',''
  ) );
#5562 = PCURVE('',#5563,#5568);
#5563 = CONICAL_SURFACE('',#5564,1.87393620604,0.462512251778);
#5564 = AXIS2_PLACEMENT_3D('',#5565,#5566,#5567);
#5565 = CARTESIAN_POINT('',(0.,0.,2.919696007085));
#5566 = DIRECTION('',(0.,0.,1.));
#5567 = DIRECTION('',(1.,0.,0.));
#5568 = DEFINITIONAL_REPRESENTATION('',(#5569),#5573);
#5569 = LINE('',#5570,#5571);
#5570 = CARTESIAN_POINT('',(6.28318530718,-0.75));
#5571 = VECTOR('',#5572,1.);
#5572 = DIRECTION('',(-1.,-0.));
#5573 = ( GEOMETRIC_REPRESENTATION_CONTEXT(2) 
PARAMETRIC_REPRESENTATION_CONTEXT() REPRESENTATION_CONTEXT('2D SPACE',''
  ) );
#5574 = ORIENTED_EDGE('',*,*,#5575,.T.);
#5575 = EDGE_CURVE('',#5547,#5576,#5578,.T.);
#5576 = VERTEX_POINT('',#5577);
#5577 = CARTESIAN_POINT('',(-0.805652660387,0.205,2.330405540198));
#5578 = SURFACE_CURVE('',#5579,(#5584,#5606),.PCURVE_S1.);
#5579 = CIRCLE('',#5580,4.999975777468);
#5580 = AXIS2_PLACEMENT_3D('',#5581,#5582,#5583);
#5581 = CARTESIAN_POINT('',(-1.165959146709E-02,-1.02092669548E-02,
    -2.601431617819));
#5582 = DIRECTION('',(0.749159152089,0.65597202071,9.198517753569E-02));
#5583 = DIRECTION('',(-0.658764936111,0.752348827972,0.));
#5584 = PCURVE('',#4999,#5585);
#5585 = DEFINITIONAL_REPRESENTATION('',(#5586),#5605);
#5586 = B_SPLINE_CURVE_WITH_KNOTS('',9,(#5587,#5588,#5589,#5590,#5591,
    #5592,#5593,#5594,#5595,#5596,#5597,#5598,#5599,#5600,#5601,#5602,
    #5603,#5604),.UNSPECIFIED.,.F.,.F.,(10,8,10),(1.20279677182,
    1.333654169638,1.464511567457),.UNSPECIFIED.);
#5587 = CARTESIAN_POINT('',(-2.532303683127,-1.19116756333));
#5588 = CARTESIAN_POINT('',(-2.542348905097,-1.205222598923));
#5589 = CARTESIAN_POINT('',(-2.553192258944,-1.219238371873));
#5590 = CARTESIAN_POINT('',(-2.564945352005,-1.233209269842));
#5591 = CARTESIAN_POINT('',(-2.577743581872,-1.247128436394));
#5592 = CARTESIAN_POINT('',(-2.591753005882,-1.260987433057));
#5593 = CARTESIAN_POINT('',(-2.607181705896,-1.274775569727));
#5594 = CARTESIAN_POINT('',(-2.624295170145,-1.288479077796));
#5595 = CARTESIAN_POINT('',(-2.643442763842,-1.302079606518));
#5596 = CARTESIAN_POINT('',(-2.68677705642,-1.329022051923));
#5597 = CARTESIAN_POINT('',(-2.71096391117,-1.342363961876));
#5598 = CARTESIAN_POINT('',(-2.738154452483,-1.355550284923));
#5599 = CARTESIAN_POINT('',(-2.768977038912,-1.368546432415));
#5600 = CARTESIAN_POINT('',(-2.804223022264,-1.381307290481));
#5601 = CARTESIAN_POINT('',(-2.845010693578,-1.393768586939));
#5602 = CARTESIAN_POINT('',(-2.892741027563,-1.405842655861));
#5603 = CARTESIAN_POINT('',(-2.949584901293,-1.417391897607));
#5604 = CARTESIAN_POINT('',(-3.018024501296,-1.428199368687));
#5605 = ( GEOMETRIC_REPRESENTATION_CONTEXT(2) 
PARAMETRIC_REPRESENTATION_CONTEXT() REPRESENTATION_CONTEXT('2D SPACE',''
  ) );
#5606 = PCURVE('',#5607,#5612);
#5607 = PLANE('',#5608);
#5608 = AXIS2_PLACEMENT_3D('',#5609,#5610,#5611);
#5609 = CARTESIAN_POINT('',(-1.788716284239,1.390397187558,1.88341746371
    ));
#5610 = DIRECTION('',(0.749159152089,0.65597202071,9.198517753569E-02));
#5611 = DIRECTION('',(0.658764936111,-0.752348827972,6.938893903907E-18)
  );
#5612 = DEFINITIONAL_REPRESENTATION('',(#5613),#5617);
#5613 = CIRCLE('',#5614,4.999975777468);
#5614 = AXIS2_PLACEMENT_2D('',#5615,#5616);
#5615 = CARTESIAN_POINT('',(2.224407263183,4.503944109482));
#5616 = DIRECTION('',(-1.,1.E-17));
#5617 = ( GEOMETRIC_REPRESENTATION_CONTEXT(2) 
PARAMETRIC_REPRESENTATION_CONTEXT() REPRESENTATION_CONTEXT('2D SPACE',''
  ) );
#5618 = ORIENTED_EDGE('',*,*,#5619,.T.);
#5619 = EDGE_CURVE('',#5576,#5620,#5622,.T.);
#5620 = VERTEX_POINT('',#5621);
#5621 = CARTESIAN_POINT('',(-0.729522433961,0.,2.346493406278));
#5622 = SURFACE_CURVE('',#5623,(#5628,#5641),.PCURVE_S1.);
#5623 = CIRCLE('',#5624,4.998713430256);
#5624 = AXIS2_PLACEMENT_3D('',#5625,#5626,#5627);
#5625 = CARTESIAN_POINT('',(-0.105296750278,-4.011835360459E-02,
    -2.612928815247));
#5626 = DIRECTION('',(0.928380992663,0.353715730496,0.113990852535));
#5627 = DIRECTION('',(-0.356036447518,0.934472069159,-6.938893903907E-18
    ));
#5628 = PCURVE('',#4999,#5629);
#5629 = DEFINITIONAL_REPRESENTATION('',(#5630),#5640);
#5630 = B_SPLINE_CURVE_WITH_KNOTS('',8,(#5631,#5632,#5633,#5634,#5635,
    #5636,#5637,#5638,#5639),.UNSPECIFIED.,.F.,.F.,(9,9),(1.469764627858
    ,1.536245028522),.PIECEWISE_BEZIER_KNOTS.);
#5631 = CARTESIAN_POINT('',(-2.867330478375,-1.400742030604));
#5632 = CARTESIAN_POINT('',(-2.906891395192,-1.405661043503));
#5633 = CARTESIAN_POINT('',(-2.949048944138,-1.410280276519));
#5634 = CARTESIAN_POINT('',(-2.993919060018,-1.414565048287));
#5635 = CARTESIAN_POINT('',(-3.041570288005,-1.418477184778));
#5636 = CARTESIAN_POINT('',(-3.091993180547,-1.421975858249));
#5637 = CARTESIAN_POINT('',(-3.145051791956,-1.425019108094));
#5638 = CARTESIAN_POINT('',(-3.200434586584,-1.427568746016));
#5639 = CARTESIAN_POINT('',(-3.257685589788,-1.429594721703));
#5640 = ( GEOMETRIC_REPRESENTATION_CONTEXT(2) 
PARAMETRIC_REPRESENTATION_CONTEXT() REPRESENTATION_CONTEXT('2D SPACE',''
  ) );
#5641 = PCURVE('',#5642,#5647);
#5642 = PLANE('',#5643);
#5643 = AXIS2_PLACEMENT_3D('',#5644,#5645,#5646);
#5644 = CARTESIAN_POINT('',(-0.711716641687,0.1025,1.88341746371));
#5645 = DIRECTION('',(0.928380992663,0.353715730496,0.113990852535));
#5646 = DIRECTION('',(0.356036447518,-0.934472069159,0.));
#5647 = DEFINITIONAL_REPRESENTATION('',(#5648),#5652);
#5648 = CIRCLE('',#5649,4.998713430256);
#5649 = AXIS2_PLACEMENT_2D('',#5650,#5651);
#5650 = CARTESIAN_POINT('',(0.349180451834,4.525846655802));
#5651 = DIRECTION('',(-1.,1.E-17));
#5652 = ( GEOMETRIC_REPRESENTATION_CONTEXT(2) 
PARAMETRIC_REPRESENTATION_CONTEXT() REPRESENTATION_CONTEXT('2D SPACE',''
  ) );
#5653 = ORIENTED_EDGE('',*,*,#5654,.T.);
#5654 = EDGE_CURVE('',#5620,#5655,#5657,.T.);
#5655 = VERTEX_POINT('',#5656);
#5656 = CARTESIAN_POINT('',(-0.805652660387,-0.205,2.330405540198));
#5657 = SURFACE_CURVE('',#5658,(#5663,#5676),.PCURVE_S1.);
#5658 = CIRCLE('',#5659,4.998713430256);
#5659 = AXIS2_PLACEMENT_3D('',#5660,#5661,#5662);
#5660 = CARTESIAN_POINT('',(-0.105296750278,4.011835360459E-02,
    -2.612928815247));
#5661 = DIRECTION('',(0.928380992663,-0.353715730496,0.113990852535));
#5662 = DIRECTION('',(0.356036447518,0.934472069159,-1.387778780781E-17)
  );
#5663 = PCURVE('',#4999,#5664);
#5664 = DEFINITIONAL_REPRESENTATION('',(#5665),#5675);
#5665 = B_SPLINE_CURVE_WITH_KNOTS('',8,(#5666,#5667,#5668,#5669,#5670,
    #5671,#5672,#5673,#5674),.UNSPECIFIED.,.F.,.F.,(9,9),(1.605347625068
    ,1.671828025732),.PIECEWISE_BEZIER_KNOTS.);
#5666 = CARTESIAN_POINT('',(-3.025499717392,-1.429594721703));
#5667 = CARTESIAN_POINT('',(-3.082750720595,-1.427568746016));
#5668 = CARTESIAN_POINT('',(-3.138133515221,-1.425019108093));
#5669 = CARTESIAN_POINT('',(-3.191192126627,-1.421975858249));
#5670 = CARTESIAN_POINT('',(-3.241615019149,-1.418477184769));
#5671 = CARTESIAN_POINT('',(-3.289266247157,-1.414565048289));
#5672 = CARTESIAN_POINT('',(-3.334136363036,-1.410280276517));
#5673 = CARTESIAN_POINT('',(-3.376293911988,-1.405661043503));
#5674 = CARTESIAN_POINT('',(-3.415854828805,-1.400742030604));
#5675 = ( GEOMETRIC_REPRESENTATION_CONTEXT(2) 
PARAMETRIC_REPRESENTATION_CONTEXT() REPRESENTATION_CONTEXT('2D SPACE',''
  ) );
#5676 = PCURVE('',#5677,#5682);
#5677 = PLANE('',#5678);
#5678 = AXIS2_PLACEMENT_3D('',#5679,#5680,#5681);
#5679 = CARTESIAN_POINT('',(-0.711716641687,-0.1025,1.88341746371));
#5680 = DIRECTION('',(0.928380992663,-0.353715730496,0.113990852535));
#5681 = DIRECTION('',(-0.356036447518,-0.934472069159,0.));
#5682 = DEFINITIONAL_REPRESENTATION('',(#5683),#5687);
#5683 = CIRCLE('',#5684,4.998713430256);
#5684 = AXIS2_PLACEMENT_2D('',#5685,#5686);
#5685 = CARTESIAN_POINT('',(-0.349180451834,4.525846655802));
#5686 = DIRECTION('',(-1.,0.));
#5687 = ( GEOMETRIC_REPRESENTATION_CONTEXT(2) 
PARAMETRIC_REPRESENTATION_CONTEXT() REPRESENTATION_CONTEXT('2D SPACE',''
  ) );
#5688 = ORIENTED_EDGE('',*,*,#5689,.T.);
#5689 = EDGE_CURVE('',#5655,#5690,#5692,.T.);
#5690 = VERTEX_POINT('',#5691);
#5691 = CARTESIAN_POINT('',(-1.284581118007,-0.774500710949,
    2.169696007085));
#5692 = SURFACE_CURVE('',#5693,(#5698,#5720),.PCURVE_S1.);
#5693 = CIRCLE('',#5694,4.999975777468);
#5694 = AXIS2_PLACEMENT_3D('',#5695,#5696,#5697);
#5695 = CARTESIAN_POINT('',(-1.165959146709E-02,1.02092669548E-02,
    -2.601431617819));
#5696 = DIRECTION('',(0.749159152089,-0.65597202071,9.198517753569E-02)
  );
#5697 = DIRECTION('',(0.658764936111,0.752348827972,-6.938893903907E-18)
  );
#5698 = PCURVE('',#4999,#5699);
#5699 = DEFINITIONAL_REPRESENTATION('',(#5700),#5719);
#5700 = B_SPLINE_CURVE_WITH_KNOTS('',9,(#5701,#5702,#5703,#5704,#5705,
    #5706,#5707,#5708,#5709,#5710,#5711,#5712,#5713,#5714,#5715,#5716,
    #5717,#5718),.UNSPECIFIED.,.F.,.F.,(10,8,10),(1.677081086133,
    1.807938483951,1.93879588177),.UNSPECIFIED.);
#5701 = CARTESIAN_POINT('',(-3.265160805884,-1.428199368687));
#5702 = CARTESIAN_POINT('',(-3.333600405887,-1.417391897607));
#5703 = CARTESIAN_POINT('',(-3.390444279617,-1.405842655856));
#5704 = CARTESIAN_POINT('',(-3.43817461354,-1.393768586973));
#5705 = CARTESIAN_POINT('',(-3.478962284949,-1.381307290518));
#5706 = CARTESIAN_POINT('',(-3.514208268112,-1.368546432459));
#5707 = CARTESIAN_POINT('',(-3.545030854788,-1.355550284905));
#5708 = CARTESIAN_POINT('',(-3.572221395983,-1.34236396187));
#5709 = CARTESIAN_POINT('',(-3.59640825076,-1.329022051923));
#5710 = CARTESIAN_POINT('',(-3.639742543338,-1.302079606518));
#5711 = CARTESIAN_POINT('',(-3.658890137025,-1.288479077796));
#5712 = CARTESIAN_POINT('',(-3.676003601294,-1.274775569726));
#5713 = CARTESIAN_POINT('',(-3.691432301282,-1.260987433057));
#5714 = CARTESIAN_POINT('',(-3.705441725288,-1.247128436396));
#5715 = CARTESIAN_POINT('',(-3.718239955178,-1.233209269844));
#5716 = CARTESIAN_POINT('',(-3.729993048225,-1.219238371874));
#5717 = CARTESIAN_POINT('',(-3.740836402083,-1.205222598923));
#5718 = CARTESIAN_POINT('',(-3.750881624053,-1.19116756333));
#5719 = ( GEOMETRIC_REPRESENTATION_CONTEXT(2) 
PARAMETRIC_REPRESENTATION_CONTEXT() REPRESENTATION_CONTEXT('2D SPACE',''
  ) );
#5720 = PCURVE('',#5721,#5726);
#5721 = PLANE('',#5722);
#5722 = AXIS2_PLACEMENT_3D('',#5723,#5724,#5725);
#5723 = CARTESIAN_POINT('',(-1.788716284239,-1.390397187558,
    1.88341746371));
#5724 = DIRECTION('',(0.749159152089,-0.65597202071,9.198517753569E-02)
  );
#5725 = DIRECTION('',(-0.658764936111,-0.752348827972,
    -6.938893903907E-18));
#5726 = DEFINITIONAL_REPRESENTATION('',(#5727),#5731);
#5727 = CIRCLE('',#5728,4.999975777468);
#5728 = AXIS2_PLACEMENT_2D('',#5729,#5730);
#5729 = CARTESIAN_POINT('',(-2.224407263183,4.503944109482));
#5730 = DIRECTION('',(-1.,-1.E-17));
#5731 = ( GEOMETRIC_REPRESENTATION_CONTEXT(2) 
PARAMETRIC_REPRESENTATION_CONTEXT() REPRESENTATION_CONTEXT('2D SPACE',''
  ) );
#5732 = ORIENTED_EDGE('',*,*,#5733,.F.);
#5733 = EDGE_CURVE('',#5734,#5690,#5736,.T.);
#5734 = VERTEX_POINT('',#5735);
#5735 = CARTESIAN_POINT('',(-0.774500710949,-1.284581118007,
    2.169696007085));
#5736 = SURFACE_CURVE('',#5737,(#5742,#5749),.PCURVE_S1.);
#5737 = CIRCLE('',#5738,1.5);
#5738 = AXIS2_PLACEMENT_3D('',#5739,#5740,#5741);
#5739 = CARTESIAN_POINT('',(1.233E-14,0.,2.169696007085));
#5740 = DIRECTION('',(-4.1E-15,0.,-1.));
#5741 = DIRECTION('',(1.,0.,-4.1E-15));
#5742 = PCURVE('',#4999,#5743);
#5743 = DEFINITIONAL_REPRESENTATION('',(#5744),#5748);
#5744 = LINE('',#5745,#5746);
#5745 = CARTESIAN_POINT('',(-6.28318530718,-1.26610367278));
#5746 = VECTOR('',#5747,1.);
#5747 = DIRECTION('',(1.,-0.));
#5748 = ( GEOMETRIC_REPRESENTATION_CONTEXT(2) 
PARAMETRIC_REPRESENTATION_CONTEXT() REPRESENTATION_CONTEXT('2D SPACE',''
  ) );
#5749 = PCURVE('',#5750,#5755);
#5750 = CONICAL_SURFACE('',#5751,1.87393620604,0.462512251778);
#5751 = AXIS2_PLACEMENT_3D('',#5752,#5753,#5754);
#5752 = CARTESIAN_POINT('',(0.,0.,2.919696007085));
#5753 = DIRECTION('',(0.,0.,1.));
#5754 = DIRECTION('',(1.,0.,0.));
#5755 = DEFINITIONAL_REPRESENTATION('',(#5756),#5760);
#5756 = LINE('',#5757,#5758);
#5757 = CARTESIAN_POINT('',(6.28318530718,-0.75));
#5758 = VECTOR('',#5759,1.);
#5759 = DIRECTION('',(-1.,-0.));
#5760 = ( GEOMETRIC_REPRESENTATION_CONTEXT(2) 
PARAMETRIC_REPRESENTATION_CONTEXT() REPRESENTATION_CONTEXT('2D SPACE',''
  ) );
#5761 = ORIENTED_EDGE('',*,*,#5762,.T.);
#5762 = EDGE_CURVE('',#5734,#5763,#5765,.T.);
#5763 = VERTEX_POINT('',#5764);
#5764 = CARTESIAN_POINT('',(-0.205,-0.805652660387,2.330405540198));
#5765 = SURFACE_CURVE('',#5766,(#5771,#5793),.PCURVE_S1.);
#5766 = CIRCLE('',#5767,4.999975777468);
#5767 = AXIS2_PLACEMENT_3D('',#5768,#5769,#5770);
#5768 = CARTESIAN_POINT('',(1.02092669548E-02,-1.165959146709E-02,
    -2.601431617819));
#5769 = DIRECTION('',(-0.65597202071,0.749159152089,9.198517753569E-02)
  );
#5770 = DIRECTION('',(-0.752348827972,-0.658764936111,
    -1.387778780781E-17));
#5771 = PCURVE('',#4999,#5772);
#5772 = DEFINITIONAL_REPRESENTATION('',(#5773),#5792);
#5773 = B_SPLINE_CURVE_WITH_KNOTS('',9,(#5774,#5775,#5776,#5777,#5778,
    #5779,#5780,#5781,#5782,#5783,#5784,#5785,#5786,#5787,#5788,#5789,
    #5790,#5791),.UNSPECIFIED.,.F.,.F.,(10,8,10),(1.20279677182,
    1.333654169638,1.464511567457),.UNSPECIFIED.);
#5774 = CARTESIAN_POINT('',(-4.103100009922,-1.19116756333));
#5775 = CARTESIAN_POINT('',(-4.113145231892,-1.205222598923));
#5776 = CARTESIAN_POINT('',(-4.123988585741,-1.219238371872));
#5777 = CARTESIAN_POINT('',(-4.135741678801,-1.233209269847));
#5778 = CARTESIAN_POINT('',(-4.148539908662,-1.247128436393));
#5779 = CARTESIAN_POINT('',(-4.162549332671,-1.260987433054));
#5780 = CARTESIAN_POINT('',(-4.17797803269,-1.274775569729));
#5781 = CARTESIAN_POINT('',(-4.195091496943,-1.288479077795));
#5782 = CARTESIAN_POINT('',(-4.214239090636,-1.302079606518));
#5783 = CARTESIAN_POINT('',(-4.257573383215,-1.329022051923));
#5784 = CARTESIAN_POINT('',(-4.281760238,-1.342363961864));
#5785 = CARTESIAN_POINT('',(-4.308950779079,-1.355550284954));
#5786 = CARTESIAN_POINT('',(-4.339773366097,-1.368546432328));
#5787 = CARTESIAN_POINT('',(-4.375019348794,-1.381307290569));
#5788 = CARTESIAN_POINT('',(-4.415807020465,-1.39376858691));
#5789 = CARTESIAN_POINT('',(-4.463537354348,-1.405842655869));
#5790 = CARTESIAN_POINT('',(-4.520381228088,-1.417391897607));
#5791 = CARTESIAN_POINT('',(-4.588820828091,-1.428199368687));
#5792 = ( GEOMETRIC_REPRESENTATION_CONTEXT(2) 
PARAMETRIC_REPRESENTATION_CONTEXT() REPRESENTATION_CONTEXT('2D SPACE',''
  ) );
#5793 = PCURVE('',#5794,#5799);
#5794 = PLANE('',#5795);
#5795 = AXIS2_PLACEMENT_3D('',#5796,#5797,#5798);
#5796 = CARTESIAN_POINT('',(-1.390397187558,-1.788716284239,
    1.88341746371));
#5797 = DIRECTION('',(-0.65597202071,0.749159152089,9.198517753569E-02)
  );
#5798 = DIRECTION('',(0.752348827972,0.658764936111,6.938893903907E-18)
  );
#5799 = DEFINITIONAL_REPRESENTATION('',(#5800),#5804);
#5800 = CIRCLE('',#5801,4.999975777468);
#5801 = AXIS2_PLACEMENT_2D('',#5802,#5803);
#5802 = CARTESIAN_POINT('',(2.224407263183,4.503944109482));
#5803 = DIRECTION('',(-1.,2.E-17));
#5804 = ( GEOMETRIC_REPRESENTATION_CONTEXT(2) 
PARAMETRIC_REPRESENTATION_CONTEXT() REPRESENTATION_CONTEXT('2D SPACE',''
  ) );
#5805 = ORIENTED_EDGE('',*,*,#5806,.T.);
#5806 = EDGE_CURVE('',#5763,#5807,#5809,.T.);
#5807 = VERTEX_POINT('',#5808);
#5808 = CARTESIAN_POINT('',(0.,-0.729522433961,2.346493406278));
#5809 = SURFACE_CURVE('',#5810,(#5815,#5828),.PCURVE_S1.);
#5810 = CIRCLE('',#5811,4.998713430256);
#5811 = AXIS2_PLACEMENT_3D('',#5812,#5813,#5814);
#5812 = CARTESIAN_POINT('',(4.011835360459E-02,-0.105296750278,
    -2.612928815247));
#5813 = DIRECTION('',(-0.353715730496,0.928380992663,0.113990852535));
#5814 = DIRECTION('',(-0.934472069159,-0.356036447518,1.387778780781E-17
    ));
#5815 = PCURVE('',#4999,#5816);
#5816 = DEFINITIONAL_REPRESENTATION('',(#5817),#5827);
#5817 = B_SPLINE_CURVE_WITH_KNOTS('',8,(#5818,#5819,#5820,#5821,#5822,
    #5823,#5824,#5825,#5826),.UNSPECIFIED.,.F.,.F.,(9,9),(1.469764627858
    ,1.536245028522),.PIECEWISE_BEZIER_KNOTS.);
#5818 = CARTESIAN_POINT('',(-4.438126805169,-1.400742030604));
#5819 = CARTESIAN_POINT('',(-4.477687721986,-1.405661043503));
#5820 = CARTESIAN_POINT('',(-4.519845270931,-1.410280276519));
#5821 = CARTESIAN_POINT('',(-4.564715386827,-1.414565048286));
#5822 = CARTESIAN_POINT('',(-4.612366614776,-1.418477184782));
#5823 = CARTESIAN_POINT('',(-4.66278950736,-1.421975858246));
#5824 = CARTESIAN_POINT('',(-4.715848118748,-1.425019108095));
#5825 = CARTESIAN_POINT('',(-4.771230913379,-1.427568746016));
#5826 = CARTESIAN_POINT('',(-4.828481916583,-1.429594721703));
#5827 = ( GEOMETRIC_REPRESENTATION_CONTEXT(2) 
PARAMETRIC_REPRESENTATION_CONTEXT() REPRESENTATION_CONTEXT('2D SPACE',''
  ) );
#5828 = PCURVE('',#5829,#5834);
#5829 = PLANE('',#5830);
#5830 = AXIS2_PLACEMENT_3D('',#5831,#5832,#5833);
#5831 = CARTESIAN_POINT('',(-0.1025,-0.711716641687,1.88341746371));
#5832 = DIRECTION('',(-0.353715730496,0.928380992663,0.113990852535));
#5833 = DIRECTION('',(0.934472069159,0.356036447518,0.));
#5834 = DEFINITIONAL_REPRESENTATION('',(#5835),#5839);
#5835 = CIRCLE('',#5836,4.998713430256);
#5836 = AXIS2_PLACEMENT_2D('',#5837,#5838);
#5837 = CARTESIAN_POINT('',(0.349180451834,4.525846655802));
#5838 = DIRECTION('',(-1.,0.));
#5839 = ( GEOMETRIC_REPRESENTATION_CONTEXT(2) 
PARAMETRIC_REPRESENTATION_CONTEXT() REPRESENTATION_CONTEXT('2D SPACE',''
  ) );
#5840 = ORIENTED_EDGE('',*,*,#5841,.T.);
#5841 = EDGE_CURVE('',#5807,#5842,#5844,.T.);
#5842 = VERTEX_POINT('',#5843);
#5843 = CARTESIAN_POINT('',(0.205,-0.805652660387,2.330405540198));
#5844 = SURFACE_CURVE('',#5845,(#5850,#5863),.PCURVE_S1.);
#5845 = CIRCLE('',#5846,4.998713430256);
#5846 = AXIS2_PLACEMENT_3D('',#5847,#5848,#5849);
#5847 = CARTESIAN_POINT('',(-4.01183536046E-02,-0.105296750278,
    -2.612928815247));
#5848 = DIRECTION('',(0.353715730496,0.928380992663,0.113990852535));
#5849 = DIRECTION('',(-0.934472069159,0.356036447518,-1.387778780781E-17
    ));
#5850 = PCURVE('',#4999,#5851);
#5851 = DEFINITIONAL_REPRESENTATION('',(#5852),#5862);
#5852 = B_SPLINE_CURVE_WITH_KNOTS('',8,(#5853,#5854,#5855,#5856,#5857,
    #5858,#5859,#5860,#5861),.UNSPECIFIED.,.F.,.F.,(9,9),(1.605347625068
    ,1.671828025732),.PIECEWISE_BEZIER_KNOTS.);
#5853 = CARTESIAN_POINT('',(-4.596296044187,-1.429594721703));
#5854 = CARTESIAN_POINT('',(-4.65354704739,-1.427568746016));
#5855 = CARTESIAN_POINT('',(-4.708929842016,-1.425019108094));
#5856 = CARTESIAN_POINT('',(-4.761988453402,-1.421975858252));
#5857 = CARTESIAN_POINT('',(-4.812411345963,-1.418477184779));
#5858 = CARTESIAN_POINT('',(-4.860062573942,-1.414565048291));
#5859 = CARTESIAN_POINT('',(-4.90493268983,-1.410280276519));
#5860 = CARTESIAN_POINT('',(-4.947090238783,-1.405661043503));
#5861 = CARTESIAN_POINT('',(-4.9866511556,-1.400742030604));
#5862 = ( GEOMETRIC_REPRESENTATION_CONTEXT(2) 
PARAMETRIC_REPRESENTATION_CONTEXT() REPRESENTATION_CONTEXT('2D SPACE',''
  ) );
#5863 = PCURVE('',#5864,#5869);
#5864 = PLANE('',#5865);
#5865 = AXIS2_PLACEMENT_3D('',#5866,#5867,#5868);
#5866 = CARTESIAN_POINT('',(0.1025,-0.711716641687,1.88341746371));
#5867 = DIRECTION('',(0.353715730496,0.928380992663,0.113990852535));
#5868 = DIRECTION('',(0.934472069159,-0.356036447518,0.));
#5869 = DEFINITIONAL_REPRESENTATION('',(#5870),#5874);
#5870 = CIRCLE('',#5871,4.998713430256);
#5871 = AXIS2_PLACEMENT_2D('',#5872,#5873);
#5872 = CARTESIAN_POINT('',(-0.349180451834,4.525846655802));
#5873 = DIRECTION('',(-1.,-1.E-17));
#5874 = ( GEOMETRIC_REPRESENTATION_CONTEXT(2) 
PARAMETRIC_REPRESENTATION_CONTEXT() REPRESENTATION_CONTEXT('2D SPACE',''
  ) );
#5875 = ORIENTED_EDGE('',*,*,#5876,.T.);
#5876 = EDGE_CURVE('',#5842,#5877,#5879,.T.);
#5877 = VERTEX_POINT('',#5878);
#5878 = CARTESIAN_POINT('',(0.774500710949,-1.284581118007,
    2.169696007085));
#5879 = SURFACE_CURVE('',#5880,(#5885,#5907),.PCURVE_S1.);
#5880 = CIRCLE('',#5881,4.999975777468);
#5881 = AXIS2_PLACEMENT_3D('',#5882,#5883,#5884);
#5882 = CARTESIAN_POINT('',(-1.020926695481E-02,-1.165959146708E-02,
    -2.601431617819));
#5883 = DIRECTION('',(0.65597202071,0.749159152089,9.198517753569E-02));
#5884 = DIRECTION('',(-0.752348827972,0.658764936111,6.938893903907E-18)
  );
#5885 = PCURVE('',#4999,#5886);
#5886 = DEFINITIONAL_REPRESENTATION('',(#5887),#5906);
#5887 = B_SPLINE_CURVE_WITH_KNOTS('',9,(#5888,#5889,#5890,#5891,#5892,
    #5893,#5894,#5895,#5896,#5897,#5898,#5899,#5900,#5901,#5902,#5903,
    #5904,#5905),.UNSPECIFIED.,.F.,.F.,(10,8,10),(1.677081086133,
    1.807938483951,1.93879588177),.UNSPECIFIED.);
#5888 = CARTESIAN_POINT('',(-4.835957132679,-1.428199368687));
#5889 = CARTESIAN_POINT('',(-4.904396732682,-1.417391897607));
#5890 = CARTESIAN_POINT('',(-4.961240606432,-1.405842655845));
#5891 = CARTESIAN_POINT('',(-5.008970940275,-1.393768586982));
#5892 = CARTESIAN_POINT('',(-5.049758611785,-1.381307290358));
#5893 = CARTESIAN_POINT('',(-5.085004594526,-1.368546432561));
#5894 = CARTESIAN_POINT('',(-5.115827181711,-1.355550284872));
#5895 = CARTESIAN_POINT('',(-5.143017722754,-1.342363961891));
#5896 = CARTESIAN_POINT('',(-5.167204577555,-1.329022051923));
#5897 = CARTESIAN_POINT('',(-5.210538870133,-1.302079606518));
#5898 = CARTESIAN_POINT('',(-5.229686463827,-1.288479077796));
#5899 = CARTESIAN_POINT('',(-5.246799928067,-1.274775569727));
#5900 = CARTESIAN_POINT('',(-5.262228628076,-1.260987433054));
#5901 = CARTESIAN_POINT('',(-5.276238052091,-1.247128436391));
#5902 = CARTESIAN_POINT('',(-5.289036281966,-1.233209269843));
#5903 = CARTESIAN_POINT('',(-5.300789375027,-1.219238371873));
#5904 = CARTESIAN_POINT('',(-5.311632728878,-1.205222598923));
#5905 = CARTESIAN_POINT('',(-5.321677950848,-1.19116756333));
#5906 = ( GEOMETRIC_REPRESENTATION_CONTEXT(2) 
PARAMETRIC_REPRESENTATION_CONTEXT() REPRESENTATION_CONTEXT('2D SPACE',''
  ) );
#5907 = PCURVE('',#5908,#5913);
#5908 = PLANE('',#5909);
#5909 = AXIS2_PLACEMENT_3D('',#5910,#5911,#5912);
#5910 = CARTESIAN_POINT('',(1.390397187558,-1.788716284239,1.88341746371
    ));
#5911 = DIRECTION('',(0.65597202071,0.749159152089,9.198517753569E-02));
#5912 = DIRECTION('',(0.752348827972,-0.658764936111,-6.938893903907E-18
    ));
#5913 = DEFINITIONAL_REPRESENTATION('',(#5914),#5918);
#5914 = CIRCLE('',#5915,4.999975777468);
#5915 = AXIS2_PLACEMENT_2D('',#5916,#5917);
#5916 = CARTESIAN_POINT('',(-2.224407263183,4.503944109482));
#5917 = DIRECTION('',(-1.,-1.E-17));
#5918 = ( GEOMETRIC_REPRESENTATION_CONTEXT(2) 
PARAMETRIC_REPRESENTATION_CONTEXT() REPRESENTATION_CONTEXT('2D SPACE',''
  ) );
#5919 = ORIENTED_EDGE('',*,*,#5920,.F.);
#5920 = EDGE_CURVE('',#5921,#5877,#5923,.T.);
#5921 = VERTEX_POINT('',#5922);
#5922 = CARTESIAN_POINT('',(1.284581118007,-0.774500710949,
    2.169696007085));
#5923 = SURFACE_CURVE('',#5924,(#5929,#5936),.PCURVE_S1.);
#5924 = CIRCLE('',#5925,1.5);
#5925 = AXIS2_PLACEMENT_3D('',#5926,#5927,#5928);
#5926 = CARTESIAN_POINT('',(1.233E-14,0.,2.169696007085));
#5927 = DIRECTION('',(-4.1E-15,0.,-1.));
#5928 = DIRECTION('',(1.,0.,-4.1E-15));
#5929 = PCURVE('',#4999,#5930);
#5930 = DEFINITIONAL_REPRESENTATION('',(#5931),#5935);
#5931 = LINE('',#5932,#5933);
#5932 = CARTESIAN_POINT('',(-6.28318530718,-1.26610367278));
#5933 = VECTOR('',#5934,1.);
#5934 = DIRECTION('',(1.,-0.));
#5935 = ( GEOMETRIC_REPRESENTATION_CONTEXT(2) 
PARAMETRIC_REPRESENTATION_CONTEXT() REPRESENTATION_CONTEXT('2D SPACE',''
  ) );
#5936 = PCURVE('',#5937,#5942);
#5937 = CONICAL_SURFACE('',#5938,1.87393620604,0.462512251778);
#5938 = AXIS2_PLACEMENT_3D('',#5939,#5940,#5941);
#5939 = CARTESIAN_POINT('',(0.,0.,2.919696007085));
#5940 = DIRECTION('',(0.,0.,1.));
#5941 = DIRECTION('',(1.,0.,0.));
#5942 = DEFINITIONAL_REPRESENTATION('',(#5943),#5947);
#5943 = LINE('',#5944,#5945);
#5944 = CARTESIAN_POINT('',(6.28318530718,-0.75));
#5945 = VECTOR('',#5946,1.);
#5946 = DIRECTION('',(-1.,-0.));
#5947 = ( GEOMETRIC_REPRESENTATION_CONTEXT(2) 
PARAMETRIC_REPRESENTATION_CONTEXT() REPRESENTATION_CONTEXT('2D SPACE',''
  ) );
#5948 = ORIENTED_EDGE('',*,*,#5949,.T.);
#5949 = EDGE_CURVE('',#5921,#5220,#5950,.T.);
#5950 = SURFACE_CURVE('',#5951,(#5956,#5978),.PCURVE_S1.);
#5951 = CIRCLE('',#5952,4.999975777468);
#5952 = AXIS2_PLACEMENT_3D('',#5953,#5954,#5955);
#5953 = CARTESIAN_POINT('',(1.165959146708E-02,1.020926695481E-02,
    -2.601431617819));
#5954 = DIRECTION('',(-0.749159152089,-0.65597202071,9.198517753569E-02)
  );
#5955 = DIRECTION('',(0.658764936111,-0.752348827972,-2.775557561563E-17
    ));
#5956 = PCURVE('',#4999,#5957);
#5957 = DEFINITIONAL_REPRESENTATION('',(#5958),#5977);
#5958 = B_SPLINE_CURVE_WITH_KNOTS('',9,(#5959,#5960,#5961,#5962,#5963,
    #5964,#5965,#5966,#5967,#5968,#5969,#5970,#5971,#5972,#5973,#5974,
    #5975,#5976),.UNSPECIFIED.,.F.,.F.,(10,8,10),(1.20279677182,
    1.333654169638,1.464511567457),.UNSPECIFIED.);
#5959 = CARTESIAN_POINT('',(-5.673896336717,-1.19116756333));
#5960 = CARTESIAN_POINT('',(-5.683941558687,-1.205222598923));
#5961 = CARTESIAN_POINT('',(-5.694784912535,-1.219238371872));
#5962 = CARTESIAN_POINT('',(-5.706538005591,-1.233209269843));
#5963 = CARTESIAN_POINT('',(-5.719336235466,-1.24712843639));
#5964 = CARTESIAN_POINT('',(-5.733345659478,-1.260987433052));
#5965 = CARTESIAN_POINT('',(-5.748774359483,-1.274775569726));
#5966 = CARTESIAN_POINT('',(-5.765887823736,-1.288479077795));
#5967 = CARTESIAN_POINT('',(-5.785035417431,-1.302079606518));
#5968 = CARTESIAN_POINT('',(-5.828369710009,-1.329022051923));
#5969 = CARTESIAN_POINT('',(-5.852556564767,-1.342363961872));
#5970 = CARTESIAN_POINT('',(-5.879747106039,-1.355550284934));
#5971 = CARTESIAN_POINT('',(-5.910569692438,-1.368546432452));
#5972 = CARTESIAN_POINT('',(-5.945815675921,-1.381307290503));
#5973 = CARTESIAN_POINT('',(-5.986603347133,-1.393768586946));
#5974 = CARTESIAN_POINT('',(-6.034333681157,-1.405842655857));
#5975 = CARTESIAN_POINT('',(-6.091177554883,-1.417391897607));
#5976 = CARTESIAN_POINT('',(-6.159617154886,-1.428199368687));
#5977 = ( GEOMETRIC_REPRESENTATION_CONTEXT(2) 
PARAMETRIC_REPRESENTATION_CONTEXT() REPRESENTATION_CONTEXT('2D SPACE',''
  ) );
#5978 = PCURVE('',#5979,#5984);
#5979 = PLANE('',#5980);
#5980 = AXIS2_PLACEMENT_3D('',#5981,#5982,#5983);
#5981 = CARTESIAN_POINT('',(1.788716284239,-1.390397187558,1.88341746371
    ));
#5982 = DIRECTION('',(-0.749159152089,-0.65597202071,9.198517753569E-02)
  );
#5983 = DIRECTION('',(-0.658764936111,0.752348827972,6.938893903907E-18)
  );
#5984 = DEFINITIONAL_REPRESENTATION('',(#5985),#5989);
#5985 = CIRCLE('',#5986,4.999975777468);
#5986 = AXIS2_PLACEMENT_2D('',#5987,#5988);
#5987 = CARTESIAN_POINT('',(2.224407263183,4.503944109482));
#5988 = DIRECTION('',(-1.,2.E-17));
#5989 = ( GEOMETRIC_REPRESENTATION_CONTEXT(2) 
PARAMETRIC_REPRESENTATION_CONTEXT() REPRESENTATION_CONTEXT('2D SPACE',''
  ) );
#5990 = ADVANCED_FACE('',(#5991),#5864,.T.);
#5991 = FACE_BOUND('',#5992,.T.);
#5992 = EDGE_LOOP('',(#5993,#6030,#6051,#6052));
#5993 = ORIENTED_EDGE('',*,*,#5994,.F.);
#5994 = EDGE_CURVE('',#5995,#5997,#5999,.T.);
#5995 = VERTEX_POINT('',#5996);
#5996 = CARTESIAN_POINT('',(0.,-0.485,0.355017994691));
#5997 = VERTEX_POINT('',#5998);
#5998 = CARTESIAN_POINT('',(0.205,-0.571053084241,0.419745320208));
#5999 = SURFACE_CURVE('',#6000,(#6005,#6012),.PCURVE_S1.);
#6000 = HYPERBOLA('',#6001,0.227573048438,0.424420802616);
#6001 = AXIS2_PLACEMENT_3D('',#6002,#6003,#6004);
#6002 = CARTESIAN_POINT('',(-0.151391271767,-0.397349529709,
    0.110932125399));
#6003 = DIRECTION('',(0.353715730496,0.928380992663,0.113990852535));
#6004 = DIRECTION('',(-4.058489818597E-02,-0.106521267833,0.993481799299
    ));
#6005 = PCURVE('',#5864,#6006);
#6006 = DEFINITIONAL_REPRESENTATION('',(#6007),#6011);
#6007 = ( BOUNDED_CURVE() B_SPLINE_CURVE(2,(#6008,#6009,#6010),
.UNSPECIFIED.,.F.,.F.) B_SPLINE_CURVE_WITH_KNOTS((3,3),(0.396392373975,
0.899294045557),.PIECEWISE_BEZIER_KNOTS.) CURVE() 
GEOMETRIC_REPRESENTATION_ITEM() RATIONAL_B_SPLINE_CURVE((1.,
1.031780684522,1.)) REPRESENTATION_ITEM('') );
#6008 = CARTESIAN_POINT('',(-0.176502774788,1.538427246576));
#6009 = CARTESIAN_POINT('',(-6.365546721501E-02,1.515624193069));
#6010 = CARTESIAN_POINT('',(8.606532546521E-02,1.458147552669));
#6011 = ( GEOMETRIC_REPRESENTATION_CONTEXT(2) 
PARAMETRIC_REPRESENTATION_CONTEXT() REPRESENTATION_CONTEXT('2D SPACE',''
  ) );
#6012 = PCURVE('',#6013,#6018);
#6013 = CONICAL_SURFACE('',#6014,0.635,1.082104136236);
#6014 = AXIS2_PLACEMENT_3D('',#6015,#6016,#6017);
#6015 = CARTESIAN_POINT('',(0.,0.,0.434774409441));
#6016 = DIRECTION('',(0.,0.,1.));
#6017 = DIRECTION('',(1.,0.,0.));
#6018 = DEFINITIONAL_REPRESENTATION('',(#6019),#6029);
#6019 = B_SPLINE_CURVE_WITH_KNOTS('',8,(#6020,#6021,#6022,#6023,#6024,
    #6025,#6026,#6027,#6028),.UNSPECIFIED.,.F.,.F.,(9,9),(0.287817014804
    ,0.899294045557),.PIECEWISE_BEZIER_KNOTS.);
#6020 = CARTESIAN_POINT('',(4.615671476904,-8.832329838115E-02));
#6021 = CARTESIAN_POINT('',(4.684857389284,-8.328055395812E-02));
#6022 = CARTESIAN_POINT('',(4.752443983095,-7.666528224228E-02));
#6023 = CARTESIAN_POINT('',(4.817935735569,-6.843259031886E-02));
#6024 = CARTESIAN_POINT('',(4.880921455588,-5.851798603729E-02));
#6025 = CARTESIAN_POINT('',(4.941106851071,-4.68365390746E-02));
#6026 = CARTESIAN_POINT('',(4.998316015977,-3.328143009757E-02));
#6027 = CARTESIAN_POINT('',(5.05246786997,-1.772183984163E-02));
#6028 = CARTESIAN_POINT('',(5.103555187327,1.408414688358E-16));
#6029 = ( GEOMETRIC_REPRESENTATION_CONTEXT(2) 
PARAMETRIC_REPRESENTATION_CONTEXT() REPRESENTATION_CONTEXT('2D SPACE',''
  ) );
#6030 = ORIENTED_EDGE('',*,*,#6031,.F.);
#6031 = EDGE_CURVE('',#5807,#5995,#6032,.T.);
#6032 = SURFACE_CURVE('',#6033,(#6037,#6044),.PCURVE_S1.);
#6033 = LINE('',#6034,#6035);
#6034 = CARTESIAN_POINT('',(0.,-0.891991284286,3.669696007085));
#6035 = VECTOR('',#6036,1.);
#6036 = DIRECTION('',(0.,0.121869343405,-0.992546151641));
#6037 = PCURVE('',#5864,#6038);
#6038 = DEFINITIONAL_REPRESENTATION('',(#6039),#6043);
#6039 = LINE('',#6040,#6041);
#6040 = CARTESIAN_POINT('',(-3.159904376042E-02,-1.797998256873));
#6041 = VECTOR('',#6042,1.);
#6042 = DIRECTION('',(-4.338992808727E-02,0.999058213589));
#6043 = ( GEOMETRIC_REPRESENTATION_CONTEXT(2) 
PARAMETRIC_REPRESENTATION_CONTEXT() REPRESENTATION_CONTEXT('2D SPACE',''
  ) );
#6044 = PCURVE('',#5829,#6045);
#6045 = DEFINITIONAL_REPRESENTATION('',(#6046),#6050);
#6046 = LINE('',#6047,#6048);
#6047 = CARTESIAN_POINT('',(3.159904376042E-02,-1.797998256873));
#6048 = VECTOR('',#6049,1.);
#6049 = DIRECTION('',(4.338992808727E-02,0.999058213589));
#6050 = ( GEOMETRIC_REPRESENTATION_CONTEXT(2) 
PARAMETRIC_REPRESENTATION_CONTEXT() REPRESENTATION_CONTEXT('2D SPACE',''
  ) );
#6051 = ORIENTED_EDGE('',*,*,#5841,.T.);
#6052 = ORIENTED_EDGE('',*,*,#6053,.T.);
#6053 = EDGE_CURVE('',#5842,#5997,#6054,.T.);
#6054 = SURFACE_CURVE('',#6055,(#6059,#6066),.PCURVE_S1.);
#6055 = LINE('',#6056,#6057);
#6056 = CARTESIAN_POINT('',(0.205,-0.970096852285,3.669696007085));
#6057 = VECTOR('',#6058,1.);
#6058 = DIRECTION('',(0.,0.121869343405,-0.992546151641));
#6059 = PCURVE('',#5864,#6060);
#6060 = DEFINITIONAL_REPRESENTATION('',(#6061),#6065);
#6061 = LINE('',#6062,#6063);
#6062 = CARTESIAN_POINT('',(0.187776159379,-1.797998256873));
#6063 = VECTOR('',#6064,1.);
#6064 = DIRECTION('',(-4.338992808727E-02,0.999058213589));
#6065 = ( GEOMETRIC_REPRESENTATION_CONTEXT(2) 
PARAMETRIC_REPRESENTATION_CONTEXT() REPRESENTATION_CONTEXT('2D SPACE',''
  ) );
#6066 = PCURVE('',#5908,#6067);
#6067 = DEFINITIONAL_REPRESENTATION('',(#6068),#6072);
#6068 = LINE('',#6069,#6070);
#6069 = CARTESIAN_POINT('',(-1.431109962531,-1.793883936131));
#6070 = VECTOR('',#6071,1.);
#6071 = DIRECTION('',(-8.028325022222E-02,0.996772090166));
#6072 = ( GEOMETRIC_REPRESENTATION_CONTEXT(2) 
PARAMETRIC_REPRESENTATION_CONTEXT() REPRESENTATION_CONTEXT('2D SPACE',''
  ) );
#6073 = ADVANCED_FACE('',(#6074),#6013,.F.);
#6074 = FACE_BOUND('',#6075,.T.);
#6075 = EDGE_LOOP('',(#6076,#6108,#6131,#6132,#6162,#6192,#6216,#6246,
    #6276,#6306,#6336,#6360,#6390,#6420,#6450,#6480,#6504,#6534,#6562,
    #6563,#6593,#6617));
#6076 = ORIENTED_EDGE('',*,*,#6077,.T.);
#6077 = EDGE_CURVE('',#6078,#6080,#6082,.T.);
#6078 = VERTEX_POINT('',#6079);
#6079 = CARTESIAN_POINT('',(0.571053084241,-0.205,0.419745320208));
#6080 = VERTEX_POINT('',#6081);
#6081 = CARTESIAN_POINT('',(0.485,0.,0.355017994691));
#6082 = SURFACE_CURVE('',#6083,(#6088,#6101),.PCURVE_S1.);
#6083 = HYPERBOLA('',#6084,0.227573048438,0.424420802616);
#6084 = AXIS2_PLACEMENT_3D('',#6085,#6086,#6087);
#6085 = CARTESIAN_POINT('',(0.397349529709,0.151391271767,0.110932125399
    ));
#6086 = DIRECTION('',(-0.928380992663,-0.353715730496,0.113990852535));
#6087 = DIRECTION('',(0.106521267833,4.058489818597E-02,0.993481799299)
  );
#6088 = PCURVE('',#6013,#6089);
#6089 = DEFINITIONAL_REPRESENTATION('',(#6090),#6100);
#6090 = B_SPLINE_CURVE_WITH_KNOTS('',8,(#6091,#6092,#6093,#6094,#6095,
    #6096,#6097,#6098,#6099),.UNSPECIFIED.,.F.,.F.,(9,9),(
    -0.899294045557,-0.396392373975),.PIECEWISE_BEZIER_KNOTS.);
#6091 = CARTESIAN_POINT('',(5.892019100238,5.164187190645E-17));
#6092 = CARTESIAN_POINT('',(5.934035228405,-1.457510655617E-02));
#6093 = CARTESIAN_POINT('',(5.978124223442,-2.768765986949E-02));
#6094 = CARTESIAN_POINT('',(6.024282041642,-3.942542640182E-02));
#6095 = CARTESIAN_POINT('',(6.072470943993,-4.986384281633E-02));
#6096 = CARTESIAN_POINT('',(6.122611325456,-5.906712575611E-02));
#6097 = CARTESIAN_POINT('',(6.174573428521,-6.708912203566E-02));
#6098 = CARTESIAN_POINT('',(6.228174500198,-7.397394499516E-02));
#6099 = CARTESIAN_POINT('',(6.28318530718,-7.975641474922E-02));
#6100 = ( GEOMETRIC_REPRESENTATION_CONTEXT(2) 
PARAMETRIC_REPRESENTATION_CONTEXT() REPRESENTATION_CONTEXT('2D SPACE',''
  ) );
#6101 = PCURVE('',#5244,#6102);
#6102 = DEFINITIONAL_REPRESENTATION('',(#6103),#6107);
#6103 = ( BOUNDED_CURVE() B_SPLINE_CURVE(2,(#6104,#6105,#6106),
.UNSPECIFIED.,.F.,.F.) B_SPLINE_CURVE_WITH_KNOTS((3,3),(-0.899294045557,
-0.396392373975),.PIECEWISE_BEZIER_KNOTS.) CURVE() 
GEOMETRIC_REPRESENTATION_ITEM() RATIONAL_B_SPLINE_CURVE((1.,
1.031780684522,1.)) REPRESENTATION_ITEM('') );
#6104 = CARTESIAN_POINT('',(-8.606532546521E-02,1.458147552669));
#6105 = CARTESIAN_POINT('',(6.365546721501E-02,1.515624193069));
#6106 = CARTESIAN_POINT('',(0.176502774788,1.538427246576));
#6107 = ( GEOMETRIC_REPRESENTATION_CONTEXT(2) 
PARAMETRIC_REPRESENTATION_CONTEXT() REPRESENTATION_CONTEXT('2D SPACE',''
  ) );
#6108 = ORIENTED_EDGE('',*,*,#6109,.T.);
#6109 = EDGE_CURVE('',#6080,#6110,#6112,.T.);
#6110 = VERTEX_POINT('',#6111);
#6111 = CARTESIAN_POINT('',(0.,0.,9.713892033564E-02));
#6112 = SEAM_CURVE('',#6113,(#6117,#6124),.PCURVE_S1.);
#6113 = LINE('',#6114,#6115);
#6114 = CARTESIAN_POINT('',(0.635,0.,0.434774409441));
#6115 = VECTOR('',#6116,1.);
#6116 = DIRECTION('',(-0.882947592859,0.,-0.469471562786));
#6117 = PCURVE('',#6013,#6118);
#6118 = DEFINITIONAL_REPRESENTATION('',(#6119),#6123);
#6119 = LINE('',#6120,#6121);
#6120 = CARTESIAN_POINT('',(0.,-0.));
#6121 = VECTOR('',#6122,1.);
#6122 = DIRECTION('',(0.,-1.));
#6123 = ( GEOMETRIC_REPRESENTATION_CONTEXT(2) 
PARAMETRIC_REPRESENTATION_CONTEXT() REPRESENTATION_CONTEXT('2D SPACE',''
  ) );
#6124 = PCURVE('',#6013,#6125);
#6125 = DEFINITIONAL_REPRESENTATION('',(#6126),#6130);
#6126 = LINE('',#6127,#6128);
#6127 = CARTESIAN_POINT('',(6.28318530718,-0.));
#6128 = VECTOR('',#6129,1.);
#6129 = DIRECTION('',(0.,-1.));
#6130 = ( GEOMETRIC_REPRESENTATION_CONTEXT(2) 
PARAMETRIC_REPRESENTATION_CONTEXT() REPRESENTATION_CONTEXT('2D SPACE',''
  ) );
#6131 = ORIENTED_EDGE('',*,*,#6109,.F.);
#6132 = ORIENTED_EDGE('',*,*,#6133,.T.);
#6133 = EDGE_CURVE('',#6080,#6134,#6136,.T.);
#6134 = VERTEX_POINT('',#6135);
#6135 = CARTESIAN_POINT('',(0.571053084241,0.205,0.419745320208));
#6136 = SURFACE_CURVE('',#6137,(#6142,#6155),.PCURVE_S1.);
#6137 = HYPERBOLA('',#6138,0.227573048438,0.424420802616);
#6138 = AXIS2_PLACEMENT_3D('',#6139,#6140,#6141);
#6139 = CARTESIAN_POINT('',(0.397349529709,-0.151391271767,
    0.110932125399));
#6140 = DIRECTION('',(-0.928380992663,0.353715730496,0.113990852535));
#6141 = DIRECTION('',(0.106521267833,-4.058489818597E-02,0.993481799299)
  );
#6142 = PCURVE('',#6013,#6143);
#6143 = DEFINITIONAL_REPRESENTATION('',(#6144),#6154);
#6144 = B_SPLINE_CURVE_WITH_KNOTS('',8,(#6145,#6146,#6147,#6148,#6149,
    #6150,#6151,#6152,#6153),.UNSPECIFIED.,.F.,.F.,(9,9),(0.396392373975
    ,0.899294045557),.PIECEWISE_BEZIER_KNOTS.);
#6145 = CARTESIAN_POINT('',(6.E-17,-7.975641474922E-02));
#6146 = CARTESIAN_POINT('',(5.501080698192E-02,-7.397394499516E-02));
#6147 = CARTESIAN_POINT('',(0.108611878657,-6.708912203566E-02));
#6148 = CARTESIAN_POINT('',(0.160573981722,-5.906712575593E-02));
#6149 = CARTESIAN_POINT('',(0.210714363194,-4.986384281654E-02));
#6150 = CARTESIAN_POINT('',(0.258903265542,-3.942542640166E-02));
#6151 = CARTESIAN_POINT('',(0.305061083734,-2.768765986951E-02));
#6152 = CARTESIAN_POINT('',(0.349150078775,-1.457510655617E-02));
#6153 = CARTESIAN_POINT('',(0.391166206942,5.164187190645E-17));
#6154 = ( GEOMETRIC_REPRESENTATION_CONTEXT(2) 
PARAMETRIC_REPRESENTATION_CONTEXT() REPRESENTATION_CONTEXT('2D SPACE',''
  ) );
#6155 = PCURVE('',#5303,#6156);
#6156 = DEFINITIONAL_REPRESENTATION('',(#6157),#6161);
#6157 = ( BOUNDED_CURVE() B_SPLINE_CURVE(2,(#6158,#6159,#6160),
.UNSPECIFIED.,.F.,.F.) B_SPLINE_CURVE_WITH_KNOTS((3,3),(0.396392373975,
0.899294045557),.PIECEWISE_BEZIER_KNOTS.) CURVE() 
GEOMETRIC_REPRESENTATION_ITEM() RATIONAL_B_SPLINE_CURVE((1.,
1.031780684522,1.)) REPRESENTATION_ITEM('') );
#6158 = CARTESIAN_POINT('',(-0.176502774788,1.538427246576));
#6159 = CARTESIAN_POINT('',(-6.365546721501E-02,1.515624193069));
#6160 = CARTESIAN_POINT('',(8.606532546521E-02,1.458147552669));
#6161 = ( GEOMETRIC_REPRESENTATION_CONTEXT(2) 
PARAMETRIC_REPRESENTATION_CONTEXT() REPRESENTATION_CONTEXT('2D SPACE',''
  ) );
#6162 = ORIENTED_EDGE('',*,*,#6163,.T.);
#6163 = EDGE_CURVE('',#6134,#6164,#6166,.T.);
#6164 = VERTEX_POINT('',#6165);
#6165 = CARTESIAN_POINT('',(0.592772304636,0.227697156013,0.434774409441
    ));
#6166 = SURFACE_CURVE('',#6167,(#6172,#6185),.PCURVE_S1.);
#6167 = HYPERBOLA('',#6168,0.141728948278,0.265102932234);
#6168 = AXIS2_PLACEMENT_3D('',#6169,#6170,#6171);
#6169 = CARTESIAN_POINT('',(0.199690907093,-0.174851561885,
    0.104070796241));
#6170 = DIRECTION('',(-0.749159152089,0.65597202071,9.198517753569E-02)
  );
#6171 = DIRECTION('',(6.920494050974E-02,-6.059660960249E-02,
    0.995760376353));
#6172 = PCURVE('',#6013,#6173);
#6173 = DEFINITIONAL_REPRESENTATION('',(#6174),#6184);
#6174 = B_SPLINE_CURVE_WITH_KNOTS('',8,(#6175,#6176,#6177,#6178,#6179,
    #6180,#6181,#6182,#6183),.UNSPECIFIED.,.F.,.F.,(9,9),(0.835122811202
    ,1.495705589678),.PIECEWISE_BEZIER_KNOTS.);
#6175 = CARTESIAN_POINT('',(7.E-17,-0.137434483612));
#6176 = CARTESIAN_POINT('',(5.813797508493E-02,-0.126531170113));
#6177 = CARTESIAN_POINT('',(0.112657323856,-0.114121842783));
#6178 = CARTESIAN_POINT('',(0.163500434328,-0.100093218942));
#6179 = CARTESIAN_POINT('',(0.21072468971,-8.43101097037E-02));
#6180 = CARTESIAN_POINT('',(0.254469363425,-6.66129493324E-02));
#6181 = CARTESIAN_POINT('',(0.29491684981,-4.681452439515E-02));
#6182 = CARTESIAN_POINT('',(0.332271440114,-2.469573546084E-02));
#6183 = CARTESIAN_POINT('',(0.366744359712,-4.694715627859E-17));
#6184 = ( GEOMETRIC_REPRESENTATION_CONTEXT(2) 
PARAMETRIC_REPRESENTATION_CONTEXT() REPRESENTATION_CONTEXT('2D SPACE',''
  ) );
#6185 = PCURVE('',#5347,#6186);
#6186 = DEFINITIONAL_REPRESENTATION('',(#6187),#6191);
#6187 = ( BOUNDED_CURVE() B_SPLINE_CURVE(2,(#6188,#6189,#6190),
.UNSPECIFIED.,.F.,.F.) B_SPLINE_CURVE_WITH_KNOTS((3,3),(0.835122811202,
1.495705589678),.PIECEWISE_BEZIER_KNOTS.) CURVE() 
GEOMETRIC_REPRESENTATION_ITEM() RATIONAL_B_SPLINE_CURVE((1.,
1.055043888988,1.)) REPRESENTATION_ITEM('') );
#6188 = CARTESIAN_POINT('',(-1.976366896134,1.592830539905));
#6189 = CARTESIAN_POINT('',(-1.860633633467,1.550557743508));
#6190 = CARTESIAN_POINT('',(-1.662601965332,1.454810904985));
#6191 = ( GEOMETRIC_REPRESENTATION_CONTEXT(2) 
PARAMETRIC_REPRESENTATION_CONTEXT() REPRESENTATION_CONTEXT('2D SPACE',''
  ) );
#6192 = ORIENTED_EDGE('',*,*,#6193,.T.);
#6193 = EDGE_CURVE('',#6164,#6194,#6196,.T.);
#6194 = VERTEX_POINT('',#6195);
#6195 = CARTESIAN_POINT('',(0.227697156013,0.592772304636,0.434774409441
    ));
#6196 = SURFACE_CURVE('',#6197,(#6202,#6209),.PCURVE_S1.);
#6197 = CIRCLE('',#6198,0.635);
#6198 = AXIS2_PLACEMENT_3D('',#6199,#6200,#6201);
#6199 = CARTESIAN_POINT('',(0.,0.,0.434774409441));
#6200 = DIRECTION('',(0.,0.,1.));
#6201 = DIRECTION('',(1.,0.,0.));
#6202 = PCURVE('',#6013,#6203);
#6203 = DEFINITIONAL_REPRESENTATION('',(#6204),#6208);
#6204 = LINE('',#6205,#6206);
#6205 = CARTESIAN_POINT('',(0.,-0.));
#6206 = VECTOR('',#6207,1.);
#6207 = DIRECTION('',(1.,-0.));
#6208 = ( GEOMETRIC_REPRESENTATION_CONTEXT(2) 
PARAMETRIC_REPRESENTATION_CONTEXT() REPRESENTATION_CONTEXT('2D SPACE',''
  ) );
#6209 = PCURVE('',#5376,#6210);
#6210 = DEFINITIONAL_REPRESENTATION('',(#6211),#6215);
#6211 = LINE('',#6212,#6213);
#6212 = CARTESIAN_POINT('',(0.,-2.484921597644));
#6213 = VECTOR('',#6214,1.);
#6214 = DIRECTION('',(1.,-0.));
#6215 = ( GEOMETRIC_REPRESENTATION_CONTEXT(2) 
PARAMETRIC_REPRESENTATION_CONTEXT() REPRESENTATION_CONTEXT('2D SPACE',''
  ) );
#6216 = ORIENTED_EDGE('',*,*,#6217,.T.);
#6217 = EDGE_CURVE('',#6194,#6218,#6220,.T.);
#6218 = VERTEX_POINT('',#6219);
#6219 = CARTESIAN_POINT('',(0.205,0.571053084241,0.419745320208));
#6220 = SURFACE_CURVE('',#6221,(#6226,#6239),.PCURVE_S1.);
#6221 = HYPERBOLA('',#6222,0.141728948278,0.265102932234);
#6222 = AXIS2_PLACEMENT_3D('',#6223,#6224,#6225);
#6223 = CARTESIAN_POINT('',(-0.174851561885,0.199690907093,
    0.104070796241));
#6224 = DIRECTION('',(0.65597202071,-0.749159152089,9.198517753569E-02)
  );
#6225 = DIRECTION('',(-6.059660960249E-02,6.920494050974E-02,
    0.995760376353));
#6226 = PCURVE('',#6013,#6227);
#6227 = DEFINITIONAL_REPRESENTATION('',(#6228),#6238);
#6228 = B_SPLINE_CURVE_WITH_KNOTS('',8,(#6229,#6230,#6231,#6232,#6233,
    #6234,#6235,#6236,#6237),.UNSPECIFIED.,.F.,.F.,(9,9),(
    -1.495705589678,-0.572860752094),.PIECEWISE_BEZIER_KNOTS.);
#6229 = CARTESIAN_POINT('',(1.204051967083,5.164187190645E-16));
#6230 = CARTESIAN_POINT('',(1.252211193941,-3.450034230825E-02));
#6231 = CARTESIAN_POINT('',(1.305994478058,-6.397137608699E-02));
#6232 = CARTESIAN_POINT('',(1.365977433637,-8.911267094897E-02));
#6233 = CARTESIAN_POINT('',(1.43271075563,-0.11048102885));
#6234 = CARTESIAN_POINT('',(1.506634829146,-0.128520253081));
#6235 = CARTESIAN_POINT('',(1.587966428752,-0.143580860767));
#6236 = CARTESIAN_POINT('',(1.676387248618,-0.155933679383));
#6237 = CARTESIAN_POINT('',(1.771002242906,-0.165778330124));
#6238 = ( GEOMETRIC_REPRESENTATION_CONTEXT(2) 
PARAMETRIC_REPRESENTATION_CONTEXT() REPRESENTATION_CONTEXT('2D SPACE',''
  ) );
#6239 = PCURVE('',#5420,#6240);
#6240 = DEFINITIONAL_REPRESENTATION('',(#6241),#6245);
#6241 = ( BOUNDED_CURVE() B_SPLINE_CURVE(2,(#6242,#6243,#6244),
.UNSPECIFIED.,.F.,.F.) B_SPLINE_CURVE_WITH_KNOTS((3,3),(-1.495705589678,
-0.835122811202),.PIECEWISE_BEZIER_KNOTS.) CURVE() 
GEOMETRIC_REPRESENTATION_ITEM() RATIONAL_B_SPLINE_CURVE((1.,
1.055043888988,1.)) REPRESENTATION_ITEM('') );
#6242 = CARTESIAN_POINT('',(1.662601965332,1.454810904985));
#6243 = CARTESIAN_POINT('',(1.860633633467,1.550557743508));
#6244 = CARTESIAN_POINT('',(1.976366896134,1.592830539905));
#6245 = ( GEOMETRIC_REPRESENTATION_CONTEXT(2) 
PARAMETRIC_REPRESENTATION_CONTEXT() REPRESENTATION_CONTEXT('2D SPACE',''
  ) );
#6246 = ORIENTED_EDGE('',*,*,#6247,.T.);
#6247 = EDGE_CURVE('',#6218,#6248,#6250,.T.);
#6248 = VERTEX_POINT('',#6249);
#6249 = CARTESIAN_POINT('',(0.,0.485,0.355017994691));
#6250 = SURFACE_CURVE('',#6251,(#6256,#6269),.PCURVE_S1.);
#6251 = HYPERBOLA('',#6252,0.227573048438,0.424420802616);
#6252 = AXIS2_PLACEMENT_3D('',#6253,#6254,#6255);
#6253 = CARTESIAN_POINT('',(-0.151391271767,0.397349529709,
    0.110932125399));
#6254 = DIRECTION('',(0.353715730496,-0.928380992663,0.113990852535));
#6255 = DIRECTION('',(-4.058489818597E-02,0.106521267833,0.993481799299)
  );
#6256 = PCURVE('',#6013,#6257);
#6257 = DEFINITIONAL_REPRESENTATION('',(#6258),#6268);
#6258 = B_SPLINE_CURVE_WITH_KNOTS('',8,(#6259,#6260,#6261,#6262,#6263,
    #6264,#6265,#6266,#6267),.UNSPECIFIED.,.F.,.F.,(9,9),(
    -0.899294045557,-0.287817014804),.PIECEWISE_BEZIER_KNOTS.);
#6259 = CARTESIAN_POINT('',(1.179630119853,5.633658753431E-16));
#6260 = CARTESIAN_POINT('',(1.23071743721,-1.772183984163E-02));
#6261 = CARTESIAN_POINT('',(1.284869291208,-3.328143009754E-02));
#6262 = CARTESIAN_POINT('',(1.342078456089,-4.683653907426E-02));
#6263 = CARTESIAN_POINT('',(1.402263851613,-5.851798603772E-02));
#6264 = CARTESIAN_POINT('',(1.465249571587,-6.843259031848E-02));
#6265 = CARTESIAN_POINT('',(1.530741324089,-7.666528224226E-02));
#6266 = CARTESIAN_POINT('',(1.598327917895,-8.328055395812E-02));
#6267 = CARTESIAN_POINT('',(1.667513830276,-8.832329838115E-02));
#6268 = ( GEOMETRIC_REPRESENTATION_CONTEXT(2) 
PARAMETRIC_REPRESENTATION_CONTEXT() REPRESENTATION_CONTEXT('2D SPACE',''
  ) );
#6269 = PCURVE('',#5455,#6270);
#6270 = DEFINITIONAL_REPRESENTATION('',(#6271),#6275);
#6271 = ( BOUNDED_CURVE() B_SPLINE_CURVE(2,(#6272,#6273,#6274),
.UNSPECIFIED.,.F.,.F.) B_SPLINE_CURVE_WITH_KNOTS((3,3),(-0.899294045557,
-0.396392373975),.PIECEWISE_BEZIER_KNOTS.) CURVE() 
GEOMETRIC_REPRESENTATION_ITEM() RATIONAL_B_SPLINE_CURVE((1.,
1.031780684522,1.)) REPRESENTATION_ITEM('') );
#6272 = CARTESIAN_POINT('',(-8.606532546521E-02,1.458147552669));
#6273 = CARTESIAN_POINT('',(6.365546721501E-02,1.515624193069));
#6274 = CARTESIAN_POINT('',(0.176502774788,1.538427246576));
#6275 = ( GEOMETRIC_REPRESENTATION_CONTEXT(2) 
PARAMETRIC_REPRESENTATION_CONTEXT() REPRESENTATION_CONTEXT('2D SPACE',''
  ) );
#6276 = ORIENTED_EDGE('',*,*,#6277,.T.);
#6277 = EDGE_CURVE('',#6248,#6278,#6280,.T.);
#6278 = VERTEX_POINT('',#6279);
#6279 = CARTESIAN_POINT('',(-0.205,0.571053084241,0.419745320208));
#6280 = SURFACE_CURVE('',#6281,(#6286,#6299),.PCURVE_S1.);
#6281 = HYPERBOLA('',#6282,0.227573048438,0.424420802616);
#6282 = AXIS2_PLACEMENT_3D('',#6283,#6284,#6285);
#6283 = CARTESIAN_POINT('',(0.151391271767,0.397349529709,0.110932125399
    ));
#6284 = DIRECTION('',(-0.353715730496,-0.928380992663,0.113990852535));
#6285 = DIRECTION('',(4.058489818597E-02,0.106521267833,0.993481799299)
  );
#6286 = PCURVE('',#6013,#6287);
#6287 = DEFINITIONAL_REPRESENTATION('',(#6288),#6298);
#6288 = B_SPLINE_CURVE_WITH_KNOTS('',8,(#6289,#6290,#6291,#6292,#6293,
    #6294,#6295,#6296,#6297),.UNSPECIFIED.,.F.,.F.,(9,9),(0.287817014804
    ,0.899294045557),.PIECEWISE_BEZIER_KNOTS.);
#6289 = CARTESIAN_POINT('',(1.474078823314,-8.832329838115E-02));
#6290 = CARTESIAN_POINT('',(1.543264735695,-8.328055395812E-02));
#6291 = CARTESIAN_POINT('',(1.610851329501,-7.66652822424E-02));
#6292 = CARTESIAN_POINT('',(1.676343081993,-6.843259031838E-02));
#6293 = CARTESIAN_POINT('',(1.739328801996,-5.851798603804E-02));
#6294 = CARTESIAN_POINT('',(1.799514197483,-4.683653907418E-02));
#6295 = CARTESIAN_POINT('',(1.856723362384,-3.328143009763E-02));
#6296 = CARTESIAN_POINT('',(1.91087521638,-1.772183984163E-02));
#6297 = CARTESIAN_POINT('',(1.961962533737,7.089020598067E-16));
#6298 = ( GEOMETRIC_REPRESENTATION_CONTEXT(2) 
PARAMETRIC_REPRESENTATION_CONTEXT() REPRESENTATION_CONTEXT('2D SPACE',''
  ) );
#6299 = PCURVE('',#5490,#6300);
#6300 = DEFINITIONAL_REPRESENTATION('',(#6301),#6305);
#6301 = ( BOUNDED_CURVE() B_SPLINE_CURVE(2,(#6302,#6303,#6304),
.UNSPECIFIED.,.F.,.F.) B_SPLINE_CURVE_WITH_KNOTS((3,3),(0.396392373975,
0.899294045557),.PIECEWISE_BEZIER_KNOTS.) CURVE() 
GEOMETRIC_REPRESENTATION_ITEM() RATIONAL_B_SPLINE_CURVE((1.,
1.031780684522,1.)) REPRESENTATION_ITEM('') );
#6302 = CARTESIAN_POINT('',(-0.176502774788,1.538427246576));
#6303 = CARTESIAN_POINT('',(-6.365546721501E-02,1.515624193069));
#6304 = CARTESIAN_POINT('',(8.606532546521E-02,1.458147552669));
#6305 = ( GEOMETRIC_REPRESENTATION_CONTEXT(2) 
PARAMETRIC_REPRESENTATION_CONTEXT() REPRESENTATION_CONTEXT('2D SPACE',''
  ) );
#6306 = ORIENTED_EDGE('',*,*,#6307,.T.);
#6307 = EDGE_CURVE('',#6278,#6308,#6310,.T.);
#6308 = VERTEX_POINT('',#6309);
#6309 = CARTESIAN_POINT('',(-0.227697156013,0.592772304636,
    0.434774409441));
#6310 = SURFACE_CURVE('',#6311,(#6316,#6329),.PCURVE_S1.);
#6311 = HYPERBOLA('',#6312,0.141728948278,0.265102932234);
#6312 = AXIS2_PLACEMENT_3D('',#6313,#6314,#6315);
#6313 = CARTESIAN_POINT('',(0.174851561885,0.199690907093,0.104070796241
    ));
#6314 = DIRECTION('',(-0.65597202071,-0.749159152089,9.198517753569E-02)
  );
#6315 = DIRECTION('',(6.059660960249E-02,6.920494050974E-02,
    0.995760376353));
#6316 = PCURVE('',#6013,#6317);
#6317 = DEFINITIONAL_REPRESENTATION('',(#6318),#6328);
#6318 = B_SPLINE_CURVE_WITH_KNOTS('',8,(#6319,#6320,#6321,#6322,#6323,
    #6324,#6325,#6326,#6327),.UNSPECIFIED.,.F.,.F.,(9,9),(0.572860752094
    ,1.495705589678),.PIECEWISE_BEZIER_KNOTS.);
#6319 = CARTESIAN_POINT('',(1.370590410684,-0.165778330124));
#6320 = CARTESIAN_POINT('',(1.465205404972,-0.155933679383));
#6321 = CARTESIAN_POINT('',(1.553626224836,-0.143580860767));
#6322 = CARTESIAN_POINT('',(1.634957824439,-0.128520253082));
#6323 = CARTESIAN_POINT('',(1.708881897959,-0.110481028848));
#6324 = CARTESIAN_POINT('',(1.775615219951,-8.911267094966E-02));
#6325 = CARTESIAN_POINT('',(1.835598175532,-6.397137608677E-02));
#6326 = CARTESIAN_POINT('',(1.889381459649,-3.450034230825E-02));
#6327 = CARTESIAN_POINT('',(1.937540686507,4.225244065073E-16));
#6328 = ( GEOMETRIC_REPRESENTATION_CONTEXT(2) 
PARAMETRIC_REPRESENTATION_CONTEXT() REPRESENTATION_CONTEXT('2D SPACE',''
  ) );
#6329 = PCURVE('',#5534,#6330);
#6330 = DEFINITIONAL_REPRESENTATION('',(#6331),#6335);
#6331 = ( BOUNDED_CURVE() B_SPLINE_CURVE(2,(#6332,#6333,#6334),
.UNSPECIFIED.,.F.,.F.) B_SPLINE_CURVE_WITH_KNOTS((3,3),(0.835122811202,
1.495705589678),.PIECEWISE_BEZIER_KNOTS.) CURVE() 
GEOMETRIC_REPRESENTATION_ITEM() RATIONAL_B_SPLINE_CURVE((1.,
1.055043888988,1.)) REPRESENTATION_ITEM('') );
#6332 = CARTESIAN_POINT('',(-1.976366896134,1.592830539905));
#6333 = CARTESIAN_POINT('',(-1.860633633467,1.550557743508));
#6334 = CARTESIAN_POINT('',(-1.662601965332,1.454810904985));
#6335 = ( GEOMETRIC_REPRESENTATION_CONTEXT(2) 
PARAMETRIC_REPRESENTATION_CONTEXT() REPRESENTATION_CONTEXT('2D SPACE',''
  ) );
#6336 = ORIENTED_EDGE('',*,*,#6337,.T.);
#6337 = EDGE_CURVE('',#6308,#6338,#6340,.T.);
#6338 = VERTEX_POINT('',#6339);
#6339 = CARTESIAN_POINT('',(-0.592772304636,0.227697156013,
    0.434774409441));
#6340 = SURFACE_CURVE('',#6341,(#6346,#6353),.PCURVE_S1.);
#6341 = CIRCLE('',#6342,0.635);
#6342 = AXIS2_PLACEMENT_3D('',#6343,#6344,#6345);
#6343 = CARTESIAN_POINT('',(0.,0.,0.434774409441));
#6344 = DIRECTION('',(0.,0.,1.));
#6345 = DIRECTION('',(1.,0.,0.));
#6346 = PCURVE('',#6013,#6347);
#6347 = DEFINITIONAL_REPRESENTATION('',(#6348),#6352);
#6348 = LINE('',#6349,#6350);
#6349 = CARTESIAN_POINT('',(0.,-0.));
#6350 = VECTOR('',#6351,1.);
#6351 = DIRECTION('',(1.,-0.));
#6352 = ( GEOMETRIC_REPRESENTATION_CONTEXT(2) 
PARAMETRIC_REPRESENTATION_CONTEXT() REPRESENTATION_CONTEXT('2D SPACE',''
  ) );
#6353 = PCURVE('',#5563,#6354);
#6354 = DEFINITIONAL_REPRESENTATION('',(#6355),#6359);
#6355 = LINE('',#6356,#6357);
#6356 = CARTESIAN_POINT('',(0.,-2.484921597644));
#6357 = VECTOR('',#6358,1.);
#6358 = DIRECTION('',(1.,-0.));
#6359 = ( GEOMETRIC_REPRESENTATION_CONTEXT(2) 
PARAMETRIC_REPRESENTATION_CONTEXT() REPRESENTATION_CONTEXT('2D SPACE',''
  ) );
#6360 = ORIENTED_EDGE('',*,*,#6361,.T.);
#6361 = EDGE_CURVE('',#6338,#6362,#6364,.T.);
#6362 = VERTEX_POINT('',#6363);
#6363 = CARTESIAN_POINT('',(-0.571053084241,0.205,0.419745320208));
#6364 = SURFACE_CURVE('',#6365,(#6370,#6383),.PCURVE_S1.);
#6365 = HYPERBOLA('',#6366,0.141728948278,0.265102932234);
#6366 = AXIS2_PLACEMENT_3D('',#6367,#6368,#6369);
#6367 = CARTESIAN_POINT('',(-0.199690907093,-0.174851561885,
    0.104070796241));
#6368 = DIRECTION('',(0.749159152089,0.65597202071,9.198517753569E-02));
#6369 = DIRECTION('',(-6.920494050974E-02,-6.059660960249E-02,
    0.995760376353));
#6370 = PCURVE('',#6013,#6371);
#6371 = DEFINITIONAL_REPRESENTATION('',(#6372),#6382);
#6372 = B_SPLINE_CURVE_WITH_KNOTS('',8,(#6373,#6374,#6375,#6376,#6377,
    #6378,#6379,#6380,#6381),.UNSPECIFIED.,.F.,.F.,(9,9),(
    -1.495705589678,-0.572860752094),.PIECEWISE_BEZIER_KNOTS.);
#6373 = CARTESIAN_POINT('',(2.774848293877,4.225244065073E-16));
#6374 = CARTESIAN_POINT('',(2.823007520736,-3.450034230825E-02));
#6375 = CARTESIAN_POINT('',(2.87679080485,-6.397137608692E-02));
#6376 = CARTESIAN_POINT('',(2.936773760444,-8.911267094945E-02));
#6377 = CARTESIAN_POINT('',(3.003507082414,-0.110481028849));
#6378 = CARTESIAN_POINT('',(3.077431155954,-0.128520253081));
#6379 = CARTESIAN_POINT('',(3.158762755542,-0.143580860767));
#6380 = CARTESIAN_POINT('',(3.247183575413,-0.155933679383));
#6381 = CARTESIAN_POINT('',(3.3417985697,-0.165778330124));
#6382 = ( GEOMETRIC_REPRESENTATION_CONTEXT(2) 
PARAMETRIC_REPRESENTATION_CONTEXT() REPRESENTATION_CONTEXT('2D SPACE',''
  ) );
#6383 = PCURVE('',#5607,#6384);
#6384 = DEFINITIONAL_REPRESENTATION('',(#6385),#6389);
#6385 = ( BOUNDED_CURVE() B_SPLINE_CURVE(2,(#6386,#6387,#6388),
.UNSPECIFIED.,.F.,.F.) B_SPLINE_CURVE_WITH_KNOTS((3,3),(-1.495705589678,
-0.835122811202),.PIECEWISE_BEZIER_KNOTS.) CURVE() 
GEOMETRIC_REPRESENTATION_ITEM() RATIONAL_B_SPLINE_CURVE((1.,
1.055043888988,1.)) REPRESENTATION_ITEM('') );
#6386 = CARTESIAN_POINT('',(1.662601965332,1.454810904985));
#6387 = CARTESIAN_POINT('',(1.860633633467,1.550557743508));
#6388 = CARTESIAN_POINT('',(1.976366896134,1.592830539905));
#6389 = ( GEOMETRIC_REPRESENTATION_CONTEXT(2) 
PARAMETRIC_REPRESENTATION_CONTEXT() REPRESENTATION_CONTEXT('2D SPACE',''
  ) );
#6390 = ORIENTED_EDGE('',*,*,#6391,.T.);
#6391 = EDGE_CURVE('',#6362,#6392,#6394,.T.);
#6392 = VERTEX_POINT('',#6393);
#6393 = CARTESIAN_POINT('',(-0.485,0.,0.355017994691));
#6394 = SURFACE_CURVE('',#6395,(#6400,#6413),.PCURVE_S1.);
#6395 = HYPERBOLA('',#6396,0.227573048438,0.424420802616);
#6396 = AXIS2_PLACEMENT_3D('',#6397,#6398,#6399);
#6397 = CARTESIAN_POINT('',(-0.397349529709,-0.151391271767,
    0.110932125399));
#6398 = DIRECTION('',(0.928380992663,0.353715730496,0.113990852535));
#6399 = DIRECTION('',(-0.106521267833,-4.058489818597E-02,0.993481799299
    ));
#6400 = PCURVE('',#6013,#6401);
#6401 = DEFINITIONAL_REPRESENTATION('',(#6402),#6412);
#6402 = B_SPLINE_CURVE_WITH_KNOTS('',8,(#6403,#6404,#6405,#6406,#6407,
    #6408,#6409,#6410,#6411),.UNSPECIFIED.,.F.,.F.,(9,9),(
    -0.899294045557,-0.287817014804),.PIECEWISE_BEZIER_KNOTS.);
#6403 = CARTESIAN_POINT('',(2.750426446648,4.741662784137E-16));
#6404 = CARTESIAN_POINT('',(2.801513764005,-1.772183984163E-02));
#6405 = CARTESIAN_POINT('',(2.855665617998,-3.328143009757E-02));
#6406 = CARTESIAN_POINT('',(2.912874782889,-4.683653907423E-02));
#6407 = CARTESIAN_POINT('',(2.973060178381,-5.851798603762E-02));
#6408 = CARTESIAN_POINT('',(3.036045898394,-6.843259031846E-02));
#6409 = CARTESIAN_POINT('',(3.101537650878,-7.666528224233E-02));
#6410 = CARTESIAN_POINT('',(3.16912424469,-8.328055395812E-02));
#6411 = CARTESIAN_POINT('',(3.238310157071,-8.832329838115E-02));
#6412 = ( GEOMETRIC_REPRESENTATION_CONTEXT(2) 
PARAMETRIC_REPRESENTATION_CONTEXT() REPRESENTATION_CONTEXT('2D SPACE',''
  ) );
#6413 = PCURVE('',#5642,#6414);
#6414 = DEFINITIONAL_REPRESENTATION('',(#6415),#6419);
#6415 = ( BOUNDED_CURVE() B_SPLINE_CURVE(2,(#6416,#6417,#6418),
.UNSPECIFIED.,.F.,.F.) B_SPLINE_CURVE_WITH_KNOTS((3,3),(-0.899294045557,
-0.396392373975),.PIECEWISE_BEZIER_KNOTS.) CURVE() 
GEOMETRIC_REPRESENTATION_ITEM() RATIONAL_B_SPLINE_CURVE((1.,
1.031780684522,1.)) REPRESENTATION_ITEM('') );
#6416 = CARTESIAN_POINT('',(-8.606532546521E-02,1.458147552669));
#6417 = CARTESIAN_POINT('',(6.365546721501E-02,1.515624193069));
#6418 = CARTESIAN_POINT('',(0.176502774788,1.538427246576));
#6419 = ( GEOMETRIC_REPRESENTATION_CONTEXT(2) 
PARAMETRIC_REPRESENTATION_CONTEXT() REPRESENTATION_CONTEXT('2D SPACE',''
  ) );
#6420 = ORIENTED_EDGE('',*,*,#6421,.T.);
#6421 = EDGE_CURVE('',#6392,#6422,#6424,.T.);
#6422 = VERTEX_POINT('',#6423);
#6423 = CARTESIAN_POINT('',(-0.571053084241,-0.205,0.419745320208));
#6424 = SURFACE_CURVE('',#6425,(#6430,#6443),.PCURVE_S1.);
#6425 = HYPERBOLA('',#6426,0.227573048438,0.424420802616);
#6426 = AXIS2_PLACEMENT_3D('',#6427,#6428,#6429);
#6427 = CARTESIAN_POINT('',(-0.397349529709,0.151391271767,
    0.110932125399));
#6428 = DIRECTION('',(0.928380992663,-0.353715730496,0.113990852535));
#6429 = DIRECTION('',(-0.106521267833,4.058489818597E-02,0.993481799299)
  );
#6430 = PCURVE('',#6013,#6431);
#6431 = DEFINITIONAL_REPRESENTATION('',(#6432),#6442);
#6432 = B_SPLINE_CURVE_WITH_KNOTS('',8,(#6433,#6434,#6435,#6436,#6437,
    #6438,#6439,#6440,#6441),.UNSPECIFIED.,.F.,.F.,(9,9),(0.287817014804
    ,0.899294045557),.PIECEWISE_BEZIER_KNOTS.);
#6433 = CARTESIAN_POINT('',(3.044875150109,-8.832329838115E-02));
#6434 = CARTESIAN_POINT('',(3.114061062489,-8.328055395812E-02));
#6435 = CARTESIAN_POINT('',(3.181647656292,-7.666528224232E-02));
#6436 = CARTESIAN_POINT('',(3.247139408795,-6.843259031846E-02));
#6437 = CARTESIAN_POINT('',(3.310125128764,-5.851798603751E-02));
#6438 = CARTESIAN_POINT('',(3.370310524291,-4.683653907426E-02));
#6439 = CARTESIAN_POINT('',(3.427519689172,-3.328143009756E-02));
#6440 = CARTESIAN_POINT('',(3.481671543175,-1.772183984163E-02));
#6441 = CARTESIAN_POINT('',(3.532758860532,6.150077472495E-16));
#6442 = ( GEOMETRIC_REPRESENTATION_CONTEXT(2) 
PARAMETRIC_REPRESENTATION_CONTEXT() REPRESENTATION_CONTEXT('2D SPACE',''
  ) );
#6443 = PCURVE('',#5677,#6444);
#6444 = DEFINITIONAL_REPRESENTATION('',(#6445),#6449);
#6445 = ( BOUNDED_CURVE() B_SPLINE_CURVE(2,(#6446,#6447,#6448),
.UNSPECIFIED.,.F.,.F.) B_SPLINE_CURVE_WITH_KNOTS((3,3),(0.396392373975,
0.899294045557),.PIECEWISE_BEZIER_KNOTS.) CURVE() 
GEOMETRIC_REPRESENTATION_ITEM() RATIONAL_B_SPLINE_CURVE((1.,
1.031780684522,1.)) REPRESENTATION_ITEM('') );
#6446 = CARTESIAN_POINT('',(-0.176502774788,1.538427246576));
#6447 = CARTESIAN_POINT('',(-6.365546721501E-02,1.515624193069));
#6448 = CARTESIAN_POINT('',(8.606532546521E-02,1.458147552669));
#6449 = ( GEOMETRIC_REPRESENTATION_CONTEXT(2) 
PARAMETRIC_REPRESENTATION_CONTEXT() REPRESENTATION_CONTEXT('2D SPACE',''
  ) );
#6450 = ORIENTED_EDGE('',*,*,#6451,.T.);
#6451 = EDGE_CURVE('',#6422,#6452,#6454,.T.);
#6452 = VERTEX_POINT('',#6453);
#6453 = CARTESIAN_POINT('',(-0.592772304636,-0.227697156013,
    0.434774409441));
#6454 = SURFACE_CURVE('',#6455,(#6460,#6473),.PCURVE_S1.);
#6455 = HYPERBOLA('',#6456,0.141728948278,0.265102932234);
#6456 = AXIS2_PLACEMENT_3D('',#6457,#6458,#6459);
#6457 = CARTESIAN_POINT('',(-0.199690907093,0.174851561885,
    0.104070796241));
#6458 = DIRECTION('',(0.749159152089,-0.65597202071,9.198517753569E-02)
  );
#6459 = DIRECTION('',(-6.920494050974E-02,6.059660960249E-02,
    0.995760376353));
#6460 = PCURVE('',#6013,#6461);
#6461 = DEFINITIONAL_REPRESENTATION('',(#6462),#6472);
#6462 = B_SPLINE_CURVE_WITH_KNOTS('',8,(#6463,#6464,#6465,#6466,#6467,
    #6468,#6469,#6470,#6471),.UNSPECIFIED.,.F.,.F.,(9,9),(0.572860752094
    ,1.495705589678),.PIECEWISE_BEZIER_KNOTS.);
#6463 = CARTESIAN_POINT('',(2.941386737479,-0.165778330124));
#6464 = CARTESIAN_POINT('',(3.036001731767,-0.155933679383));
#6465 = CARTESIAN_POINT('',(3.124422551633,-0.143580860767));
#6466 = CARTESIAN_POINT('',(3.205754151235,-0.128520253081));
#6467 = CARTESIAN_POINT('',(3.279678224762,-0.110481028849));
#6468 = CARTESIAN_POINT('',(3.346411546747,-8.911267094907E-02));
#6469 = CARTESIAN_POINT('',(3.406394502329,-6.397137608692E-02));
#6470 = CARTESIAN_POINT('',(3.460177786444,-3.450034230825E-02));
#6471 = CARTESIAN_POINT('',(3.508337013302,3.755772502287E-16));
#6472 = ( GEOMETRIC_REPRESENTATION_CONTEXT(2) 
PARAMETRIC_REPRESENTATION_CONTEXT() REPRESENTATION_CONTEXT('2D SPACE',''
  ) );
#6473 = PCURVE('',#5721,#6474);
#6474 = DEFINITIONAL_REPRESENTATION('',(#6475),#6479);
#6475 = ( BOUNDED_CURVE() B_SPLINE_CURVE(2,(#6476,#6477,#6478),
.UNSPECIFIED.,.F.,.F.) B_SPLINE_CURVE_WITH_KNOTS((3,3),(0.835122811202,
1.495705589678),.PIECEWISE_BEZIER_KNOTS.) CURVE() 
GEOMETRIC_REPRESENTATION_ITEM() RATIONAL_B_SPLINE_CURVE((1.,
1.055043888988,1.)) REPRESENTATION_ITEM('') );
#6476 = CARTESIAN_POINT('',(-1.976366896134,1.592830539905));
#6477 = CARTESIAN_POINT('',(-1.860633633467,1.550557743508));
#6478 = CARTESIAN_POINT('',(-1.662601965332,1.454810904985));
#6479 = ( GEOMETRIC_REPRESENTATION_CONTEXT(2) 
PARAMETRIC_REPRESENTATION_CONTEXT() REPRESENTATION_CONTEXT('2D SPACE',''
  ) );
#6480 = ORIENTED_EDGE('',*,*,#6481,.T.);
#6481 = EDGE_CURVE('',#6452,#6482,#6484,.T.);
#6482 = VERTEX_POINT('',#6483);
#6483 = CARTESIAN_POINT('',(-0.227697156013,-0.592772304636,
    0.434774409441));
#6484 = SURFACE_CURVE('',#6485,(#6490,#6497),.PCURVE_S1.);
#6485 = CIRCLE('',#6486,0.635);
#6486 = AXIS2_PLACEMENT_3D('',#6487,#6488,#6489);
#6487 = CARTESIAN_POINT('',(0.,0.,0.434774409441));
#6488 = DIRECTION('',(0.,0.,1.));
#6489 = DIRECTION('',(1.,0.,0.));
#6490 = PCURVE('',#6013,#6491);
#6491 = DEFINITIONAL_REPRESENTATION('',(#6492),#6496);
#6492 = LINE('',#6493,#6494);
#6493 = CARTESIAN_POINT('',(0.,-0.));
#6494 = VECTOR('',#6495,1.);
#6495 = DIRECTION('',(1.,-0.));
#6496 = ( GEOMETRIC_REPRESENTATION_CONTEXT(2) 
PARAMETRIC_REPRESENTATION_CONTEXT() REPRESENTATION_CONTEXT('2D SPACE',''
  ) );
#6497 = PCURVE('',#5750,#6498);
#6498 = DEFINITIONAL_REPRESENTATION('',(#6499),#6503);
#6499 = LINE('',#6500,#6501);
#6500 = CARTESIAN_POINT('',(0.,-2.484921597644));
#6501 = VECTOR('',#6502,1.);
#6502 = DIRECTION('',(1.,-0.));
#6503 = ( GEOMETRIC_REPRESENTATION_CONTEXT(2) 
PARAMETRIC_REPRESENTATION_CONTEXT() REPRESENTATION_CONTEXT('2D SPACE',''
  ) );
#6504 = ORIENTED_EDGE('',*,*,#6505,.T.);
#6505 = EDGE_CURVE('',#6482,#6506,#6508,.T.);
#6506 = VERTEX_POINT('',#6507);
#6507 = CARTESIAN_POINT('',(-0.205,-0.571053084241,0.419745320208));
#6508 = SURFACE_CURVE('',#6509,(#6514,#6527),.PCURVE_S1.);
#6509 = HYPERBOLA('',#6510,0.141728948278,0.265102932234);
#6510 = AXIS2_PLACEMENT_3D('',#6511,#6512,#6513);
#6511 = CARTESIAN_POINT('',(0.174851561885,-0.199690907093,
    0.104070796241));
#6512 = DIRECTION('',(-0.65597202071,0.749159152089,9.198517753569E-02)
  );
#6513 = DIRECTION('',(6.059660960249E-02,-6.920494050974E-02,
    0.995760376353));
#6514 = PCURVE('',#6013,#6515);
#6515 = DEFINITIONAL_REPRESENTATION('',(#6516),#6526);
#6516 = B_SPLINE_CURVE_WITH_KNOTS('',8,(#6517,#6518,#6519,#6520,#6521,
    #6522,#6523,#6524,#6525),.UNSPECIFIED.,.F.,.F.,(9,9),(
    -1.495705589678,-0.572860752094),.PIECEWISE_BEZIER_KNOTS.);
#6517 = CARTESIAN_POINT('',(4.345644620672,1.877886251144E-16));
#6518 = CARTESIAN_POINT('',(4.393803847531,-3.450034230825E-02));
#6519 = CARTESIAN_POINT('',(4.447587131644,-6.397137608688E-02));
#6520 = CARTESIAN_POINT('',(4.507570087244,-8.911267094897E-02));
#6521 = CARTESIAN_POINT('',(4.574303409219,-0.110481028849));
#6522 = CARTESIAN_POINT('',(4.648227482754,-0.128520253081));
#6523 = CARTESIAN_POINT('',(4.729559082338,-0.143580860767));
#6524 = CARTESIAN_POINT('',(4.817979902208,-0.155933679383));
#6525 = CARTESIAN_POINT('',(4.912594896495,-0.165778330124));
#6526 = ( GEOMETRIC_REPRESENTATION_CONTEXT(2) 
PARAMETRIC_REPRESENTATION_CONTEXT() REPRESENTATION_CONTEXT('2D SPACE',''
  ) );
#6527 = PCURVE('',#5794,#6528);
#6528 = DEFINITIONAL_REPRESENTATION('',(#6529),#6533);
#6529 = ( BOUNDED_CURVE() B_SPLINE_CURVE(2,(#6530,#6531,#6532),
.UNSPECIFIED.,.F.,.F.) B_SPLINE_CURVE_WITH_KNOTS((3,3),(-1.495705589678,
-0.835122811202),.PIECEWISE_BEZIER_KNOTS.) CURVE() 
GEOMETRIC_REPRESENTATION_ITEM() RATIONAL_B_SPLINE_CURVE((1.,
1.055043888988,1.)) REPRESENTATION_ITEM('') );
#6530 = CARTESIAN_POINT('',(1.662601965332,1.454810904985));
#6531 = CARTESIAN_POINT('',(1.860633633467,1.550557743508));
#6532 = CARTESIAN_POINT('',(1.976366896134,1.592830539905));
#6533 = ( GEOMETRIC_REPRESENTATION_CONTEXT(2) 
PARAMETRIC_REPRESENTATION_CONTEXT() REPRESENTATION_CONTEXT('2D SPACE',''
  ) );
#6534 = ORIENTED_EDGE('',*,*,#6535,.T.);
#6535 = EDGE_CURVE('',#6506,#5995,#6536,.T.);
#6536 = SURFACE_CURVE('',#6537,(#6542,#6555),.PCURVE_S1.);
#6537 = HYPERBOLA('',#6538,0.227573048438,0.424420802616);
#6538 = AXIS2_PLACEMENT_3D('',#6539,#6540,#6541);
#6539 = CARTESIAN_POINT('',(0.151391271767,-0.397349529709,
    0.110932125399));
#6540 = DIRECTION('',(-0.353715730496,0.928380992663,0.113990852535));
#6541 = DIRECTION('',(4.058489818597E-02,-0.106521267833,0.993481799299)
  );
#6542 = PCURVE('',#6013,#6543);
#6543 = DEFINITIONAL_REPRESENTATION('',(#6544),#6554);
#6544 = B_SPLINE_CURVE_WITH_KNOTS('',8,(#6545,#6546,#6547,#6548,#6549,
    #6550,#6551,#6552,#6553),.UNSPECIFIED.,.F.,.F.,(9,9),(
    -0.899294045557,-0.287817014804),.PIECEWISE_BEZIER_KNOTS.);
#6545 = CARTESIAN_POINT('',(4.321222773443,1.408414688358E-16));
#6546 = CARTESIAN_POINT('',(4.3723100908,-1.772183984163E-02));
#6547 = CARTESIAN_POINT('',(4.426461944793,-3.328143009761E-02));
#6548 = CARTESIAN_POINT('',(4.483671109701,-4.683653907418E-02));
#6549 = CARTESIAN_POINT('',(4.543856505152,-5.851798603799E-02));
#6550 = CARTESIAN_POINT('',(4.60684222519,-6.843259031822E-02));
#6551 = CARTESIAN_POINT('',(4.672333977673,-7.666528224238E-02));
#6552 = CARTESIAN_POINT('',(4.739920571485,-8.328055395812E-02));
#6553 = CARTESIAN_POINT('',(4.809106483866,-8.832329838115E-02));
#6554 = ( GEOMETRIC_REPRESENTATION_CONTEXT(2) 
PARAMETRIC_REPRESENTATION_CONTEXT() REPRESENTATION_CONTEXT('2D SPACE',''
  ) );
#6555 = PCURVE('',#5829,#6556);
#6556 = DEFINITIONAL_REPRESENTATION('',(#6557),#6561);
#6557 = ( BOUNDED_CURVE() B_SPLINE_CURVE(2,(#6558,#6559,#6560),
.UNSPECIFIED.,.F.,.F.) B_SPLINE_CURVE_WITH_KNOTS((3,3),(-0.899294045557,
-0.396392373975),.PIECEWISE_BEZIER_KNOTS.) CURVE() 
GEOMETRIC_REPRESENTATION_ITEM() RATIONAL_B_SPLINE_CURVE((1.,
1.031780684522,1.)) REPRESENTATION_ITEM('') );
#6558 = CARTESIAN_POINT('',(-8.606532546521E-02,1.458147552669));
#6559 = CARTESIAN_POINT('',(6.365546721501E-02,1.515624193069));
#6560 = CARTESIAN_POINT('',(0.176502774788,1.538427246576));
#6561 = ( GEOMETRIC_REPRESENTATION_CONTEXT(2) 
PARAMETRIC_REPRESENTATION_CONTEXT() REPRESENTATION_CONTEXT('2D SPACE',''
  ) );
#6562 = ORIENTED_EDGE('',*,*,#5994,.T.);
#6563 = ORIENTED_EDGE('',*,*,#6564,.T.);
#6564 = EDGE_CURVE('',#5997,#6565,#6567,.T.);
#6565 = VERTEX_POINT('',#6566);
#6566 = CARTESIAN_POINT('',(0.227697156013,-0.592772304636,
    0.434774409441));
#6567 = SURFACE_CURVE('',#6568,(#6573,#6586),.PCURVE_S1.);
#6568 = HYPERBOLA('',#6569,0.141728948278,0.265102932234);
#6569 = AXIS2_PLACEMENT_3D('',#6570,#6571,#6572);
#6570 = CARTESIAN_POINT('',(-0.174851561885,-0.199690907093,
    0.104070796241));
#6571 = DIRECTION('',(0.65597202071,0.749159152089,9.198517753569E-02));
#6572 = DIRECTION('',(-6.059660960249E-02,-6.920494050974E-02,
    0.995760376353));
#6573 = PCURVE('',#6013,#6574);
#6574 = DEFINITIONAL_REPRESENTATION('',(#6575),#6585);
#6575 = B_SPLINE_CURVE_WITH_KNOTS('',8,(#6576,#6577,#6578,#6579,#6580,
    #6581,#6582,#6583,#6584),.UNSPECIFIED.,.F.,.F.,(9,9),(0.572860752094
    ,1.495705589678),.PIECEWISE_BEZIER_KNOTS.);
#6576 = CARTESIAN_POINT('',(4.512183064274,-0.165778330124));
#6577 = CARTESIAN_POINT('',(4.606798058562,-0.155933679383));
#6578 = CARTESIAN_POINT('',(4.695218878427,-0.143580860767));
#6579 = CARTESIAN_POINT('',(4.776550478016,-0.128520253081));
#6580 = CARTESIAN_POINT('',(4.850474551549,-0.110481028849));
#6581 = CARTESIAN_POINT('',(4.917207873528,-8.911267094907E-02));
#6582 = CARTESIAN_POINT('',(4.977190829119,-6.397137608684E-02));
#6583 = CARTESIAN_POINT('',(5.030974113239,-3.450034230825E-02));
#6584 = CARTESIAN_POINT('',(5.079133340097,2.863776532994E-16));
#6585 = ( GEOMETRIC_REPRESENTATION_CONTEXT(2) 
PARAMETRIC_REPRESENTATION_CONTEXT() REPRESENTATION_CONTEXT('2D SPACE',''
  ) );
#6586 = PCURVE('',#5908,#6587);
#6587 = DEFINITIONAL_REPRESENTATION('',(#6588),#6592);
#6588 = ( BOUNDED_CURVE() B_SPLINE_CURVE(2,(#6589,#6590,#6591),
.UNSPECIFIED.,.F.,.F.) B_SPLINE_CURVE_WITH_KNOTS((3,3),(0.835122811202,
1.495705589678),.PIECEWISE_BEZIER_KNOTS.) CURVE() 
GEOMETRIC_REPRESENTATION_ITEM() RATIONAL_B_SPLINE_CURVE((1.,
1.055043888988,1.)) REPRESENTATION_ITEM('') );
#6589 = CARTESIAN_POINT('',(-1.976366896134,1.592830539905));
#6590 = CARTESIAN_POINT('',(-1.860633633467,1.550557743508));
#6591 = CARTESIAN_POINT('',(-1.662601965332,1.454810904985));
#6592 = ( GEOMETRIC_REPRESENTATION_CONTEXT(2) 
PARAMETRIC_REPRESENTATION_CONTEXT() REPRESENTATION_CONTEXT('2D SPACE',''
  ) );
#6593 = ORIENTED_EDGE('',*,*,#6594,.T.);
#6594 = EDGE_CURVE('',#6565,#6595,#6597,.T.);
#6595 = VERTEX_POINT('',#6596);
#6596 = CARTESIAN_POINT('',(0.592772304636,-0.227697156013,
    0.434774409441));
#6597 = SURFACE_CURVE('',#6598,(#6603,#6610),.PCURVE_S1.);
#6598 = CIRCLE('',#6599,0.635);
#6599 = AXIS2_PLACEMENT_3D('',#6600,#6601,#6602);
#6600 = CARTESIAN_POINT('',(0.,0.,0.434774409441));
#6601 = DIRECTION('',(0.,0.,1.));
#6602 = DIRECTION('',(1.,0.,0.));
#6603 = PCURVE('',#6013,#6604);
#6604 = DEFINITIONAL_REPRESENTATION('',(#6605),#6609);
#6605 = LINE('',#6606,#6607);
#6606 = CARTESIAN_POINT('',(0.,-0.));
#6607 = VECTOR('',#6608,1.);
#6608 = DIRECTION('',(1.,-0.));
#6609 = ( GEOMETRIC_REPRESENTATION_CONTEXT(2) 
PARAMETRIC_REPRESENTATION_CONTEXT() REPRESENTATION_CONTEXT('2D SPACE',''
  ) );
#6610 = PCURVE('',#5937,#6611);
#6611 = DEFINITIONAL_REPRESENTATION('',(#6612),#6616);
#6612 = LINE('',#6613,#6614);
#6613 = CARTESIAN_POINT('',(0.,-2.484921597644));
#6614 = VECTOR('',#6615,1.);
#6615 = DIRECTION('',(1.,-0.));
#6616 = ( GEOMETRIC_REPRESENTATION_CONTEXT(2) 
PARAMETRIC_REPRESENTATION_CONTEXT() REPRESENTATION_CONTEXT('2D SPACE',''
  ) );
#6617 = ORIENTED_EDGE('',*,*,#6618,.T.);
#6618 = EDGE_CURVE('',#6595,#6078,#6619,.T.);
#6619 = SURFACE_CURVE('',#6620,(#6625,#6638),.PCURVE_S1.);
#6620 = HYPERBOLA('',#6621,0.141728948278,0.265102932234);
#6621 = AXIS2_PLACEMENT_3D('',#6622,#6623,#6624);
#6622 = CARTESIAN_POINT('',(0.199690907093,0.174851561885,0.104070796241
    ));
#6623 = DIRECTION('',(-0.749159152089,-0.65597202071,9.198517753569E-02)
  );
#6624 = DIRECTION('',(6.920494050974E-02,6.059660960249E-02,
    0.995760376353));
#6625 = PCURVE('',#6013,#6626);
#6626 = DEFINITIONAL_REPRESENTATION('',(#6627),#6637);
#6627 = B_SPLINE_CURVE_WITH_KNOTS('',8,(#6628,#6629,#6630,#6631,#6632,
    #6633,#6634,#6635,#6636),.UNSPECIFIED.,.F.,.F.,(9,9),(
    -1.495705589678,-0.835122811202),.PIECEWISE_BEZIER_KNOTS.);
#6628 = CARTESIAN_POINT('',(5.916440947467,1.455361844636E-16));
#6629 = CARTESIAN_POINT('',(5.950913867065,-2.469573546084E-02));
#6630 = CARTESIAN_POINT('',(5.988268457356,-4.681452439508E-02));
#6631 = CARTESIAN_POINT('',(6.028715943772,-6.661294933304E-02));
#6632 = CARTESIAN_POINT('',(6.072460617423,-8.431010970349E-02));
#6633 = CARTESIAN_POINT('',(6.119684872876,-0.100093218943));
#6634 = CARTESIAN_POINT('',(6.17052798331,-0.114121842783));
#6635 = CARTESIAN_POINT('',(6.225047332095,-0.126531170113));
#6636 = CARTESIAN_POINT('',(6.28318530718,-0.137434483612));
#6637 = ( GEOMETRIC_REPRESENTATION_CONTEXT(2) 
PARAMETRIC_REPRESENTATION_CONTEXT() REPRESENTATION_CONTEXT('2D SPACE',''
  ) );
#6638 = PCURVE('',#5979,#6639);
#6639 = DEFINITIONAL_REPRESENTATION('',(#6640),#6644);
#6640 = ( BOUNDED_CURVE() B_SPLINE_CURVE(2,(#6641,#6642,#6643),
.UNSPECIFIED.,.F.,.F.) B_SPLINE_CURVE_WITH_KNOTS((3,3),(-1.495705589678,
-0.835122811202),.PIECEWISE_BEZIER_KNOTS.) CURVE() 
GEOMETRIC_REPRESENTATION_ITEM() RATIONAL_B_SPLINE_CURVE((1.,
1.055043888988,1.)) REPRESENTATION_ITEM('') );
#6641 = CARTESIAN_POINT('',(1.662601965332,1.454810904985));
#6642 = CARTESIAN_POINT('',(1.860633633467,1.550557743508));
#6643 = CARTESIAN_POINT('',(1.976366896134,1.592830539905));
#6644 = ( GEOMETRIC_REPRESENTATION_CONTEXT(2) 
PARAMETRIC_REPRESENTATION_CONTEXT() REPRESENTATION_CONTEXT('2D SPACE',''
  ) );
#6645 = ADVANCED_FACE('',(#6646),#5908,.T.);
#6646 = FACE_BOUND('',#6647,.T.);
#6647 = EDGE_LOOP('',(#6648,#6649,#6650,#6678));
#6648 = ORIENTED_EDGE('',*,*,#6053,.F.);
#6649 = ORIENTED_EDGE('',*,*,#5876,.T.);
#6650 = ORIENTED_EDGE('',*,*,#6651,.F.);
#6651 = EDGE_CURVE('',#6565,#5877,#6652,.T.);
#6652 = SURFACE_CURVE('',#6653,(#6658,#6665),.PCURVE_S1.);
#6653 = HYPERBOLA('',#6654,0.371946352015,0.181462181976);
#6654 = AXIS2_PLACEMENT_3D('',#6655,#6656,#6657);
#6655 = CARTESIAN_POINT('',(-0.121647131719,-0.138928276169,
    -0.770216787731));
#6656 = DIRECTION('',(0.65597202071,0.749159152089,9.198517753569E-02));
#6657 = DIRECTION('',(-6.059660960249E-02,-6.920494050974E-02,
    0.995760376353));
#6658 = PCURVE('',#5908,#6659);
#6659 = DEFINITIONAL_REPRESENTATION('',(#6660),#6664);
#6660 = ( BOUNDED_CURVE() B_SPLINE_CURVE(2,(#6661,#6662,#6663),
.UNSPECIFIED.,.F.,.F.) B_SPLINE_CURVE_WITH_KNOTS((3,3),(1.848372210415,
2.989476012915),.PIECEWISE_BEZIER_KNOTS.) CURVE() 
GEOMETRIC_REPRESENTATION_ITEM() RATIONAL_B_SPLINE_CURVE((1.,
1.167228320098,1.)) REPRESENTATION_ITEM('') );
#6661 = CARTESIAN_POINT('',(-1.662601965332,1.454810904985));
#6662 = CARTESIAN_POINT('',(-1.358102671592,0.860886137787));
#6663 = CARTESIAN_POINT('',(-0.425667776949,-1.040690680192));
#6664 = ( GEOMETRIC_REPRESENTATION_CONTEXT(2) 
PARAMETRIC_REPRESENTATION_CONTEXT() REPRESENTATION_CONTEXT('2D SPACE',''
  ) );
#6665 = PCURVE('',#5937,#6666);
#6666 = DEFINITIONAL_REPRESENTATION('',(#6667),#6677);
#6667 = B_SPLINE_CURVE_WITH_KNOTS('',8,(#6668,#6669,#6670,#6671,#6672,
    #6673,#6674,#6675,#6676),.UNSPECIFIED.,.F.,.F.,(9,9),(1.848372210415
    ,2.989476012915),.PIECEWISE_BEZIER_KNOTS.);
#6668 = CARTESIAN_POINT('',(5.079133340097,-2.484921597644));
#6669 = CARTESIAN_POINT('',(5.119894597157,-2.32136426796));
#6670 = CARTESIAN_POINT('',(5.154673493286,-2.129788349019));
#6671 = CARTESIAN_POINT('',(5.18432314752,-1.905123169398));
#6672 = CARTESIAN_POINT('',(5.209647841559,-1.641081601326));
#6673 = CARTESIAN_POINT('',(5.231327822094,-1.329831301187));
#6674 = CARTESIAN_POINT('',(5.249935608978,-0.961529118448));
#6675 = CARTESIAN_POINT('',(5.265947256338,-0.523663675461));
#6676 = CARTESIAN_POINT('',(5.279759571906,8.94934361602E-17));
#6677 = ( GEOMETRIC_REPRESENTATION_CONTEXT(2) 
PARAMETRIC_REPRESENTATION_CONTEXT() REPRESENTATION_CONTEXT('2D SPACE',''
  ) );
#6678 = ORIENTED_EDGE('',*,*,#6564,.F.);
#6679 = ADVANCED_FACE('',(#6680),#5829,.T.);
#6680 = FACE_BOUND('',#6681,.T.);
#6681 = EDGE_LOOP('',(#6682,#6703,#6704,#6705));
#6682 = ORIENTED_EDGE('',*,*,#6683,.F.);
#6683 = EDGE_CURVE('',#5763,#6506,#6684,.T.);
#6684 = SURFACE_CURVE('',#6685,(#6689,#6696),.PCURVE_S1.);
#6685 = LINE('',#6686,#6687);
#6686 = CARTESIAN_POINT('',(-0.205,-0.970096852285,3.669696007085));
#6687 = VECTOR('',#6688,1.);
#6688 = DIRECTION('',(0.,0.121869343405,-0.992546151641));
#6689 = PCURVE('',#5829,#6690);
#6690 = DEFINITIONAL_REPRESENTATION('',(#6691),#6695);
#6691 = LINE('',#6692,#6693);
#6692 = CARTESIAN_POINT('',(-0.187776159379,-1.797998256873));
#6693 = VECTOR('',#6694,1.);
#6694 = DIRECTION('',(4.338992808727E-02,0.999058213589));
#6695 = ( GEOMETRIC_REPRESENTATION_CONTEXT(2) 
PARAMETRIC_REPRESENTATION_CONTEXT() REPRESENTATION_CONTEXT('2D SPACE',''
  ) );
#6696 = PCURVE('',#5794,#6697);
#6697 = DEFINITIONAL_REPRESENTATION('',(#6698),#6702);
#6698 = LINE('',#6699,#6700);
#6699 = CARTESIAN_POINT('',(1.431109962531,-1.793883936131));
#6700 = VECTOR('',#6701,1.);
#6701 = DIRECTION('',(8.028325022222E-02,0.996772090166));
#6702 = ( GEOMETRIC_REPRESENTATION_CONTEXT(2) 
PARAMETRIC_REPRESENTATION_CONTEXT() REPRESENTATION_CONTEXT('2D SPACE',''
  ) );
#6703 = ORIENTED_EDGE('',*,*,#5806,.T.);
#6704 = ORIENTED_EDGE('',*,*,#6031,.T.);
#6705 = ORIENTED_EDGE('',*,*,#6535,.F.);
#6706 = ADVANCED_FACE('',(#6707),#5244,.T.);
#6707 = FACE_BOUND('',#6708,.T.);
#6708 = EDGE_LOOP('',(#6709,#6730,#6731,#6752));
#6709 = ORIENTED_EDGE('',*,*,#6710,.F.);
#6710 = EDGE_CURVE('',#5220,#6078,#6711,.T.);
#6711 = SURFACE_CURVE('',#6712,(#6716,#6723),.PCURVE_S1.);
#6712 = LINE('',#6713,#6714);
#6713 = CARTESIAN_POINT('',(0.970096852285,-0.205,3.669696007085));
#6714 = VECTOR('',#6715,1.);
#6715 = DIRECTION('',(-0.121869343405,0.,-0.992546151641));
#6716 = PCURVE('',#5244,#6717);
#6717 = DEFINITIONAL_REPRESENTATION('',(#6718),#6722);
#6718 = LINE('',#6719,#6720);
#6719 = CARTESIAN_POINT('',(-0.187776159379,-1.797998256873));
#6720 = VECTOR('',#6721,1.);
#6721 = DIRECTION('',(4.338992808727E-02,0.999058213589));
#6722 = ( GEOMETRIC_REPRESENTATION_CONTEXT(2) 
PARAMETRIC_REPRESENTATION_CONTEXT() REPRESENTATION_CONTEXT('2D SPACE',''
  ) );
#6723 = PCURVE('',#5979,#6724);
#6724 = DEFINITIONAL_REPRESENTATION('',(#6725),#6729);
#6725 = LINE('',#6726,#6727);
#6726 = CARTESIAN_POINT('',(1.431109962531,-1.793883936131));
#6727 = VECTOR('',#6728,1.);
#6728 = DIRECTION('',(8.028325022222E-02,0.996772090166));
#6729 = ( GEOMETRIC_REPRESENTATION_CONTEXT(2) 
PARAMETRIC_REPRESENTATION_CONTEXT() REPRESENTATION_CONTEXT('2D SPACE',''
  ) );
#6730 = ORIENTED_EDGE('',*,*,#5219,.T.);
#6731 = ORIENTED_EDGE('',*,*,#6732,.T.);
#6732 = EDGE_CURVE('',#5222,#6080,#6733,.T.);
#6733 = SURFACE_CURVE('',#6734,(#6738,#6745),.PCURVE_S1.);
#6734 = LINE('',#6735,#6736);
#6735 = CARTESIAN_POINT('',(0.891991284286,0.,3.669696007085));
#6736 = VECTOR('',#6737,1.);
#6737 = DIRECTION('',(-0.121869343405,0.,-0.992546151641));
#6738 = PCURVE('',#5244,#6739);
#6739 = DEFINITIONAL_REPRESENTATION('',(#6740),#6744);
#6740 = LINE('',#6741,#6742);
#6741 = CARTESIAN_POINT('',(3.159904376042E-02,-1.797998256873));
#6742 = VECTOR('',#6743,1.);
#6743 = DIRECTION('',(4.338992808727E-02,0.999058213589));
#6744 = ( GEOMETRIC_REPRESENTATION_CONTEXT(2) 
PARAMETRIC_REPRESENTATION_CONTEXT() REPRESENTATION_CONTEXT('2D SPACE',''
  ) );
#6745 = PCURVE('',#5303,#6746);
#6746 = DEFINITIONAL_REPRESENTATION('',(#6747),#6751);
#6747 = LINE('',#6748,#6749);
#6748 = CARTESIAN_POINT('',(-3.159904376042E-02,-1.797998256873));
#6749 = VECTOR('',#6750,1.);
#6750 = DIRECTION('',(-4.338992808727E-02,0.999058213589));
#6751 = ( GEOMETRIC_REPRESENTATION_CONTEXT(2) 
PARAMETRIC_REPRESENTATION_CONTEXT() REPRESENTATION_CONTEXT('2D SPACE',''
  ) );
#6752 = ORIENTED_EDGE('',*,*,#6077,.F.);
#6753 = ADVANCED_FACE('',(#6754),#5979,.T.);
#6754 = FACE_BOUND('',#6755,.T.);
#6755 = EDGE_LOOP('',(#6756,#6757,#6758,#6759));
#6756 = ORIENTED_EDGE('',*,*,#5949,.T.);
#6757 = ORIENTED_EDGE('',*,*,#6710,.T.);
#6758 = ORIENTED_EDGE('',*,*,#6618,.F.);
#6759 = ORIENTED_EDGE('',*,*,#6760,.F.);
#6760 = EDGE_CURVE('',#5921,#6595,#6761,.T.);
#6761 = SURFACE_CURVE('',#6762,(#6767,#6774),.PCURVE_S1.);
#6762 = HYPERBOLA('',#6763,0.371946352015,0.181462181976);
#6763 = AXIS2_PLACEMENT_3D('',#6764,#6765,#6766);
#6764 = CARTESIAN_POINT('',(0.138928276169,0.121647131719,
    -0.770216787731));
#6765 = DIRECTION('',(-0.749159152089,-0.65597202071,9.198517753569E-02)
  );
#6766 = DIRECTION('',(6.920494050974E-02,6.059660960249E-02,
    0.995760376353));
#6767 = PCURVE('',#5979,#6768);
#6768 = DEFINITIONAL_REPRESENTATION('',(#6769),#6773);
#6769 = ( BOUNDED_CURVE() B_SPLINE_CURVE(2,(#6770,#6771,#6772),
.UNSPECIFIED.,.F.,.F.) B_SPLINE_CURVE_WITH_KNOTS((3,3),(-2.989476012915,
-1.848372210415),.PIECEWISE_BEZIER_KNOTS.) CURVE() 
GEOMETRIC_REPRESENTATION_ITEM() RATIONAL_B_SPLINE_CURVE((1.,
1.167228320098,1.)) REPRESENTATION_ITEM('') );
#6770 = CARTESIAN_POINT('',(0.425667776949,-1.040690680192));
#6771 = CARTESIAN_POINT('',(1.358102671592,0.860886137787));
#6772 = CARTESIAN_POINT('',(1.662601965332,1.454810904985));
#6773 = ( GEOMETRIC_REPRESENTATION_CONTEXT(2) 
PARAMETRIC_REPRESENTATION_CONTEXT() REPRESENTATION_CONTEXT('2D SPACE',''
  ) );
#6774 = PCURVE('',#5937,#6775);
#6775 = DEFINITIONAL_REPRESENTATION('',(#6776),#6786);
#6776 = B_SPLINE_CURVE_WITH_KNOTS('',8,(#6777,#6778,#6779,#6780,#6781,
    #6782,#6783,#6784,#6785),.UNSPECIFIED.,.F.,.F.,(9,9),(
    -2.989476012915,-1.848372210415),.PIECEWISE_BEZIER_KNOTS.);
#6777 = CARTESIAN_POINT('',(5.715814715658,1.789868723204E-16));
#6778 = CARTESIAN_POINT('',(5.729627031227,-0.523663675461));
#6779 = CARTESIAN_POINT('',(5.74563867858,-0.961529118451));
#6780 = CARTESIAN_POINT('',(5.764246465464,-1.329831301185));
#6781 = CARTESIAN_POINT('',(5.785926446017,-1.641081601343));
#6782 = CARTESIAN_POINT('',(5.811251140021,-1.905123169395));
#6783 = CARTESIAN_POINT('',(5.840900794273,-2.129788349023));
#6784 = CARTESIAN_POINT('',(5.875679690408,-2.32136426796));
#6785 = CARTESIAN_POINT('',(5.916440947467,-2.484921597644));
#6786 = ( GEOMETRIC_REPRESENTATION_CONTEXT(2) 
PARAMETRIC_REPRESENTATION_CONTEXT() REPRESENTATION_CONTEXT('2D SPACE',''
  ) );
#6787 = ADVANCED_FACE('',(#6788),#5937,.F.);
#6788 = FACE_BOUND('',#6789,.T.);
#6789 = EDGE_LOOP('',(#6790,#6791,#6792,#6793));
#6790 = ORIENTED_EDGE('',*,*,#6594,.F.);
#6791 = ORIENTED_EDGE('',*,*,#6651,.T.);
#6792 = ORIENTED_EDGE('',*,*,#5920,.F.);
#6793 = ORIENTED_EDGE('',*,*,#6760,.T.);
#6794 = ADVANCED_FACE('',(#6795),#5794,.T.);
#6795 = FACE_BOUND('',#6796,.T.);
#6796 = EDGE_LOOP('',(#6797,#6798,#6799,#6800));
#6797 = ORIENTED_EDGE('',*,*,#5762,.T.);
#6798 = ORIENTED_EDGE('',*,*,#6683,.T.);
#6799 = ORIENTED_EDGE('',*,*,#6505,.F.);
#6800 = ORIENTED_EDGE('',*,*,#6801,.F.);
#6801 = EDGE_CURVE('',#5734,#6482,#6802,.T.);
#6802 = SURFACE_CURVE('',#6803,(#6808,#6815),.PCURVE_S1.);
#6803 = HYPERBOLA('',#6804,0.371946352015,0.181462181976);
#6804 = AXIS2_PLACEMENT_3D('',#6805,#6806,#6807);
#6805 = CARTESIAN_POINT('',(0.121647131719,-0.138928276169,
    -0.770216787731));
#6806 = DIRECTION('',(-0.65597202071,0.749159152089,9.198517753569E-02)
  );
#6807 = DIRECTION('',(6.059660960249E-02,-6.920494050974E-02,
    0.995760376353));
#6808 = PCURVE('',#5794,#6809);
#6809 = DEFINITIONAL_REPRESENTATION('',(#6810),#6814);
#6810 = ( BOUNDED_CURVE() B_SPLINE_CURVE(2,(#6811,#6812,#6813),
.UNSPECIFIED.,.F.,.F.) B_SPLINE_CURVE_WITH_KNOTS((3,3),(-2.989476012915,
-1.848372210415),.PIECEWISE_BEZIER_KNOTS.) CURVE() 
GEOMETRIC_REPRESENTATION_ITEM() RATIONAL_B_SPLINE_CURVE((1.,
1.167228320098,1.)) REPRESENTATION_ITEM('') );
#6811 = CARTESIAN_POINT('',(0.425667776949,-1.040690680192));
#6812 = CARTESIAN_POINT('',(1.358102671592,0.860886137787));
#6813 = CARTESIAN_POINT('',(1.662601965332,1.454810904985));
#6814 = ( GEOMETRIC_REPRESENTATION_CONTEXT(2) 
PARAMETRIC_REPRESENTATION_CONTEXT() REPRESENTATION_CONTEXT('2D SPACE',''
  ) );
#6815 = PCURVE('',#5750,#6816);
#6816 = DEFINITIONAL_REPRESENTATION('',(#6817),#6827);
#6817 = B_SPLINE_CURVE_WITH_KNOTS('',8,(#6818,#6819,#6820,#6821,#6822,
    #6823,#6824,#6825,#6826),.UNSPECIFIED.,.F.,.F.,(9,9),(
    -2.989476012915,-1.848372210415),.PIECEWISE_BEZIER_KNOTS.);
#6818 = CARTESIAN_POINT('',(4.145018388864,2.129943780613E-15));
#6819 = CARTESIAN_POINT('',(4.158830704432,-0.523663675461));
#6820 = CARTESIAN_POINT('',(4.174842351782,-0.961529118452));
#6821 = CARTESIAN_POINT('',(4.193450138697,-1.32983130118));
#6822 = CARTESIAN_POINT('',(4.215130119166,-1.641081601348));
#6823 = CARTESIAN_POINT('',(4.240454813262,-1.905123169388));
#6824 = CARTESIAN_POINT('',(4.270104467473,-2.129788349023));
#6825 = CARTESIAN_POINT('',(4.304883363613,-2.32136426796));
#6826 = CARTESIAN_POINT('',(4.345644620672,-2.484921597644));
#6827 = ( GEOMETRIC_REPRESENTATION_CONTEXT(2) 
PARAMETRIC_REPRESENTATION_CONTEXT() REPRESENTATION_CONTEXT('2D SPACE',''
  ) );
#6828 = ADVANCED_FACE('',(#6829),#5750,.F.);
#6829 = FACE_BOUND('',#6830,.T.);
#6830 = EDGE_LOOP('',(#6831,#6832,#6860,#6861));
#6831 = ORIENTED_EDGE('',*,*,#6481,.F.);
#6832 = ORIENTED_EDGE('',*,*,#6833,.T.);
#6833 = EDGE_CURVE('',#6452,#5690,#6834,.T.);
#6834 = SURFACE_CURVE('',#6835,(#6840,#6853),.PCURVE_S1.);
#6835 = HYPERBOLA('',#6836,0.371946352015,0.181462181976);
#6836 = AXIS2_PLACEMENT_3D('',#6837,#6838,#6839);
#6837 = CARTESIAN_POINT('',(-0.138928276169,0.121647131719,
    -0.770216787731));
#6838 = DIRECTION('',(0.749159152089,-0.65597202071,9.198517753569E-02)
  );
#6839 = DIRECTION('',(-6.920494050974E-02,6.059660960249E-02,
    0.995760376353));
#6840 = PCURVE('',#5750,#6841);
#6841 = DEFINITIONAL_REPRESENTATION('',(#6842),#6852);
#6842 = B_SPLINE_CURVE_WITH_KNOTS('',8,(#6843,#6844,#6845,#6846,#6847,
    #6848,#6849,#6850,#6851),.UNSPECIFIED.,.F.,.F.,(9,9),(1.848372210415
    ,2.989476012915),.PIECEWISE_BEZIER_KNOTS.);
#6843 = CARTESIAN_POINT('',(3.508337013302,-2.484921597644));
#6844 = CARTESIAN_POINT('',(3.549098270362,-2.32136426796));
#6845 = CARTESIAN_POINT('',(3.583877166498,-2.129788349022));
#6846 = CARTESIAN_POINT('',(3.613526820707,-1.905123169397));
#6847 = CARTESIAN_POINT('',(3.63885151481,-1.641081601345));
#6848 = CARTESIAN_POINT('',(3.660531495267,-1.329831301187));
#6849 = CARTESIAN_POINT('',(3.67913928219,-0.96152911845));
#6850 = CARTESIAN_POINT('',(3.695150929543,-0.523663675461));
#6851 = CARTESIAN_POINT('',(3.708963245111,2.845891269894E-15));
#6852 = ( GEOMETRIC_REPRESENTATION_CONTEXT(2) 
PARAMETRIC_REPRESENTATION_CONTEXT() REPRESENTATION_CONTEXT('2D SPACE',''
  ) );
#6853 = PCURVE('',#5721,#6854);
#6854 = DEFINITIONAL_REPRESENTATION('',(#6855),#6859);
#6855 = ( BOUNDED_CURVE() B_SPLINE_CURVE(2,(#6856,#6857,#6858),
.UNSPECIFIED.,.F.,.F.) B_SPLINE_CURVE_WITH_KNOTS((3,3),(1.848372210415,
2.989476012915),.PIECEWISE_BEZIER_KNOTS.) CURVE() 
GEOMETRIC_REPRESENTATION_ITEM() RATIONAL_B_SPLINE_CURVE((1.,
1.167228320098,1.)) REPRESENTATION_ITEM('') );
#6856 = CARTESIAN_POINT('',(-1.662601965332,1.454810904985));
#6857 = CARTESIAN_POINT('',(-1.358102671592,0.860886137787));
#6858 = CARTESIAN_POINT('',(-0.425667776949,-1.040690680192));
#6859 = ( GEOMETRIC_REPRESENTATION_CONTEXT(2) 
PARAMETRIC_REPRESENTATION_CONTEXT() REPRESENTATION_CONTEXT('2D SPACE',''
  ) );
#6860 = ORIENTED_EDGE('',*,*,#5733,.F.);
#6861 = ORIENTED_EDGE('',*,*,#6801,.T.);
#6862 = ADVANCED_FACE('',(#6863),#5721,.T.);
#6863 = FACE_BOUND('',#6864,.T.);
#6864 = EDGE_LOOP('',(#6865,#6886,#6887,#6888));
#6865 = ORIENTED_EDGE('',*,*,#6866,.F.);
#6866 = EDGE_CURVE('',#5655,#6422,#6867,.T.);
#6867 = SURFACE_CURVE('',#6868,(#6872,#6879),.PCURVE_S1.);
#6868 = LINE('',#6869,#6870);
#6869 = CARTESIAN_POINT('',(-0.970096852285,-0.205,3.669696007085));
#6870 = VECTOR('',#6871,1.);
#6871 = DIRECTION('',(0.121869343405,-0.,-0.992546151641));
#6872 = PCURVE('',#5721,#6873);
#6873 = DEFINITIONAL_REPRESENTATION('',(#6874),#6878);
#6874 = LINE('',#6875,#6876);
#6875 = CARTESIAN_POINT('',(-1.431109962531,-1.793883936131));
#6876 = VECTOR('',#6877,1.);
#6877 = DIRECTION('',(-8.028325022222E-02,0.996772090166));
#6878 = ( GEOMETRIC_REPRESENTATION_CONTEXT(2) 
PARAMETRIC_REPRESENTATION_CONTEXT() REPRESENTATION_CONTEXT('2D SPACE',''
  ) );
#6879 = PCURVE('',#5677,#6880);
#6880 = DEFINITIONAL_REPRESENTATION('',(#6881),#6885);
#6881 = LINE('',#6882,#6883);
#6882 = CARTESIAN_POINT('',(0.187776159379,-1.797998256873));
#6883 = VECTOR('',#6884,1.);
#6884 = DIRECTION('',(-4.338992808727E-02,0.999058213589));
#6885 = ( GEOMETRIC_REPRESENTATION_CONTEXT(2) 
PARAMETRIC_REPRESENTATION_CONTEXT() REPRESENTATION_CONTEXT('2D SPACE',''
  ) );
#6886 = ORIENTED_EDGE('',*,*,#5689,.T.);
#6887 = ORIENTED_EDGE('',*,*,#6833,.F.);
#6888 = ORIENTED_EDGE('',*,*,#6451,.F.);
#6889 = ADVANCED_FACE('',(#6890),#5677,.T.);
#6890 = FACE_BOUND('',#6891,.T.);
#6891 = EDGE_LOOP('',(#6892,#6893,#6914,#6915));
#6892 = ORIENTED_EDGE('',*,*,#6421,.F.);
#6893 = ORIENTED_EDGE('',*,*,#6894,.F.);
#6894 = EDGE_CURVE('',#5620,#6392,#6895,.T.);
#6895 = SURFACE_CURVE('',#6896,(#6900,#6907),.PCURVE_S1.);
#6896 = LINE('',#6897,#6898);
#6897 = CARTESIAN_POINT('',(-0.891991284286,0.,3.669696007085));
#6898 = VECTOR('',#6899,1.);
#6899 = DIRECTION('',(0.121869343405,-0.,-0.992546151641));
#6900 = PCURVE('',#5677,#6901);
#6901 = DEFINITIONAL_REPRESENTATION('',(#6902),#6906);
#6902 = LINE('',#6903,#6904);
#6903 = CARTESIAN_POINT('',(-3.159904376042E-02,-1.797998256873));
#6904 = VECTOR('',#6905,1.);
#6905 = DIRECTION('',(-4.338992808727E-02,0.999058213589));
#6906 = ( GEOMETRIC_REPRESENTATION_CONTEXT(2) 
PARAMETRIC_REPRESENTATION_CONTEXT() REPRESENTATION_CONTEXT('2D SPACE',''
  ) );
#6907 = PCURVE('',#5642,#6908);
#6908 = DEFINITIONAL_REPRESENTATION('',(#6909),#6913);
#6909 = LINE('',#6910,#6911);
#6910 = CARTESIAN_POINT('',(3.159904376042E-02,-1.797998256873));
#6911 = VECTOR('',#6912,1.);
#6912 = DIRECTION('',(4.338992808727E-02,0.999058213589));
#6913 = ( GEOMETRIC_REPRESENTATION_CONTEXT(2) 
PARAMETRIC_REPRESENTATION_CONTEXT() REPRESENTATION_CONTEXT('2D SPACE',''
  ) );
#6914 = ORIENTED_EDGE('',*,*,#5654,.T.);
#6915 = ORIENTED_EDGE('',*,*,#6866,.T.);
#6916 = ADVANCED_FACE('',(#6917),#5642,.T.);
#6917 = FACE_BOUND('',#6918,.T.);
#6918 = EDGE_LOOP('',(#6919,#6940,#6941,#6942));
#6919 = ORIENTED_EDGE('',*,*,#6920,.F.);
#6920 = EDGE_CURVE('',#5576,#6362,#6921,.T.);
#6921 = SURFACE_CURVE('',#6922,(#6926,#6933),.PCURVE_S1.);
#6922 = LINE('',#6923,#6924);
#6923 = CARTESIAN_POINT('',(-0.970096852285,0.205,3.669696007085));
#6924 = VECTOR('',#6925,1.);
#6925 = DIRECTION('',(0.121869343405,-0.,-0.992546151641));
#6926 = PCURVE('',#5642,#6927);
#6927 = DEFINITIONAL_REPRESENTATION('',(#6928),#6932);
#6928 = LINE('',#6929,#6930);
#6929 = CARTESIAN_POINT('',(-0.187776159379,-1.797998256873));
#6930 = VECTOR('',#6931,1.);
#6931 = DIRECTION('',(4.338992808727E-02,0.999058213589));
#6932 = ( GEOMETRIC_REPRESENTATION_CONTEXT(2) 
PARAMETRIC_REPRESENTATION_CONTEXT() REPRESENTATION_CONTEXT('2D SPACE',''
  ) );
#6933 = PCURVE('',#5607,#6934);
#6934 = DEFINITIONAL_REPRESENTATION('',(#6935),#6939);
#6935 = LINE('',#6936,#6937);
#6936 = CARTESIAN_POINT('',(1.431109962531,-1.793883936131));
#6937 = VECTOR('',#6938,1.);
#6938 = DIRECTION('',(8.028325022222E-02,0.996772090166));
#6939 = ( GEOMETRIC_REPRESENTATION_CONTEXT(2) 
PARAMETRIC_REPRESENTATION_CONTEXT() REPRESENTATION_CONTEXT('2D SPACE',''
  ) );
#6940 = ORIENTED_EDGE('',*,*,#5619,.T.);
#6941 = ORIENTED_EDGE('',*,*,#6894,.T.);
#6942 = ORIENTED_EDGE('',*,*,#6391,.F.);
#6943 = ADVANCED_FACE('',(#6944),#5607,.T.);
#6944 = FACE_BOUND('',#6945,.T.);
#6945 = EDGE_LOOP('',(#6946,#6947,#6948,#6949));
#6946 = ORIENTED_EDGE('',*,*,#5575,.T.);
#6947 = ORIENTED_EDGE('',*,*,#6920,.T.);
#6948 = ORIENTED_EDGE('',*,*,#6361,.F.);
#6949 = ORIENTED_EDGE('',*,*,#6950,.F.);
#6950 = EDGE_CURVE('',#5547,#6338,#6951,.T.);
#6951 = SURFACE_CURVE('',#6952,(#6957,#6964),.PCURVE_S1.);
#6952 = HYPERBOLA('',#6953,0.371946352015,0.181462181976);
#6953 = AXIS2_PLACEMENT_3D('',#6954,#6955,#6956);
#6954 = CARTESIAN_POINT('',(-0.138928276169,-0.121647131719,
    -0.770216787731));
#6955 = DIRECTION('',(0.749159152089,0.65597202071,9.198517753569E-02));
#6956 = DIRECTION('',(-6.920494050974E-02,-6.059660960249E-02,
    0.995760376353));
#6957 = PCURVE('',#5607,#6958);
#6958 = DEFINITIONAL_REPRESENTATION('',(#6959),#6963);
#6959 = ( BOUNDED_CURVE() B_SPLINE_CURVE(2,(#6960,#6961,#6962),
.UNSPECIFIED.,.F.,.F.) B_SPLINE_CURVE_WITH_KNOTS((3,3),(-2.989476012915,
-1.848372210415),.PIECEWISE_BEZIER_KNOTS.) CURVE() 
GEOMETRIC_REPRESENTATION_ITEM() RATIONAL_B_SPLINE_CURVE((1.,
1.167228320098,1.)) REPRESENTATION_ITEM('') );
#6960 = CARTESIAN_POINT('',(0.425667776949,-1.040690680192));
#6961 = CARTESIAN_POINT('',(1.358102671592,0.860886137787));
#6962 = CARTESIAN_POINT('',(1.662601965332,1.454810904985));
#6963 = ( GEOMETRIC_REPRESENTATION_CONTEXT(2) 
PARAMETRIC_REPRESENTATION_CONTEXT() REPRESENTATION_CONTEXT('2D SPACE',''
  ) );
#6964 = PCURVE('',#5563,#6965);
#6965 = DEFINITIONAL_REPRESENTATION('',(#6966),#6976);
#6966 = B_SPLINE_CURVE_WITH_KNOTS('',8,(#6967,#6968,#6969,#6970,#6971,
    #6972,#6973,#6974,#6975),.UNSPECIFIED.,.F.,.F.,(9,9),(
    -2.989476012915,-1.848372210415),.PIECEWISE_BEZIER_KNOTS.);
#6967 = CARTESIAN_POINT('',(2.574222062069,1.780919379588E-15));
#6968 = CARTESIAN_POINT('',(2.588034377637,-0.523663675461));
#6969 = CARTESIAN_POINT('',(2.604046024988,-0.961529118453));
#6970 = CARTESIAN_POINT('',(2.622653811893,-1.329831301174));
#6971 = CARTESIAN_POINT('',(2.644333792379,-1.641081601356));
#6972 = CARTESIAN_POINT('',(2.669658486453,-1.905123169383));
#6973 = CARTESIAN_POINT('',(2.69930814068,-2.129788349025));
#6974 = CARTESIAN_POINT('',(2.734087036818,-2.32136426796));
#6975 = CARTESIAN_POINT('',(2.774848293877,-2.484921597644));
#6976 = ( GEOMETRIC_REPRESENTATION_CONTEXT(2) 
PARAMETRIC_REPRESENTATION_CONTEXT() REPRESENTATION_CONTEXT('2D SPACE',''
  ) );
#6977 = ADVANCED_FACE('',(#6978),#5563,.F.);
#6978 = FACE_BOUND('',#6979,.T.);
#6979 = EDGE_LOOP('',(#6980,#6981,#7009,#7010));
#6980 = ORIENTED_EDGE('',*,*,#6337,.F.);
#6981 = ORIENTED_EDGE('',*,*,#6982,.T.);
#6982 = EDGE_CURVE('',#6308,#5503,#6983,.T.);
#6983 = SURFACE_CURVE('',#6984,(#6989,#7002),.PCURVE_S1.);
#6984 = HYPERBOLA('',#6985,0.371946352015,0.181462181976);
#6985 = AXIS2_PLACEMENT_3D('',#6986,#6987,#6988);
#6986 = CARTESIAN_POINT('',(0.121647131719,0.138928276169,
    -0.770216787731));
#6987 = DIRECTION('',(-0.65597202071,-0.749159152089,9.198517753569E-02)
  );
#6988 = DIRECTION('',(6.059660960249E-02,6.920494050974E-02,
    0.995760376353));
#6989 = PCURVE('',#5563,#6990);
#6990 = DEFINITIONAL_REPRESENTATION('',(#6991),#7001);
#6991 = B_SPLINE_CURVE_WITH_KNOTS('',8,(#6992,#6993,#6994,#6995,#6996,
    #6997,#6998,#6999,#7000),.UNSPECIFIED.,.F.,.F.,(9,9),(1.848372210415
    ,2.989476012915),.PIECEWISE_BEZIER_KNOTS.);
#6992 = CARTESIAN_POINT('',(1.937540686507,-2.484921597644));
#6993 = CARTESIAN_POINT('',(1.978301943567,-2.32136426796));
#6994 = CARTESIAN_POINT('',(2.013080839706,-2.129788349022));
#6995 = CARTESIAN_POINT('',(2.042730493908,-1.905123169399));
#6996 = CARTESIAN_POINT('',(2.06805518801,-1.641081601342));
#6997 = CARTESIAN_POINT('',(2.089735168477,-1.329831301188));
#6998 = CARTESIAN_POINT('',(2.108342955398,-0.96152911845));
#6999 = CARTESIAN_POINT('',(2.124354602748,-0.523663675461));
#7000 = CARTESIAN_POINT('',(2.138166918316,1.601932507268E-15));
#7001 = ( GEOMETRIC_REPRESENTATION_CONTEXT(2) 
PARAMETRIC_REPRESENTATION_CONTEXT() REPRESENTATION_CONTEXT('2D SPACE',''
  ) );
#7002 = PCURVE('',#5534,#7003);
#7003 = DEFINITIONAL_REPRESENTATION('',(#7004),#7008);
#7004 = ( BOUNDED_CURVE() B_SPLINE_CURVE(2,(#7005,#7006,#7007),
.UNSPECIFIED.,.F.,.F.) B_SPLINE_CURVE_WITH_KNOTS((3,3),(1.848372210415,
2.989476012915),.PIECEWISE_BEZIER_KNOTS.) CURVE() 
GEOMETRIC_REPRESENTATION_ITEM() RATIONAL_B_SPLINE_CURVE((1.,
1.167228320098,1.)) REPRESENTATION_ITEM('') );
#7005 = CARTESIAN_POINT('',(-1.662601965332,1.454810904985));
#7006 = CARTESIAN_POINT('',(-1.358102671592,0.860886137787));
#7007 = CARTESIAN_POINT('',(-0.425667776949,-1.040690680192));
#7008 = ( GEOMETRIC_REPRESENTATION_CONTEXT(2) 
PARAMETRIC_REPRESENTATION_CONTEXT() REPRESENTATION_CONTEXT('2D SPACE',''
  ) );
#7009 = ORIENTED_EDGE('',*,*,#5546,.F.);
#7010 = ORIENTED_EDGE('',*,*,#6950,.T.);
#7011 = ADVANCED_FACE('',(#7012),#5534,.T.);
#7012 = FACE_BOUND('',#7013,.T.);
#7013 = EDGE_LOOP('',(#7014,#7035,#7036,#7037));
#7014 = ORIENTED_EDGE('',*,*,#7015,.F.);
#7015 = EDGE_CURVE('',#5468,#6278,#7016,.T.);
#7016 = SURFACE_CURVE('',#7017,(#7021,#7028),.PCURVE_S1.);
#7017 = LINE('',#7018,#7019);
#7018 = CARTESIAN_POINT('',(-0.205,0.970096852285,3.669696007085));
#7019 = VECTOR('',#7020,1.);
#7020 = DIRECTION('',(-0.,-0.121869343405,-0.992546151641));
#7021 = PCURVE('',#5534,#7022);
#7022 = DEFINITIONAL_REPRESENTATION('',(#7023),#7027);
#7023 = LINE('',#7024,#7025);
#7024 = CARTESIAN_POINT('',(-1.431109962531,-1.793883936131));
#7025 = VECTOR('',#7026,1.);
#7026 = DIRECTION('',(-8.028325022222E-02,0.996772090166));
#7027 = ( GEOMETRIC_REPRESENTATION_CONTEXT(2) 
PARAMETRIC_REPRESENTATION_CONTEXT() REPRESENTATION_CONTEXT('2D SPACE',''
  ) );
#7028 = PCURVE('',#5490,#7029);
#7029 = DEFINITIONAL_REPRESENTATION('',(#7030),#7034);
#7030 = LINE('',#7031,#7032);
#7031 = CARTESIAN_POINT('',(0.187776159379,-1.797998256873));
#7032 = VECTOR('',#7033,1.);
#7033 = DIRECTION('',(-4.338992808727E-02,0.999058213589));
#7034 = ( GEOMETRIC_REPRESENTATION_CONTEXT(2) 
PARAMETRIC_REPRESENTATION_CONTEXT() REPRESENTATION_CONTEXT('2D SPACE',''
  ) );
#7035 = ORIENTED_EDGE('',*,*,#5502,.T.);
#7036 = ORIENTED_EDGE('',*,*,#6982,.F.);
#7037 = ORIENTED_EDGE('',*,*,#6307,.F.);
#7038 = ADVANCED_FACE('',(#7039),#5490,.T.);
#7039 = FACE_BOUND('',#7040,.T.);
#7040 = EDGE_LOOP('',(#7041,#7042,#7063,#7064));
#7041 = ORIENTED_EDGE('',*,*,#6277,.F.);
#7042 = ORIENTED_EDGE('',*,*,#7043,.F.);
#7043 = EDGE_CURVE('',#5433,#6248,#7044,.T.);
#7044 = SURFACE_CURVE('',#7045,(#7049,#7056),.PCURVE_S1.);
#7045 = LINE('',#7046,#7047);
#7046 = CARTESIAN_POINT('',(0.,0.891991284286,3.669696007085));
#7047 = VECTOR('',#7048,1.);
#7048 = DIRECTION('',(-0.,-0.121869343405,-0.992546151641));
#7049 = PCURVE('',#5490,#7050);
#7050 = DEFINITIONAL_REPRESENTATION('',(#7051),#7055);
#7051 = LINE('',#7052,#7053);
#7052 = CARTESIAN_POINT('',(-3.159904376042E-02,-1.797998256873));
#7053 = VECTOR('',#7054,1.);
#7054 = DIRECTION('',(-4.338992808727E-02,0.999058213589));
#7055 = ( GEOMETRIC_REPRESENTATION_CONTEXT(2) 
PARAMETRIC_REPRESENTATION_CONTEXT() REPRESENTATION_CONTEXT('2D SPACE',''
  ) );
#7056 = PCURVE('',#5455,#7057);
#7057 = DEFINITIONAL_REPRESENTATION('',(#7058),#7062);
#7058 = LINE('',#7059,#7060);
#7059 = CARTESIAN_POINT('',(3.159904376042E-02,-1.797998256873));
#7060 = VECTOR('',#7061,1.);
#7061 = DIRECTION('',(4.338992808727E-02,0.999058213589));
#7062 = ( GEOMETRIC_REPRESENTATION_CONTEXT(2) 
PARAMETRIC_REPRESENTATION_CONTEXT() REPRESENTATION_CONTEXT('2D SPACE',''
  ) );
#7063 = ORIENTED_EDGE('',*,*,#5467,.T.);
#7064 = ORIENTED_EDGE('',*,*,#7015,.T.);
#7065 = ADVANCED_FACE('',(#7066),#5455,.T.);
#7066 = FACE_BOUND('',#7067,.T.);
#7067 = EDGE_LOOP('',(#7068,#7089,#7090,#7091));
#7068 = ORIENTED_EDGE('',*,*,#7069,.F.);
#7069 = EDGE_CURVE('',#5389,#6218,#7070,.T.);
#7070 = SURFACE_CURVE('',#7071,(#7075,#7082),.PCURVE_S1.);
#7071 = LINE('',#7072,#7073);
#7072 = CARTESIAN_POINT('',(0.205,0.970096852285,3.669696007085));
#7073 = VECTOR('',#7074,1.);
#7074 = DIRECTION('',(-0.,-0.121869343405,-0.992546151641));
#7075 = PCURVE('',#5455,#7076);
#7076 = DEFINITIONAL_REPRESENTATION('',(#7077),#7081);
#7077 = LINE('',#7078,#7079);
#7078 = CARTESIAN_POINT('',(-0.187776159379,-1.797998256873));
#7079 = VECTOR('',#7080,1.);
#7080 = DIRECTION('',(4.338992808727E-02,0.999058213589));
#7081 = ( GEOMETRIC_REPRESENTATION_CONTEXT(2) 
PARAMETRIC_REPRESENTATION_CONTEXT() REPRESENTATION_CONTEXT('2D SPACE',''
  ) );
#7082 = PCURVE('',#5420,#7083);
#7083 = DEFINITIONAL_REPRESENTATION('',(#7084),#7088);
#7084 = LINE('',#7085,#7086);
#7085 = CARTESIAN_POINT('',(1.431109962531,-1.793883936131));
#7086 = VECTOR('',#7087,1.);
#7087 = DIRECTION('',(8.028325022222E-02,0.996772090166));
#7088 = ( GEOMETRIC_REPRESENTATION_CONTEXT(2) 
PARAMETRIC_REPRESENTATION_CONTEXT() REPRESENTATION_CONTEXT('2D SPACE',''
  ) );
#7089 = ORIENTED_EDGE('',*,*,#5432,.T.);
#7090 = ORIENTED_EDGE('',*,*,#7043,.T.);
#7091 = ORIENTED_EDGE('',*,*,#6247,.F.);
#7092 = ADVANCED_FACE('',(#7093),#5420,.T.);
#7093 = FACE_BOUND('',#7094,.T.);
#7094 = EDGE_LOOP('',(#7095,#7096,#7097,#7098));
#7095 = ORIENTED_EDGE('',*,*,#5388,.T.);
#7096 = ORIENTED_EDGE('',*,*,#7069,.T.);
#7097 = ORIENTED_EDGE('',*,*,#6217,.F.);
#7098 = ORIENTED_EDGE('',*,*,#7099,.F.);
#7099 = EDGE_CURVE('',#5360,#6194,#7100,.T.);
#7100 = SURFACE_CURVE('',#7101,(#7106,#7113),.PCURVE_S1.);
#7101 = HYPERBOLA('',#7102,0.371946352015,0.181462181976);
#7102 = AXIS2_PLACEMENT_3D('',#7103,#7104,#7105);
#7103 = CARTESIAN_POINT('',(-0.121647131719,0.138928276169,
    -0.770216787731));
#7104 = DIRECTION('',(0.65597202071,-0.749159152089,9.198517753569E-02)
  );
#7105 = DIRECTION('',(-6.059660960249E-02,6.920494050974E-02,
    0.995760376353));
#7106 = PCURVE('',#5420,#7107);
#7107 = DEFINITIONAL_REPRESENTATION('',(#7108),#7112);
#7108 = ( BOUNDED_CURVE() B_SPLINE_CURVE(2,(#7109,#7110,#7111),
.UNSPECIFIED.,.F.,.F.) B_SPLINE_CURVE_WITH_KNOTS((3,3),(-2.989476012915,
-1.848372210415),.PIECEWISE_BEZIER_KNOTS.) CURVE() 
GEOMETRIC_REPRESENTATION_ITEM() RATIONAL_B_SPLINE_CURVE((1.,
1.167228320098,1.)) REPRESENTATION_ITEM('') );
#7109 = CARTESIAN_POINT('',(0.425667776949,-1.040690680192));
#7110 = CARTESIAN_POINT('',(1.358102671592,0.860886137787));
#7111 = CARTESIAN_POINT('',(1.662601965332,1.454810904985));
#7112 = ( GEOMETRIC_REPRESENTATION_CONTEXT(2) 
PARAMETRIC_REPRESENTATION_CONTEXT() REPRESENTATION_CONTEXT('2D SPACE',''
  ) );
#7113 = PCURVE('',#5376,#7114);
#7114 = DEFINITIONAL_REPRESENTATION('',(#7115),#7125);
#7115 = B_SPLINE_CURVE_WITH_KNOTS('',8,(#7116,#7117,#7118,#7119,#7120,
    #7121,#7122,#7123,#7124),.UNSPECIFIED.,.F.,.F.,(9,9),(
    -2.989476012915,-1.848372210415),.PIECEWISE_BEZIER_KNOTS.);
#7116 = CARTESIAN_POINT('',(1.003425735274,1.780919379588E-15));
#7117 = CARTESIAN_POINT('',(1.017238050842,-0.523663675461));
#7118 = CARTESIAN_POINT('',(1.033249698194,-0.961529118453));
#7119 = CARTESIAN_POINT('',(1.051857485103,-1.329831301171));
#7120 = CARTESIAN_POINT('',(1.073537465588,-1.641081601356));
#7121 = CARTESIAN_POINT('',(1.098862159667,-1.905123169383));
#7122 = CARTESIAN_POINT('',(1.128511813886,-2.129788349026));
#7123 = CARTESIAN_POINT('',(1.163290710023,-2.32136426796));
#7124 = CARTESIAN_POINT('',(1.204051967083,-2.484921597644));
#7125 = ( GEOMETRIC_REPRESENTATION_CONTEXT(2) 
PARAMETRIC_REPRESENTATION_CONTEXT() REPRESENTATION_CONTEXT('2D SPACE',''
  ) );
#7126 = ADVANCED_FACE('',(#7127),#5376,.F.);
#7127 = FACE_BOUND('',#7128,.T.);
#7128 = EDGE_LOOP('',(#7129,#7130,#7158,#7159));
#7129 = ORIENTED_EDGE('',*,*,#6193,.F.);
#7130 = ORIENTED_EDGE('',*,*,#7131,.T.);
#7131 = EDGE_CURVE('',#6164,#5316,#7132,.T.);
#7132 = SURFACE_CURVE('',#7133,(#7138,#7151),.PCURVE_S1.);
#7133 = HYPERBOLA('',#7134,0.371946352015,0.181462181976);
#7134 = AXIS2_PLACEMENT_3D('',#7135,#7136,#7137);
#7135 = CARTESIAN_POINT('',(0.138928276169,-0.121647131719,
    -0.770216787731));
#7136 = DIRECTION('',(-0.749159152089,0.65597202071,9.198517753569E-02)
  );
#7137 = DIRECTION('',(6.920494050974E-02,-6.059660960249E-02,
    0.995760376353));
#7138 = PCURVE('',#5376,#7139);
#7139 = DEFINITIONAL_REPRESENTATION('',(#7140),#7150);
#7140 = B_SPLINE_CURVE_WITH_KNOTS('',8,(#7141,#7142,#7143,#7144,#7145,
    #7146,#7147,#7148,#7149),.UNSPECIFIED.,.F.,.F.,(9,9),(1.848372210415
    ,2.989476012915),.PIECEWISE_BEZIER_KNOTS.);
#7141 = CARTESIAN_POINT('',(0.366744359712,-2.484921597644));
#7142 = CARTESIAN_POINT('',(0.407505616772,-2.32136426796));
#7143 = CARTESIAN_POINT('',(0.44228451291,-2.129788349023));
#7144 = CARTESIAN_POINT('',(0.471934167125,-1.90512316939));
#7145 = CARTESIAN_POINT('',(0.497258861208,-1.641081601341));
#7146 = CARTESIAN_POINT('',(0.518938841688,-1.329831301179));
#7147 = CARTESIAN_POINT('',(0.537546628601,-0.961529118452));
#7148 = CARTESIAN_POINT('',(0.553558275953,-0.523663675461));
#7149 = CARTESIAN_POINT('',(0.567370591521,3.579737446408E-16));
#7150 = ( GEOMETRIC_REPRESENTATION_CONTEXT(2) 
PARAMETRIC_REPRESENTATION_CONTEXT() REPRESENTATION_CONTEXT('2D SPACE',''
  ) );
#7151 = PCURVE('',#5347,#7152);
#7152 = DEFINITIONAL_REPRESENTATION('',(#7153),#7157);
#7153 = ( BOUNDED_CURVE() B_SPLINE_CURVE(2,(#7154,#7155,#7156),
.UNSPECIFIED.,.F.,.F.) B_SPLINE_CURVE_WITH_KNOTS((3,3),(1.848372210415,
2.989476012915),.PIECEWISE_BEZIER_KNOTS.) CURVE() 
GEOMETRIC_REPRESENTATION_ITEM() RATIONAL_B_SPLINE_CURVE((1.,
1.167228320098,1.)) REPRESENTATION_ITEM('') );
#7154 = CARTESIAN_POINT('',(-1.662601965332,1.454810904985));
#7155 = CARTESIAN_POINT('',(-1.358102671592,0.860886137787));
#7156 = CARTESIAN_POINT('',(-0.425667776949,-1.040690680192));
#7157 = ( GEOMETRIC_REPRESENTATION_CONTEXT(2) 
PARAMETRIC_REPRESENTATION_CONTEXT() REPRESENTATION_CONTEXT('2D SPACE',''
  ) );
#7158 = ORIENTED_EDGE('',*,*,#5359,.F.);
#7159 = ORIENTED_EDGE('',*,*,#7099,.T.);
#7160 = ADVANCED_FACE('',(#7161),#5347,.T.);
#7161 = FACE_BOUND('',#7162,.T.);
#7162 = EDGE_LOOP('',(#7163,#7184,#7185,#7186));
#7163 = ORIENTED_EDGE('',*,*,#7164,.F.);
#7164 = EDGE_CURVE('',#5281,#6134,#7165,.T.);
#7165 = SURFACE_CURVE('',#7166,(#7170,#7177),.PCURVE_S1.);
#7166 = LINE('',#7167,#7168);
#7167 = CARTESIAN_POINT('',(0.970096852285,0.205,3.669696007085));
#7168 = VECTOR('',#7169,1.);
#7169 = DIRECTION('',(-0.121869343405,0.,-0.992546151641));
#7170 = PCURVE('',#5347,#7171);
#7171 = DEFINITIONAL_REPRESENTATION('',(#7172),#7176);
#7172 = LINE('',#7173,#7174);
#7173 = CARTESIAN_POINT('',(-1.431109962531,-1.793883936131));
#7174 = VECTOR('',#7175,1.);
#7175 = DIRECTION('',(-8.028325022222E-02,0.996772090166));
#7176 = ( GEOMETRIC_REPRESENTATION_CONTEXT(2) 
PARAMETRIC_REPRESENTATION_CONTEXT() REPRESENTATION_CONTEXT('2D SPACE',''
  ) );
#7177 = PCURVE('',#5303,#7178);
#7178 = DEFINITIONAL_REPRESENTATION('',(#7179),#7183);
#7179 = LINE('',#7180,#7181);
#7180 = CARTESIAN_POINT('',(0.187776159379,-1.797998256873));
#7181 = VECTOR('',#7182,1.);
#7182 = DIRECTION('',(-4.338992808727E-02,0.999058213589));
#7183 = ( GEOMETRIC_REPRESENTATION_CONTEXT(2) 
PARAMETRIC_REPRESENTATION_CONTEXT() REPRESENTATION_CONTEXT('2D SPACE',''
  ) );
#7184 = ORIENTED_EDGE('',*,*,#5315,.T.);
#7185 = ORIENTED_EDGE('',*,*,#7131,.F.);
#7186 = ORIENTED_EDGE('',*,*,#6163,.F.);
#7187 = ADVANCED_FACE('',(#7188),#5303,.T.);
#7188 = FACE_BOUND('',#7189,.T.);
#7189 = EDGE_LOOP('',(#7190,#7191,#7192,#7193));
#7190 = ORIENTED_EDGE('',*,*,#6133,.F.);
#7191 = ORIENTED_EDGE('',*,*,#6732,.F.);
#7192 = ORIENTED_EDGE('',*,*,#5280,.T.);
#7193 = ORIENTED_EDGE('',*,*,#7164,.T.);
#7194 = ( GEOMETRIC_REPRESENTATION_CONTEXT(3) 
GLOBAL_UNCERTAINTY_ASSIGNED_CONTEXT((#7198)) 
GLOBAL_UNIT_ASSIGNED_CONTEXT((#7195,#7196,#7197)) REPRESENTATION_CONTEXT
('Context #1','3D Context with UNIT and UNCERTAINTY') );
#7195 = ( LENGTH_UNIT() NAMED_UNIT(*) SI_UNIT(.MILLI.,.METRE.) );
#7196 = ( NAMED_UNIT(*) PLANE_ANGLE_UNIT() SI_UNIT($,.RADIAN.) );
#7197 = ( NAMED_UNIT(*) SI_UNIT($,.STERADIAN.) SOLID_ANGLE_UNIT() );
#7198 = UNCERTAINTY_MEASURE_WITH_UNIT(LENGTH_MEASURE(1.E-07),#7195,
  'distance_accuracy_value','confusion accuracy');
#7199 = SHAPE_DEFINITION_REPRESENTATION(#7200,#4970);
#7200 = PRODUCT_DEFINITION_SHAPE('','',#7201);
#7201 = PRODUCT_DEFINITION('design','',#7202,#7205);
#7202 = PRODUCT_DEFINITION_FORMATION('','',#7203);
#7203 = PRODUCT('M3x6-Screw','M3x6-Screw','',(#7204));
#7204 = PRODUCT_CONTEXT('',#2,'mechanical');
#7205 = PRODUCT_DEFINITION_CONTEXT('part definition',#2,'design');
#7206 = CONTEXT_DEPENDENT_SHAPE_REPRESENTATION(#7207,#7209);
#7207 = ( REPRESENTATION_RELATIONSHIP('','',#4970,#10) 
REPRESENTATION_RELATIONSHIP_WITH_TRANSFORMATION(#7208) 
SHAPE_REPRESENTATION_RELATIONSHIP() );
#7208 = ITEM_DEFINED_TRANSFORMATION('','',#11,#19);
#7209 = PRODUCT_DEFINITION_SHAPE('Placement','Placement of an item',
  #7210);
#7210 = NEXT_ASSEMBLY_USAGE_OCCURRENCE('6','M3x6-Screw','',#5,#7201,$);
#7211 = PRODUCT_RELATED_PRODUCT_CATEGORY('part',$,(#7203));
#7212 = ADVANCED_BREP_SHAPE_REPRESENTATION('',(#11,#7213),#9221);
#7213 = MANIFOLD_SOLID_BREP('',#7214);
#7214 = CLOSED_SHELL('',(#7215,#7452,#7528,#7577,#7627,#7676,#7725,#7896
    ,#7946,#8071,#8102,#8379,#8406,#8652,#8679,#8706,#8870,#8897,#8904,
    #8931,#8958,#9079,#9106,#9133,#9160,#9187,#9214));
#7215 = ADVANCED_FACE('',(#7216),#7230,.T.);
#7216 = FACE_BOUND('',#7217,.T.);
#7217 = EDGE_LOOP('',(#7218,#7253,#7281,#7309,#7337,#7365,#7393,#7426));
#7218 = ORIENTED_EDGE('',*,*,#7219,.T.);
#7219 = EDGE_CURVE('',#7220,#7222,#7224,.T.);
#7220 = VERTEX_POINT('',#7221);
#7221 = CARTESIAN_POINT('',(-0.55,4.35,3.987220000005));
#7222 = VERTEX_POINT('',#7223);
#7223 = CARTESIAN_POINT('',(-1.4,4.35,3.987220000005));
#7224 = SURFACE_CURVE('',#7225,(#7229,#7241),.PCURVE_S1.);
#7225 = LINE('',#7226,#7227);
#7226 = CARTESIAN_POINT('',(-2.393945,4.35,3.987220000005));
#7227 = VECTOR('',#7228,1.);
#7228 = DIRECTION('',(-1.,4.440892098501E-16,-1.110223024625E-16));
#7229 = PCURVE('',#7230,#7235);
#7230 = PLANE('',#7231);
#7231 = AXIS2_PLACEMENT_3D('',#7232,#7233,#7234);
#7232 = CARTESIAN_POINT('',(-2.75,4.35,6.2));
#7233 = DIRECTION('',(9.3677232495E-31,1.,-1.443289932013E-15));
#7234 = DIRECTION('',(1.665334536938E-15,-1.110223024625E-16,-1.));
#7235 = DEFINITIONAL_REPRESENTATION('',(#7236),#7240);
#7236 = LINE('',#7237,#7238);
#7237 = CARTESIAN_POINT('',(2.212779999995,-0.356055));
#7238 = VECTOR('',#7239,1.);
#7239 = DIRECTION('',(-1.554312234475E-15,1.));
#7240 = ( GEOMETRIC_REPRESENTATION_CONTEXT(2) 
PARAMETRIC_REPRESENTATION_CONTEXT() REPRESENTATION_CONTEXT('2D SPACE',''
  ) );
#7241 = PCURVE('',#7242,#7247);
#7242 = PLANE('',#7243);
#7243 = AXIS2_PLACEMENT_3D('',#7244,#7245,#7246);
#7244 = CARTESIAN_POINT('',(-2.03789,-17.04057599743,3.987220000005));
#7245 = DIRECTION('',(1.110223024625E-16,-5.551115123126E-16,-1.));
#7246 = DIRECTION('',(1.,-2.22044604925E-16,1.110223024625E-16));
#7247 = DEFINITIONAL_REPRESENTATION('',(#7248),#7252);
#7248 = LINE('',#7249,#7250);
#7249 = CARTESIAN_POINT('',(-0.356055,-21.39057599743));
#7250 = VECTOR('',#7251,1.);
#7251 = DIRECTION('',(-1.,-2.22044604925E-16));
#7252 = ( GEOMETRIC_REPRESENTATION_CONTEXT(2) 
PARAMETRIC_REPRESENTATION_CONTEXT() REPRESENTATION_CONTEXT('2D SPACE',''
  ) );
#7253 = ORIENTED_EDGE('',*,*,#7254,.T.);
#7254 = EDGE_CURVE('',#7222,#7255,#7257,.T.);
#7255 = VERTEX_POINT('',#7256);
#7256 = CARTESIAN_POINT('',(-1.4,4.35,6.2));
#7257 = SURFACE_CURVE('',#7258,(#7262,#7269),.PCURVE_S1.);
#7258 = LINE('',#7259,#7260);
#7259 = CARTESIAN_POINT('',(-1.4,4.35,11.328556222084));
#7260 = VECTOR('',#7261,1.);
#7261 = DIRECTION('',(-8.881784197001E-16,5.551115123126E-16,1.));
#7262 = PCURVE('',#7230,#7263);
#7263 = DEFINITIONAL_REPRESENTATION('',(#7264),#7268);
#7264 = LINE('',#7265,#7266);
#7265 = CARTESIAN_POINT('',(-5.128556222084,-1.35));
#7266 = VECTOR('',#7267,1.);
#7267 = DIRECTION('',(-1.,3.330669073875E-16));
#7268 = ( GEOMETRIC_REPRESENTATION_CONTEXT(2) 
PARAMETRIC_REPRESENTATION_CONTEXT() REPRESENTATION_CONTEXT('2D SPACE',''
  ) );
#7269 = PCURVE('',#7270,#7275);
#7270 = PLANE('',#7271);
#7271 = AXIS2_PLACEMENT_3D('',#7272,#7273,#7274);
#7272 = CARTESIAN_POINT('',(-1.4,4.75,16.457112444168));
#7273 = DIRECTION('',(-1.,4.440892098501E-16,-2.22044604925E-16));
#7274 = DIRECTION('',(2.22044604925E-16,-1.,8.881784197001E-16));
#7275 = DEFINITIONAL_REPRESENTATION('',(#7276),#7280);
#7276 = LINE('',#7277,#7278);
#7277 = CARTESIAN_POINT('',(0.4,-5.128556222084));
#7278 = VECTOR('',#7279,1.);
#7279 = DIRECTION('',(1.110223024625E-16,1.));
#7280 = ( GEOMETRIC_REPRESENTATION_CONTEXT(2) 
PARAMETRIC_REPRESENTATION_CONTEXT() REPRESENTATION_CONTEXT('2D SPACE',''
  ) );
#7281 = ORIENTED_EDGE('',*,*,#7282,.T.);
#7282 = EDGE_CURVE('',#7255,#7283,#7285,.T.);
#7283 = VERTEX_POINT('',#7284);
#7284 = CARTESIAN_POINT('',(1.4,4.35,6.2));
#7285 = SURFACE_CURVE('',#7286,(#7290,#7297),.PCURVE_S1.);
#7286 = LINE('',#7287,#7288);
#7287 = CARTESIAN_POINT('',(-2.75,4.35,6.2));
#7288 = VECTOR('',#7289,1.);
#7289 = DIRECTION('',(1.,-1.33226762955E-15,1.665334536938E-16));
#7290 = PCURVE('',#7230,#7291);
#7291 = DEFINITIONAL_REPRESENTATION('',(#7292),#7296);
#7292 = LINE('',#7293,#7294);
#7293 = CARTESIAN_POINT('',(0.,0.));
#7294 = VECTOR('',#7295,1.);
#7295 = DIRECTION('',(1.054711873394E-15,-1.));
#7296 = ( GEOMETRIC_REPRESENTATION_CONTEXT(2) 
PARAMETRIC_REPRESENTATION_CONTEXT() REPRESENTATION_CONTEXT('2D SPACE',''
  ) );
#7297 = PCURVE('',#7298,#7303);
#7298 = CYLINDRICAL_SURFACE('',#7299,1.);
#7299 = AXIS2_PLACEMENT_3D('',#7300,#7301,#7302);
#7300 = CARTESIAN_POINT('',(-2.75,3.35,6.2));
#7301 = DIRECTION('',(-1.,1.110223024625E-15,-3.330669073875E-16));
#7302 = DIRECTION('',(-2.22044604925E-16,1.,-1.665334536938E-15));
#7303 = DEFINITIONAL_REPRESENTATION('',(#7304),#7308);
#7304 = LINE('',#7305,#7306);
#7305 = CARTESIAN_POINT('',(-0.,0.));
#7306 = VECTOR('',#7307,1.);
#7307 = DIRECTION('',(-0.,-1.));
#7308 = ( GEOMETRIC_REPRESENTATION_CONTEXT(2) 
PARAMETRIC_REPRESENTATION_CONTEXT() REPRESENTATION_CONTEXT('2D SPACE',''
  ) );
#7309 = ORIENTED_EDGE('',*,*,#7310,.T.);
#7310 = EDGE_CURVE('',#7283,#7311,#7313,.T.);
#7311 = VERTEX_POINT('',#7312);
#7312 = CARTESIAN_POINT('',(1.4,4.35,3.987220000005));
#7313 = SURFACE_CURVE('',#7314,(#7318,#7325),.PCURVE_S1.);
#7314 = LINE('',#7315,#7316);
#7315 = CARTESIAN_POINT('',(1.4,4.35,11.328556222084));
#7316 = VECTOR('',#7317,1.);
#7317 = DIRECTION('',(8.881784197001E-16,-5.551115123126E-16,-1.));
#7318 = PCURVE('',#7230,#7319);
#7319 = DEFINITIONAL_REPRESENTATION('',(#7320),#7324);
#7320 = LINE('',#7321,#7322);
#7321 = CARTESIAN_POINT('',(-5.128556222084,-4.15));
#7322 = VECTOR('',#7323,1.);
#7323 = DIRECTION('',(1.,-3.330669073875E-16));
#7324 = ( GEOMETRIC_REPRESENTATION_CONTEXT(2) 
PARAMETRIC_REPRESENTATION_CONTEXT() REPRESENTATION_CONTEXT('2D SPACE',''
  ) );
#7325 = PCURVE('',#7326,#7331);
#7326 = PLANE('',#7327);
#7327 = AXIS2_PLACEMENT_3D('',#7328,#7329,#7330);
#7328 = CARTESIAN_POINT('',(1.4,3.25,16.457112444168));
#7329 = DIRECTION('',(1.,-4.440892098501E-16,2.22044604925E-16));
#7330 = DIRECTION('',(-2.22044604925E-16,1.,-8.881784197001E-16));
#7331 = DEFINITIONAL_REPRESENTATION('',(#7332),#7336);
#7332 = LINE('',#7333,#7334);
#7333 = CARTESIAN_POINT('',(1.1,-5.128556222084));
#7334 = VECTOR('',#7335,1.);
#7335 = DIRECTION('',(1.110223024625E-16,-1.));
#7336 = ( GEOMETRIC_REPRESENTATION_CONTEXT(2) 
PARAMETRIC_REPRESENTATION_CONTEXT() REPRESENTATION_CONTEXT('2D SPACE',''
  ) );
#7337 = ORIENTED_EDGE('',*,*,#7338,.T.);
#7338 = EDGE_CURVE('',#7311,#7339,#7341,.T.);
#7339 = VERTEX_POINT('',#7340);
#7340 = CARTESIAN_POINT('',(0.55,4.35,3.987220000005));
#7341 = SURFACE_CURVE('',#7342,(#7346,#7353),.PCURVE_S1.);
#7342 = LINE('',#7343,#7344);
#7343 = CARTESIAN_POINT('',(-1.1,4.35,3.987220000005));
#7344 = VECTOR('',#7345,1.);
#7345 = DIRECTION('',(-1.,4.440892098501E-16,-1.110223024625E-16));
#7346 = PCURVE('',#7230,#7347);
#7347 = DEFINITIONAL_REPRESENTATION('',(#7348),#7352);
#7348 = LINE('',#7349,#7350);
#7349 = CARTESIAN_POINT('',(2.212779999995,-1.65));
#7350 = VECTOR('',#7351,1.);
#7351 = DIRECTION('',(-1.554312234475E-15,1.));
#7352 = ( GEOMETRIC_REPRESENTATION_CONTEXT(2) 
PARAMETRIC_REPRESENTATION_CONTEXT() REPRESENTATION_CONTEXT('2D SPACE',''
  ) );
#7353 = PCURVE('',#7354,#7359);
#7354 = PLANE('',#7355);
#7355 = AXIS2_PLACEMENT_3D('',#7356,#7357,#7358);
#7356 = CARTESIAN_POINT('',(0.55,-17.04057599743,3.987220000005));
#7357 = DIRECTION('',(1.110223024625E-16,-5.551115123126E-16,-1.));
#7358 = DIRECTION('',(1.,-2.22044604925E-16,1.110223024625E-16));
#7359 = DEFINITIONAL_REPRESENTATION('',(#7360),#7364);
#7360 = LINE('',#7361,#7362);
#7361 = CARTESIAN_POINT('',(-1.65,-21.39057599743));
#7362 = VECTOR('',#7363,1.);
#7363 = DIRECTION('',(-1.,-2.22044604925E-16));
#7364 = ( GEOMETRIC_REPRESENTATION_CONTEXT(2) 
PARAMETRIC_REPRESENTATION_CONTEXT() REPRESENTATION_CONTEXT('2D SPACE',''
  ) );
#7365 = ORIENTED_EDGE('',*,*,#7366,.T.);
#7366 = EDGE_CURVE('',#7339,#7367,#7369,.T.);
#7367 = VERTEX_POINT('',#7368);
#7368 = CARTESIAN_POINT('',(0.55,4.35,-4.));
#7369 = SURFACE_CURVE('',#7370,(#7374,#7381),.PCURVE_S1.);
#7370 = LINE('',#7371,#7372);
#7371 = CARTESIAN_POINT('',(0.55,4.35,1.1));
#7372 = VECTOR('',#7373,1.);
#7373 = DIRECTION('',(3.330669073875E-16,-9.992007221626E-16,-1.));
#7374 = PCURVE('',#7230,#7375);
#7375 = DEFINITIONAL_REPRESENTATION('',(#7376),#7380);
#7376 = LINE('',#7377,#7378);
#7377 = CARTESIAN_POINT('',(5.1,-3.3));
#7378 = VECTOR('',#7379,1.);
#7379 = DIRECTION('',(1.,-4.930380657631E-31));
#7380 = ( GEOMETRIC_REPRESENTATION_CONTEXT(2) 
PARAMETRIC_REPRESENTATION_CONTEXT() REPRESENTATION_CONTEXT('2D SPACE',''
  ) );
#7381 = PCURVE('',#7382,#7387);
#7382 = PLANE('',#7383);
#7383 = AXIS2_PLACEMENT_3D('',#7384,#7385,#7386);
#7384 = CARTESIAN_POINT('',(0.55,-17.04057599743,-4.));
#7385 = DIRECTION('',(1.,8.628166150855E-32,3.330669073875E-16));
#7386 = DIRECTION('',(-3.330669073875E-16,3.330669073875E-16,1.));
#7387 = DEFINITIONAL_REPRESENTATION('',(#7388),#7392);
#7388 = LINE('',#7389,#7390);
#7389 = CARTESIAN_POINT('',(5.1,-21.39057599743));
#7390 = VECTOR('',#7391,1.);
#7391 = DIRECTION('',(-1.,6.661338147751E-16));
#7392 = ( GEOMETRIC_REPRESENTATION_CONTEXT(2) 
PARAMETRIC_REPRESENTATION_CONTEXT() REPRESENTATION_CONTEXT('2D SPACE',''
  ) );
#7393 = ORIENTED_EDGE('',*,*,#7394,.F.);
#7394 = EDGE_CURVE('',#7395,#7367,#7397,.T.);
#7395 = VERTEX_POINT('',#7396);
#7396 = CARTESIAN_POINT('',(-0.55,4.35,-4.));
#7397 = SURFACE_CURVE('',#7398,(#7403,#7414),.PCURVE_S1.);
#7398 = CIRCLE('',#7399,0.55);
#7399 = AXIS2_PLACEMENT_3D('',#7400,#7401,#7402);
#7400 = CARTESIAN_POINT('',(6.081929626019E-15,4.35,-4.));
#7401 = DIRECTION('',(-2.22044604925E-16,-1.,3.330669073875E-16));
#7402 = DIRECTION('',(1.,-2.22044604925E-16,1.110223024625E-16));
#7403 = PCURVE('',#7230,#7404);
#7404 = DEFINITIONAL_REPRESENTATION('',(#7405),#7413);
#7405 = ( BOUNDED_CURVE() B_SPLINE_CURVE(2,(#7406,#7407,#7408,#7409,
#7410,#7411,#7412),.UNSPECIFIED.,.T.,.F.) B_SPLINE_CURVE_WITH_KNOTS((1,2
    ,2,2,2,1),(-2.094395102393,0.,2.094395102393,4.188790204786,
6.28318530718,8.377580409573),.UNSPECIFIED.) CURVE() 
GEOMETRIC_REPRESENTATION_ITEM() RATIONAL_B_SPLINE_CURVE((1.,0.5,1.,0.5,
1.,0.5,1.)) REPRESENTATION_ITEM('') );
#7406 = CARTESIAN_POINT('',(10.2,-3.3));
#7407 = CARTESIAN_POINT('',(9.247372055837,-3.3));
#7408 = CARTESIAN_POINT('',(9.723686027919,-2.475));
#7409 = CARTESIAN_POINT('',(10.2,-1.65));
#7410 = CARTESIAN_POINT('',(10.676313972081,-2.475));
#7411 = CARTESIAN_POINT('',(11.152627944163,-3.3));
#7412 = CARTESIAN_POINT('',(10.2,-3.3));
#7413 = ( GEOMETRIC_REPRESENTATION_CONTEXT(2) 
PARAMETRIC_REPRESENTATION_CONTEXT() REPRESENTATION_CONTEXT('2D SPACE',''
  ) );
#7414 = PCURVE('',#7415,#7420);
#7415 = CYLINDRICAL_SURFACE('',#7416,0.55);
#7416 = AXIS2_PLACEMENT_3D('',#7417,#7418,#7419);
#7417 = CARTESIAN_POINT('',(1.33226762955E-15,-17.04057599743,-4.));
#7418 = DIRECTION('',(-2.22044604925E-16,-1.,3.330669073875E-16));
#7419 = DIRECTION('',(1.,-2.22044604925E-16,1.110223024625E-16));
#7420 = DEFINITIONAL_REPRESENTATION('',(#7421),#7425);
#7421 = LINE('',#7422,#7423);
#7422 = CARTESIAN_POINT('',(0.,-21.39057599743));
#7423 = VECTOR('',#7424,1.);
#7424 = DIRECTION('',(1.,0.));
#7425 = ( GEOMETRIC_REPRESENTATION_CONTEXT(2) 
PARAMETRIC_REPRESENTATION_CONTEXT() REPRESENTATION_CONTEXT('2D SPACE',''
  ) );
#7426 = ORIENTED_EDGE('',*,*,#7427,.T.);
#7427 = EDGE_CURVE('',#7395,#7220,#7428,.T.);
#7428 = SURFACE_CURVE('',#7429,(#7433,#7440),.PCURVE_S1.);
#7429 = LINE('',#7430,#7431);
#7430 = CARTESIAN_POINT('',(-0.55,4.35,5.093610000002));
#7431 = VECTOR('',#7432,1.);
#7432 = DIRECTION('',(-3.330669073875E-16,9.992007221626E-16,1.));
#7433 = PCURVE('',#7230,#7434);
#7434 = DEFINITIONAL_REPRESENTATION('',(#7435),#7439);
#7435 = LINE('',#7436,#7437);
#7436 = CARTESIAN_POINT('',(1.106389999998,-2.2));
#7437 = VECTOR('',#7438,1.);
#7438 = DIRECTION('',(-1.,4.930380657631E-31));
#7439 = ( GEOMETRIC_REPRESENTATION_CONTEXT(2) 
PARAMETRIC_REPRESENTATION_CONTEXT() REPRESENTATION_CONTEXT('2D SPACE',''
  ) );
#7440 = PCURVE('',#7441,#7446);
#7441 = PLANE('',#7442);
#7442 = AXIS2_PLACEMENT_3D('',#7443,#7444,#7445);
#7443 = CARTESIAN_POINT('',(-0.55,-17.04057599743,3.987220000005));
#7444 = DIRECTION('',(-1.,-8.628166150855E-32,-3.330669073875E-16));
#7445 = DIRECTION('',(3.330669073875E-16,-3.330669073875E-16,-1.));
#7446 = DEFINITIONAL_REPRESENTATION('',(#7447),#7451);
#7447 = LINE('',#7448,#7449);
#7448 = CARTESIAN_POINT('',(-1.106389999997,-21.39057599743));
#7449 = VECTOR('',#7450,1.);
#7450 = DIRECTION('',(-1.,-6.661338147751E-16));
#7451 = ( GEOMETRIC_REPRESENTATION_CONTEXT(2) 
PARAMETRIC_REPRESENTATION_CONTEXT() REPRESENTATION_CONTEXT('2D SPACE',''
  ) );
#7452 = ADVANCED_FACE('',(#7453),#7242,.T.);
#7453 = FACE_BOUND('',#7454,.T.);
#7454 = EDGE_LOOP('',(#7455,#7478,#7506,#7527));
#7455 = ORIENTED_EDGE('',*,*,#7456,.F.);
#7456 = EDGE_CURVE('',#7457,#7220,#7459,.T.);
#7457 = VERTEX_POINT('',#7458);
#7458 = CARTESIAN_POINT('',(-0.55,3.65,3.987220000005));
#7459 = SURFACE_CURVE('',#7460,(#7464,#7471),.PCURVE_S1.);
#7460 = LINE('',#7461,#7462);
#7461 = CARTESIAN_POINT('',(-0.55,-17.04057599743,3.987220000005));
#7462 = VECTOR('',#7463,1.);
#7463 = DIRECTION('',(9.860761315263E-32,1.,-5.551115123126E-16));
#7464 = PCURVE('',#7242,#7465);
#7465 = DEFINITIONAL_REPRESENTATION('',(#7466),#7470);
#7466 = LINE('',#7467,#7468);
#7467 = CARTESIAN_POINT('',(1.48789,-3.303779472219E-16));
#7468 = VECTOR('',#7469,1.);
#7469 = DIRECTION('',(-2.22044604925E-16,-1.));
#7470 = ( GEOMETRIC_REPRESENTATION_CONTEXT(2) 
PARAMETRIC_REPRESENTATION_CONTEXT() REPRESENTATION_CONTEXT('2D SPACE',''
  ) );
#7471 = PCURVE('',#7441,#7472);
#7472 = DEFINITIONAL_REPRESENTATION('',(#7473),#7477);
#7473 = LINE('',#7474,#7475);
#7474 = CARTESIAN_POINT('',(0.,0.));
#7475 = VECTOR('',#7476,1.);
#7476 = DIRECTION('',(2.22044604925E-16,-1.));
#7477 = ( GEOMETRIC_REPRESENTATION_CONTEXT(2) 
PARAMETRIC_REPRESENTATION_CONTEXT() REPRESENTATION_CONTEXT('2D SPACE',''
  ) );
#7478 = ORIENTED_EDGE('',*,*,#7479,.F.);
#7479 = EDGE_CURVE('',#7480,#7457,#7482,.T.);
#7480 = VERTEX_POINT('',#7481);
#7481 = CARTESIAN_POINT('',(-1.4,3.65,3.987220000005));
#7482 = SURFACE_CURVE('',#7483,(#7487,#7494),.PCURVE_S1.);
#7483 = LINE('',#7484,#7485);
#7484 = CARTESIAN_POINT('',(-2.393945,3.65,3.987220000005));
#7485 = VECTOR('',#7486,1.);
#7486 = DIRECTION('',(1.,-4.440892098501E-16,1.110223024625E-16));
#7487 = PCURVE('',#7242,#7488);
#7488 = DEFINITIONAL_REPRESENTATION('',(#7489),#7493);
#7489 = LINE('',#7490,#7491);
#7490 = CARTESIAN_POINT('',(-0.356055,-20.69057599743));
#7491 = VECTOR('',#7492,1.);
#7492 = DIRECTION('',(1.,2.22044604925E-16));
#7493 = ( GEOMETRIC_REPRESENTATION_CONTEXT(2) 
PARAMETRIC_REPRESENTATION_CONTEXT() REPRESENTATION_CONTEXT('2D SPACE',''
  ) );
#7494 = PCURVE('',#7495,#7500);
#7495 = PLANE('',#7496);
#7496 = AXIS2_PLACEMENT_3D('',#7497,#7498,#7499);
#7497 = CARTESIAN_POINT('',(-2.75,3.65,-4.7));
#7498 = DIRECTION('',(-9.3677232495E-31,-1.,1.443289932013E-15));
#7499 = DIRECTION('',(-1.665334536938E-15,1.110223024625E-16,1.));
#7500 = DEFINITIONAL_REPRESENTATION('',(#7501),#7505);
#7501 = LINE('',#7502,#7503);
#7502 = CARTESIAN_POINT('',(8.687220000005,-0.356055));
#7503 = VECTOR('',#7504,1.);
#7504 = DIRECTION('',(-1.554312234475E-15,-1.));
#7505 = ( GEOMETRIC_REPRESENTATION_CONTEXT(2) 
PARAMETRIC_REPRESENTATION_CONTEXT() REPRESENTATION_CONTEXT('2D SPACE',''
  ) );
#7506 = ORIENTED_EDGE('',*,*,#7507,.F.);
#7507 = EDGE_CURVE('',#7222,#7480,#7508,.T.);
#7508 = SURFACE_CURVE('',#7509,(#7513,#7520),.PCURVE_S1.);
#7509 = LINE('',#7510,#7511);
#7510 = CARTESIAN_POINT('',(-1.4,-6.145287998716,3.987220000005));
#7511 = VECTOR('',#7512,1.);
#7512 = DIRECTION('',(-2.22044604925E-16,-1.,5.551115123126E-16));
#7513 = PCURVE('',#7242,#7514);
#7514 = DEFINITIONAL_REPRESENTATION('',(#7515),#7519);
#7515 = LINE('',#7516,#7517);
#7516 = CARTESIAN_POINT('',(0.63789,-10.89528799871));
#7517 = VECTOR('',#7518,1.);
#7518 = DIRECTION('',(-3.697785493223E-32,1.));
#7519 = ( GEOMETRIC_REPRESENTATION_CONTEXT(2) 
PARAMETRIC_REPRESENTATION_CONTEXT() REPRESENTATION_CONTEXT('2D SPACE',''
  ) );
#7520 = PCURVE('',#7270,#7521);
#7521 = DEFINITIONAL_REPRESENTATION('',(#7522),#7526);
#7522 = LINE('',#7523,#7524);
#7523 = CARTESIAN_POINT('',(10.895287998716,-12.46989244416));
#7524 = VECTOR('',#7525,1.);
#7525 = DIRECTION('',(1.,3.330669073875E-16));
#7526 = ( GEOMETRIC_REPRESENTATION_CONTEXT(2) 
PARAMETRIC_REPRESENTATION_CONTEXT() REPRESENTATION_CONTEXT('2D SPACE',''
  ) );
#7527 = ORIENTED_EDGE('',*,*,#7219,.F.);
#7528 = ADVANCED_FACE('',(#7529),#7441,.T.);
#7529 = FACE_BOUND('',#7530,.T.);
#7530 = EDGE_LOOP('',(#7531,#7554,#7555,#7556));
#7531 = ORIENTED_EDGE('',*,*,#7532,.F.);
#7532 = EDGE_CURVE('',#7457,#7533,#7535,.T.);
#7533 = VERTEX_POINT('',#7534);
#7534 = CARTESIAN_POINT('',(-0.55,3.65,-4.));
#7535 = SURFACE_CURVE('',#7536,(#7540,#7547),.PCURVE_S1.);
#7536 = LINE('',#7537,#7538);
#7537 = CARTESIAN_POINT('',(-0.55,3.65,-0.356389999998));
#7538 = VECTOR('',#7539,1.);
#7539 = DIRECTION('',(3.330669073875E-16,-9.992007221626E-16,-1.));
#7540 = PCURVE('',#7441,#7541);
#7541 = DEFINITIONAL_REPRESENTATION('',(#7542),#7546);
#7542 = LINE('',#7543,#7544);
#7543 = CARTESIAN_POINT('',(4.343610000003,-20.69057599743));
#7544 = VECTOR('',#7545,1.);
#7545 = DIRECTION('',(1.,6.661338147751E-16));
#7546 = ( GEOMETRIC_REPRESENTATION_CONTEXT(2) 
PARAMETRIC_REPRESENTATION_CONTEXT() REPRESENTATION_CONTEXT('2D SPACE',''
  ) );
#7547 = PCURVE('',#7495,#7548);
#7548 = DEFINITIONAL_REPRESENTATION('',(#7549),#7553);
#7549 = LINE('',#7550,#7551);
#7550 = CARTESIAN_POINT('',(4.343610000002,-2.2));
#7551 = VECTOR('',#7552,1.);
#7552 = DIRECTION('',(-1.,-4.930380657631E-31));
#7553 = ( GEOMETRIC_REPRESENTATION_CONTEXT(2) 
PARAMETRIC_REPRESENTATION_CONTEXT() REPRESENTATION_CONTEXT('2D SPACE',''
  ) );
#7554 = ORIENTED_EDGE('',*,*,#7456,.T.);
#7555 = ORIENTED_EDGE('',*,*,#7427,.F.);
#7556 = ORIENTED_EDGE('',*,*,#7557,.F.);
#7557 = EDGE_CURVE('',#7533,#7395,#7558,.T.);
#7558 = SURFACE_CURVE('',#7559,(#7563,#7570),.PCURVE_S1.);
#7559 = LINE('',#7560,#7561);
#7560 = CARTESIAN_POINT('',(-0.55,-17.04057599743,-4.));
#7561 = VECTOR('',#7562,1.);
#7562 = DIRECTION('',(9.860761315263E-32,1.,-5.551115123126E-16));
#7563 = PCURVE('',#7441,#7564);
#7564 = DEFINITIONAL_REPRESENTATION('',(#7565),#7569);
#7565 = LINE('',#7566,#7567);
#7566 = CARTESIAN_POINT('',(7.987220000005,-2.660278664026E-15));
#7567 = VECTOR('',#7568,1.);
#7568 = DIRECTION('',(2.22044604925E-16,-1.));
#7569 = ( GEOMETRIC_REPRESENTATION_CONTEXT(2) 
PARAMETRIC_REPRESENTATION_CONTEXT() REPRESENTATION_CONTEXT('2D SPACE',''
  ) );
#7570 = PCURVE('',#7415,#7571);
#7571 = DEFINITIONAL_REPRESENTATION('',(#7572),#7576);
#7572 = LINE('',#7573,#7574);
#7573 = CARTESIAN_POINT('',(3.14159265359,0.));
#7574 = VECTOR('',#7575,1.);
#7575 = DIRECTION('',(0.,-1.));
#7576 = ( GEOMETRIC_REPRESENTATION_CONTEXT(2) 
PARAMETRIC_REPRESENTATION_CONTEXT() REPRESENTATION_CONTEXT('2D SPACE',''
  ) );
#7577 = ADVANCED_FACE('',(#7578),#7415,.T.);
#7578 = FACE_BOUND('',#7579,.T.);
#7579 = EDGE_LOOP('',(#7580,#7604,#7605,#7606));
#7580 = ORIENTED_EDGE('',*,*,#7581,.F.);
#7581 = EDGE_CURVE('',#7533,#7582,#7584,.T.);
#7582 = VERTEX_POINT('',#7583);
#7583 = CARTESIAN_POINT('',(0.55,3.65,-4.));
#7584 = SURFACE_CURVE('',#7585,(#7590,#7597),.PCURVE_S1.);
#7585 = CIRCLE('',#7586,0.55);
#7586 = AXIS2_PLACEMENT_3D('',#7587,#7588,#7589);
#7587 = CARTESIAN_POINT('',(5.926498402571E-15,3.65,-4.));
#7588 = DIRECTION('',(-2.22044604925E-16,-1.,3.330669073875E-16));
#7589 = DIRECTION('',(1.,-2.22044604925E-16,1.110223024625E-16));
#7590 = PCURVE('',#7415,#7591);
#7591 = DEFINITIONAL_REPRESENTATION('',(#7592),#7596);
#7592 = LINE('',#7593,#7594);
#7593 = CARTESIAN_POINT('',(0.,-20.69057599743));
#7594 = VECTOR('',#7595,1.);
#7595 = DIRECTION('',(1.,0.));
#7596 = ( GEOMETRIC_REPRESENTATION_CONTEXT(2) 
PARAMETRIC_REPRESENTATION_CONTEXT() REPRESENTATION_CONTEXT('2D SPACE',''
  ) );
#7597 = PCURVE('',#7495,#7598);
#7598 = DEFINITIONAL_REPRESENTATION('',(#7599),#7603);
#7599 = CIRCLE('',#7600,0.55);
#7600 = AXIS2_PLACEMENT_2D('',#7601,#7602);
#7601 = CARTESIAN_POINT('',(0.7,-2.75));
#7602 = DIRECTION('',(-1.554312234475E-15,-1.));
#7603 = ( GEOMETRIC_REPRESENTATION_CONTEXT(2) 
PARAMETRIC_REPRESENTATION_CONTEXT() REPRESENTATION_CONTEXT('2D SPACE',''
  ) );
#7604 = ORIENTED_EDGE('',*,*,#7557,.T.);
#7605 = ORIENTED_EDGE('',*,*,#7394,.T.);
#7606 = ORIENTED_EDGE('',*,*,#7607,.F.);
#7607 = EDGE_CURVE('',#7582,#7367,#7608,.T.);
#7608 = SURFACE_CURVE('',#7609,(#7613,#7620),.PCURVE_S1.);
#7609 = LINE('',#7610,#7611);
#7610 = CARTESIAN_POINT('',(0.55,-17.04057599743,-4.));
#7611 = VECTOR('',#7612,1.);
#7612 = DIRECTION('',(9.860761315263E-32,1.,-5.551115123126E-16));
#7613 = PCURVE('',#7415,#7614);
#7614 = DEFINITIONAL_REPRESENTATION('',(#7615),#7619);
#7615 = LINE('',#7616,#7617);
#7616 = CARTESIAN_POINT('',(6.28318530718,0.));
#7617 = VECTOR('',#7618,1.);
#7618 = DIRECTION('',(0.,-1.));
#7619 = ( GEOMETRIC_REPRESENTATION_CONTEXT(2) 
PARAMETRIC_REPRESENTATION_CONTEXT() REPRESENTATION_CONTEXT('2D SPACE',''
  ) );
#7620 = PCURVE('',#7382,#7621);
#7621 = DEFINITIONAL_REPRESENTATION('',(#7622),#7626);
#7622 = LINE('',#7623,#7624);
#7623 = CARTESIAN_POINT('',(0.,0.));
#7624 = VECTOR('',#7625,1.);
#7625 = DIRECTION('',(-2.22044604925E-16,-1.));
#7626 = ( GEOMETRIC_REPRESENTATION_CONTEXT(2) 
PARAMETRIC_REPRESENTATION_CONTEXT() REPRESENTATION_CONTEXT('2D SPACE',''
  ) );
#7627 = ADVANCED_FACE('',(#7628),#7382,.T.);
#7628 = FACE_BOUND('',#7629,.T.);
#7629 = EDGE_LOOP('',(#7630,#7653,#7654,#7655));
#7630 = ORIENTED_EDGE('',*,*,#7631,.F.);
#7631 = EDGE_CURVE('',#7582,#7632,#7634,.T.);
#7632 = VERTEX_POINT('',#7633);
#7633 = CARTESIAN_POINT('',(0.55,3.65,3.987220000005));
#7634 = SURFACE_CURVE('',#7635,(#7639,#7646),.PCURVE_S1.);
#7635 = LINE('',#7636,#7637);
#7636 = CARTESIAN_POINT('',(0.55,3.65,-4.35));
#7637 = VECTOR('',#7638,1.);
#7638 = DIRECTION('',(-3.330669073875E-16,9.992007221626E-16,1.));
#7639 = PCURVE('',#7382,#7640);
#7640 = DEFINITIONAL_REPRESENTATION('',(#7641),#7645);
#7641 = LINE('',#7642,#7643);
#7642 = CARTESIAN_POINT('',(-0.35,-20.69057599743));
#7643 = VECTOR('',#7644,1.);
#7644 = DIRECTION('',(1.,-6.661338147751E-16));
#7645 = ( GEOMETRIC_REPRESENTATION_CONTEXT(2) 
PARAMETRIC_REPRESENTATION_CONTEXT() REPRESENTATION_CONTEXT('2D SPACE',''
  ) );
#7646 = PCURVE('',#7495,#7647);
#7647 = DEFINITIONAL_REPRESENTATION('',(#7648),#7652);
#7648 = LINE('',#7649,#7650);
#7649 = CARTESIAN_POINT('',(0.35,-3.3));
#7650 = VECTOR('',#7651,1.);
#7651 = DIRECTION('',(1.,4.930380657631E-31));
#7652 = ( GEOMETRIC_REPRESENTATION_CONTEXT(2) 
PARAMETRIC_REPRESENTATION_CONTEXT() REPRESENTATION_CONTEXT('2D SPACE',''
  ) );
#7653 = ORIENTED_EDGE('',*,*,#7607,.T.);
#7654 = ORIENTED_EDGE('',*,*,#7366,.F.);
#7655 = ORIENTED_EDGE('',*,*,#7656,.F.);
#7656 = EDGE_CURVE('',#7632,#7339,#7657,.T.);
#7657 = SURFACE_CURVE('',#7658,(#7662,#7669),.PCURVE_S1.);
#7658 = LINE('',#7659,#7660);
#7659 = CARTESIAN_POINT('',(0.55,-17.04057599743,3.987220000005));
#7660 = VECTOR('',#7661,1.);
#7661 = DIRECTION('',(9.860761315263E-32,1.,-5.551115123126E-16));
#7662 = PCURVE('',#7382,#7663);
#7663 = DEFINITIONAL_REPRESENTATION('',(#7664),#7668);
#7664 = LINE('',#7665,#7666);
#7665 = CARTESIAN_POINT('',(7.987220000005,2.660278664026E-15));
#7666 = VECTOR('',#7667,1.);
#7667 = DIRECTION('',(-2.22044604925E-16,-1.));
#7668 = ( GEOMETRIC_REPRESENTATION_CONTEXT(2) 
PARAMETRIC_REPRESENTATION_CONTEXT() REPRESENTATION_CONTEXT('2D SPACE',''
  ) );
#7669 = PCURVE('',#7354,#7670);
#7670 = DEFINITIONAL_REPRESENTATION('',(#7671),#7675);
#7671 = LINE('',#7672,#7673);
#7672 = CARTESIAN_POINT('',(0.,0.));
#7673 = VECTOR('',#7674,1.);
#7674 = DIRECTION('',(-2.22044604925E-16,-1.));
#7675 = ( GEOMETRIC_REPRESENTATION_CONTEXT(2) 
PARAMETRIC_REPRESENTATION_CONTEXT() REPRESENTATION_CONTEXT('2D SPACE',''
  ) );
#7676 = ADVANCED_FACE('',(#7677),#7354,.T.);
#7677 = FACE_BOUND('',#7678,.T.);
#7678 = EDGE_LOOP('',(#7679,#7702,#7703,#7704));
#7679 = ORIENTED_EDGE('',*,*,#7680,.F.);
#7680 = EDGE_CURVE('',#7632,#7681,#7683,.T.);
#7681 = VERTEX_POINT('',#7682);
#7682 = CARTESIAN_POINT('',(1.4,3.65,3.987220000005));
#7683 = SURFACE_CURVE('',#7684,(#7688,#7695),.PCURVE_S1.);
#7684 = LINE('',#7685,#7686);
#7685 = CARTESIAN_POINT('',(-1.1,3.65,3.987220000005));
#7686 = VECTOR('',#7687,1.);
#7687 = DIRECTION('',(1.,-4.440892098501E-16,1.110223024625E-16));
#7688 = PCURVE('',#7354,#7689);
#7689 = DEFINITIONAL_REPRESENTATION('',(#7690),#7694);
#7690 = LINE('',#7691,#7692);
#7691 = CARTESIAN_POINT('',(-1.65,-20.69057599743));
#7692 = VECTOR('',#7693,1.);
#7693 = DIRECTION('',(1.,2.22044604925E-16));
#7694 = ( GEOMETRIC_REPRESENTATION_CONTEXT(2) 
PARAMETRIC_REPRESENTATION_CONTEXT() REPRESENTATION_CONTEXT('2D SPACE',''
  ) );
#7695 = PCURVE('',#7495,#7696);
#7696 = DEFINITIONAL_REPRESENTATION('',(#7697),#7701);
#7697 = LINE('',#7698,#7699);
#7698 = CARTESIAN_POINT('',(8.687220000005,-1.65));
#7699 = VECTOR('',#7700,1.);
#7700 = DIRECTION('',(-1.554312234475E-15,-1.));
#7701 = ( GEOMETRIC_REPRESENTATION_CONTEXT(2) 
PARAMETRIC_REPRESENTATION_CONTEXT() REPRESENTATION_CONTEXT('2D SPACE',''
  ) );
#7702 = ORIENTED_EDGE('',*,*,#7656,.T.);
#7703 = ORIENTED_EDGE('',*,*,#7338,.F.);
#7704 = ORIENTED_EDGE('',*,*,#7705,.F.);
#7705 = EDGE_CURVE('',#7681,#7311,#7706,.T.);
#7706 = SURFACE_CURVE('',#7707,(#7711,#7718),.PCURVE_S1.);
#7707 = LINE('',#7708,#7709);
#7708 = CARTESIAN_POINT('',(1.4,-6.895287998716,3.987220000005));
#7709 = VECTOR('',#7710,1.);
#7710 = DIRECTION('',(2.22044604925E-16,1.,-5.551115123126E-16));
#7711 = PCURVE('',#7354,#7712);
#7712 = DEFINITIONAL_REPRESENTATION('',(#7713),#7717);
#7713 = LINE('',#7714,#7715);
#7714 = CARTESIAN_POINT('',(0.85,-10.14528799871));
#7715 = VECTOR('',#7716,1.);
#7716 = DIRECTION('',(3.697785493223E-32,-1.));
#7717 = ( GEOMETRIC_REPRESENTATION_CONTEXT(2) 
PARAMETRIC_REPRESENTATION_CONTEXT() REPRESENTATION_CONTEXT('2D SPACE',''
  ) );
#7718 = PCURVE('',#7326,#7719);
#7719 = DEFINITIONAL_REPRESENTATION('',(#7720),#7724);
#7720 = LINE('',#7721,#7722);
#7721 = CARTESIAN_POINT('',(-10.14528799871,-12.46989244416));
#7722 = VECTOR('',#7723,1.);
#7723 = DIRECTION('',(1.,-3.330669073875E-16));
#7724 = ( GEOMETRIC_REPRESENTATION_CONTEXT(2) 
PARAMETRIC_REPRESENTATION_CONTEXT() REPRESENTATION_CONTEXT('2D SPACE',''
  ) );
#7725 = ADVANCED_FACE('',(#7726),#7326,.T.);
#7726 = FACE_BOUND('',#7727,.T.);
#7727 = EDGE_LOOP('',(#7728,#7758,#7786,#7814,#7847,#7868,#7869,#7870));
#7728 = ORIENTED_EDGE('',*,*,#7729,.F.);
#7729 = EDGE_CURVE('',#7730,#7732,#7734,.T.);
#7730 = VERTEX_POINT('',#7731);
#7731 = CARTESIAN_POINT('',(1.4,3.25,7.2));
#7732 = VERTEX_POINT('',#7733);
#7733 = CARTESIAN_POINT('',(1.4,3.35,7.2));
#7734 = SURFACE_CURVE('',#7735,(#7739,#7746),.PCURVE_S1.);
#7735 = LINE('',#7736,#7737);
#7736 = CARTESIAN_POINT('',(1.4,-5.E-02,7.2));
#7737 = VECTOR('',#7738,1.);
#7738 = DIRECTION('',(-2.22044604925E-16,1.,-1.221245327088E-15));
#7739 = PCURVE('',#7326,#7740);
#7740 = DEFINITIONAL_REPRESENTATION('',(#7741),#7745);
#7741 = LINE('',#7742,#7743);
#7742 = CARTESIAN_POINT('',(-3.3,-9.257112444168));
#7743 = VECTOR('',#7744,1.);
#7744 = DIRECTION('',(1.,-7.771561172376E-16));
#7745 = ( GEOMETRIC_REPRESENTATION_CONTEXT(2) 
PARAMETRIC_REPRESENTATION_CONTEXT() REPRESENTATION_CONTEXT('2D SPACE',''
  ) );
#7746 = PCURVE('',#7747,#7752);
#7747 = PLANE('',#7748);
#7748 = AXIS2_PLACEMENT_3D('',#7749,#7750,#7751);
#7749 = CARTESIAN_POINT('',(-2.75,-3.35,7.2));
#7750 = DIRECTION('',(-1.498801083244E-15,3.330669073875E-16,1.));
#7751 = DIRECTION('',(-2.22044604925E-16,1.,-1.665334536938E-15));
#7752 = DEFINITIONAL_REPRESENTATION('',(#7753),#7757);
#7753 = LINE('',#7754,#7755);
#7754 = CARTESIAN_POINT('',(3.3,-4.15));
#7755 = VECTOR('',#7756,1.);
#7756 = DIRECTION('',(1.,1.110223024625E-15));
#7757 = ( GEOMETRIC_REPRESENTATION_CONTEXT(2) 
PARAMETRIC_REPRESENTATION_CONTEXT() REPRESENTATION_CONTEXT('2D SPACE',''
  ) );
#7758 = ORIENTED_EDGE('',*,*,#7759,.T.);
#7759 = EDGE_CURVE('',#7730,#7760,#7762,.T.);
#7760 = VERTEX_POINT('',#7761);
#7761 = CARTESIAN_POINT('',(1.4,3.25,6.5));
#7762 = SURFACE_CURVE('',#7763,(#7767,#7774),.PCURVE_S1.);
#7763 = LINE('',#7764,#7765);
#7764 = CARTESIAN_POINT('',(1.4,3.25,16.457112444168));
#7765 = VECTOR('',#7766,1.);
#7766 = DIRECTION('',(8.881784197001E-16,-2.958228394579E-31,-1.));
#7767 = PCURVE('',#7326,#7768);
#7768 = DEFINITIONAL_REPRESENTATION('',(#7769),#7773);
#7769 = LINE('',#7770,#7771);
#7770 = CARTESIAN_POINT('',(0.,0.));
#7771 = VECTOR('',#7772,1.);
#7772 = DIRECTION('',(6.661338147751E-16,-1.));
#7773 = ( GEOMETRIC_REPRESENTATION_CONTEXT(2) 
PARAMETRIC_REPRESENTATION_CONTEXT() REPRESENTATION_CONTEXT('2D SPACE',''
  ) );
#7774 = PCURVE('',#7775,#7780);
#7775 = PLANE('',#7776);
#7776 = AXIS2_PLACEMENT_3D('',#7777,#7778,#7779);
#7777 = CARTESIAN_POINT('',(2.9,3.25,16.457112444168));
#7778 = DIRECTION('',(1.479114197289E-31,1.,-6.661338147751E-16));
#7779 = DIRECTION('',(-1.,6.661338147751E-16,-3.574525976783E-31));
#7780 = DEFINITIONAL_REPRESENTATION('',(#7781),#7785);
#7781 = LINE('',#7782,#7783);
#7782 = CARTESIAN_POINT('',(1.5,6.661338147751E-16));
#7783 = VECTOR('',#7784,1.);
#7784 = DIRECTION('',(-6.661338147751E-16,-1.));
#7785 = ( GEOMETRIC_REPRESENTATION_CONTEXT(2) 
PARAMETRIC_REPRESENTATION_CONTEXT() REPRESENTATION_CONTEXT('2D SPACE',''
  ) );
#7786 = ORIENTED_EDGE('',*,*,#7787,.F.);
#7787 = EDGE_CURVE('',#7788,#7760,#7790,.T.);
#7788 = VERTEX_POINT('',#7789);
#7789 = CARTESIAN_POINT('',(1.4,3.35,6.5));
#7790 = SURFACE_CURVE('',#7791,(#7795,#7802),.PCURVE_S1.);
#7791 = LINE('',#7792,#7793);
#7792 = CARTESIAN_POINT('',(1.4,3.3,6.5));
#7793 = VECTOR('',#7794,1.);
#7794 = DIRECTION('',(2.22044604925E-16,-1.,1.221245327088E-15));
#7795 = PCURVE('',#7326,#7796);
#7796 = DEFINITIONAL_REPRESENTATION('',(#7797),#7801);
#7797 = LINE('',#7798,#7799);
#7798 = CARTESIAN_POINT('',(5.000000000001E-02,-9.957112444168));
#7799 = VECTOR('',#7800,1.);
#7800 = DIRECTION('',(-1.,7.771561172376E-16));
#7801 = ( GEOMETRIC_REPRESENTATION_CONTEXT(2) 
PARAMETRIC_REPRESENTATION_CONTEXT() REPRESENTATION_CONTEXT('2D SPACE',''
  ) );
#7802 = PCURVE('',#7803,#7808);
#7803 = PLANE('',#7804);
#7804 = AXIS2_PLACEMENT_3D('',#7805,#7806,#7807);
#7805 = CARTESIAN_POINT('',(-2.75,3.35,6.5));
#7806 = DIRECTION('',(1.498801083244E-15,-3.330669073875E-16,-1.));
#7807 = DIRECTION('',(2.22044604925E-16,-1.,1.665334536938E-15));
#7808 = DEFINITIONAL_REPRESENTATION('',(#7809),#7813);
#7809 = LINE('',#7810,#7811);
#7810 = CARTESIAN_POINT('',(5.000000000001E-02,-4.15));
#7811 = VECTOR('',#7812,1.);
#7812 = DIRECTION('',(1.,-1.110223024625E-15));
#7813 = ( GEOMETRIC_REPRESENTATION_CONTEXT(2) 
PARAMETRIC_REPRESENTATION_CONTEXT() REPRESENTATION_CONTEXT('2D SPACE',''
  ) );
#7814 = ORIENTED_EDGE('',*,*,#7815,.T.);
#7815 = EDGE_CURVE('',#7788,#7816,#7818,.T.);
#7816 = VERTEX_POINT('',#7817);
#7817 = CARTESIAN_POINT('',(1.4,3.65,6.2));
#7818 = SURFACE_CURVE('',#7819,(#7824,#7835),.PCURVE_S1.);
#7819 = CIRCLE('',#7820,0.3);
#7820 = AXIS2_PLACEMENT_3D('',#7821,#7822,#7823);
#7821 = CARTESIAN_POINT('',(1.4,3.35,6.2));
#7822 = DIRECTION('',(-1.,2.22044604925E-16,-1.221245327088E-15));
#7823 = DIRECTION('',(2.22044604925E-16,1.,-1.443289932013E-15));
#7824 = PCURVE('',#7326,#7825);
#7825 = DEFINITIONAL_REPRESENTATION('',(#7826),#7834);
#7826 = ( BOUNDED_CURVE() B_SPLINE_CURVE(2,(#7827,#7828,#7829,#7830,
#7831,#7832,#7833),.UNSPECIFIED.,.T.,.F.) B_SPLINE_CURVE_WITH_KNOTS((1,2
    ,2,2,2,1),(-2.094395102393,0.,2.094395102393,4.188790204786,
6.28318530718,8.377580409573),.UNSPECIFIED.) CURVE() 
GEOMETRIC_REPRESENTATION_ITEM() RATIONAL_B_SPLINE_CURVE((1.,0.5,1.,0.5,
1.,0.5,1.)) REPRESENTATION_ITEM('') );
#7827 = CARTESIAN_POINT('',(0.4,-10.25711244416));
#7828 = CARTESIAN_POINT('',(0.4,-10.77672768643));
#7829 = CARTESIAN_POINT('',(-4.999999999999E-02,-10.5169200653));
#7830 = CARTESIAN_POINT('',(-0.5,-10.25711244416));
#7831 = CARTESIAN_POINT('',(-4.999999999999E-02,-9.997304823033));
#7832 = CARTESIAN_POINT('',(0.4,-9.737497201898));
#7833 = CARTESIAN_POINT('',(0.4,-10.25711244416));
#7834 = ( GEOMETRIC_REPRESENTATION_CONTEXT(2) 
PARAMETRIC_REPRESENTATION_CONTEXT() REPRESENTATION_CONTEXT('2D SPACE',''
  ) );
#7835 = PCURVE('',#7836,#7841);
#7836 = CYLINDRICAL_SURFACE('',#7837,0.3);
#7837 = AXIS2_PLACEMENT_3D('',#7838,#7839,#7840);
#7838 = CARTESIAN_POINT('',(-2.75,3.35,6.2));
#7839 = DIRECTION('',(-1.,1.110223024625E-15,-3.330669073875E-16));
#7840 = DIRECTION('',(-2.22044604925E-16,1.,-1.665334536938E-15));
#7841 = DEFINITIONAL_REPRESENTATION('',(#7842),#7846);
#7842 = LINE('',#7843,#7844);
#7843 = CARTESIAN_POINT('',(-6.28318530718,-4.15));
#7844 = VECTOR('',#7845,1.);
#7845 = DIRECTION('',(1.,-0.));
#7846 = ( GEOMETRIC_REPRESENTATION_CONTEXT(2) 
PARAMETRIC_REPRESENTATION_CONTEXT() REPRESENTATION_CONTEXT('2D SPACE',''
  ) );
#7847 = ORIENTED_EDGE('',*,*,#7848,.F.);
#7848 = EDGE_CURVE('',#7681,#7816,#7849,.T.);
#7849 = SURFACE_CURVE('',#7850,(#7854,#7861),.PCURVE_S1.);
#7850 = LINE('',#7851,#7852);
#7851 = CARTESIAN_POINT('',(1.4,3.65,5.878556222084));
#7852 = VECTOR('',#7853,1.);
#7853 = DIRECTION('',(-8.881784197001E-16,5.551115123126E-16,1.));
#7854 = PCURVE('',#7326,#7855);
#7855 = DEFINITIONAL_REPRESENTATION('',(#7856),#7860);
#7856 = LINE('',#7857,#7858);
#7857 = CARTESIAN_POINT('',(0.4,-10.57855622208));
#7858 = VECTOR('',#7859,1.);
#7859 = DIRECTION('',(-1.110223024625E-16,1.));
#7860 = ( GEOMETRIC_REPRESENTATION_CONTEXT(2) 
PARAMETRIC_REPRESENTATION_CONTEXT() REPRESENTATION_CONTEXT('2D SPACE',''
  ) );
#7861 = PCURVE('',#7495,#7862);
#7862 = DEFINITIONAL_REPRESENTATION('',(#7863),#7867);
#7863 = LINE('',#7864,#7865);
#7864 = CARTESIAN_POINT('',(10.578556222084,-4.15));
#7865 = VECTOR('',#7866,1.);
#7866 = DIRECTION('',(1.,3.330669073875E-16));
#7867 = ( GEOMETRIC_REPRESENTATION_CONTEXT(2) 
PARAMETRIC_REPRESENTATION_CONTEXT() REPRESENTATION_CONTEXT('2D SPACE',''
  ) );
#7868 = ORIENTED_EDGE('',*,*,#7705,.T.);
#7869 = ORIENTED_EDGE('',*,*,#7310,.F.);
#7870 = ORIENTED_EDGE('',*,*,#7871,.F.);
#7871 = EDGE_CURVE('',#7732,#7283,#7872,.T.);
#7872 = SURFACE_CURVE('',#7873,(#7878,#7889),.PCURVE_S1.);
#7873 = CIRCLE('',#7874,1.);
#7874 = AXIS2_PLACEMENT_3D('',#7875,#7876,#7877);
#7875 = CARTESIAN_POINT('',(1.4,3.35,6.2));
#7876 = DIRECTION('',(-1.,2.22044604925E-16,-1.221245327088E-15));
#7877 = DIRECTION('',(2.22044604925E-16,1.,-1.443289932013E-15));
#7878 = PCURVE('',#7326,#7879);
#7879 = DEFINITIONAL_REPRESENTATION('',(#7880),#7888);
#7880 = ( BOUNDED_CURVE() B_SPLINE_CURVE(2,(#7881,#7882,#7883,#7884,
#7885,#7886,#7887),.UNSPECIFIED.,.T.,.F.) B_SPLINE_CURVE_WITH_KNOTS((1,2
    ,2,2,2,1),(-2.094395102393,0.,2.094395102393,4.188790204786,
6.28318530718,8.377580409573),.UNSPECIFIED.) CURVE() 
GEOMETRIC_REPRESENTATION_ITEM() RATIONAL_B_SPLINE_CURVE((1.,0.5,1.,0.5,
1.,0.5,1.)) REPRESENTATION_ITEM('') );
#7881 = CARTESIAN_POINT('',(1.1,-10.25711244416));
#7882 = CARTESIAN_POINT('',(1.1,-11.98916325173));
#7883 = CARTESIAN_POINT('',(-0.4,-11.12313784795));
#7884 = CARTESIAN_POINT('',(-1.9,-10.25711244416));
#7885 = CARTESIAN_POINT('',(-0.4,-9.391087040384));
#7886 = CARTESIAN_POINT('',(1.1,-8.5250616366));
#7887 = CARTESIAN_POINT('',(1.1,-10.25711244416));
#7888 = ( GEOMETRIC_REPRESENTATION_CONTEXT(2) 
PARAMETRIC_REPRESENTATION_CONTEXT() REPRESENTATION_CONTEXT('2D SPACE',''
  ) );
#7889 = PCURVE('',#7298,#7890);
#7890 = DEFINITIONAL_REPRESENTATION('',(#7891),#7895);
#7891 = LINE('',#7892,#7893);
#7892 = CARTESIAN_POINT('',(-6.28318530718,-4.15));
#7893 = VECTOR('',#7894,1.);
#7894 = DIRECTION('',(1.,-0.));
#7895 = ( GEOMETRIC_REPRESENTATION_CONTEXT(2) 
PARAMETRIC_REPRESENTATION_CONTEXT() REPRESENTATION_CONTEXT('2D SPACE',''
  ) );
#7896 = ADVANCED_FACE('',(#7897),#7298,.T.);
#7897 = FACE_BOUND('',#7898,.F.);
#7898 = EDGE_LOOP('',(#7899,#7923,#7924,#7925));
#7899 = ORIENTED_EDGE('',*,*,#7900,.T.);
#7900 = EDGE_CURVE('',#7901,#7255,#7903,.T.);
#7901 = VERTEX_POINT('',#7902);
#7902 = CARTESIAN_POINT('',(-1.4,3.35,7.2));
#7903 = SURFACE_CURVE('',#7904,(#7909,#7916),.PCURVE_S1.);
#7904 = CIRCLE('',#7905,1.);
#7905 = AXIS2_PLACEMENT_3D('',#7906,#7907,#7908);
#7906 = CARTESIAN_POINT('',(-1.4,3.35,6.2));
#7907 = DIRECTION('',(-1.,2.22044604925E-16,-1.221245327088E-15));
#7908 = DIRECTION('',(2.22044604925E-16,1.,-1.443289932013E-15));
#7909 = PCURVE('',#7298,#7910);
#7910 = DEFINITIONAL_REPRESENTATION('',(#7911),#7915);
#7911 = LINE('',#7912,#7913);
#7912 = CARTESIAN_POINT('',(-6.28318530718,-1.35));
#7913 = VECTOR('',#7914,1.);
#7914 = DIRECTION('',(1.,-0.));
#7915 = ( GEOMETRIC_REPRESENTATION_CONTEXT(2) 
PARAMETRIC_REPRESENTATION_CONTEXT() REPRESENTATION_CONTEXT('2D SPACE',''
  ) );
#7916 = PCURVE('',#7270,#7917);
#7917 = DEFINITIONAL_REPRESENTATION('',(#7918),#7922);
#7918 = CIRCLE('',#7919,1.);
#7919 = AXIS2_PLACEMENT_2D('',#7920,#7921);
#7920 = CARTESIAN_POINT('',(1.4,-10.25711244416));
#7921 = DIRECTION('',(-1.,-9.992007221626E-16));
#7922 = ( GEOMETRIC_REPRESENTATION_CONTEXT(2) 
PARAMETRIC_REPRESENTATION_CONTEXT() REPRESENTATION_CONTEXT('2D SPACE',''
  ) );
#7923 = ORIENTED_EDGE('',*,*,#7282,.T.);
#7924 = ORIENTED_EDGE('',*,*,#7871,.F.);
#7925 = ORIENTED_EDGE('',*,*,#7926,.F.);
#7926 = EDGE_CURVE('',#7901,#7732,#7927,.T.);
#7927 = SURFACE_CURVE('',#7928,(#7932,#7939),.PCURVE_S1.);
#7928 = LINE('',#7929,#7930);
#7929 = CARTESIAN_POINT('',(-2.75,3.35,7.2));
#7930 = VECTOR('',#7931,1.);
#7931 = DIRECTION('',(1.,-1.33226762955E-15,1.665334536938E-16));
#7932 = PCURVE('',#7298,#7933);
#7933 = DEFINITIONAL_REPRESENTATION('',(#7934),#7938);
#7934 = LINE('',#7935,#7936);
#7935 = CARTESIAN_POINT('',(-1.570796326795,0.));
#7936 = VECTOR('',#7937,1.);
#7937 = DIRECTION('',(-0.,-1.));
#7938 = ( GEOMETRIC_REPRESENTATION_CONTEXT(2) 
PARAMETRIC_REPRESENTATION_CONTEXT() REPRESENTATION_CONTEXT('2D SPACE',''
  ) );
#7939 = PCURVE('',#7747,#7940);
#7940 = DEFINITIONAL_REPRESENTATION('',(#7941),#7945);
#7941 = LINE('',#7942,#7943);
#7942 = CARTESIAN_POINT('',(6.7,6.084022174946E-15));
#7943 = VECTOR('',#7944,1.);
#7944 = DIRECTION('',(-1.110223024625E-15,-1.));
#7945 = ( GEOMETRIC_REPRESENTATION_CONTEXT(2) 
PARAMETRIC_REPRESENTATION_CONTEXT() REPRESENTATION_CONTEXT('2D SPACE',''
  ) );
#7946 = ADVANCED_FACE('',(#7947),#7270,.T.);
#7947 = FACE_BOUND('',#7948,.T.);
#7948 = EDGE_LOOP('',(#7949,#7979,#8000,#8001,#8002,#8003,#8026,#8050));
#7949 = ORIENTED_EDGE('',*,*,#7950,.F.);
#7950 = EDGE_CURVE('',#7951,#7953,#7955,.T.);
#7951 = VERTEX_POINT('',#7952);
#7952 = CARTESIAN_POINT('',(-1.4,3.25,7.2));
#7953 = VERTEX_POINT('',#7954);
#7954 = CARTESIAN_POINT('',(-1.4,3.25,6.5));
#7955 = SURFACE_CURVE('',#7956,(#7960,#7967),.PCURVE_S1.);
#7956 = LINE('',#7957,#7958);
#7957 = CARTESIAN_POINT('',(-1.4,3.25,16.457112444168));
#7958 = VECTOR('',#7959,1.);
#7959 = DIRECTION('',(8.881784197001E-16,-2.958228394579E-31,-1.));
#7960 = PCURVE('',#7270,#7961);
#7961 = DEFINITIONAL_REPRESENTATION('',(#7962),#7966);
#7962 = LINE('',#7963,#7964);
#7963 = CARTESIAN_POINT('',(1.5,-1.665334536938E-16));
#7964 = VECTOR('',#7965,1.);
#7965 = DIRECTION('',(-6.661338147751E-16,-1.));
#7966 = ( GEOMETRIC_REPRESENTATION_CONTEXT(2) 
PARAMETRIC_REPRESENTATION_CONTEXT() REPRESENTATION_CONTEXT('2D SPACE',''
  ) );
#7967 = PCURVE('',#7968,#7973);
#7968 = PLANE('',#7969);
#7969 = AXIS2_PLACEMENT_3D('',#7970,#7971,#7972);
#7970 = CARTESIAN_POINT('',(-1.4,3.25,16.457112444168));
#7971 = DIRECTION('',(1.479114197289E-31,1.,-6.661338147751E-16));
#7972 = DIRECTION('',(-1.,6.661338147751E-16,-3.574525976783E-31));
#7973 = DEFINITIONAL_REPRESENTATION('',(#7974),#7978);
#7974 = LINE('',#7975,#7976);
#7975 = CARTESIAN_POINT('',(0.,0.));
#7976 = VECTOR('',#7977,1.);
#7977 = DIRECTION('',(-6.661338147751E-16,-1.));
#7978 = ( GEOMETRIC_REPRESENTATION_CONTEXT(2) 
PARAMETRIC_REPRESENTATION_CONTEXT() REPRESENTATION_CONTEXT('2D SPACE',''
  ) );
#7979 = ORIENTED_EDGE('',*,*,#7980,.F.);
#7980 = EDGE_CURVE('',#7901,#7951,#7981,.T.);
#7981 = SURFACE_CURVE('',#7982,(#7986,#7993),.PCURVE_S1.);
#7982 = LINE('',#7983,#7984);
#7983 = CARTESIAN_POINT('',(-1.4,0.7,7.2));
#7984 = VECTOR('',#7985,1.);
#7985 = DIRECTION('',(2.22044604925E-16,-1.,1.221245327088E-15));
#7986 = PCURVE('',#7270,#7987);
#7987 = DEFINITIONAL_REPRESENTATION('',(#7988),#7992);
#7988 = LINE('',#7989,#7990);
#7989 = CARTESIAN_POINT('',(4.05,-9.257112444168));
#7990 = VECTOR('',#7991,1.);
#7991 = DIRECTION('',(1.,7.771561172376E-16));
#7992 = ( GEOMETRIC_REPRESENTATION_CONTEXT(2) 
PARAMETRIC_REPRESENTATION_CONTEXT() REPRESENTATION_CONTEXT('2D SPACE',''
  ) );
#7993 = PCURVE('',#7747,#7994);
#7994 = DEFINITIONAL_REPRESENTATION('',(#7995),#7999);
#7995 = LINE('',#7996,#7997);
#7996 = CARTESIAN_POINT('',(4.05,-1.35));
#7997 = VECTOR('',#7998,1.);
#7998 = DIRECTION('',(-1.,-1.110223024625E-15));
#7999 = ( GEOMETRIC_REPRESENTATION_CONTEXT(2) 
PARAMETRIC_REPRESENTATION_CONTEXT() REPRESENTATION_CONTEXT('2D SPACE',''
  ) );
#8000 = ORIENTED_EDGE('',*,*,#7900,.T.);
#8001 = ORIENTED_EDGE('',*,*,#7254,.F.);
#8002 = ORIENTED_EDGE('',*,*,#7507,.T.);
#8003 = ORIENTED_EDGE('',*,*,#8004,.F.);
#8004 = EDGE_CURVE('',#8005,#7480,#8007,.T.);
#8005 = VERTEX_POINT('',#8006);
#8006 = CARTESIAN_POINT('',(-1.4,3.65,6.2));
#8007 = SURFACE_CURVE('',#8008,(#8012,#8019),.PCURVE_S1.);
#8008 = LINE('',#8009,#8010);
#8009 = CARTESIAN_POINT('',(-1.4,3.65,5.878556222084));
#8010 = VECTOR('',#8011,1.);
#8011 = DIRECTION('',(8.881784197001E-16,-5.551115123126E-16,-1.));
#8012 = PCURVE('',#7270,#8013);
#8013 = DEFINITIONAL_REPRESENTATION('',(#8014),#8018);
#8014 = LINE('',#8015,#8016);
#8015 = CARTESIAN_POINT('',(1.1,-10.57855622208));
#8016 = VECTOR('',#8017,1.);
#8017 = DIRECTION('',(-1.110223024625E-16,-1.));
#8018 = ( GEOMETRIC_REPRESENTATION_CONTEXT(2) 
PARAMETRIC_REPRESENTATION_CONTEXT() REPRESENTATION_CONTEXT('2D SPACE',''
  ) );
#8019 = PCURVE('',#7495,#8020);
#8020 = DEFINITIONAL_REPRESENTATION('',(#8021),#8025);
#8021 = LINE('',#8022,#8023);
#8022 = CARTESIAN_POINT('',(10.578556222084,-1.35));
#8023 = VECTOR('',#8024,1.);
#8024 = DIRECTION('',(-1.,-3.330669073875E-16));
#8025 = ( GEOMETRIC_REPRESENTATION_CONTEXT(2) 
PARAMETRIC_REPRESENTATION_CONTEXT() REPRESENTATION_CONTEXT('2D SPACE',''
  ) );
#8026 = ORIENTED_EDGE('',*,*,#8027,.F.);
#8027 = EDGE_CURVE('',#8028,#8005,#8030,.T.);
#8028 = VERTEX_POINT('',#8029);
#8029 = CARTESIAN_POINT('',(-1.4,3.35,6.5));
#8030 = SURFACE_CURVE('',#8031,(#8036,#8043),.PCURVE_S1.);
#8031 = CIRCLE('',#8032,0.3);
#8032 = AXIS2_PLACEMENT_3D('',#8033,#8034,#8035);
#8033 = CARTESIAN_POINT('',(-1.4,3.35,6.2));
#8034 = DIRECTION('',(-1.,2.22044604925E-16,-1.221245327088E-15));
#8035 = DIRECTION('',(2.22044604925E-16,1.,-1.443289932013E-15));
#8036 = PCURVE('',#7270,#8037);
#8037 = DEFINITIONAL_REPRESENTATION('',(#8038),#8042);
#8038 = CIRCLE('',#8039,0.3);
#8039 = AXIS2_PLACEMENT_2D('',#8040,#8041);
#8040 = CARTESIAN_POINT('',(1.4,-10.25711244416));
#8041 = DIRECTION('',(-1.,-9.992007221626E-16));
#8042 = ( GEOMETRIC_REPRESENTATION_CONTEXT(2) 
PARAMETRIC_REPRESENTATION_CONTEXT() REPRESENTATION_CONTEXT('2D SPACE',''
  ) );
#8043 = PCURVE('',#7836,#8044);
#8044 = DEFINITIONAL_REPRESENTATION('',(#8045),#8049);
#8045 = LINE('',#8046,#8047);
#8046 = CARTESIAN_POINT('',(-6.28318530718,-1.35));
#8047 = VECTOR('',#8048,1.);
#8048 = DIRECTION('',(1.,-0.));
#8049 = ( GEOMETRIC_REPRESENTATION_CONTEXT(2) 
PARAMETRIC_REPRESENTATION_CONTEXT() REPRESENTATION_CONTEXT('2D SPACE',''
  ) );
#8050 = ORIENTED_EDGE('',*,*,#8051,.F.);
#8051 = EDGE_CURVE('',#7953,#8028,#8052,.T.);
#8052 = SURFACE_CURVE('',#8053,(#8057,#8064),.PCURVE_S1.);
#8053 = LINE('',#8054,#8055);
#8054 = CARTESIAN_POINT('',(-1.4,4.05,6.5));
#8055 = VECTOR('',#8056,1.);
#8056 = DIRECTION('',(-2.22044604925E-16,1.,-1.221245327088E-15));
#8057 = PCURVE('',#7270,#8058);
#8058 = DEFINITIONAL_REPRESENTATION('',(#8059),#8063);
#8059 = LINE('',#8060,#8061);
#8060 = CARTESIAN_POINT('',(0.7,-9.957112444168));
#8061 = VECTOR('',#8062,1.);
#8062 = DIRECTION('',(-1.,-7.771561172376E-16));
#8063 = ( GEOMETRIC_REPRESENTATION_CONTEXT(2) 
PARAMETRIC_REPRESENTATION_CONTEXT() REPRESENTATION_CONTEXT('2D SPACE',''
  ) );
#8064 = PCURVE('',#7803,#8065);
#8065 = DEFINITIONAL_REPRESENTATION('',(#8066),#8070);
#8066 = LINE('',#8067,#8068);
#8067 = CARTESIAN_POINT('',(-0.7,-1.35));
#8068 = VECTOR('',#8069,1.);
#8069 = DIRECTION('',(-1.,1.110223024625E-15));
#8070 = ( GEOMETRIC_REPRESENTATION_CONTEXT(2) 
PARAMETRIC_REPRESENTATION_CONTEXT() REPRESENTATION_CONTEXT('2D SPACE',''
  ) );
#8071 = ADVANCED_FACE('',(#8072),#7495,.T.);
#8072 = FACE_BOUND('',#8073,.T.);
#8073 = EDGE_LOOP('',(#8074,#8095,#8096,#8097,#8098,#8099,#8100,#8101));
#8074 = ORIENTED_EDGE('',*,*,#8075,.F.);
#8075 = EDGE_CURVE('',#8005,#7816,#8076,.T.);
#8076 = SURFACE_CURVE('',#8077,(#8081,#8088),.PCURVE_S1.);
#8077 = LINE('',#8078,#8079);
#8078 = CARTESIAN_POINT('',(-2.75,3.65,6.2));
#8079 = VECTOR('',#8080,1.);
#8080 = DIRECTION('',(1.,-1.33226762955E-15,1.665334536938E-16));
#8081 = PCURVE('',#7495,#8082);
#8082 = DEFINITIONAL_REPRESENTATION('',(#8083),#8087);
#8083 = LINE('',#8084,#8085);
#8084 = CARTESIAN_POINT('',(10.9,1.013633621483E-14));
#8085 = VECTOR('',#8086,1.);
#8086 = DIRECTION('',(-1.054711873394E-15,-1.));
#8087 = ( GEOMETRIC_REPRESENTATION_CONTEXT(2) 
PARAMETRIC_REPRESENTATION_CONTEXT() REPRESENTATION_CONTEXT('2D SPACE',''
  ) );
#8088 = PCURVE('',#7836,#8089);
#8089 = DEFINITIONAL_REPRESENTATION('',(#8090),#8094);
#8090 = LINE('',#8091,#8092);
#8091 = CARTESIAN_POINT('',(8.881784197001E-16,-0.));
#8092 = VECTOR('',#8093,1.);
#8093 = DIRECTION('',(-0.,-1.));
#8094 = ( GEOMETRIC_REPRESENTATION_CONTEXT(2) 
PARAMETRIC_REPRESENTATION_CONTEXT() REPRESENTATION_CONTEXT('2D SPACE',''
  ) );
#8095 = ORIENTED_EDGE('',*,*,#8004,.T.);
#8096 = ORIENTED_EDGE('',*,*,#7479,.T.);
#8097 = ORIENTED_EDGE('',*,*,#7532,.T.);
#8098 = ORIENTED_EDGE('',*,*,#7581,.T.);
#8099 = ORIENTED_EDGE('',*,*,#7631,.T.);
#8100 = ORIENTED_EDGE('',*,*,#7680,.T.);
#8101 = ORIENTED_EDGE('',*,*,#7848,.T.);
#8102 = ADVANCED_FACE('',(#8103,#8348),#7747,.T.);
#8103 = FACE_BOUND('',#8104,.T.);
#8104 = EDGE_LOOP('',(#8105,#8135,#8163,#8191,#8219,#8247,#8268,#8269,
    #8270,#8271,#8294,#8322));
#8105 = ORIENTED_EDGE('',*,*,#8106,.F.);
#8106 = EDGE_CURVE('',#8107,#8109,#8111,.T.);
#8107 = VERTEX_POINT('',#8108);
#8108 = CARTESIAN_POINT('',(-1.4,-3.35,7.2));
#8109 = VERTEX_POINT('',#8110);
#8110 = CARTESIAN_POINT('',(-1.4,-3.25,7.2));
#8111 = SURFACE_CURVE('',#8112,(#8116,#8123),.PCURVE_S1.);
#8112 = LINE('',#8113,#8114);
#8113 = CARTESIAN_POINT('',(-1.4,-4.05,7.2));
#8114 = VECTOR('',#8115,1.);
#8115 = DIRECTION('',(-2.22044604925E-16,1.,-1.221245327088E-15));
#8116 = PCURVE('',#7747,#8117);
#8117 = DEFINITIONAL_REPRESENTATION('',(#8118),#8122);
#8118 = LINE('',#8119,#8120);
#8119 = CARTESIAN_POINT('',(-0.7,-1.35));
#8120 = VECTOR('',#8121,1.);
#8121 = DIRECTION('',(1.,1.110223024625E-15));
#8122 = ( GEOMETRIC_REPRESENTATION_CONTEXT(2) 
PARAMETRIC_REPRESENTATION_CONTEXT() REPRESENTATION_CONTEXT('2D SPACE',''
  ) );
#8123 = PCURVE('',#8124,#8129);
#8124 = PLANE('',#8125);
#8125 = AXIS2_PLACEMENT_3D('',#8126,#8127,#8128);
#8126 = CARTESIAN_POINT('',(-1.4,-4.75,16.457112444168));
#8127 = DIRECTION('',(1.,-4.440892098501E-16,2.22044604925E-16));
#8128 = DIRECTION('',(-2.22044604925E-16,1.,-8.881784197001E-16));
#8129 = DEFINITIONAL_REPRESENTATION('',(#8130),#8134);
#8130 = LINE('',#8131,#8132);
#8131 = CARTESIAN_POINT('',(0.7,-9.257112444168));
#8132 = VECTOR('',#8133,1.);
#8133 = DIRECTION('',(1.,-7.771561172376E-16));
#8134 = ( GEOMETRIC_REPRESENTATION_CONTEXT(2) 
PARAMETRIC_REPRESENTATION_CONTEXT() REPRESENTATION_CONTEXT('2D SPACE',''
  ) );
#8135 = ORIENTED_EDGE('',*,*,#8136,.T.);
#8136 = EDGE_CURVE('',#8107,#8137,#8139,.T.);
#8137 = VERTEX_POINT('',#8138);
#8138 = CARTESIAN_POINT('',(1.4,-3.35,7.2));
#8139 = SURFACE_CURVE('',#8140,(#8144,#8151),.PCURVE_S1.);
#8140 = LINE('',#8141,#8142);
#8141 = CARTESIAN_POINT('',(-2.75,-3.35,7.2));
#8142 = VECTOR('',#8143,1.);
#8143 = DIRECTION('',(1.,-1.33226762955E-15,1.665334536938E-16));
#8144 = PCURVE('',#7747,#8145);
#8145 = DEFINITIONAL_REPRESENTATION('',(#8146),#8150);
#8146 = LINE('',#8147,#8148);
#8147 = CARTESIAN_POINT('',(0.,0.));
#8148 = VECTOR('',#8149,1.);
#8149 = DIRECTION('',(-1.110223024625E-15,-1.));
#8150 = ( GEOMETRIC_REPRESENTATION_CONTEXT(2) 
PARAMETRIC_REPRESENTATION_CONTEXT() REPRESENTATION_CONTEXT('2D SPACE',''
  ) );
#8151 = PCURVE('',#8152,#8157);
#8152 = CYLINDRICAL_SURFACE('',#8153,1.);
#8153 = AXIS2_PLACEMENT_3D('',#8154,#8155,#8156);
#8154 = CARTESIAN_POINT('',(-2.75,-3.35,6.2));
#8155 = DIRECTION('',(-1.,1.110223024625E-15,-3.330669073875E-16));
#8156 = DIRECTION('',(-2.22044604925E-16,1.,-1.665334536938E-15));
#8157 = DEFINITIONAL_REPRESENTATION('',(#8158),#8162);
#8158 = LINE('',#8159,#8160);
#8159 = CARTESIAN_POINT('',(-1.570796326795,0.));
#8160 = VECTOR('',#8161,1.);
#8161 = DIRECTION('',(-0.,-1.));
#8162 = ( GEOMETRIC_REPRESENTATION_CONTEXT(2) 
PARAMETRIC_REPRESENTATION_CONTEXT() REPRESENTATION_CONTEXT('2D SPACE',''
  ) );
#8163 = ORIENTED_EDGE('',*,*,#8164,.F.);
#8164 = EDGE_CURVE('',#8165,#8137,#8167,.T.);
#8165 = VERTEX_POINT('',#8166);
#8166 = CARTESIAN_POINT('',(1.4,-3.25,7.2));
#8167 = SURFACE_CURVE('',#8168,(#8172,#8179),.PCURVE_S1.);
#8168 = LINE('',#8169,#8170);
#8169 = CARTESIAN_POINT('',(1.4,-3.3,7.2));
#8170 = VECTOR('',#8171,1.);
#8171 = DIRECTION('',(2.22044604925E-16,-1.,1.221245327088E-15));
#8172 = PCURVE('',#7747,#8173);
#8173 = DEFINITIONAL_REPRESENTATION('',(#8174),#8178);
#8174 = LINE('',#8175,#8176);
#8175 = CARTESIAN_POINT('',(4.999999999999E-02,-4.15));
#8176 = VECTOR('',#8177,1.);
#8177 = DIRECTION('',(-1.,-1.110223024625E-15));
#8178 = ( GEOMETRIC_REPRESENTATION_CONTEXT(2) 
PARAMETRIC_REPRESENTATION_CONTEXT() REPRESENTATION_CONTEXT('2D SPACE',''
  ) );
#8179 = PCURVE('',#8180,#8185);
#8180 = PLANE('',#8181);
#8181 = AXIS2_PLACEMENT_3D('',#8182,#8183,#8184);
#8182 = CARTESIAN_POINT('',(1.4,-3.25,16.457112444168));
#8183 = DIRECTION('',(-1.,4.440892098501E-16,-2.22044604925E-16));
#8184 = DIRECTION('',(2.22044604925E-16,-1.,8.881784197001E-16));
#8185 = DEFINITIONAL_REPRESENTATION('',(#8186),#8190);
#8186 = LINE('',#8187,#8188);
#8187 = CARTESIAN_POINT('',(4.999999999999E-02,-9.257112444168));
#8188 = VECTOR('',#8189,1.);
#8189 = DIRECTION('',(1.,7.771561172376E-16));
#8190 = ( GEOMETRIC_REPRESENTATION_CONTEXT(2) 
PARAMETRIC_REPRESENTATION_CONTEXT() REPRESENTATION_CONTEXT('2D SPACE',''
  ) );
#8191 = ORIENTED_EDGE('',*,*,#8192,.F.);
#8192 = EDGE_CURVE('',#8193,#8165,#8195,.T.);
#8193 = VERTEX_POINT('',#8194);
#8194 = CARTESIAN_POINT('',(2.75,-3.25,7.2));
#8195 = SURFACE_CURVE('',#8196,(#8200,#8207),.PCURVE_S1.);
#8196 = LINE('',#8197,#8198);
#8197 = CARTESIAN_POINT('',(7.499999999999E-02,-3.25,7.2));
#8198 = VECTOR('',#8199,1.);
#8199 = DIRECTION('',(-1.,6.661338147751E-16,-6.106226635438E-16));
#8200 = PCURVE('',#7747,#8201);
#8201 = DEFINITIONAL_REPRESENTATION('',(#8202),#8206);
#8202 = LINE('',#8203,#8204);
#8203 = CARTESIAN_POINT('',(1.E-01,-2.825));
#8204 = VECTOR('',#8205,1.);
#8205 = DIRECTION('',(6.661338147751E-16,1.));
#8206 = ( GEOMETRIC_REPRESENTATION_CONTEXT(2) 
PARAMETRIC_REPRESENTATION_CONTEXT() REPRESENTATION_CONTEXT('2D SPACE',''
  ) );
#8207 = PCURVE('',#8208,#8213);
#8208 = PLANE('',#8209);
#8209 = AXIS2_PLACEMENT_3D('',#8210,#8211,#8212);
#8210 = CARTESIAN_POINT('',(2.9,-3.25,16.457112444168));
#8211 = DIRECTION('',(1.479114197289E-31,1.,-6.661338147751E-16));
#8212 = DIRECTION('',(-1.,6.661338147751E-16,-3.574525976783E-31));
#8213 = DEFINITIONAL_REPRESENTATION('',(#8214),#8218);
#8214 = LINE('',#8215,#8216);
#8215 = CARTESIAN_POINT('',(2.825,-9.257112444168));
#8216 = VECTOR('',#8217,1.);
#8217 = DIRECTION('',(1.,-1.665334536938E-16));
#8218 = ( GEOMETRIC_REPRESENTATION_CONTEXT(2) 
PARAMETRIC_REPRESENTATION_CONTEXT() REPRESENTATION_CONTEXT('2D SPACE',''
  ) );
#8219 = ORIENTED_EDGE('',*,*,#8220,.T.);
#8220 = EDGE_CURVE('',#8193,#8221,#8223,.T.);
#8221 = VERTEX_POINT('',#8222);
#8222 = CARTESIAN_POINT('',(2.75,3.25,7.2));
#8223 = SURFACE_CURVE('',#8224,(#8228,#8235),.PCURVE_S1.);
#8224 = LINE('',#8225,#8226);
#8225 = CARTESIAN_POINT('',(2.75,-3.35,7.2));
#8226 = VECTOR('',#8227,1.);
#8227 = DIRECTION('',(-4.440892098501E-16,1.,-1.887379141863E-15));
#8228 = PCURVE('',#7747,#8229);
#8229 = DEFINITIONAL_REPRESENTATION('',(#8230),#8234);
#8230 = LINE('',#8231,#8232);
#8231 = CARTESIAN_POINT('',(-8.215650382226E-15,-5.5));
#8232 = VECTOR('',#8233,1.);
#8233 = DIRECTION('',(1.,1.110223024625E-15));
#8234 = ( GEOMETRIC_REPRESENTATION_CONTEXT(2) 
PARAMETRIC_REPRESENTATION_CONTEXT() REPRESENTATION_CONTEXT('2D SPACE',''
  ) );
#8235 = PCURVE('',#8236,#8241);
#8236 = PLANE('',#8237);
#8237 = AXIS2_PLACEMENT_3D('',#8238,#8239,#8240);
#8238 = CARTESIAN_POINT('',(2.75,1.595068653362,3.488735420881));
#8239 = DIRECTION('',(1.,-1.554312234475E-15,-1.110223024625E-16));
#8240 = DIRECTION('',(-4.440892098501E-16,1.,-1.665334536938E-15));
#8241 = DEFINITIONAL_REPRESENTATION('',(#8242),#8246);
#8242 = LINE('',#8243,#8244);
#8243 = CARTESIAN_POINT('',(-4.945068653362,3.711264579119));
#8244 = VECTOR('',#8245,1.);
#8245 = DIRECTION('',(1.,-1.554312234475E-15));
#8246 = ( GEOMETRIC_REPRESENTATION_CONTEXT(2) 
PARAMETRIC_REPRESENTATION_CONTEXT() REPRESENTATION_CONTEXT('2D SPACE',''
  ) );
#8247 = ORIENTED_EDGE('',*,*,#8248,.T.);
#8248 = EDGE_CURVE('',#8221,#7730,#8249,.T.);
#8249 = SURFACE_CURVE('',#8250,(#8254,#8261),.PCURVE_S1.);
#8250 = LINE('',#8251,#8252);
#8251 = CARTESIAN_POINT('',(7.499999999999E-02,3.25,7.2));
#8252 = VECTOR('',#8253,1.);
#8253 = DIRECTION('',(-1.,6.661338147751E-16,-6.106226635438E-16));
#8254 = PCURVE('',#7747,#8255);
#8255 = DEFINITIONAL_REPRESENTATION('',(#8256),#8260);
#8256 = LINE('',#8257,#8258);
#8257 = CARTESIAN_POINT('',(6.6,-2.825));
#8258 = VECTOR('',#8259,1.);
#8259 = DIRECTION('',(6.661338147751E-16,1.));
#8260 = ( GEOMETRIC_REPRESENTATION_CONTEXT(2) 
PARAMETRIC_REPRESENTATION_CONTEXT() REPRESENTATION_CONTEXT('2D SPACE',''
  ) );
#8261 = PCURVE('',#7775,#8262);
#8262 = DEFINITIONAL_REPRESENTATION('',(#8263),#8267);
#8263 = LINE('',#8264,#8265);
#8264 = CARTESIAN_POINT('',(2.825,-9.257112444168));
#8265 = VECTOR('',#8266,1.);
#8266 = DIRECTION('',(1.,-1.665334536938E-16));
#8267 = ( GEOMETRIC_REPRESENTATION_CONTEXT(2) 
PARAMETRIC_REPRESENTATION_CONTEXT() REPRESENTATION_CONTEXT('2D SPACE',''
  ) );
#8268 = ORIENTED_EDGE('',*,*,#7729,.T.);
#8269 = ORIENTED_EDGE('',*,*,#7926,.F.);
#8270 = ORIENTED_EDGE('',*,*,#7980,.T.);
#8271 = ORIENTED_EDGE('',*,*,#8272,.T.);
#8272 = EDGE_CURVE('',#7951,#8273,#8275,.T.);
#8273 = VERTEX_POINT('',#8274);
#8274 = CARTESIAN_POINT('',(-2.75,3.25,7.2));
#8275 = SURFACE_CURVE('',#8276,(#8280,#8287),.PCURVE_S1.);
#8276 = LINE('',#8277,#8278);
#8277 = CARTESIAN_POINT('',(-2.075,3.25,7.2));
#8278 = VECTOR('',#8279,1.);
#8279 = DIRECTION('',(-1.,6.661338147751E-16,-6.106226635438E-16));
#8280 = PCURVE('',#7747,#8281);
#8281 = DEFINITIONAL_REPRESENTATION('',(#8282),#8286);
#8282 = LINE('',#8283,#8284);
#8283 = CARTESIAN_POINT('',(6.6,-0.675));
#8284 = VECTOR('',#8285,1.);
#8285 = DIRECTION('',(6.661338147751E-16,1.));
#8286 = ( GEOMETRIC_REPRESENTATION_CONTEXT(2) 
PARAMETRIC_REPRESENTATION_CONTEXT() REPRESENTATION_CONTEXT('2D SPACE',''
  ) );
#8287 = PCURVE('',#7968,#8288);
#8288 = DEFINITIONAL_REPRESENTATION('',(#8289),#8293);
#8289 = LINE('',#8290,#8291);
#8290 = CARTESIAN_POINT('',(0.675,-9.257112444168));
#8291 = VECTOR('',#8292,1.);
#8292 = DIRECTION('',(1.,-1.665334536938E-16));
#8293 = ( GEOMETRIC_REPRESENTATION_CONTEXT(2) 
PARAMETRIC_REPRESENTATION_CONTEXT() REPRESENTATION_CONTEXT('2D SPACE',''
  ) );
#8294 = ORIENTED_EDGE('',*,*,#8295,.F.);
#8295 = EDGE_CURVE('',#8296,#8273,#8298,.T.);
#8296 = VERTEX_POINT('',#8297);
#8297 = CARTESIAN_POINT('',(-2.75,-3.25,7.2));
#8298 = SURFACE_CURVE('',#8299,(#8303,#8310),.PCURVE_S1.);
#8299 = LINE('',#8300,#8301);
#8300 = CARTESIAN_POINT('',(-2.75,-3.35,7.2));
#8301 = VECTOR('',#8302,1.);
#8302 = DIRECTION('',(-4.440892098501E-16,1.,-1.887379141863E-15));
#8303 = PCURVE('',#7747,#8304);
#8304 = DEFINITIONAL_REPRESENTATION('',(#8305),#8309);
#8305 = LINE('',#8306,#8307);
#8306 = CARTESIAN_POINT('',(-4.440892098501E-15,3.5527136788E-15));
#8307 = VECTOR('',#8308,1.);
#8308 = DIRECTION('',(1.,1.110223024625E-15));
#8309 = ( GEOMETRIC_REPRESENTATION_CONTEXT(2) 
PARAMETRIC_REPRESENTATION_CONTEXT() REPRESENTATION_CONTEXT('2D SPACE',''
  ) );
#8310 = PCURVE('',#8311,#8316);
#8311 = PLANE('',#8312);
#8312 = AXIS2_PLACEMENT_3D('',#8313,#8314,#8315);
#8313 = CARTESIAN_POINT('',(-2.75,1.595068653362,3.488735420881));
#8314 = DIRECTION('',(1.,-1.554312234475E-15,-1.110223024625E-16));
#8315 = DIRECTION('',(-4.440892098501E-16,1.,-1.665334536938E-15));
#8316 = DEFINITIONAL_REPRESENTATION('',(#8317),#8321);
#8317 = LINE('',#8318,#8319);
#8318 = CARTESIAN_POINT('',(-4.945068653362,3.711264579119));
#8319 = VECTOR('',#8320,1.);
#8320 = DIRECTION('',(1.,-1.554312234475E-15));
#8321 = ( GEOMETRIC_REPRESENTATION_CONTEXT(2) 
PARAMETRIC_REPRESENTATION_CONTEXT() REPRESENTATION_CONTEXT('2D SPACE',''
  ) );
#8322 = ORIENTED_EDGE('',*,*,#8323,.F.);
#8323 = EDGE_CURVE('',#8109,#8296,#8324,.T.);
#8324 = SURFACE_CURVE('',#8325,(#8329,#8336),.PCURVE_S1.);
#8325 = LINE('',#8326,#8327);
#8326 = CARTESIAN_POINT('',(-2.075,-3.25,7.2));
#8327 = VECTOR('',#8328,1.);
#8328 = DIRECTION('',(-1.,6.661338147751E-16,-6.106226635438E-16));
#8329 = PCURVE('',#7747,#8330);
#8330 = DEFINITIONAL_REPRESENTATION('',(#8331),#8335);
#8331 = LINE('',#8332,#8333);
#8332 = CARTESIAN_POINT('',(1.E-01,-0.675));
#8333 = VECTOR('',#8334,1.);
#8334 = DIRECTION('',(6.661338147751E-16,1.));
#8335 = ( GEOMETRIC_REPRESENTATION_CONTEXT(2) 
PARAMETRIC_REPRESENTATION_CONTEXT() REPRESENTATION_CONTEXT('2D SPACE',''
  ) );
#8336 = PCURVE('',#8337,#8342);
#8337 = PLANE('',#8338);
#8338 = AXIS2_PLACEMENT_3D('',#8339,#8340,#8341);
#8339 = CARTESIAN_POINT('',(-1.4,-3.25,16.457112444168));
#8340 = DIRECTION('',(1.479114197289E-31,1.,-6.661338147751E-16));
#8341 = DIRECTION('',(-1.,6.661338147751E-16,-3.574525976783E-31));
#8342 = DEFINITIONAL_REPRESENTATION('',(#8343),#8347);
#8343 = LINE('',#8344,#8345);
#8344 = CARTESIAN_POINT('',(0.675,-9.257112444168));
#8345 = VECTOR('',#8346,1.);
#8346 = DIRECTION('',(1.,-1.665334536938E-16));
#8347 = ( GEOMETRIC_REPRESENTATION_CONTEXT(2) 
PARAMETRIC_REPRESENTATION_CONTEXT() REPRESENTATION_CONTEXT('2D SPACE',''
  ) );
#8348 = FACE_BOUND('',#8349,.T.);
#8349 = EDGE_LOOP('',(#8350));
#8350 = ORIENTED_EDGE('',*,*,#8351,.F.);
#8351 = EDGE_CURVE('',#8352,#8352,#8354,.T.);
#8352 = VERTEX_POINT('',#8353);
#8353 = CARTESIAN_POINT('',(1.5,9.325873406851E-16,7.2));
#8354 = SURFACE_CURVE('',#8355,(#8360,#8367),.PCURVE_S1.);
#8355 = CIRCLE('',#8356,1.5);
#8356 = AXIS2_PLACEMENT_3D('',#8357,#8358,#8359);
#8357 = CARTESIAN_POINT('',(-8.450376497253E-15,-2.055491875412E-15,7.2)
  );
#8358 = DIRECTION('',(2.341930812375E-31,8.881784197001E-16,1.));
#8359 = DIRECTION('',(1.,-6.661338147751E-16,3.574525976783E-31));
#8360 = PCURVE('',#7747,#8361);
#8361 = DEFINITIONAL_REPRESENTATION('',(#8362),#8366);
#8362 = CIRCLE('',#8363,1.5);
#8363 = AXIS2_PLACEMENT_2D('',#8364,#8365);
#8364 = CARTESIAN_POINT('',(3.35,-2.75));
#8365 = DIRECTION('',(-6.661338147751E-16,-1.));
#8366 = ( GEOMETRIC_REPRESENTATION_CONTEXT(2) 
PARAMETRIC_REPRESENTATION_CONTEXT() REPRESENTATION_CONTEXT('2D SPACE',''
  ) );
#8367 = PCURVE('',#8368,#8373);
#8368 = CYLINDRICAL_SURFACE('',#8369,1.5);
#8369 = AXIS2_PLACEMENT_3D('',#8370,#8371,#8372);
#8370 = CARTESIAN_POINT('',(-1.461685212349E-14,4.733165431326E-30,
    16.457112444168));
#8371 = DIRECTION('',(-6.661338147751E-16,2.22044604925E-16,1.));
#8372 = DIRECTION('',(1.,-6.661338147751E-16,3.574525976783E-31));
#8373 = DEFINITIONAL_REPRESENTATION('',(#8374),#8378);
#8374 = LINE('',#8375,#8376);
#8375 = CARTESIAN_POINT('',(0.,-9.257112444168));
#8376 = VECTOR('',#8377,1.);
#8377 = DIRECTION('',(1.,0.));
#8378 = ( GEOMETRIC_REPRESENTATION_CONTEXT(2) 
PARAMETRIC_REPRESENTATION_CONTEXT() REPRESENTATION_CONTEXT('2D SPACE',''
  ) );
#8379 = ADVANCED_FACE('',(#8380),#7836,.F.);
#8380 = FACE_BOUND('',#8381,.T.);
#8381 = EDGE_LOOP('',(#8382,#8383,#8384,#8385));
#8382 = ORIENTED_EDGE('',*,*,#8027,.T.);
#8383 = ORIENTED_EDGE('',*,*,#8075,.T.);
#8384 = ORIENTED_EDGE('',*,*,#7815,.F.);
#8385 = ORIENTED_EDGE('',*,*,#8386,.F.);
#8386 = EDGE_CURVE('',#8028,#7788,#8387,.T.);
#8387 = SURFACE_CURVE('',#8388,(#8392,#8399),.PCURVE_S1.);
#8388 = LINE('',#8389,#8390);
#8389 = CARTESIAN_POINT('',(-2.75,3.35,6.5));
#8390 = VECTOR('',#8391,1.);
#8391 = DIRECTION('',(1.,-1.33226762955E-15,1.665334536938E-16));
#8392 = PCURVE('',#7836,#8393);
#8393 = DEFINITIONAL_REPRESENTATION('',(#8394),#8398);
#8394 = LINE('',#8395,#8396);
#8395 = CARTESIAN_POINT('',(-1.570796326795,0.));
#8396 = VECTOR('',#8397,1.);
#8397 = DIRECTION('',(-0.,-1.));
#8398 = ( GEOMETRIC_REPRESENTATION_CONTEXT(2) 
PARAMETRIC_REPRESENTATION_CONTEXT() REPRESENTATION_CONTEXT('2D SPACE',''
  ) );
#8399 = PCURVE('',#7803,#8400);
#8400 = DEFINITIONAL_REPRESENTATION('',(#8401),#8405);
#8401 = LINE('',#8402,#8403);
#8402 = CARTESIAN_POINT('',(0.,0.));
#8403 = VECTOR('',#8404,1.);
#8404 = DIRECTION('',(1.110223024625E-15,-1.));
#8405 = ( GEOMETRIC_REPRESENTATION_CONTEXT(2) 
PARAMETRIC_REPRESENTATION_CONTEXT() REPRESENTATION_CONTEXT('2D SPACE',''
  ) );
#8406 = ADVANCED_FACE('',(#8407,#8622),#7803,.T.);
#8407 = FACE_BOUND('',#8408,.T.);
#8408 = EDGE_LOOP('',(#8409,#8410,#8411,#8412,#8435,#8458,#8481,#8504,
    #8532,#8555,#8578,#8601));
#8409 = ORIENTED_EDGE('',*,*,#8051,.T.);
#8410 = ORIENTED_EDGE('',*,*,#8386,.T.);
#8411 = ORIENTED_EDGE('',*,*,#7787,.T.);
#8412 = ORIENTED_EDGE('',*,*,#8413,.T.);
#8413 = EDGE_CURVE('',#7760,#8414,#8416,.T.);
#8414 = VERTEX_POINT('',#8415);
#8415 = CARTESIAN_POINT('',(2.75,3.25,6.5));
#8416 = SURFACE_CURVE('',#8417,(#8421,#8428),.PCURVE_S1.);
#8417 = LINE('',#8418,#8419);
#8418 = CARTESIAN_POINT('',(7.499999999999E-02,3.25,6.5));
#8419 = VECTOR('',#8420,1.);
#8420 = DIRECTION('',(1.,-6.661338147751E-16,6.106226635438E-16));
#8421 = PCURVE('',#7803,#8422);
#8422 = DEFINITIONAL_REPRESENTATION('',(#8423),#8427);
#8423 = LINE('',#8424,#8425);
#8424 = CARTESIAN_POINT('',(0.1,-2.825));
#8425 = VECTOR('',#8426,1.);
#8426 = DIRECTION('',(6.661338147751E-16,-1.));
#8427 = ( GEOMETRIC_REPRESENTATION_CONTEXT(2) 
PARAMETRIC_REPRESENTATION_CONTEXT() REPRESENTATION_CONTEXT('2D SPACE',''
  ) );
#8428 = PCURVE('',#7775,#8429);
#8429 = DEFINITIONAL_REPRESENTATION('',(#8430),#8434);
#8430 = LINE('',#8431,#8432);
#8431 = CARTESIAN_POINT('',(2.825,-9.957112444168));
#8432 = VECTOR('',#8433,1.);
#8433 = DIRECTION('',(-1.,1.665334536938E-16));
#8434 = ( GEOMETRIC_REPRESENTATION_CONTEXT(2) 
PARAMETRIC_REPRESENTATION_CONTEXT() REPRESENTATION_CONTEXT('2D SPACE',''
  ) );
#8435 = ORIENTED_EDGE('',*,*,#8436,.T.);
#8436 = EDGE_CURVE('',#8414,#8437,#8439,.T.);
#8437 = VERTEX_POINT('',#8438);
#8438 = CARTESIAN_POINT('',(2.75,-3.25,6.5));
#8439 = SURFACE_CURVE('',#8440,(#8444,#8451),.PCURVE_S1.);
#8440 = LINE('',#8441,#8442);
#8441 = CARTESIAN_POINT('',(2.75,3.35,6.5));
#8442 = VECTOR('',#8443,1.);
#8443 = DIRECTION('',(4.440892098501E-16,-1.,1.887379141863E-15));
#8444 = PCURVE('',#7803,#8445);
#8445 = DEFINITIONAL_REPRESENTATION('',(#8446),#8450);
#8446 = LINE('',#8447,#8448);
#8447 = CARTESIAN_POINT('',(4.662936703426E-15,-5.5));
#8448 = VECTOR('',#8449,1.);
#8449 = DIRECTION('',(1.,-1.110223024625E-15));
#8450 = ( GEOMETRIC_REPRESENTATION_CONTEXT(2) 
PARAMETRIC_REPRESENTATION_CONTEXT() REPRESENTATION_CONTEXT('2D SPACE',''
  ) );
#8451 = PCURVE('',#8236,#8452);
#8452 = DEFINITIONAL_REPRESENTATION('',(#8453),#8457);
#8453 = LINE('',#8454,#8455);
#8454 = CARTESIAN_POINT('',(1.754931346638,3.011264579119));
#8455 = VECTOR('',#8456,1.);
#8456 = DIRECTION('',(-1.,1.554312234475E-15));
#8457 = ( GEOMETRIC_REPRESENTATION_CONTEXT(2) 
PARAMETRIC_REPRESENTATION_CONTEXT() REPRESENTATION_CONTEXT('2D SPACE',''
  ) );
#8458 = ORIENTED_EDGE('',*,*,#8459,.F.);
#8459 = EDGE_CURVE('',#8460,#8437,#8462,.T.);
#8460 = VERTEX_POINT('',#8461);
#8461 = CARTESIAN_POINT('',(1.4,-3.25,6.5));
#8462 = SURFACE_CURVE('',#8463,(#8467,#8474),.PCURVE_S1.);
#8463 = LINE('',#8464,#8465);
#8464 = CARTESIAN_POINT('',(7.499999999999E-02,-3.25,6.5));
#8465 = VECTOR('',#8466,1.);
#8466 = DIRECTION('',(1.,-6.661338147751E-16,6.106226635438E-16));
#8467 = PCURVE('',#7803,#8468);
#8468 = DEFINITIONAL_REPRESENTATION('',(#8469),#8473);
#8469 = LINE('',#8470,#8471);
#8470 = CARTESIAN_POINT('',(6.6,-2.825));
#8471 = VECTOR('',#8472,1.);
#8472 = DIRECTION('',(6.661338147751E-16,-1.));
#8473 = ( GEOMETRIC_REPRESENTATION_CONTEXT(2) 
PARAMETRIC_REPRESENTATION_CONTEXT() REPRESENTATION_CONTEXT('2D SPACE',''
  ) );
#8474 = PCURVE('',#8208,#8475);
#8475 = DEFINITIONAL_REPRESENTATION('',(#8476),#8480);
#8476 = LINE('',#8477,#8478);
#8477 = CARTESIAN_POINT('',(2.825,-9.957112444168));
#8478 = VECTOR('',#8479,1.);
#8479 = DIRECTION('',(-1.,1.665334536938E-16));
#8480 = ( GEOMETRIC_REPRESENTATION_CONTEXT(2) 
PARAMETRIC_REPRESENTATION_CONTEXT() REPRESENTATION_CONTEXT('2D SPACE',''
  ) );
#8481 = ORIENTED_EDGE('',*,*,#8482,.F.);
#8482 = EDGE_CURVE('',#8483,#8460,#8485,.T.);
#8483 = VERTEX_POINT('',#8484);
#8484 = CARTESIAN_POINT('',(1.4,-3.35,6.5));
#8485 = SURFACE_CURVE('',#8486,(#8490,#8497),.PCURVE_S1.);
#8486 = LINE('',#8487,#8488);
#8487 = CARTESIAN_POINT('',(1.4,5.E-02,6.5));
#8488 = VECTOR('',#8489,1.);
#8489 = DIRECTION('',(-2.22044604925E-16,1.,-1.221245327088E-15));
#8490 = PCURVE('',#7803,#8491);
#8491 = DEFINITIONAL_REPRESENTATION('',(#8492),#8496);
#8492 = LINE('',#8493,#8494);
#8493 = CARTESIAN_POINT('',(3.3,-4.15));
#8494 = VECTOR('',#8495,1.);
#8495 = DIRECTION('',(-1.,1.110223024625E-15));
#8496 = ( GEOMETRIC_REPRESENTATION_CONTEXT(2) 
PARAMETRIC_REPRESENTATION_CONTEXT() REPRESENTATION_CONTEXT('2D SPACE',''
  ) );
#8497 = PCURVE('',#8180,#8498);
#8498 = DEFINITIONAL_REPRESENTATION('',(#8499),#8503);
#8499 = LINE('',#8500,#8501);
#8500 = CARTESIAN_POINT('',(-3.3,-9.957112444168));
#8501 = VECTOR('',#8502,1.);
#8502 = DIRECTION('',(-1.,-7.771561172376E-16));
#8503 = ( GEOMETRIC_REPRESENTATION_CONTEXT(2) 
PARAMETRIC_REPRESENTATION_CONTEXT() REPRESENTATION_CONTEXT('2D SPACE',''
  ) );
#8504 = ORIENTED_EDGE('',*,*,#8505,.F.);
#8505 = EDGE_CURVE('',#8506,#8483,#8508,.T.);
#8506 = VERTEX_POINT('',#8507);
#8507 = CARTESIAN_POINT('',(-1.4,-3.35,6.5));
#8508 = SURFACE_CURVE('',#8509,(#8513,#8520),.PCURVE_S1.);
#8509 = LINE('',#8510,#8511);
#8510 = CARTESIAN_POINT('',(-2.75,-3.35,6.5));
#8511 = VECTOR('',#8512,1.);
#8512 = DIRECTION('',(1.,-1.33226762955E-15,1.665334536938E-16));
#8513 = PCURVE('',#7803,#8514);
#8514 = DEFINITIONAL_REPRESENTATION('',(#8515),#8519);
#8515 = LINE('',#8516,#8517);
#8516 = CARTESIAN_POINT('',(6.7,-6.084022174946E-15));
#8517 = VECTOR('',#8518,1.);
#8518 = DIRECTION('',(1.110223024625E-15,-1.));
#8519 = ( GEOMETRIC_REPRESENTATION_CONTEXT(2) 
PARAMETRIC_REPRESENTATION_CONTEXT() REPRESENTATION_CONTEXT('2D SPACE',''
  ) );
#8520 = PCURVE('',#8521,#8526);
#8521 = CYLINDRICAL_SURFACE('',#8522,0.3);
#8522 = AXIS2_PLACEMENT_3D('',#8523,#8524,#8525);
#8523 = CARTESIAN_POINT('',(-2.75,-3.35,6.2));
#8524 = DIRECTION('',(-1.,1.110223024625E-15,-3.330669073875E-16));
#8525 = DIRECTION('',(-2.22044604925E-16,1.,-1.665334536938E-15));
#8526 = DEFINITIONAL_REPRESENTATION('',(#8527),#8531);
#8527 = LINE('',#8528,#8529);
#8528 = CARTESIAN_POINT('',(-1.570796326795,0.));
#8529 = VECTOR('',#8530,1.);
#8530 = DIRECTION('',(-0.,-1.));
#8531 = ( GEOMETRIC_REPRESENTATION_CONTEXT(2) 
PARAMETRIC_REPRESENTATION_CONTEXT() REPRESENTATION_CONTEXT('2D SPACE',''
  ) );
#8532 = ORIENTED_EDGE('',*,*,#8533,.F.);
#8533 = EDGE_CURVE('',#8534,#8506,#8536,.T.);
#8534 = VERTEX_POINT('',#8535);
#8535 = CARTESIAN_POINT('',(-1.4,-3.25,6.5));
#8536 = SURFACE_CURVE('',#8537,(#8541,#8548),.PCURVE_S1.);
#8537 = LINE('',#8538,#8539);
#8538 = CARTESIAN_POINT('',(-1.4,-0.7,6.5));
#8539 = VECTOR('',#8540,1.);
#8540 = DIRECTION('',(2.22044604925E-16,-1.,1.221245327088E-15));
#8541 = PCURVE('',#7803,#8542);
#8542 = DEFINITIONAL_REPRESENTATION('',(#8543),#8547);
#8543 = LINE('',#8544,#8545);
#8544 = CARTESIAN_POINT('',(4.05,-1.35));
#8545 = VECTOR('',#8546,1.);
#8546 = DIRECTION('',(1.,-1.110223024625E-15));
#8547 = ( GEOMETRIC_REPRESENTATION_CONTEXT(2) 
PARAMETRIC_REPRESENTATION_CONTEXT() REPRESENTATION_CONTEXT('2D SPACE',''
  ) );
#8548 = PCURVE('',#8124,#8549);
#8549 = DEFINITIONAL_REPRESENTATION('',(#8550),#8554);
#8550 = LINE('',#8551,#8552);
#8551 = CARTESIAN_POINT('',(4.05,-9.957112444168));
#8552 = VECTOR('',#8553,1.);
#8553 = DIRECTION('',(-1.,7.771561172376E-16));
#8554 = ( GEOMETRIC_REPRESENTATION_CONTEXT(2) 
PARAMETRIC_REPRESENTATION_CONTEXT() REPRESENTATION_CONTEXT('2D SPACE',''
  ) );
#8555 = ORIENTED_EDGE('',*,*,#8556,.F.);
#8556 = EDGE_CURVE('',#8557,#8534,#8559,.T.);
#8557 = VERTEX_POINT('',#8558);
#8558 = CARTESIAN_POINT('',(-2.75,-3.25,6.5));
#8559 = SURFACE_CURVE('',#8560,(#8564,#8571),.PCURVE_S1.);
#8560 = LINE('',#8561,#8562);
#8561 = CARTESIAN_POINT('',(-2.075,-3.25,6.5));
#8562 = VECTOR('',#8563,1.);
#8563 = DIRECTION('',(1.,-6.661338147751E-16,6.106226635438E-16));
#8564 = PCURVE('',#7803,#8565);
#8565 = DEFINITIONAL_REPRESENTATION('',(#8566),#8570);
#8566 = LINE('',#8567,#8568);
#8567 = CARTESIAN_POINT('',(6.6,-0.675));
#8568 = VECTOR('',#8569,1.);
#8569 = DIRECTION('',(6.661338147751E-16,-1.));
#8570 = ( GEOMETRIC_REPRESENTATION_CONTEXT(2) 
PARAMETRIC_REPRESENTATION_CONTEXT() REPRESENTATION_CONTEXT('2D SPACE',''
  ) );
#8571 = PCURVE('',#8337,#8572);
#8572 = DEFINITIONAL_REPRESENTATION('',(#8573),#8577);
#8573 = LINE('',#8574,#8575);
#8574 = CARTESIAN_POINT('',(0.675,-9.957112444168));
#8575 = VECTOR('',#8576,1.);
#8576 = DIRECTION('',(-1.,1.665334536938E-16));
#8577 = ( GEOMETRIC_REPRESENTATION_CONTEXT(2) 
PARAMETRIC_REPRESENTATION_CONTEXT() REPRESENTATION_CONTEXT('2D SPACE',''
  ) );
#8578 = ORIENTED_EDGE('',*,*,#8579,.F.);
#8579 = EDGE_CURVE('',#8580,#8557,#8582,.T.);
#8580 = VERTEX_POINT('',#8581);
#8581 = CARTESIAN_POINT('',(-2.75,3.25,6.5));
#8582 = SURFACE_CURVE('',#8583,(#8587,#8594),.PCURVE_S1.);
#8583 = LINE('',#8584,#8585);
#8584 = CARTESIAN_POINT('',(-2.75,3.35,6.5));
#8585 = VECTOR('',#8586,1.);
#8586 = DIRECTION('',(4.440892098501E-16,-1.,1.887379141863E-15));
#8587 = PCURVE('',#7803,#8588);
#8588 = DEFINITIONAL_REPRESENTATION('',(#8589),#8593);
#8589 = LINE('',#8590,#8591);
#8590 = CARTESIAN_POINT('',(8.881784197001E-16,4.440892098501E-15));
#8591 = VECTOR('',#8592,1.);
#8592 = DIRECTION('',(1.,-1.110223024625E-15));
#8593 = ( GEOMETRIC_REPRESENTATION_CONTEXT(2) 
PARAMETRIC_REPRESENTATION_CONTEXT() REPRESENTATION_CONTEXT('2D SPACE',''
  ) );
#8594 = PCURVE('',#8311,#8595);
#8595 = DEFINITIONAL_REPRESENTATION('',(#8596),#8600);
#8596 = LINE('',#8597,#8598);
#8597 = CARTESIAN_POINT('',(1.754931346638,3.011264579119));
#8598 = VECTOR('',#8599,1.);
#8599 = DIRECTION('',(-1.,1.554312234475E-15));
#8600 = ( GEOMETRIC_REPRESENTATION_CONTEXT(2) 
PARAMETRIC_REPRESENTATION_CONTEXT() REPRESENTATION_CONTEXT('2D SPACE',''
  ) );
#8601 = ORIENTED_EDGE('',*,*,#8602,.T.);
#8602 = EDGE_CURVE('',#8580,#7953,#8603,.T.);
#8603 = SURFACE_CURVE('',#8604,(#8608,#8615),.PCURVE_S1.);
#8604 = LINE('',#8605,#8606);
#8605 = CARTESIAN_POINT('',(-2.075,3.25,6.5));
#8606 = VECTOR('',#8607,1.);
#8607 = DIRECTION('',(1.,-6.661338147751E-16,6.106226635438E-16));
#8608 = PCURVE('',#7803,#8609);
#8609 = DEFINITIONAL_REPRESENTATION('',(#8610),#8614);
#8610 = LINE('',#8611,#8612);
#8611 = CARTESIAN_POINT('',(0.1,-0.675));
#8612 = VECTOR('',#8613,1.);
#8613 = DIRECTION('',(6.661338147751E-16,-1.));
#8614 = ( GEOMETRIC_REPRESENTATION_CONTEXT(2) 
PARAMETRIC_REPRESENTATION_CONTEXT() REPRESENTATION_CONTEXT('2D SPACE',''
  ) );
#8615 = PCURVE('',#7968,#8616);
#8616 = DEFINITIONAL_REPRESENTATION('',(#8617),#8621);
#8617 = LINE('',#8618,#8619);
#8618 = CARTESIAN_POINT('',(0.675,-9.957112444168));
#8619 = VECTOR('',#8620,1.);
#8620 = DIRECTION('',(-1.,1.665334536938E-16));
#8621 = ( GEOMETRIC_REPRESENTATION_CONTEXT(2) 
PARAMETRIC_REPRESENTATION_CONTEXT() REPRESENTATION_CONTEXT('2D SPACE',''
  ) );
#8622 = FACE_BOUND('',#8623,.T.);
#8623 = EDGE_LOOP('',(#8624));
#8624 = ORIENTED_EDGE('',*,*,#8625,.T.);
#8625 = EDGE_CURVE('',#8626,#8626,#8628,.T.);
#8626 = VERTEX_POINT('',#8627);
#8627 = CARTESIAN_POINT('',(1.5,7.771561172376E-16,6.5));
#8628 = SURFACE_CURVE('',#8629,(#8634,#8645),.PCURVE_S1.);
#8629 = CIRCLE('',#8630,1.5);
#8630 = AXIS2_PLACEMENT_3D('',#8631,#8632,#8633);
#8631 = CARTESIAN_POINT('',(-7.98408282691E-15,-2.210923098859E-15,6.5)
  );
#8632 = DIRECTION('',(2.341930812375E-31,8.881784197001E-16,1.));
#8633 = DIRECTION('',(1.,-6.661338147751E-16,3.574525976783E-31));
#8634 = PCURVE('',#7803,#8635);
#8635 = DEFINITIONAL_REPRESENTATION('',(#8636),#8644);
#8636 = ( BOUNDED_CURVE() B_SPLINE_CURVE(2,(#8637,#8638,#8639,#8640,
#8641,#8642,#8643),.UNSPECIFIED.,.T.,.F.) B_SPLINE_CURVE_WITH_KNOTS((1,2
    ,2,2,2,1),(-2.094395102393,0.,2.094395102393,4.188790204786,
6.28318530718,8.377580409573),.UNSPECIFIED.) CURVE() 
GEOMETRIC_REPRESENTATION_ITEM() RATIONAL_B_SPLINE_CURVE((1.,0.5,1.,0.5,
1.,0.5,1.)) REPRESENTATION_ITEM('') );
#8637 = CARTESIAN_POINT('',(3.35,-4.25));
#8638 = CARTESIAN_POINT('',(0.751923788647,-4.25));
#8639 = CARTESIAN_POINT('',(2.050961894323,-2.));
#8640 = CARTESIAN_POINT('',(3.35,0.25));
#8641 = CARTESIAN_POINT('',(4.649038105677,-2.));
#8642 = CARTESIAN_POINT('',(5.948076211353,-4.25));
#8643 = CARTESIAN_POINT('',(3.35,-4.25));
#8644 = ( GEOMETRIC_REPRESENTATION_CONTEXT(2) 
PARAMETRIC_REPRESENTATION_CONTEXT() REPRESENTATION_CONTEXT('2D SPACE',''
  ) );
#8645 = PCURVE('',#8368,#8646);
#8646 = DEFINITIONAL_REPRESENTATION('',(#8647),#8651);
#8647 = LINE('',#8648,#8649);
#8648 = CARTESIAN_POINT('',(0.,-9.957112444168));
#8649 = VECTOR('',#8650,1.);
#8650 = DIRECTION('',(1.,0.));
#8651 = ( GEOMETRIC_REPRESENTATION_CONTEXT(2) 
PARAMETRIC_REPRESENTATION_CONTEXT() REPRESENTATION_CONTEXT('2D SPACE',''
  ) );
#8652 = ADVANCED_FACE('',(#8653),#7775,.T.);
#8653 = FACE_BOUND('',#8654,.T.);
#8654 = EDGE_LOOP('',(#8655,#8656,#8657,#8678));
#8655 = ORIENTED_EDGE('',*,*,#7759,.F.);
#8656 = ORIENTED_EDGE('',*,*,#8248,.F.);
#8657 = ORIENTED_EDGE('',*,*,#8658,.F.);
#8658 = EDGE_CURVE('',#8414,#8221,#8659,.T.);
#8659 = SURFACE_CURVE('',#8660,(#8664,#8671),.PCURVE_S1.);
#8660 = LINE('',#8661,#8662);
#8661 = CARTESIAN_POINT('',(2.75,3.25,9.972923932525));
#8662 = VECTOR('',#8663,1.);
#8663 = DIRECTION('',(-9.992007221626E-16,3.697785493223E-31,1.));
#8664 = PCURVE('',#7775,#8665);
#8665 = DEFINITIONAL_REPRESENTATION('',(#8666),#8670);
#8666 = LINE('',#8667,#8668);
#8667 = CARTESIAN_POINT('',(0.15,-6.484188511644));
#8668 = VECTOR('',#8669,1.);
#8669 = DIRECTION('',(7.771561172376E-16,1.));
#8670 = ( GEOMETRIC_REPRESENTATION_CONTEXT(2) 
PARAMETRIC_REPRESENTATION_CONTEXT() REPRESENTATION_CONTEXT('2D SPACE',''
  ) );
#8671 = PCURVE('',#8236,#8672);
#8672 = DEFINITIONAL_REPRESENTATION('',(#8673),#8677);
#8673 = LINE('',#8674,#8675);
#8674 = CARTESIAN_POINT('',(1.654931346638,6.484188511644));
#8675 = VECTOR('',#8676,1.);
#8676 = DIRECTION('',(-1.443289932013E-15,1.));
#8677 = ( GEOMETRIC_REPRESENTATION_CONTEXT(2) 
PARAMETRIC_REPRESENTATION_CONTEXT() REPRESENTATION_CONTEXT('2D SPACE',''
  ) );
#8678 = ORIENTED_EDGE('',*,*,#8413,.F.);
#8679 = ADVANCED_FACE('',(#8680),#7968,.T.);
#8680 = FACE_BOUND('',#8681,.T.);
#8681 = EDGE_LOOP('',(#8682,#8683,#8684,#8685));
#8682 = ORIENTED_EDGE('',*,*,#8272,.F.);
#8683 = ORIENTED_EDGE('',*,*,#7950,.T.);
#8684 = ORIENTED_EDGE('',*,*,#8602,.F.);
#8685 = ORIENTED_EDGE('',*,*,#8686,.T.);
#8686 = EDGE_CURVE('',#8580,#8273,#8687,.T.);
#8687 = SURFACE_CURVE('',#8688,(#8692,#8699),.PCURVE_S1.);
#8688 = LINE('',#8689,#8690);
#8689 = CARTESIAN_POINT('',(-2.75,3.25,9.972923932525));
#8690 = VECTOR('',#8691,1.);
#8691 = DIRECTION('',(-9.992007221626E-16,3.697785493223E-31,1.));
#8692 = PCURVE('',#7968,#8693);
#8693 = DEFINITIONAL_REPRESENTATION('',(#8694),#8698);
#8694 = LINE('',#8695,#8696);
#8695 = CARTESIAN_POINT('',(1.35,-6.484188511644));
#8696 = VECTOR('',#8697,1.);
#8697 = DIRECTION('',(7.771561172376E-16,1.));
#8698 = ( GEOMETRIC_REPRESENTATION_CONTEXT(2) 
PARAMETRIC_REPRESENTATION_CONTEXT() REPRESENTATION_CONTEXT('2D SPACE',''
  ) );
#8699 = PCURVE('',#8311,#8700);
#8700 = DEFINITIONAL_REPRESENTATION('',(#8701),#8705);
#8701 = LINE('',#8702,#8703);
#8702 = CARTESIAN_POINT('',(1.654931346638,6.484188511644));
#8703 = VECTOR('',#8704,1.);
#8704 = DIRECTION('',(-1.443289932013E-15,1.));
#8705 = ( GEOMETRIC_REPRESENTATION_CONTEXT(2) 
PARAMETRIC_REPRESENTATION_CONTEXT() REPRESENTATION_CONTEXT('2D SPACE',''
  ) );
#8706 = ADVANCED_FACE('',(#8707),#8124,.F.);
#8707 = FACE_BOUND('',#8708,.F.);
#8708 = EDGE_LOOP('',(#8709,#8730,#8731,#8759,#8787,#8815,#8843,#8869));
#8709 = ORIENTED_EDGE('',*,*,#8710,.F.);
#8710 = EDGE_CURVE('',#8109,#8534,#8711,.T.);
#8711 = SURFACE_CURVE('',#8712,(#8716,#8723),.PCURVE_S1.);
#8712 = LINE('',#8713,#8714);
#8713 = CARTESIAN_POINT('',(-1.4,-3.25,16.457112444168));
#8714 = VECTOR('',#8715,1.);
#8715 = DIRECTION('',(8.881784197001E-16,-2.958228394579E-31,-1.));
#8716 = PCURVE('',#8124,#8717);
#8717 = DEFINITIONAL_REPRESENTATION('',(#8718),#8722);
#8718 = LINE('',#8719,#8720);
#8719 = CARTESIAN_POINT('',(1.5,1.665334536938E-16));
#8720 = VECTOR('',#8721,1.);
#8721 = DIRECTION('',(6.661338147751E-16,-1.));
#8722 = ( GEOMETRIC_REPRESENTATION_CONTEXT(2) 
PARAMETRIC_REPRESENTATION_CONTEXT() REPRESENTATION_CONTEXT('2D SPACE',''
  ) );
#8723 = PCURVE('',#8337,#8724);
#8724 = DEFINITIONAL_REPRESENTATION('',(#8725),#8729);
#8725 = LINE('',#8726,#8727);
#8726 = CARTESIAN_POINT('',(0.,0.));
#8727 = VECTOR('',#8728,1.);
#8728 = DIRECTION('',(-6.661338147751E-16,-1.));
#8729 = ( GEOMETRIC_REPRESENTATION_CONTEXT(2) 
PARAMETRIC_REPRESENTATION_CONTEXT() REPRESENTATION_CONTEXT('2D SPACE',''
  ) );
#8730 = ORIENTED_EDGE('',*,*,#8106,.F.);
#8731 = ORIENTED_EDGE('',*,*,#8732,.F.);
#8732 = EDGE_CURVE('',#8733,#8107,#8735,.T.);
#8733 = VERTEX_POINT('',#8734);
#8734 = CARTESIAN_POINT('',(-1.4,-4.35,6.2));
#8735 = SURFACE_CURVE('',#8736,(#8741,#8752),.PCURVE_S1.);
#8736 = CIRCLE('',#8737,1.);
#8737 = AXIS2_PLACEMENT_3D('',#8738,#8739,#8740);
#8738 = CARTESIAN_POINT('',(-1.4,-3.35,6.2));
#8739 = DIRECTION('',(-1.,2.22044604925E-16,-1.221245327088E-15));
#8740 = DIRECTION('',(2.22044604925E-16,1.,-1.443289932013E-15));
#8741 = PCURVE('',#8124,#8742);
#8742 = DEFINITIONAL_REPRESENTATION('',(#8743),#8751);
#8743 = ( BOUNDED_CURVE() B_SPLINE_CURVE(2,(#8744,#8745,#8746,#8747,
#8748,#8749,#8750),.UNSPECIFIED.,.T.,.F.) B_SPLINE_CURVE_WITH_KNOTS((1,2
    ,2,2,2,1),(-2.094395102393,0.,2.094395102393,4.188790204786,
6.28318530718,8.377580409573),.UNSPECIFIED.) CURVE() 
GEOMETRIC_REPRESENTATION_ITEM() RATIONAL_B_SPLINE_CURVE((1.,0.5,1.,0.5,
1.,0.5,1.)) REPRESENTATION_ITEM('') );
#8744 = CARTESIAN_POINT('',(2.4,-10.25711244416));
#8745 = CARTESIAN_POINT('',(2.4,-11.98916325173));
#8746 = CARTESIAN_POINT('',(0.9,-11.12313784795));
#8747 = CARTESIAN_POINT('',(-0.6,-10.25711244416));
#8748 = CARTESIAN_POINT('',(0.9,-9.391087040384));
#8749 = CARTESIAN_POINT('',(2.4,-8.5250616366));
#8750 = CARTESIAN_POINT('',(2.4,-10.25711244416));
#8751 = ( GEOMETRIC_REPRESENTATION_CONTEXT(2) 
PARAMETRIC_REPRESENTATION_CONTEXT() REPRESENTATION_CONTEXT('2D SPACE',''
  ) );
#8752 = PCURVE('',#8152,#8753);
#8753 = DEFINITIONAL_REPRESENTATION('',(#8754),#8758);
#8754 = LINE('',#8755,#8756);
#8755 = CARTESIAN_POINT('',(-6.28318530718,-1.35));
#8756 = VECTOR('',#8757,1.);
#8757 = DIRECTION('',(1.,-0.));
#8758 = ( GEOMETRIC_REPRESENTATION_CONTEXT(2) 
PARAMETRIC_REPRESENTATION_CONTEXT() REPRESENTATION_CONTEXT('2D SPACE',''
  ) );
#8759 = ORIENTED_EDGE('',*,*,#8760,.F.);
#8760 = EDGE_CURVE('',#8761,#8733,#8763,.T.);
#8761 = VERTEX_POINT('',#8762);
#8762 = CARTESIAN_POINT('',(-1.4,-4.35,4.2));
#8763 = SURFACE_CURVE('',#8764,(#8768,#8775),.PCURVE_S1.);
#8764 = LINE('',#8765,#8766);
#8765 = CARTESIAN_POINT('',(-1.4,-4.35,10.328556222084));
#8766 = VECTOR('',#8767,1.);
#8767 = DIRECTION('',(-8.881784197001E-16,5.551115123126E-16,1.));
#8768 = PCURVE('',#8124,#8769);
#8769 = DEFINITIONAL_REPRESENTATION('',(#8770),#8774);
#8770 = LINE('',#8771,#8772);
#8771 = CARTESIAN_POINT('',(0.4,-6.128556222084));
#8772 = VECTOR('',#8773,1.);
#8773 = DIRECTION('',(-1.110223024625E-16,1.));
#8774 = ( GEOMETRIC_REPRESENTATION_CONTEXT(2) 
PARAMETRIC_REPRESENTATION_CONTEXT() REPRESENTATION_CONTEXT('2D SPACE',''
  ) );
#8775 = PCURVE('',#8776,#8781);
#8776 = PLANE('',#8777);
#8777 = AXIS2_PLACEMENT_3D('',#8778,#8779,#8780);
#8778 = CARTESIAN_POINT('',(-2.75,-4.35,4.2));
#8779 = DIRECTION('',(-9.3677232495E-31,-1.,1.443289932013E-15));
#8780 = DIRECTION('',(-1.665334536938E-15,1.110223024625E-16,1.));
#8781 = DEFINITIONAL_REPRESENTATION('',(#8782),#8786);
#8782 = LINE('',#8783,#8784);
#8783 = CARTESIAN_POINT('',(6.128556222084,-1.35));
#8784 = VECTOR('',#8785,1.);
#8785 = DIRECTION('',(1.,3.330669073875E-16));
#8786 = ( GEOMETRIC_REPRESENTATION_CONTEXT(2) 
PARAMETRIC_REPRESENTATION_CONTEXT() REPRESENTATION_CONTEXT('2D SPACE',''
  ) );
#8787 = ORIENTED_EDGE('',*,*,#8788,.F.);
#8788 = EDGE_CURVE('',#8789,#8761,#8791,.T.);
#8789 = VERTEX_POINT('',#8790);
#8790 = CARTESIAN_POINT('',(-1.4,-3.65,4.2));
#8791 = SURFACE_CURVE('',#8792,(#8796,#8803),.PCURVE_S1.);
#8792 = LINE('',#8793,#8794);
#8793 = CARTESIAN_POINT('',(-1.4,-4.2,4.2));
#8794 = VECTOR('',#8795,1.);
#8795 = DIRECTION('',(2.22044604925E-16,-1.,1.221245327088E-15));
#8796 = PCURVE('',#8124,#8797);
#8797 = DEFINITIONAL_REPRESENTATION('',(#8798),#8802);
#8798 = LINE('',#8799,#8800);
#8799 = CARTESIAN_POINT('',(0.55,-12.25711244416));
#8800 = VECTOR('',#8801,1.);
#8801 = DIRECTION('',(-1.,7.771561172376E-16));
#8802 = ( GEOMETRIC_REPRESENTATION_CONTEXT(2) 
PARAMETRIC_REPRESENTATION_CONTEXT() REPRESENTATION_CONTEXT('2D SPACE',''
  ) );
#8803 = PCURVE('',#8804,#8809);
#8804 = PLANE('',#8805);
#8805 = AXIS2_PLACEMENT_3D('',#8806,#8807,#8808);
#8806 = CARTESIAN_POINT('',(-2.75,-3.65,4.2));
#8807 = DIRECTION('',(1.498801083244E-15,-3.330669073875E-16,-1.));
#8808 = DIRECTION('',(2.22044604925E-16,-1.,1.665334536938E-15));
#8809 = DEFINITIONAL_REPRESENTATION('',(#8810),#8814);
#8810 = LINE('',#8811,#8812);
#8811 = CARTESIAN_POINT('',(0.55,-1.35));
#8812 = VECTOR('',#8813,1.);
#8813 = DIRECTION('',(1.,-1.110223024625E-15));
#8814 = ( GEOMETRIC_REPRESENTATION_CONTEXT(2) 
PARAMETRIC_REPRESENTATION_CONTEXT() REPRESENTATION_CONTEXT('2D SPACE',''
  ) );
#8815 = ORIENTED_EDGE('',*,*,#8816,.F.);
#8816 = EDGE_CURVE('',#8817,#8789,#8819,.T.);
#8817 = VERTEX_POINT('',#8818);
#8818 = CARTESIAN_POINT('',(-1.4,-3.65,6.2));
#8819 = SURFACE_CURVE('',#8820,(#8824,#8831),.PCURVE_S1.);
#8820 = LINE('',#8821,#8822);
#8821 = CARTESIAN_POINT('',(-1.4,-3.65,11.328556222084));
#8822 = VECTOR('',#8823,1.);
#8823 = DIRECTION('',(8.881784197001E-16,-5.551115123126E-16,-1.));
#8824 = PCURVE('',#8124,#8825);
#8825 = DEFINITIONAL_REPRESENTATION('',(#8826),#8830);
#8826 = LINE('',#8827,#8828);
#8827 = CARTESIAN_POINT('',(1.1,-5.128556222084));
#8828 = VECTOR('',#8829,1.);
#8829 = DIRECTION('',(1.110223024625E-16,-1.));
#8830 = ( GEOMETRIC_REPRESENTATION_CONTEXT(2) 
PARAMETRIC_REPRESENTATION_CONTEXT() REPRESENTATION_CONTEXT('2D SPACE',''
  ) );
#8831 = PCURVE('',#8832,#8837);
#8832 = PLANE('',#8833);
#8833 = AXIS2_PLACEMENT_3D('',#8834,#8835,#8836);
#8834 = CARTESIAN_POINT('',(-2.75,-3.65,6.2));
#8835 = DIRECTION('',(9.3677232495E-31,1.,-1.443289932013E-15));
#8836 = DIRECTION('',(1.665334536938E-15,-1.110223024625E-16,-1.));
#8837 = DEFINITIONAL_REPRESENTATION('',(#8838),#8842);
#8838 = LINE('',#8839,#8840);
#8839 = CARTESIAN_POINT('',(-5.128556222084,-1.35));
#8840 = VECTOR('',#8841,1.);
#8841 = DIRECTION('',(1.,-3.330669073875E-16));
#8842 = ( GEOMETRIC_REPRESENTATION_CONTEXT(2) 
PARAMETRIC_REPRESENTATION_CONTEXT() REPRESENTATION_CONTEXT('2D SPACE',''
  ) );
#8843 = ORIENTED_EDGE('',*,*,#8844,.T.);
#8844 = EDGE_CURVE('',#8817,#8506,#8845,.T.);
#8845 = SURFACE_CURVE('',#8846,(#8851,#8862),.PCURVE_S1.);
#8846 = CIRCLE('',#8847,0.3);
#8847 = AXIS2_PLACEMENT_3D('',#8848,#8849,#8850);
#8848 = CARTESIAN_POINT('',(-1.4,-3.35,6.2));
#8849 = DIRECTION('',(-1.,2.22044604925E-16,-1.221245327088E-15));
#8850 = DIRECTION('',(2.22044604925E-16,1.,-1.443289932013E-15));
#8851 = PCURVE('',#8124,#8852);
#8852 = DEFINITIONAL_REPRESENTATION('',(#8853),#8861);
#8853 = ( BOUNDED_CURVE() B_SPLINE_CURVE(2,(#8854,#8855,#8856,#8857,
#8858,#8859,#8860),.UNSPECIFIED.,.T.,.F.) B_SPLINE_CURVE_WITH_KNOTS((1,2
    ,2,2,2,1),(-2.094395102393,0.,2.094395102393,4.188790204786,
6.28318530718,8.377580409573),.UNSPECIFIED.) CURVE() 
GEOMETRIC_REPRESENTATION_ITEM() RATIONAL_B_SPLINE_CURVE((1.,0.5,1.,0.5,
1.,0.5,1.)) REPRESENTATION_ITEM('') );
#8854 = CARTESIAN_POINT('',(1.7,-10.25711244416));
#8855 = CARTESIAN_POINT('',(1.7,-10.77672768643));
#8856 = CARTESIAN_POINT('',(1.25,-10.5169200653));
#8857 = CARTESIAN_POINT('',(0.8,-10.25711244416));
#8858 = CARTESIAN_POINT('',(1.25,-9.997304823033));
#8859 = CARTESIAN_POINT('',(1.7,-9.737497201898));
#8860 = CARTESIAN_POINT('',(1.7,-10.25711244416));
#8861 = ( GEOMETRIC_REPRESENTATION_CONTEXT(2) 
PARAMETRIC_REPRESENTATION_CONTEXT() REPRESENTATION_CONTEXT('2D SPACE',''
  ) );
#8862 = PCURVE('',#8521,#8863);
#8863 = DEFINITIONAL_REPRESENTATION('',(#8864),#8868);
#8864 = LINE('',#8865,#8866);
#8865 = CARTESIAN_POINT('',(-6.28318530718,-1.35));
#8866 = VECTOR('',#8867,1.);
#8867 = DIRECTION('',(1.,-0.));
#8868 = ( GEOMETRIC_REPRESENTATION_CONTEXT(2) 
PARAMETRIC_REPRESENTATION_CONTEXT() REPRESENTATION_CONTEXT('2D SPACE',''
  ) );
#8869 = ORIENTED_EDGE('',*,*,#8533,.F.);
#8870 = ADVANCED_FACE('',(#8871),#8337,.F.);
#8871 = FACE_BOUND('',#8872,.F.);
#8872 = EDGE_LOOP('',(#8873,#8874,#8875,#8876));
#8873 = ORIENTED_EDGE('',*,*,#8323,.F.);
#8874 = ORIENTED_EDGE('',*,*,#8710,.T.);
#8875 = ORIENTED_EDGE('',*,*,#8556,.F.);
#8876 = ORIENTED_EDGE('',*,*,#8877,.T.);
#8877 = EDGE_CURVE('',#8557,#8296,#8878,.T.);
#8878 = SURFACE_CURVE('',#8879,(#8883,#8890),.PCURVE_S1.);
#8879 = LINE('',#8880,#8881);
#8880 = CARTESIAN_POINT('',(-2.75,-3.25,9.972923932525));
#8881 = VECTOR('',#8882,1.);
#8882 = DIRECTION('',(-9.992007221626E-16,3.697785493223E-31,1.));
#8883 = PCURVE('',#8337,#8884);
#8884 = DEFINITIONAL_REPRESENTATION('',(#8885),#8889);
#8885 = LINE('',#8886,#8887);
#8886 = CARTESIAN_POINT('',(1.35,-6.484188511644));
#8887 = VECTOR('',#8888,1.);
#8888 = DIRECTION('',(7.771561172376E-16,1.));
#8889 = ( GEOMETRIC_REPRESENTATION_CONTEXT(2) 
PARAMETRIC_REPRESENTATION_CONTEXT() REPRESENTATION_CONTEXT('2D SPACE',''
  ) );
#8890 = PCURVE('',#8311,#8891);
#8891 = DEFINITIONAL_REPRESENTATION('',(#8892),#8896);
#8892 = LINE('',#8893,#8894);
#8893 = CARTESIAN_POINT('',(-4.845068653362,6.484188511644));
#8894 = VECTOR('',#8895,1.);
#8895 = DIRECTION('',(-1.443289932013E-15,1.));
#8896 = ( GEOMETRIC_REPRESENTATION_CONTEXT(2) 
PARAMETRIC_REPRESENTATION_CONTEXT() REPRESENTATION_CONTEXT('2D SPACE',''
  ) );
#8897 = ADVANCED_FACE('',(#8898),#8311,.F.);
#8898 = FACE_BOUND('',#8899,.F.);
#8899 = EDGE_LOOP('',(#8900,#8901,#8902,#8903));
#8900 = ORIENTED_EDGE('',*,*,#8686,.T.);
#8901 = ORIENTED_EDGE('',*,*,#8295,.F.);
#8902 = ORIENTED_EDGE('',*,*,#8877,.F.);
#8903 = ORIENTED_EDGE('',*,*,#8579,.F.);
#8904 = ADVANCED_FACE('',(#8905),#8236,.T.);
#8905 = FACE_BOUND('',#8906,.T.);
#8906 = EDGE_LOOP('',(#8907,#8908,#8909,#8930));
#8907 = ORIENTED_EDGE('',*,*,#8658,.T.);
#8908 = ORIENTED_EDGE('',*,*,#8220,.F.);
#8909 = ORIENTED_EDGE('',*,*,#8910,.F.);
#8910 = EDGE_CURVE('',#8437,#8193,#8911,.T.);
#8911 = SURFACE_CURVE('',#8912,(#8916,#8923),.PCURVE_S1.);
#8912 = LINE('',#8913,#8914);
#8913 = CARTESIAN_POINT('',(2.75,-3.25,9.972923932525));
#8914 = VECTOR('',#8915,1.);
#8915 = DIRECTION('',(-9.992007221626E-16,3.697785493223E-31,1.));
#8916 = PCURVE('',#8236,#8917);
#8917 = DEFINITIONAL_REPRESENTATION('',(#8918),#8922);
#8918 = LINE('',#8919,#8920);
#8919 = CARTESIAN_POINT('',(-4.845068653362,6.484188511644));
#8920 = VECTOR('',#8921,1.);
#8921 = DIRECTION('',(-1.443289932013E-15,1.));
#8922 = ( GEOMETRIC_REPRESENTATION_CONTEXT(2) 
PARAMETRIC_REPRESENTATION_CONTEXT() REPRESENTATION_CONTEXT('2D SPACE',''
  ) );
#8923 = PCURVE('',#8208,#8924);
#8924 = DEFINITIONAL_REPRESENTATION('',(#8925),#8929);
#8925 = LINE('',#8926,#8927);
#8926 = CARTESIAN_POINT('',(0.15,-6.484188511644));
#8927 = VECTOR('',#8928,1.);
#8928 = DIRECTION('',(7.771561172376E-16,1.));
#8929 = ( GEOMETRIC_REPRESENTATION_CONTEXT(2) 
PARAMETRIC_REPRESENTATION_CONTEXT() REPRESENTATION_CONTEXT('2D SPACE',''
  ) );
#8930 = ORIENTED_EDGE('',*,*,#8436,.F.);
#8931 = ADVANCED_FACE('',(#8932),#8208,.F.);
#8932 = FACE_BOUND('',#8933,.F.);
#8933 = EDGE_LOOP('',(#8934,#8955,#8956,#8957));
#8934 = ORIENTED_EDGE('',*,*,#8935,.F.);
#8935 = EDGE_CURVE('',#8165,#8460,#8936,.T.);
#8936 = SURFACE_CURVE('',#8937,(#8941,#8948),.PCURVE_S1.);
#8937 = LINE('',#8938,#8939);
#8938 = CARTESIAN_POINT('',(1.4,-3.25,16.457112444168));
#8939 = VECTOR('',#8940,1.);
#8940 = DIRECTION('',(8.881784197001E-16,-2.958228394579E-31,-1.));
#8941 = PCURVE('',#8208,#8942);
#8942 = DEFINITIONAL_REPRESENTATION('',(#8943),#8947);
#8943 = LINE('',#8944,#8945);
#8944 = CARTESIAN_POINT('',(1.5,6.661338147751E-16));
#8945 = VECTOR('',#8946,1.);
#8946 = DIRECTION('',(-6.661338147751E-16,-1.));
#8947 = ( GEOMETRIC_REPRESENTATION_CONTEXT(2) 
PARAMETRIC_REPRESENTATION_CONTEXT() REPRESENTATION_CONTEXT('2D SPACE',''
  ) );
#8948 = PCURVE('',#8180,#8949);
#8949 = DEFINITIONAL_REPRESENTATION('',(#8950),#8954);
#8950 = LINE('',#8951,#8952);
#8951 = CARTESIAN_POINT('',(0.,0.));
#8952 = VECTOR('',#8953,1.);
#8953 = DIRECTION('',(-6.661338147751E-16,-1.));
#8954 = ( GEOMETRIC_REPRESENTATION_CONTEXT(2) 
PARAMETRIC_REPRESENTATION_CONTEXT() REPRESENTATION_CONTEXT('2D SPACE',''
  ) );
#8955 = ORIENTED_EDGE('',*,*,#8192,.F.);
#8956 = ORIENTED_EDGE('',*,*,#8910,.F.);
#8957 = ORIENTED_EDGE('',*,*,#8459,.F.);
#8958 = ADVANCED_FACE('',(#8959),#8180,.F.);
#8959 = FACE_BOUND('',#8960,.F.);
#8960 = EDGE_LOOP('',(#8961,#8962,#8963,#8964,#8988,#9011,#9034,#9057));
#8961 = ORIENTED_EDGE('',*,*,#8164,.F.);
#8962 = ORIENTED_EDGE('',*,*,#8935,.T.);
#8963 = ORIENTED_EDGE('',*,*,#8482,.F.);
#8964 = ORIENTED_EDGE('',*,*,#8965,.F.);
#8965 = EDGE_CURVE('',#8966,#8483,#8968,.T.);
#8966 = VERTEX_POINT('',#8967);
#8967 = CARTESIAN_POINT('',(1.4,-3.65,6.2));
#8968 = SURFACE_CURVE('',#8969,(#8974,#8981),.PCURVE_S1.);
#8969 = CIRCLE('',#8970,0.3);
#8970 = AXIS2_PLACEMENT_3D('',#8971,#8972,#8973);
#8971 = CARTESIAN_POINT('',(1.4,-3.35,6.2));
#8972 = DIRECTION('',(-1.,2.22044604925E-16,-1.221245327088E-15));
#8973 = DIRECTION('',(2.22044604925E-16,1.,-1.443289932013E-15));
#8974 = PCURVE('',#8180,#8975);
#8975 = DEFINITIONAL_REPRESENTATION('',(#8976),#8980);
#8976 = CIRCLE('',#8977,0.3);
#8977 = AXIS2_PLACEMENT_2D('',#8978,#8979);
#8978 = CARTESIAN_POINT('',(9.999999999999E-02,-10.25711244416));
#8979 = DIRECTION('',(-1.,-9.992007221626E-16));
#8980 = ( GEOMETRIC_REPRESENTATION_CONTEXT(2) 
PARAMETRIC_REPRESENTATION_CONTEXT() REPRESENTATION_CONTEXT('2D SPACE',''
  ) );
#8981 = PCURVE('',#8521,#8982);
#8982 = DEFINITIONAL_REPRESENTATION('',(#8983),#8987);
#8983 = LINE('',#8984,#8985);
#8984 = CARTESIAN_POINT('',(-6.28318530718,-4.15));
#8985 = VECTOR('',#8986,1.);
#8986 = DIRECTION('',(1.,-0.));
#8987 = ( GEOMETRIC_REPRESENTATION_CONTEXT(2) 
PARAMETRIC_REPRESENTATION_CONTEXT() REPRESENTATION_CONTEXT('2D SPACE',''
  ) );
#8988 = ORIENTED_EDGE('',*,*,#8989,.F.);
#8989 = EDGE_CURVE('',#8990,#8966,#8992,.T.);
#8990 = VERTEX_POINT('',#8991);
#8991 = CARTESIAN_POINT('',(1.4,-3.65,4.2));
#8992 = SURFACE_CURVE('',#8993,(#8997,#9004),.PCURVE_S1.);
#8993 = LINE('',#8994,#8995);
#8994 = CARTESIAN_POINT('',(1.4,-3.65,11.328556222084));
#8995 = VECTOR('',#8996,1.);
#8996 = DIRECTION('',(-8.881784197001E-16,5.551115123126E-16,1.));
#8997 = PCURVE('',#8180,#8998);
#8998 = DEFINITIONAL_REPRESENTATION('',(#8999),#9003);
#8999 = LINE('',#9000,#9001);
#9000 = CARTESIAN_POINT('',(0.4,-5.128556222084));
#9001 = VECTOR('',#9002,1.);
#9002 = DIRECTION('',(1.110223024625E-16,1.));
#9003 = ( GEOMETRIC_REPRESENTATION_CONTEXT(2) 
PARAMETRIC_REPRESENTATION_CONTEXT() REPRESENTATION_CONTEXT('2D SPACE',''
  ) );
#9004 = PCURVE('',#8832,#9005);
#9005 = DEFINITIONAL_REPRESENTATION('',(#9006),#9010);
#9006 = LINE('',#9007,#9008);
#9007 = CARTESIAN_POINT('',(-5.128556222084,-4.15));
#9008 = VECTOR('',#9009,1.);
#9009 = DIRECTION('',(-1.,3.330669073875E-16));
#9010 = ( GEOMETRIC_REPRESENTATION_CONTEXT(2) 
PARAMETRIC_REPRESENTATION_CONTEXT() REPRESENTATION_CONTEXT('2D SPACE',''
  ) );
#9011 = ORIENTED_EDGE('',*,*,#9012,.F.);
#9012 = EDGE_CURVE('',#9013,#8990,#9015,.T.);
#9013 = VERTEX_POINT('',#9014);
#9014 = CARTESIAN_POINT('',(1.4,-4.35,4.2));
#9015 = SURFACE_CURVE('',#9016,(#9020,#9027),.PCURVE_S1.);
#9016 = LINE('',#9017,#9018);
#9017 = CARTESIAN_POINT('',(1.4,-3.45,4.2));
#9018 = VECTOR('',#9019,1.);
#9019 = DIRECTION('',(-2.22044604925E-16,1.,-1.221245327088E-15));
#9020 = PCURVE('',#8180,#9021);
#9021 = DEFINITIONAL_REPRESENTATION('',(#9022),#9026);
#9022 = LINE('',#9023,#9024);
#9023 = CARTESIAN_POINT('',(0.2,-12.25711244416));
#9024 = VECTOR('',#9025,1.);
#9025 = DIRECTION('',(-1.,-7.771561172376E-16));
#9026 = ( GEOMETRIC_REPRESENTATION_CONTEXT(2) 
PARAMETRIC_REPRESENTATION_CONTEXT() REPRESENTATION_CONTEXT('2D SPACE',''
  ) );
#9027 = PCURVE('',#8804,#9028);
#9028 = DEFINITIONAL_REPRESENTATION('',(#9029),#9033);
#9029 = LINE('',#9030,#9031);
#9030 = CARTESIAN_POINT('',(-0.2,-4.15));
#9031 = VECTOR('',#9032,1.);
#9032 = DIRECTION('',(-1.,1.110223024625E-15));
#9033 = ( GEOMETRIC_REPRESENTATION_CONTEXT(2) 
PARAMETRIC_REPRESENTATION_CONTEXT() REPRESENTATION_CONTEXT('2D SPACE',''
  ) );
#9034 = ORIENTED_EDGE('',*,*,#9035,.F.);
#9035 = EDGE_CURVE('',#9036,#9013,#9038,.T.);
#9036 = VERTEX_POINT('',#9037);
#9037 = CARTESIAN_POINT('',(1.4,-4.35,6.2));
#9038 = SURFACE_CURVE('',#9039,(#9043,#9050),.PCURVE_S1.);
#9039 = LINE('',#9040,#9041);
#9040 = CARTESIAN_POINT('',(1.4,-4.35,10.328556222084));
#9041 = VECTOR('',#9042,1.);
#9042 = DIRECTION('',(8.881784197001E-16,-5.551115123126E-16,-1.));
#9043 = PCURVE('',#8180,#9044);
#9044 = DEFINITIONAL_REPRESENTATION('',(#9045),#9049);
#9045 = LINE('',#9046,#9047);
#9046 = CARTESIAN_POINT('',(1.1,-6.128556222084));
#9047 = VECTOR('',#9048,1.);
#9048 = DIRECTION('',(-1.110223024625E-16,-1.));
#9049 = ( GEOMETRIC_REPRESENTATION_CONTEXT(2) 
PARAMETRIC_REPRESENTATION_CONTEXT() REPRESENTATION_CONTEXT('2D SPACE',''
  ) );
#9050 = PCURVE('',#8776,#9051);
#9051 = DEFINITIONAL_REPRESENTATION('',(#9052),#9056);
#9052 = LINE('',#9053,#9054);
#9053 = CARTESIAN_POINT('',(6.128556222084,-4.15));
#9054 = VECTOR('',#9055,1.);
#9055 = DIRECTION('',(-1.,-3.330669073875E-16));
#9056 = ( GEOMETRIC_REPRESENTATION_CONTEXT(2) 
PARAMETRIC_REPRESENTATION_CONTEXT() REPRESENTATION_CONTEXT('2D SPACE',''
  ) );
#9057 = ORIENTED_EDGE('',*,*,#9058,.T.);
#9058 = EDGE_CURVE('',#9036,#8137,#9059,.T.);
#9059 = SURFACE_CURVE('',#9060,(#9065,#9072),.PCURVE_S1.);
#9060 = CIRCLE('',#9061,1.);
#9061 = AXIS2_PLACEMENT_3D('',#9062,#9063,#9064);
#9062 = CARTESIAN_POINT('',(1.4,-3.35,6.2));
#9063 = DIRECTION('',(-1.,2.22044604925E-16,-1.221245327088E-15));
#9064 = DIRECTION('',(2.22044604925E-16,1.,-1.443289932013E-15));
#9065 = PCURVE('',#8180,#9066);
#9066 = DEFINITIONAL_REPRESENTATION('',(#9067),#9071);
#9067 = CIRCLE('',#9068,1.);
#9068 = AXIS2_PLACEMENT_2D('',#9069,#9070);
#9069 = CARTESIAN_POINT('',(9.999999999999E-02,-10.25711244416));
#9070 = DIRECTION('',(-1.,-9.992007221626E-16));
#9071 = ( GEOMETRIC_REPRESENTATION_CONTEXT(2) 
PARAMETRIC_REPRESENTATION_CONTEXT() REPRESENTATION_CONTEXT('2D SPACE',''
  ) );
#9072 = PCURVE('',#8152,#9073);
#9073 = DEFINITIONAL_REPRESENTATION('',(#9074),#9078);
#9074 = LINE('',#9075,#9076);
#9075 = CARTESIAN_POINT('',(-6.28318530718,-4.15));
#9076 = VECTOR('',#9077,1.);
#9077 = DIRECTION('',(1.,-0.));
#9078 = ( GEOMETRIC_REPRESENTATION_CONTEXT(2) 
PARAMETRIC_REPRESENTATION_CONTEXT() REPRESENTATION_CONTEXT('2D SPACE',''
  ) );
#9079 = ADVANCED_FACE('',(#9080),#8152,.T.);
#9080 = FACE_BOUND('',#9081,.F.);
#9081 = EDGE_LOOP('',(#9082,#9083,#9084,#9085));
#9082 = ORIENTED_EDGE('',*,*,#8732,.T.);
#9083 = ORIENTED_EDGE('',*,*,#8136,.T.);
#9084 = ORIENTED_EDGE('',*,*,#9058,.F.);
#9085 = ORIENTED_EDGE('',*,*,#9086,.F.);
#9086 = EDGE_CURVE('',#8733,#9036,#9087,.T.);
#9087 = SURFACE_CURVE('',#9088,(#9092,#9099),.PCURVE_S1.);
#9088 = LINE('',#9089,#9090);
#9089 = CARTESIAN_POINT('',(-2.75,-4.35,6.2));
#9090 = VECTOR('',#9091,1.);
#9091 = DIRECTION('',(1.,-1.33226762955E-15,1.665334536938E-16));
#9092 = PCURVE('',#8152,#9093);
#9093 = DEFINITIONAL_REPRESENTATION('',(#9094),#9098);
#9094 = LINE('',#9095,#9096);
#9095 = CARTESIAN_POINT('',(-3.14159265359,0.));
#9096 = VECTOR('',#9097,1.);
#9097 = DIRECTION('',(-0.,-1.));
#9098 = ( GEOMETRIC_REPRESENTATION_CONTEXT(2) 
PARAMETRIC_REPRESENTATION_CONTEXT() REPRESENTATION_CONTEXT('2D SPACE',''
  ) );
#9099 = PCURVE('',#8776,#9100);
#9100 = DEFINITIONAL_REPRESENTATION('',(#9101),#9105);
#9101 = LINE('',#9102,#9103);
#9102 = CARTESIAN_POINT('',(2.,1.554312234475E-15));
#9103 = VECTOR('',#9104,1.);
#9104 = DIRECTION('',(-1.054711873394E-15,-1.));
#9105 = ( GEOMETRIC_REPRESENTATION_CONTEXT(2) 
PARAMETRIC_REPRESENTATION_CONTEXT() REPRESENTATION_CONTEXT('2D SPACE',''
  ) );
#9106 = ADVANCED_FACE('',(#9107),#8368,.F.);
#9107 = FACE_BOUND('',#9108,.F.);
#9108 = EDGE_LOOP('',(#9109,#9110,#9131,#9132));
#9109 = ORIENTED_EDGE('',*,*,#8351,.F.);
#9110 = ORIENTED_EDGE('',*,*,#9111,.T.);
#9111 = EDGE_CURVE('',#8352,#8626,#9112,.T.);
#9112 = SEAM_CURVE('',#9113,(#9117,#9124),.PCURVE_S1.);
#9113 = LINE('',#9114,#9115);
#9114 = CARTESIAN_POINT('',(1.5,-9.992007221626E-16,16.457112444168));
#9115 = VECTOR('',#9116,1.);
#9116 = DIRECTION('',(8.881784197001E-16,-2.958228394579E-31,-1.));
#9117 = PCURVE('',#8368,#9118);
#9118 = DEFINITIONAL_REPRESENTATION('',(#9119),#9123);
#9119 = LINE('',#9120,#9121);
#9120 = CARTESIAN_POINT('',(6.28318530718,0.));
#9121 = VECTOR('',#9122,1.);
#9122 = DIRECTION('',(0.,-1.));
#9123 = ( GEOMETRIC_REPRESENTATION_CONTEXT(2) 
PARAMETRIC_REPRESENTATION_CONTEXT() REPRESENTATION_CONTEXT('2D SPACE',''
  ) );
#9124 = PCURVE('',#8368,#9125);
#9125 = DEFINITIONAL_REPRESENTATION('',(#9126),#9130);
#9126 = LINE('',#9127,#9128);
#9127 = CARTESIAN_POINT('',(0.,0.));
#9128 = VECTOR('',#9129,1.);
#9129 = DIRECTION('',(0.,-1.));
#9130 = ( GEOMETRIC_REPRESENTATION_CONTEXT(2) 
PARAMETRIC_REPRESENTATION_CONTEXT() REPRESENTATION_CONTEXT('2D SPACE',''
  ) );
#9131 = ORIENTED_EDGE('',*,*,#8625,.T.);
#9132 = ORIENTED_EDGE('',*,*,#9111,.F.);
#9133 = ADVANCED_FACE('',(#9134),#8521,.F.);
#9134 = FACE_BOUND('',#9135,.T.);
#9135 = EDGE_LOOP('',(#9136,#9137,#9138,#9139));
#9136 = ORIENTED_EDGE('',*,*,#8844,.T.);
#9137 = ORIENTED_EDGE('',*,*,#8505,.T.);
#9138 = ORIENTED_EDGE('',*,*,#8965,.F.);
#9139 = ORIENTED_EDGE('',*,*,#9140,.F.);
#9140 = EDGE_CURVE('',#8817,#8966,#9141,.T.);
#9141 = SURFACE_CURVE('',#9142,(#9146,#9153),.PCURVE_S1.);
#9142 = LINE('',#9143,#9144);
#9143 = CARTESIAN_POINT('',(-2.75,-3.65,6.2));
#9144 = VECTOR('',#9145,1.);
#9145 = DIRECTION('',(1.,-1.33226762955E-15,1.665334536938E-16));
#9146 = PCURVE('',#8521,#9147);
#9147 = DEFINITIONAL_REPRESENTATION('',(#9148),#9152);
#9148 = LINE('',#9149,#9150);
#9149 = CARTESIAN_POINT('',(-3.14159265359,0.));
#9150 = VECTOR('',#9151,1.);
#9151 = DIRECTION('',(-0.,-1.));
#9152 = ( GEOMETRIC_REPRESENTATION_CONTEXT(2) 
PARAMETRIC_REPRESENTATION_CONTEXT() REPRESENTATION_CONTEXT('2D SPACE',''
  ) );
#9153 = PCURVE('',#8832,#9154);
#9154 = DEFINITIONAL_REPRESENTATION('',(#9155),#9159);
#9155 = LINE('',#9156,#9157);
#9156 = CARTESIAN_POINT('',(0.,0.));
#9157 = VECTOR('',#9158,1.);
#9158 = DIRECTION('',(1.054711873394E-15,-1.));
#9159 = ( GEOMETRIC_REPRESENTATION_CONTEXT(2) 
PARAMETRIC_REPRESENTATION_CONTEXT() REPRESENTATION_CONTEXT('2D SPACE',''
  ) );
#9160 = ADVANCED_FACE('',(#9161),#8832,.T.);
#9161 = FACE_BOUND('',#9162,.T.);
#9162 = EDGE_LOOP('',(#9163,#9164,#9165,#9166));
#9163 = ORIENTED_EDGE('',*,*,#8816,.F.);
#9164 = ORIENTED_EDGE('',*,*,#9140,.T.);
#9165 = ORIENTED_EDGE('',*,*,#8989,.F.);
#9166 = ORIENTED_EDGE('',*,*,#9167,.F.);
#9167 = EDGE_CURVE('',#8789,#8990,#9168,.T.);
#9168 = SURFACE_CURVE('',#9169,(#9173,#9180),.PCURVE_S1.);
#9169 = LINE('',#9170,#9171);
#9170 = CARTESIAN_POINT('',(-2.75,-3.65,4.2));
#9171 = VECTOR('',#9172,1.);
#9172 = DIRECTION('',(1.,-1.33226762955E-15,1.665334536938E-16));
#9173 = PCURVE('',#8832,#9174);
#9174 = DEFINITIONAL_REPRESENTATION('',(#9175),#9179);
#9175 = LINE('',#9176,#9177);
#9176 = CARTESIAN_POINT('',(2.,-1.554312234475E-15));
#9177 = VECTOR('',#9178,1.);
#9178 = DIRECTION('',(1.054711873394E-15,-1.));
#9179 = ( GEOMETRIC_REPRESENTATION_CONTEXT(2) 
PARAMETRIC_REPRESENTATION_CONTEXT() REPRESENTATION_CONTEXT('2D SPACE',''
  ) );
#9180 = PCURVE('',#8804,#9181);
#9181 = DEFINITIONAL_REPRESENTATION('',(#9182),#9186);
#9182 = LINE('',#9183,#9184);
#9183 = CARTESIAN_POINT('',(0.,0.));
#9184 = VECTOR('',#9185,1.);
#9185 = DIRECTION('',(1.110223024625E-15,-1.));
#9186 = ( GEOMETRIC_REPRESENTATION_CONTEXT(2) 
PARAMETRIC_REPRESENTATION_CONTEXT() REPRESENTATION_CONTEXT('2D SPACE',''
  ) );
#9187 = ADVANCED_FACE('',(#9188),#8804,.T.);
#9188 = FACE_BOUND('',#9189,.T.);
#9189 = EDGE_LOOP('',(#9190,#9191,#9192,#9193));
#9190 = ORIENTED_EDGE('',*,*,#8788,.F.);
#9191 = ORIENTED_EDGE('',*,*,#9167,.T.);
#9192 = ORIENTED_EDGE('',*,*,#9012,.F.);
#9193 = ORIENTED_EDGE('',*,*,#9194,.F.);
#9194 = EDGE_CURVE('',#8761,#9013,#9195,.T.);
#9195 = SURFACE_CURVE('',#9196,(#9200,#9207),.PCURVE_S1.);
#9196 = LINE('',#9197,#9198);
#9197 = CARTESIAN_POINT('',(-2.75,-4.35,4.2));
#9198 = VECTOR('',#9199,1.);
#9199 = DIRECTION('',(1.,-1.33226762955E-15,1.665334536938E-16));
#9200 = PCURVE('',#8804,#9201);
#9201 = DEFINITIONAL_REPRESENTATION('',(#9202),#9206);
#9202 = LINE('',#9203,#9204);
#9203 = CARTESIAN_POINT('',(0.7,-7.549516567451E-16));
#9204 = VECTOR('',#9205,1.);
#9205 = DIRECTION('',(1.110223024625E-15,-1.));
#9206 = ( GEOMETRIC_REPRESENTATION_CONTEXT(2) 
PARAMETRIC_REPRESENTATION_CONTEXT() REPRESENTATION_CONTEXT('2D SPACE',''
  ) );
#9207 = PCURVE('',#8776,#9208);
#9208 = DEFINITIONAL_REPRESENTATION('',(#9209),#9213);
#9209 = LINE('',#9210,#9211);
#9210 = CARTESIAN_POINT('',(0.,0.));
#9211 = VECTOR('',#9212,1.);
#9212 = DIRECTION('',(-1.054711873394E-15,-1.));
#9213 = ( GEOMETRIC_REPRESENTATION_CONTEXT(2) 
PARAMETRIC_REPRESENTATION_CONTEXT() REPRESENTATION_CONTEXT('2D SPACE',''
  ) );
#9214 = ADVANCED_FACE('',(#9215),#8776,.T.);
#9215 = FACE_BOUND('',#9216,.T.);
#9216 = EDGE_LOOP('',(#9217,#9218,#9219,#9220));
#9217 = ORIENTED_EDGE('',*,*,#8760,.F.);
#9218 = ORIENTED_EDGE('',*,*,#9194,.T.);
#9219 = ORIENTED_EDGE('',*,*,#9035,.F.);
#9220 = ORIENTED_EDGE('',*,*,#9086,.F.);
#9221 = ( GEOMETRIC_REPRESENTATION_CONTEXT(3) 
GLOBAL_UNCERTAINTY_ASSIGNED_CONTEXT((#9225)) 
GLOBAL_UNIT_ASSIGNED_CONTEXT((#9222,#9223,#9224)) REPRESENTATION_CONTEXT
('Context #1','3D Context with UNIT and UNCERTAINTY') );
#9222 = ( LENGTH_UNIT() NAMED_UNIT(*) SI_UNIT(.MILLI.,.METRE.) );
#9223 = ( NAMED_UNIT(*) PLANE_ANGLE_UNIT() SI_UNIT($,.RADIAN.) );
#9224 = ( NAMED_UNIT(*) SI_UNIT($,.STERADIAN.) SOLID_ANGLE_UNIT() );
#9225 = UNCERTAINTY_MEASURE_WITH_UNIT(LENGTH_MEASURE(2.E-07),#9222,
  'distance_accuracy_value','confusion accuracy');
#9226 = SHAPE_DEFINITION_REPRESENTATION(#9227,#7212);
#9227 = PRODUCT_DEFINITION_SHAPE('','',#9228);
#9228 = PRODUCT_DEFINITION('design','',#9229,#9232);
#9229 = PRODUCT_DEFINITION_FORMATION('','',#9230);
#9230 = PRODUCT('Conductor','Conductor','',(#9231));
#9231 = PRODUCT_CONTEXT('',#2,'mechanical');
#9232 = PRODUCT_DEFINITION_CONTEXT('part definition',#2,'design');
#9233 = CONTEXT_DEPENDENT_SHAPE_REPRESENTATION(#9234,#9236);
#9234 = ( REPRESENTATION_RELATIONSHIP('','',#7212,#10) 
REPRESENTATION_RELATIONSHIP_WITH_TRANSFORMATION(#9235) 
SHAPE_REPRESENTATION_RELATIONSHIP() );
#9235 = ITEM_DEFINED_TRANSFORMATION('','',#11,#23);
#9236 = PRODUCT_DEFINITION_SHAPE('Placement','Placement of an item',
  #9237);
#9237 = NEXT_ASSEMBLY_USAGE_OCCURRENCE('7','Conductor','',#5,#9228,$);
#9238 = PRODUCT_RELATED_PRODUCT_CATEGORY('part',$,(#9230));
#9239 = ADVANCED_BREP_SHAPE_REPRESENTATION('',(#11,#9240),#9974);
#9240 = MANIFOLD_SOLID_BREP('',#9241);
#9241 = CLOSED_SHELL('',(#9242,#9362,#9440,#9516,#9594,#9670,#9748,#9819
    ,#9868,#9946,#9960));
#9242 = ADVANCED_FACE('',(#9243),#9257,.T.);
#9243 = FACE_BOUND('',#9244,.T.);
#9244 = EDGE_LOOP('',(#9245,#9280,#9308,#9336));
#9245 = ORIENTED_EDGE('',*,*,#9246,.T.);
#9246 = EDGE_CURVE('',#9247,#9249,#9251,.T.);
#9247 = VERTEX_POINT('',#9248);
#9248 = CARTESIAN_POINT('',(-3.,-2.5,0.));
#9249 = VERTEX_POINT('',#9250);
#9250 = CARTESIAN_POINT('',(-3.,-2.5,1.));
#9251 = SURFACE_CURVE('',#9252,(#9256,#9268),.PCURVE_S1.);
#9252 = LINE('',#9253,#9254);
#9253 = CARTESIAN_POINT('',(-3.,-2.5,0.));
#9254 = VECTOR('',#9255,1.);
#9255 = DIRECTION('',(0.,0.,1.));
#9256 = PCURVE('',#9257,#9262);
#9257 = PLANE('',#9258);
#9258 = AXIS2_PLACEMENT_3D('',#9259,#9260,#9261);
#9259 = CARTESIAN_POINT('',(-3.,-2.5,0.));
#9260 = DIRECTION('',(-1.,0.,0.));
#9261 = DIRECTION('',(0.,1.,0.));
#9262 = DEFINITIONAL_REPRESENTATION('',(#9263),#9267);
#9263 = LINE('',#9264,#9265);
#9264 = CARTESIAN_POINT('',(0.,0.));
#9265 = VECTOR('',#9266,1.);
#9266 = DIRECTION('',(0.,-1.));
#9267 = ( GEOMETRIC_REPRESENTATION_CONTEXT(2) 
PARAMETRIC_REPRESENTATION_CONTEXT() REPRESENTATION_CONTEXT('2D SPACE',''
  ) );
#9268 = PCURVE('',#9269,#9274);
#9269 = CYLINDRICAL_SURFACE('',#9270,0.5);
#9270 = AXIS2_PLACEMENT_3D('',#9271,#9272,#9273);
#9271 = CARTESIAN_POINT('',(-2.5,-2.5,0.));
#9272 = DIRECTION('',(-0.,-0.,-1.));
#9273 = DIRECTION('',(1.,0.,0.));
#9274 = DEFINITIONAL_REPRESENTATION('',(#9275),#9279);
#9275 = LINE('',#9276,#9277);
#9276 = CARTESIAN_POINT('',(-3.14159265359,0.));
#9277 = VECTOR('',#9278,1.);
#9278 = DIRECTION('',(-0.,-1.));
#9279 = ( GEOMETRIC_REPRESENTATION_CONTEXT(2) 
PARAMETRIC_REPRESENTATION_CONTEXT() REPRESENTATION_CONTEXT('2D SPACE',''
  ) );
#9280 = ORIENTED_EDGE('',*,*,#9281,.T.);
#9281 = EDGE_CURVE('',#9249,#9282,#9284,.T.);
#9282 = VERTEX_POINT('',#9283);
#9283 = CARTESIAN_POINT('',(-3.,2.5,1.));
#9284 = SURFACE_CURVE('',#9285,(#9289,#9296),.PCURVE_S1.);
#9285 = LINE('',#9286,#9287);
#9286 = CARTESIAN_POINT('',(-3.,-2.5,1.));
#9287 = VECTOR('',#9288,1.);
#9288 = DIRECTION('',(0.,1.,0.));
#9289 = PCURVE('',#9257,#9290);
#9290 = DEFINITIONAL_REPRESENTATION('',(#9291),#9295);
#9291 = LINE('',#9292,#9293);
#9292 = CARTESIAN_POINT('',(0.,-1.));
#9293 = VECTOR('',#9294,1.);
#9294 = DIRECTION('',(1.,0.));
#9295 = ( GEOMETRIC_REPRESENTATION_CONTEXT(2) 
PARAMETRIC_REPRESENTATION_CONTEXT() REPRESENTATION_CONTEXT('2D SPACE',''
  ) );
#9296 = PCURVE('',#9297,#9302);
#9297 = PLANE('',#9298);
#9298 = AXIS2_PLACEMENT_3D('',#9299,#9300,#9301);
#9299 = CARTESIAN_POINT('',(-4.946939655572E-16,7.459594899079E-16,1.));
#9300 = DIRECTION('',(0.,0.,1.));
#9301 = DIRECTION('',(1.,0.,0.));
#9302 = DEFINITIONAL_REPRESENTATION('',(#9303),#9307);
#9303 = LINE('',#9304,#9305);
#9304 = CARTESIAN_POINT('',(-3.,-2.5));
#9305 = VECTOR('',#9306,1.);
#9306 = DIRECTION('',(0.,1.));
#9307 = ( GEOMETRIC_REPRESENTATION_CONTEXT(2) 
PARAMETRIC_REPRESENTATION_CONTEXT() REPRESENTATION_CONTEXT('2D SPACE',''
  ) );
#9308 = ORIENTED_EDGE('',*,*,#9309,.F.);
#9309 = EDGE_CURVE('',#9310,#9282,#9312,.T.);
#9310 = VERTEX_POINT('',#9311);
#9311 = CARTESIAN_POINT('',(-3.,2.5,0.));
#9312 = SURFACE_CURVE('',#9313,(#9317,#9324),.PCURVE_S1.);
#9313 = LINE('',#9314,#9315);
#9314 = CARTESIAN_POINT('',(-3.,2.5,0.));
#9315 = VECTOR('',#9316,1.);
#9316 = DIRECTION('',(0.,0.,1.));
#9317 = PCURVE('',#9257,#9318);
#9318 = DEFINITIONAL_REPRESENTATION('',(#9319),#9323);
#9319 = LINE('',#9320,#9321);
#9320 = CARTESIAN_POINT('',(5.,0.));
#9321 = VECTOR('',#9322,1.);
#9322 = DIRECTION('',(0.,-1.));
#9323 = ( GEOMETRIC_REPRESENTATION_CONTEXT(2) 
PARAMETRIC_REPRESENTATION_CONTEXT() REPRESENTATION_CONTEXT('2D SPACE',''
  ) );
#9324 = PCURVE('',#9325,#9330);
#9325 = CYLINDRICAL_SURFACE('',#9326,0.5);
#9326 = AXIS2_PLACEMENT_3D('',#9327,#9328,#9329);
#9327 = CARTESIAN_POINT('',(-2.5,2.5,0.));
#9328 = DIRECTION('',(-0.,-0.,-1.));
#9329 = DIRECTION('',(1.,0.,0.));
#9330 = DEFINITIONAL_REPRESENTATION('',(#9331),#9335);
#9331 = LINE('',#9332,#9333);
#9332 = CARTESIAN_POINT('',(-3.14159265359,0.));
#9333 = VECTOR('',#9334,1.);
#9334 = DIRECTION('',(-0.,-1.));
#9335 = ( GEOMETRIC_REPRESENTATION_CONTEXT(2) 
PARAMETRIC_REPRESENTATION_CONTEXT() REPRESENTATION_CONTEXT('2D SPACE',''
  ) );
#9336 = ORIENTED_EDGE('',*,*,#9337,.F.);
#9337 = EDGE_CURVE('',#9247,#9310,#9338,.T.);
#9338 = SURFACE_CURVE('',#9339,(#9343,#9350),.PCURVE_S1.);
#9339 = LINE('',#9340,#9341);
#9340 = CARTESIAN_POINT('',(-3.,-2.5,0.));
#9341 = VECTOR('',#9342,1.);
#9342 = DIRECTION('',(0.,1.,0.));
#9343 = PCURVE('',#9257,#9344);
#9344 = DEFINITIONAL_REPRESENTATION('',(#9345),#9349);
#9345 = LINE('',#9346,#9347);
#9346 = CARTESIAN_POINT('',(0.,0.));
#9347 = VECTOR('',#9348,1.);
#9348 = DIRECTION('',(1.,0.));
#9349 = ( GEOMETRIC_REPRESENTATION_CONTEXT(2) 
PARAMETRIC_REPRESENTATION_CONTEXT() REPRESENTATION_CONTEXT('2D SPACE',''
  ) );
#9350 = PCURVE('',#9351,#9356);
#9351 = PLANE('',#9352);
#9352 = AXIS2_PLACEMENT_3D('',#9353,#9354,#9355);
#9353 = CARTESIAN_POINT('',(-4.946939655572E-16,7.459594899079E-16,0.));
#9354 = DIRECTION('',(0.,0.,1.));
#9355 = DIRECTION('',(1.,0.,0.));
#9356 = DEFINITIONAL_REPRESENTATION('',(#9357),#9361);
#9357 = LINE('',#9358,#9359);
#9358 = CARTESIAN_POINT('',(-3.,-2.5));
#9359 = VECTOR('',#9360,1.);
#9360 = DIRECTION('',(0.,1.));
#9361 = ( GEOMETRIC_REPRESENTATION_CONTEXT(2) 
PARAMETRIC_REPRESENTATION_CONTEXT() REPRESENTATION_CONTEXT('2D SPACE',''
  ) );
#9362 = ADVANCED_FACE('',(#9363),#9325,.T.);
#9363 = FACE_BOUND('',#9364,.F.);
#9364 = EDGE_LOOP('',(#9365,#9395,#9417,#9418));
#9365 = ORIENTED_EDGE('',*,*,#9366,.T.);
#9366 = EDGE_CURVE('',#9367,#9369,#9371,.T.);
#9367 = VERTEX_POINT('',#9368);
#9368 = CARTESIAN_POINT('',(-2.5,3.,0.));
#9369 = VERTEX_POINT('',#9370);
#9370 = CARTESIAN_POINT('',(-2.5,3.,1.));
#9371 = SURFACE_CURVE('',#9372,(#9376,#9383),.PCURVE_S1.);
#9372 = LINE('',#9373,#9374);
#9373 = CARTESIAN_POINT('',(-2.5,3.,0.));
#9374 = VECTOR('',#9375,1.);
#9375 = DIRECTION('',(0.,0.,1.));
#9376 = PCURVE('',#9325,#9377);
#9377 = DEFINITIONAL_REPRESENTATION('',(#9378),#9382);
#9378 = LINE('',#9379,#9380);
#9379 = CARTESIAN_POINT('',(-1.570796326795,0.));
#9380 = VECTOR('',#9381,1.);
#9381 = DIRECTION('',(-0.,-1.));
#9382 = ( GEOMETRIC_REPRESENTATION_CONTEXT(2) 
PARAMETRIC_REPRESENTATION_CONTEXT() REPRESENTATION_CONTEXT('2D SPACE',''
  ) );
#9383 = PCURVE('',#9384,#9389);
#9384 = PLANE('',#9385);
#9385 = AXIS2_PLACEMENT_3D('',#9386,#9387,#9388);
#9386 = CARTESIAN_POINT('',(-2.5,3.,0.));
#9387 = DIRECTION('',(9.769962616701E-16,1.,0.));
#9388 = DIRECTION('',(1.,-9.769962616701E-16,0.));
#9389 = DEFINITIONAL_REPRESENTATION('',(#9390),#9394);
#9390 = LINE('',#9391,#9392);
#9391 = CARTESIAN_POINT('',(0.,0.));
#9392 = VECTOR('',#9393,1.);
#9393 = DIRECTION('',(0.,-1.));
#9394 = ( GEOMETRIC_REPRESENTATION_CONTEXT(2) 
PARAMETRIC_REPRESENTATION_CONTEXT() REPRESENTATION_CONTEXT('2D SPACE',''
  ) );
#9395 = ORIENTED_EDGE('',*,*,#9396,.T.);
#9396 = EDGE_CURVE('',#9369,#9282,#9397,.T.);
#9397 = SURFACE_CURVE('',#9398,(#9403,#9410),.PCURVE_S1.);
#9398 = CIRCLE('',#9399,0.5);
#9399 = AXIS2_PLACEMENT_3D('',#9400,#9401,#9402);
#9400 = CARTESIAN_POINT('',(-2.5,2.5,1.));
#9401 = DIRECTION('',(0.,0.,1.));
#9402 = DIRECTION('',(1.,0.,0.));
#9403 = PCURVE('',#9325,#9404);
#9404 = DEFINITIONAL_REPRESENTATION('',(#9405),#9409);
#9405 = LINE('',#9406,#9407);
#9406 = CARTESIAN_POINT('',(-0.,-1.));
#9407 = VECTOR('',#9408,1.);
#9408 = DIRECTION('',(-1.,0.));
#9409 = ( GEOMETRIC_REPRESENTATION_CONTEXT(2) 
PARAMETRIC_REPRESENTATION_CONTEXT() REPRESENTATION_CONTEXT('2D SPACE',''
  ) );
#9410 = PCURVE('',#9297,#9411);
#9411 = DEFINITIONAL_REPRESENTATION('',(#9412),#9416);
#9412 = CIRCLE('',#9413,0.5);
#9413 = AXIS2_PLACEMENT_2D('',#9414,#9415);
#9414 = CARTESIAN_POINT('',(-2.5,2.5));
#9415 = DIRECTION('',(1.,0.));
#9416 = ( GEOMETRIC_REPRESENTATION_CONTEXT(2) 
PARAMETRIC_REPRESENTATION_CONTEXT() REPRESENTATION_CONTEXT('2D SPACE',''
  ) );
#9417 = ORIENTED_EDGE('',*,*,#9309,.F.);
#9418 = ORIENTED_EDGE('',*,*,#9419,.F.);
#9419 = EDGE_CURVE('',#9367,#9310,#9420,.T.);
#9420 = SURFACE_CURVE('',#9421,(#9426,#9433),.PCURVE_S1.);
#9421 = CIRCLE('',#9422,0.5);
#9422 = AXIS2_PLACEMENT_3D('',#9423,#9424,#9425);
#9423 = CARTESIAN_POINT('',(-2.5,2.5,0.));
#9424 = DIRECTION('',(0.,0.,1.));
#9425 = DIRECTION('',(1.,0.,0.));
#9426 = PCURVE('',#9325,#9427);
#9427 = DEFINITIONAL_REPRESENTATION('',(#9428),#9432);
#9428 = LINE('',#9429,#9430);
#9429 = CARTESIAN_POINT('',(-0.,0.));
#9430 = VECTOR('',#9431,1.);
#9431 = DIRECTION('',(-1.,0.));
#9432 = ( GEOMETRIC_REPRESENTATION_CONTEXT(2) 
PARAMETRIC_REPRESENTATION_CONTEXT() REPRESENTATION_CONTEXT('2D SPACE',''
  ) );
#9433 = PCURVE('',#9351,#9434);
#9434 = DEFINITIONAL_REPRESENTATION('',(#9435),#9439);
#9435 = CIRCLE('',#9436,0.5);
#9436 = AXIS2_PLACEMENT_2D('',#9437,#9438);
#9437 = CARTESIAN_POINT('',(-2.5,2.5));
#9438 = DIRECTION('',(1.,0.));
#9439 = ( GEOMETRIC_REPRESENTATION_CONTEXT(2) 
PARAMETRIC_REPRESENTATION_CONTEXT() REPRESENTATION_CONTEXT('2D SPACE',''
  ) );
#9440 = ADVANCED_FACE('',(#9441),#9384,.T.);
#9441 = FACE_BOUND('',#9442,.T.);
#9442 = EDGE_LOOP('',(#9443,#9444,#9467,#9495));
#9443 = ORIENTED_EDGE('',*,*,#9366,.T.);
#9444 = ORIENTED_EDGE('',*,*,#9445,.T.);
#9445 = EDGE_CURVE('',#9369,#9446,#9448,.T.);
#9446 = VERTEX_POINT('',#9447);
#9447 = CARTESIAN_POINT('',(2.5,3.,1.));
#9448 = SURFACE_CURVE('',#9449,(#9453,#9460),.PCURVE_S1.);
#9449 = LINE('',#9450,#9451);
#9450 = CARTESIAN_POINT('',(-2.5,3.,1.));
#9451 = VECTOR('',#9452,1.);
#9452 = DIRECTION('',(1.,-9.769962616701E-16,0.));
#9453 = PCURVE('',#9384,#9454);
#9454 = DEFINITIONAL_REPRESENTATION('',(#9455),#9459);
#9455 = LINE('',#9456,#9457);
#9456 = CARTESIAN_POINT('',(0.,-1.));
#9457 = VECTOR('',#9458,1.);
#9458 = DIRECTION('',(1.,0.));
#9459 = ( GEOMETRIC_REPRESENTATION_CONTEXT(2) 
PARAMETRIC_REPRESENTATION_CONTEXT() REPRESENTATION_CONTEXT('2D SPACE',''
  ) );
#9460 = PCURVE('',#9297,#9461);
#9461 = DEFINITIONAL_REPRESENTATION('',(#9462),#9466);
#9462 = LINE('',#9463,#9464);
#9463 = CARTESIAN_POINT('',(-2.5,3.));
#9464 = VECTOR('',#9465,1.);
#9465 = DIRECTION('',(1.,-9.769962616701E-16));
#9466 = ( GEOMETRIC_REPRESENTATION_CONTEXT(2) 
PARAMETRIC_REPRESENTATION_CONTEXT() REPRESENTATION_CONTEXT('2D SPACE',''
  ) );
#9467 = ORIENTED_EDGE('',*,*,#9468,.F.);
#9468 = EDGE_CURVE('',#9469,#9446,#9471,.T.);
#9469 = VERTEX_POINT('',#9470);
#9470 = CARTESIAN_POINT('',(2.5,3.,0.));
#9471 = SURFACE_CURVE('',#9472,(#9476,#9483),.PCURVE_S1.);
#9472 = LINE('',#9473,#9474);
#9473 = CARTESIAN_POINT('',(2.5,3.,0.));
#9474 = VECTOR('',#9475,1.);
#9475 = DIRECTION('',(0.,0.,1.));
#9476 = PCURVE('',#9384,#9477);
#9477 = DEFINITIONAL_REPRESENTATION('',(#9478),#9482);
#9478 = LINE('',#9479,#9480);
#9479 = CARTESIAN_POINT('',(5.,0.));
#9480 = VECTOR('',#9481,1.);
#9481 = DIRECTION('',(0.,-1.));
#9482 = ( GEOMETRIC_REPRESENTATION_CONTEXT(2) 
PARAMETRIC_REPRESENTATION_CONTEXT() REPRESENTATION_CONTEXT('2D SPACE',''
  ) );
#9483 = PCURVE('',#9484,#9489);
#9484 = CYLINDRICAL_SURFACE('',#9485,0.5);
#9485 = AXIS2_PLACEMENT_3D('',#9486,#9487,#9488);
#9486 = CARTESIAN_POINT('',(2.5,2.5,0.));
#9487 = DIRECTION('',(-0.,-0.,-1.));
#9488 = DIRECTION('',(1.,0.,0.));
#9489 = DEFINITIONAL_REPRESENTATION('',(#9490),#9494);
#9490 = LINE('',#9491,#9492);
#9491 = CARTESIAN_POINT('',(-1.570796326795,0.));
#9492 = VECTOR('',#9493,1.);
#9493 = DIRECTION('',(-0.,-1.));
#9494 = ( GEOMETRIC_REPRESENTATION_CONTEXT(2) 
PARAMETRIC_REPRESENTATION_CONTEXT() REPRESENTATION_CONTEXT('2D SPACE',''
  ) );
#9495 = ORIENTED_EDGE('',*,*,#9496,.F.);
#9496 = EDGE_CURVE('',#9367,#9469,#9497,.T.);
#9497 = SURFACE_CURVE('',#9498,(#9502,#9509),.PCURVE_S1.);
#9498 = LINE('',#9499,#9500);
#9499 = CARTESIAN_POINT('',(-2.5,3.,0.));
#9500 = VECTOR('',#9501,1.);
#9501 = DIRECTION('',(1.,-9.769962616701E-16,0.));
#9502 = PCURVE('',#9384,#9503);
#9503 = DEFINITIONAL_REPRESENTATION('',(#9504),#9508);
#9504 = LINE('',#9505,#9506);
#9505 = CARTESIAN_POINT('',(0.,0.));
#9506 = VECTOR('',#9507,1.);
#9507 = DIRECTION('',(1.,0.));
#9508 = ( GEOMETRIC_REPRESENTATION_CONTEXT(2) 
PARAMETRIC_REPRESENTATION_CONTEXT() REPRESENTATION_CONTEXT('2D SPACE',''
  ) );
#9509 = PCURVE('',#9351,#9510);
#9510 = DEFINITIONAL_REPRESENTATION('',(#9511),#9515);
#9511 = LINE('',#9512,#9513);
#9512 = CARTESIAN_POINT('',(-2.5,3.));
#9513 = VECTOR('',#9514,1.);
#9514 = DIRECTION('',(1.,-9.769962616701E-16));
#9515 = ( GEOMETRIC_REPRESENTATION_CONTEXT(2) 
PARAMETRIC_REPRESENTATION_CONTEXT() REPRESENTATION_CONTEXT('2D SPACE',''
  ) );
#9516 = ADVANCED_FACE('',(#9517),#9484,.T.);
#9517 = FACE_BOUND('',#9518,.F.);
#9518 = EDGE_LOOP('',(#9519,#9549,#9571,#9572));
#9519 = ORIENTED_EDGE('',*,*,#9520,.T.);
#9520 = EDGE_CURVE('',#9521,#9523,#9525,.T.);
#9521 = VERTEX_POINT('',#9522);
#9522 = CARTESIAN_POINT('',(3.,2.5,0.));
#9523 = VERTEX_POINT('',#9524);
#9524 = CARTESIAN_POINT('',(3.,2.5,1.));
#9525 = SURFACE_CURVE('',#9526,(#9530,#9537),.PCURVE_S1.);
#9526 = LINE('',#9527,#9528);
#9527 = CARTESIAN_POINT('',(3.,2.5,0.));
#9528 = VECTOR('',#9529,1.);
#9529 = DIRECTION('',(0.,0.,1.));
#9530 = PCURVE('',#9484,#9531);
#9531 = DEFINITIONAL_REPRESENTATION('',(#9532),#9536);
#9532 = LINE('',#9533,#9534);
#9533 = CARTESIAN_POINT('',(8.881784197001E-16,-0.));
#9534 = VECTOR('',#9535,1.);
#9535 = DIRECTION('',(-0.,-1.));
#9536 = ( GEOMETRIC_REPRESENTATION_CONTEXT(2) 
PARAMETRIC_REPRESENTATION_CONTEXT() REPRESENTATION_CONTEXT('2D SPACE',''
  ) );
#9537 = PCURVE('',#9538,#9543);
#9538 = PLANE('',#9539);
#9539 = AXIS2_PLACEMENT_3D('',#9540,#9541,#9542);
#9540 = CARTESIAN_POINT('',(3.,2.5,0.));
#9541 = DIRECTION('',(1.,0.,0.));
#9542 = DIRECTION('',(0.,-1.,0.));
#9543 = DEFINITIONAL_REPRESENTATION('',(#9544),#9548);
#9544 = LINE('',#9545,#9546);
#9545 = CARTESIAN_POINT('',(0.,0.));
#9546 = VECTOR('',#9547,1.);
#9547 = DIRECTION('',(0.,-1.));
#9548 = ( GEOMETRIC_REPRESENTATION_CONTEXT(2) 
PARAMETRIC_REPRESENTATION_CONTEXT() REPRESENTATION_CONTEXT('2D SPACE',''
  ) );
#9549 = ORIENTED_EDGE('',*,*,#9550,.T.);
#9550 = EDGE_CURVE('',#9523,#9446,#9551,.T.);
#9551 = SURFACE_CURVE('',#9552,(#9557,#9564),.PCURVE_S1.);
#9552 = CIRCLE('',#9553,0.5);
#9553 = AXIS2_PLACEMENT_3D('',#9554,#9555,#9556);
#9554 = CARTESIAN_POINT('',(2.5,2.5,1.));
#9555 = DIRECTION('',(0.,0.,1.));
#9556 = DIRECTION('',(1.,0.,0.));
#9557 = PCURVE('',#9484,#9558);
#9558 = DEFINITIONAL_REPRESENTATION('',(#9559),#9563);
#9559 = LINE('',#9560,#9561);
#9560 = CARTESIAN_POINT('',(-0.,-1.));
#9561 = VECTOR('',#9562,1.);
#9562 = DIRECTION('',(-1.,0.));
#9563 = ( GEOMETRIC_REPRESENTATION_CONTEXT(2) 
PARAMETRIC_REPRESENTATION_CONTEXT() REPRESENTATION_CONTEXT('2D SPACE',''
  ) );
#9564 = PCURVE('',#9297,#9565);
#9565 = DEFINITIONAL_REPRESENTATION('',(#9566),#9570);
#9566 = CIRCLE('',#9567,0.5);
#9567 = AXIS2_PLACEMENT_2D('',#9568,#9569);
#9568 = CARTESIAN_POINT('',(2.5,2.5));
#9569 = DIRECTION('',(1.,0.));
#9570 = ( GEOMETRIC_REPRESENTATION_CONTEXT(2) 
PARAMETRIC_REPRESENTATION_CONTEXT() REPRESENTATION_CONTEXT('2D SPACE',''
  ) );
#9571 = ORIENTED_EDGE('',*,*,#9468,.F.);
#9572 = ORIENTED_EDGE('',*,*,#9573,.F.);
#9573 = EDGE_CURVE('',#9521,#9469,#9574,.T.);
#9574 = SURFACE_CURVE('',#9575,(#9580,#9587),.PCURVE_S1.);
#9575 = CIRCLE('',#9576,0.5);
#9576 = AXIS2_PLACEMENT_3D('',#9577,#9578,#9579);
#9577 = CARTESIAN_POINT('',(2.5,2.5,0.));
#9578 = DIRECTION('',(0.,0.,1.));
#9579 = DIRECTION('',(1.,0.,0.));
#9580 = PCURVE('',#9484,#9581);
#9581 = DEFINITIONAL_REPRESENTATION('',(#9582),#9586);
#9582 = LINE('',#9583,#9584);
#9583 = CARTESIAN_POINT('',(-0.,0.));
#9584 = VECTOR('',#9585,1.);
#9585 = DIRECTION('',(-1.,0.));
#9586 = ( GEOMETRIC_REPRESENTATION_CONTEXT(2) 
PARAMETRIC_REPRESENTATION_CONTEXT() REPRESENTATION_CONTEXT('2D SPACE',''
  ) );
#9587 = PCURVE('',#9351,#9588);
#9588 = DEFINITIONAL_REPRESENTATION('',(#9589),#9593);
#9589 = CIRCLE('',#9590,0.5);
#9590 = AXIS2_PLACEMENT_2D('',#9591,#9592);
#9591 = CARTESIAN_POINT('',(2.5,2.5));
#9592 = DIRECTION('',(1.,0.));
#9593 = ( GEOMETRIC_REPRESENTATION_CONTEXT(2) 
PARAMETRIC_REPRESENTATION_CONTEXT() REPRESENTATION_CONTEXT('2D SPACE',''
  ) );
#9594 = ADVANCED_FACE('',(#9595),#9538,.T.);
#9595 = FACE_BOUND('',#9596,.T.);
#9596 = EDGE_LOOP('',(#9597,#9598,#9621,#9649));
#9597 = ORIENTED_EDGE('',*,*,#9520,.T.);
#9598 = ORIENTED_EDGE('',*,*,#9599,.T.);
#9599 = EDGE_CURVE('',#9523,#9600,#9602,.T.);
#9600 = VERTEX_POINT('',#9601);
#9601 = CARTESIAN_POINT('',(3.,-2.5,1.));
#9602 = SURFACE_CURVE('',#9603,(#9607,#9614),.PCURVE_S1.);
#9603 = LINE('',#9604,#9605);
#9604 = CARTESIAN_POINT('',(3.,2.5,1.));
#9605 = VECTOR('',#9606,1.);
#9606 = DIRECTION('',(0.,-1.,0.));
#9607 = PCURVE('',#9538,#9608);
#9608 = DEFINITIONAL_REPRESENTATION('',(#9609),#9613);
#9609 = LINE('',#9610,#9611);
#9610 = CARTESIAN_POINT('',(0.,-1.));
#9611 = VECTOR('',#9612,1.);
#9612 = DIRECTION('',(1.,0.));
#9613 = ( GEOMETRIC_REPRESENTATION_CONTEXT(2) 
PARAMETRIC_REPRESENTATION_CONTEXT() REPRESENTATION_CONTEXT('2D SPACE',''
  ) );
#9614 = PCURVE('',#9297,#9615);
#9615 = DEFINITIONAL_REPRESENTATION('',(#9616),#9620);
#9616 = LINE('',#9617,#9618);
#9617 = CARTESIAN_POINT('',(3.,2.5));
#9618 = VECTOR('',#9619,1.);
#9619 = DIRECTION('',(0.,-1.));
#9620 = ( GEOMETRIC_REPRESENTATION_CONTEXT(2) 
PARAMETRIC_REPRESENTATION_CONTEXT() REPRESENTATION_CONTEXT('2D SPACE',''
  ) );
#9621 = ORIENTED_EDGE('',*,*,#9622,.F.);
#9622 = EDGE_CURVE('',#9623,#9600,#9625,.T.);
#9623 = VERTEX_POINT('',#9624);
#9624 = CARTESIAN_POINT('',(3.,-2.5,0.));
#9625 = SURFACE_CURVE('',#9626,(#9630,#9637),.PCURVE_S1.);
#9626 = LINE('',#9627,#9628);
#9627 = CARTESIAN_POINT('',(3.,-2.5,0.));
#9628 = VECTOR('',#9629,1.);
#9629 = DIRECTION('',(0.,0.,1.));
#9630 = PCURVE('',#9538,#9631);
#9631 = DEFINITIONAL_REPRESENTATION('',(#9632),#9636);
#9632 = LINE('',#9633,#9634);
#9633 = CARTESIAN_POINT('',(5.,0.));
#9634 = VECTOR('',#9635,1.);
#9635 = DIRECTION('',(0.,-1.));
#9636 = ( GEOMETRIC_REPRESENTATION_CONTEXT(2) 
PARAMETRIC_REPRESENTATION_CONTEXT() REPRESENTATION_CONTEXT('2D SPACE',''
  ) );
#9637 = PCURVE('',#9638,#9643);
#9638 = CYLINDRICAL_SURFACE('',#9639,0.5);
#9639 = AXIS2_PLACEMENT_3D('',#9640,#9641,#9642);
#9640 = CARTESIAN_POINT('',(2.5,-2.5,0.));
#9641 = DIRECTION('',(-0.,-0.,-1.));
#9642 = DIRECTION('',(1.,0.,0.));
#9643 = DEFINITIONAL_REPRESENTATION('',(#9644),#9648);
#9644 = LINE('',#9645,#9646);
#9645 = CARTESIAN_POINT('',(-6.28318530718,0.));
#9646 = VECTOR('',#9647,1.);
#9647 = DIRECTION('',(-0.,-1.));
#9648 = ( GEOMETRIC_REPRESENTATION_CONTEXT(2) 
PARAMETRIC_REPRESENTATION_CONTEXT() REPRESENTATION_CONTEXT('2D SPACE',''
  ) );
#9649 = ORIENTED_EDGE('',*,*,#9650,.F.);
#9650 = EDGE_CURVE('',#9521,#9623,#9651,.T.);
#9651 = SURFACE_CURVE('',#9652,(#9656,#9663),.PCURVE_S1.);
#9652 = LINE('',#9653,#9654);
#9653 = CARTESIAN_POINT('',(3.,2.5,0.));
#9654 = VECTOR('',#9655,1.);
#9655 = DIRECTION('',(0.,-1.,0.));
#9656 = PCURVE('',#9538,#9657);
#9657 = DEFINITIONAL_REPRESENTATION('',(#9658),#9662);
#9658 = LINE('',#9659,#9660);
#9659 = CARTESIAN_POINT('',(0.,0.));
#9660 = VECTOR('',#9661,1.);
#9661 = DIRECTION('',(1.,0.));
#9662 = ( GEOMETRIC_REPRESENTATION_CONTEXT(2) 
PARAMETRIC_REPRESENTATION_CONTEXT() REPRESENTATION_CONTEXT('2D SPACE',''
  ) );
#9663 = PCURVE('',#9351,#9664);
#9664 = DEFINITIONAL_REPRESENTATION('',(#9665),#9669);
#9665 = LINE('',#9666,#9667);
#9666 = CARTESIAN_POINT('',(3.,2.5));
#9667 = VECTOR('',#9668,1.);
#9668 = DIRECTION('',(0.,-1.));
#9669 = ( GEOMETRIC_REPRESENTATION_CONTEXT(2) 
PARAMETRIC_REPRESENTATION_CONTEXT() REPRESENTATION_CONTEXT('2D SPACE',''
  ) );
#9670 = ADVANCED_FACE('',(#9671),#9638,.T.);
#9671 = FACE_BOUND('',#9672,.F.);
#9672 = EDGE_LOOP('',(#9673,#9703,#9725,#9726));
#9673 = ORIENTED_EDGE('',*,*,#9674,.T.);
#9674 = EDGE_CURVE('',#9675,#9677,#9679,.T.);
#9675 = VERTEX_POINT('',#9676);
#9676 = CARTESIAN_POINT('',(2.5,-3.,0.));
#9677 = VERTEX_POINT('',#9678);
#9678 = CARTESIAN_POINT('',(2.5,-3.,1.));
#9679 = SURFACE_CURVE('',#9680,(#9684,#9691),.PCURVE_S1.);
#9680 = LINE('',#9681,#9682);
#9681 = CARTESIAN_POINT('',(2.5,-3.,0.));
#9682 = VECTOR('',#9683,1.);
#9683 = DIRECTION('',(0.,0.,1.));
#9684 = PCURVE('',#9638,#9685);
#9685 = DEFINITIONAL_REPRESENTATION('',(#9686),#9690);
#9686 = LINE('',#9687,#9688);
#9687 = CARTESIAN_POINT('',(-4.712388980385,0.));
#9688 = VECTOR('',#9689,1.);
#9689 = DIRECTION('',(-0.,-1.));
#9690 = ( GEOMETRIC_REPRESENTATION_CONTEXT(2) 
PARAMETRIC_REPRESENTATION_CONTEXT() REPRESENTATION_CONTEXT('2D SPACE',''
  ) );
#9691 = PCURVE('',#9692,#9697);
#9692 = PLANE('',#9693);
#9693 = AXIS2_PLACEMENT_3D('',#9694,#9695,#9696);
#9694 = CARTESIAN_POINT('',(2.5,-3.,0.));
#9695 = DIRECTION('',(0.,-1.,0.));
#9696 = DIRECTION('',(-1.,0.,0.));
#9697 = DEFINITIONAL_REPRESENTATION('',(#9698),#9702);
#9698 = LINE('',#9699,#9700);
#9699 = CARTESIAN_POINT('',(0.,-0.));
#9700 = VECTOR('',#9701,1.);
#9701 = DIRECTION('',(0.,-1.));
#9702 = ( GEOMETRIC_REPRESENTATION_CONTEXT(2) 
PARAMETRIC_REPRESENTATION_CONTEXT() REPRESENTATION_CONTEXT('2D SPACE',''
  ) );
#9703 = ORIENTED_EDGE('',*,*,#9704,.T.);
#9704 = EDGE_CURVE('',#9677,#9600,#9705,.T.);
#9705 = SURFACE_CURVE('',#9706,(#9711,#9718),.PCURVE_S1.);
#9706 = CIRCLE('',#9707,0.5);
#9707 = AXIS2_PLACEMENT_3D('',#9708,#9709,#9710);
#9708 = CARTESIAN_POINT('',(2.5,-2.5,1.));
#9709 = DIRECTION('',(0.,0.,1.));
#9710 = DIRECTION('',(1.,0.,0.));
#9711 = PCURVE('',#9638,#9712);
#9712 = DEFINITIONAL_REPRESENTATION('',(#9713),#9717);
#9713 = LINE('',#9714,#9715);
#9714 = CARTESIAN_POINT('',(-0.,-1.));
#9715 = VECTOR('',#9716,1.);
#9716 = DIRECTION('',(-1.,0.));
#9717 = ( GEOMETRIC_REPRESENTATION_CONTEXT(2) 
PARAMETRIC_REPRESENTATION_CONTEXT() REPRESENTATION_CONTEXT('2D SPACE',''
  ) );
#9718 = PCURVE('',#9297,#9719);
#9719 = DEFINITIONAL_REPRESENTATION('',(#9720),#9724);
#9720 = CIRCLE('',#9721,0.5);
#9721 = AXIS2_PLACEMENT_2D('',#9722,#9723);
#9722 = CARTESIAN_POINT('',(2.5,-2.5));
#9723 = DIRECTION('',(1.,0.));
#9724 = ( GEOMETRIC_REPRESENTATION_CONTEXT(2) 
PARAMETRIC_REPRESENTATION_CONTEXT() REPRESENTATION_CONTEXT('2D SPACE',''
  ) );
#9725 = ORIENTED_EDGE('',*,*,#9622,.F.);
#9726 = ORIENTED_EDGE('',*,*,#9727,.F.);
#9727 = EDGE_CURVE('',#9675,#9623,#9728,.T.);
#9728 = SURFACE_CURVE('',#9729,(#9734,#9741),.PCURVE_S1.);
#9729 = CIRCLE('',#9730,0.5);
#9730 = AXIS2_PLACEMENT_3D('',#9731,#9732,#9733);
#9731 = CARTESIAN_POINT('',(2.5,-2.5,0.));
#9732 = DIRECTION('',(0.,0.,1.));
#9733 = DIRECTION('',(1.,0.,0.));
#9734 = PCURVE('',#9638,#9735);
#9735 = DEFINITIONAL_REPRESENTATION('',(#9736),#9740);
#9736 = LINE('',#9737,#9738);
#9737 = CARTESIAN_POINT('',(-0.,0.));
#9738 = VECTOR('',#9739,1.);
#9739 = DIRECTION('',(-1.,0.));
#9740 = ( GEOMETRIC_REPRESENTATION_CONTEXT(2) 
PARAMETRIC_REPRESENTATION_CONTEXT() REPRESENTATION_CONTEXT('2D SPACE',''
  ) );
#9741 = PCURVE('',#9351,#9742);
#9742 = DEFINITIONAL_REPRESENTATION('',(#9743),#9747);
#9743 = CIRCLE('',#9744,0.5);
#9744 = AXIS2_PLACEMENT_2D('',#9745,#9746);
#9745 = CARTESIAN_POINT('',(2.5,-2.5));
#9746 = DIRECTION('',(1.,0.));
#9747 = ( GEOMETRIC_REPRESENTATION_CONTEXT(2) 
PARAMETRIC_REPRESENTATION_CONTEXT() REPRESENTATION_CONTEXT('2D SPACE',''
  ) );
#9748 = ADVANCED_FACE('',(#9749),#9692,.T.);
#9749 = FACE_BOUND('',#9750,.T.);
#9750 = EDGE_LOOP('',(#9751,#9752,#9775,#9798));
#9751 = ORIENTED_EDGE('',*,*,#9674,.T.);
#9752 = ORIENTED_EDGE('',*,*,#9753,.T.);
#9753 = EDGE_CURVE('',#9677,#9754,#9756,.T.);
#9754 = VERTEX_POINT('',#9755);
#9755 = CARTESIAN_POINT('',(-2.5,-3.,1.));
#9756 = SURFACE_CURVE('',#9757,(#9761,#9768),.PCURVE_S1.);
#9757 = LINE('',#9758,#9759);
#9758 = CARTESIAN_POINT('',(2.5,-3.,1.));
#9759 = VECTOR('',#9760,1.);
#9760 = DIRECTION('',(-1.,0.,0.));
#9761 = PCURVE('',#9692,#9762);
#9762 = DEFINITIONAL_REPRESENTATION('',(#9763),#9767);
#9763 = LINE('',#9764,#9765);
#9764 = CARTESIAN_POINT('',(0.,-1.));
#9765 = VECTOR('',#9766,1.);
#9766 = DIRECTION('',(1.,0.));
#9767 = ( GEOMETRIC_REPRESENTATION_CONTEXT(2) 
PARAMETRIC_REPRESENTATION_CONTEXT() REPRESENTATION_CONTEXT('2D SPACE',''
  ) );
#9768 = PCURVE('',#9297,#9769);
#9769 = DEFINITIONAL_REPRESENTATION('',(#9770),#9774);
#9770 = LINE('',#9771,#9772);
#9771 = CARTESIAN_POINT('',(2.5,-3.));
#9772 = VECTOR('',#9773,1.);
#9773 = DIRECTION('',(-1.,0.));
#9774 = ( GEOMETRIC_REPRESENTATION_CONTEXT(2) 
PARAMETRIC_REPRESENTATION_CONTEXT() REPRESENTATION_CONTEXT('2D SPACE',''
  ) );
#9775 = ORIENTED_EDGE('',*,*,#9776,.F.);
#9776 = EDGE_CURVE('',#9777,#9754,#9779,.T.);
#9777 = VERTEX_POINT('',#9778);
#9778 = CARTESIAN_POINT('',(-2.5,-3.,0.));
#9779 = SURFACE_CURVE('',#9780,(#9784,#9791),.PCURVE_S1.);
#9780 = LINE('',#9781,#9782);
#9781 = CARTESIAN_POINT('',(-2.5,-3.,0.));
#9782 = VECTOR('',#9783,1.);
#9783 = DIRECTION('',(0.,0.,1.));
#9784 = PCURVE('',#9692,#9785);
#9785 = DEFINITIONAL_REPRESENTATION('',(#9786),#9790);
#9786 = LINE('',#9787,#9788);
#9787 = CARTESIAN_POINT('',(5.,0.));
#9788 = VECTOR('',#9789,1.);
#9789 = DIRECTION('',(0.,-1.));
#9790 = ( GEOMETRIC_REPRESENTATION_CONTEXT(2) 
PARAMETRIC_REPRESENTATION_CONTEXT() REPRESENTATION_CONTEXT('2D SPACE',''
  ) );
#9791 = PCURVE('',#9269,#9792);
#9792 = DEFINITIONAL_REPRESENTATION('',(#9793),#9797);
#9793 = LINE('',#9794,#9795);
#9794 = CARTESIAN_POINT('',(-4.712388980385,0.));
#9795 = VECTOR('',#9796,1.);
#9796 = DIRECTION('',(-0.,-1.));
#9797 = ( GEOMETRIC_REPRESENTATION_CONTEXT(2) 
PARAMETRIC_REPRESENTATION_CONTEXT() REPRESENTATION_CONTEXT('2D SPACE',''
  ) );
#9798 = ORIENTED_EDGE('',*,*,#9799,.F.);
#9799 = EDGE_CURVE('',#9675,#9777,#9800,.T.);
#9800 = SURFACE_CURVE('',#9801,(#9805,#9812),.PCURVE_S1.);
#9801 = LINE('',#9802,#9803);
#9802 = CARTESIAN_POINT('',(2.5,-3.,0.));
#9803 = VECTOR('',#9804,1.);
#9804 = DIRECTION('',(-1.,0.,0.));
#9805 = PCURVE('',#9692,#9806);
#9806 = DEFINITIONAL_REPRESENTATION('',(#9807),#9811);
#9807 = LINE('',#9808,#9809);
#9808 = CARTESIAN_POINT('',(0.,-0.));
#9809 = VECTOR('',#9810,1.);
#9810 = DIRECTION('',(1.,0.));
#9811 = ( GEOMETRIC_REPRESENTATION_CONTEXT(2) 
PARAMETRIC_REPRESENTATION_CONTEXT() REPRESENTATION_CONTEXT('2D SPACE',''
  ) );
#9812 = PCURVE('',#9351,#9813);
#9813 = DEFINITIONAL_REPRESENTATION('',(#9814),#9818);
#9814 = LINE('',#9815,#9816);
#9815 = CARTESIAN_POINT('',(2.5,-3.));
#9816 = VECTOR('',#9817,1.);
#9817 = DIRECTION('',(-1.,0.));
#9818 = ( GEOMETRIC_REPRESENTATION_CONTEXT(2) 
PARAMETRIC_REPRESENTATION_CONTEXT() REPRESENTATION_CONTEXT('2D SPACE',''
  ) );
#9819 = ADVANCED_FACE('',(#9820),#9269,.T.);
#9820 = FACE_BOUND('',#9821,.F.);
#9821 = EDGE_LOOP('',(#9822,#9823,#9845,#9846));
#9822 = ORIENTED_EDGE('',*,*,#9246,.T.);
#9823 = ORIENTED_EDGE('',*,*,#9824,.T.);
#9824 = EDGE_CURVE('',#9249,#9754,#9825,.T.);
#9825 = SURFACE_CURVE('',#9826,(#9831,#9838),.PCURVE_S1.);
#9826 = CIRCLE('',#9827,0.5);
#9827 = AXIS2_PLACEMENT_3D('',#9828,#9829,#9830);
#9828 = CARTESIAN_POINT('',(-2.5,-2.5,1.));
#9829 = DIRECTION('',(0.,0.,1.));
#9830 = DIRECTION('',(1.,0.,0.));
#9831 = PCURVE('',#9269,#9832);
#9832 = DEFINITIONAL_REPRESENTATION('',(#9833),#9837);
#9833 = LINE('',#9834,#9835);
#9834 = CARTESIAN_POINT('',(-0.,-1.));
#9835 = VECTOR('',#9836,1.);
#9836 = DIRECTION('',(-1.,0.));
#9837 = ( GEOMETRIC_REPRESENTATION_CONTEXT(2) 
PARAMETRIC_REPRESENTATION_CONTEXT() REPRESENTATION_CONTEXT('2D SPACE',''
  ) );
#9838 = PCURVE('',#9297,#9839);
#9839 = DEFINITIONAL_REPRESENTATION('',(#9840),#9844);
#9840 = CIRCLE('',#9841,0.5);
#9841 = AXIS2_PLACEMENT_2D('',#9842,#9843);
#9842 = CARTESIAN_POINT('',(-2.5,-2.5));
#9843 = DIRECTION('',(1.,0.));
#9844 = ( GEOMETRIC_REPRESENTATION_CONTEXT(2) 
PARAMETRIC_REPRESENTATION_CONTEXT() REPRESENTATION_CONTEXT('2D SPACE',''
  ) );
#9845 = ORIENTED_EDGE('',*,*,#9776,.F.);
#9846 = ORIENTED_EDGE('',*,*,#9847,.F.);
#9847 = EDGE_CURVE('',#9247,#9777,#9848,.T.);
#9848 = SURFACE_CURVE('',#9849,(#9854,#9861),.PCURVE_S1.);
#9849 = CIRCLE('',#9850,0.5);
#9850 = AXIS2_PLACEMENT_3D('',#9851,#9852,#9853);
#9851 = CARTESIAN_POINT('',(-2.5,-2.5,0.));
#9852 = DIRECTION('',(0.,0.,1.));
#9853 = DIRECTION('',(1.,0.,0.));
#9854 = PCURVE('',#9269,#9855);
#9855 = DEFINITIONAL_REPRESENTATION('',(#9856),#9860);
#9856 = LINE('',#9857,#9858);
#9857 = CARTESIAN_POINT('',(-0.,0.));
#9858 = VECTOR('',#9859,1.);
#9859 = DIRECTION('',(-1.,0.));
#9860 = ( GEOMETRIC_REPRESENTATION_CONTEXT(2) 
PARAMETRIC_REPRESENTATION_CONTEXT() REPRESENTATION_CONTEXT('2D SPACE',''
  ) );
#9861 = PCURVE('',#9351,#9862);
#9862 = DEFINITIONAL_REPRESENTATION('',(#9863),#9867);
#9863 = CIRCLE('',#9864,0.5);
#9864 = AXIS2_PLACEMENT_2D('',#9865,#9866);
#9865 = CARTESIAN_POINT('',(-2.5,-2.5));
#9866 = DIRECTION('',(1.,0.));
#9867 = ( GEOMETRIC_REPRESENTATION_CONTEXT(2) 
PARAMETRIC_REPRESENTATION_CONTEXT() REPRESENTATION_CONTEXT('2D SPACE',''
  ) );
#9868 = ADVANCED_FACE('',(#9869),#9883,.F.);
#9869 = FACE_BOUND('',#9870,.T.);
#9870 = EDGE_LOOP('',(#9871,#9901,#9923,#9924));
#9871 = ORIENTED_EDGE('',*,*,#9872,.T.);
#9872 = EDGE_CURVE('',#9873,#9875,#9877,.T.);
#9873 = VERTEX_POINT('',#9874);
#9874 = CARTESIAN_POINT('',(1.6,0.,0.));
#9875 = VERTEX_POINT('',#9876);
#9876 = CARTESIAN_POINT('',(1.6,0.,1.));
#9877 = SEAM_CURVE('',#9878,(#9882,#9894),.PCURVE_S1.);
#9878 = LINE('',#9879,#9880);
#9879 = CARTESIAN_POINT('',(1.6,0.,0.));
#9880 = VECTOR('',#9881,1.);
#9881 = DIRECTION('',(0.,0.,1.));
#9882 = PCURVE('',#9883,#9888);
#9883 = CYLINDRICAL_SURFACE('',#9884,1.6);
#9884 = AXIS2_PLACEMENT_3D('',#9885,#9886,#9887);
#9885 = CARTESIAN_POINT('',(0.,0.,0.));
#9886 = DIRECTION('',(-0.,-0.,-1.));
#9887 = DIRECTION('',(1.,0.,0.));
#9888 = DEFINITIONAL_REPRESENTATION('',(#9889),#9893);
#9889 = LINE('',#9890,#9891);
#9890 = CARTESIAN_POINT('',(-0.,0.));
#9891 = VECTOR('',#9892,1.);
#9892 = DIRECTION('',(-0.,-1.));
#9893 = ( GEOMETRIC_REPRESENTATION_CONTEXT(2) 
PARAMETRIC_REPRESENTATION_CONTEXT() REPRESENTATION_CONTEXT('2D SPACE',''
  ) );
#9894 = PCURVE('',#9883,#9895);
#9895 = DEFINITIONAL_REPRESENTATION('',(#9896),#9900);
#9896 = LINE('',#9897,#9898);
#9897 = CARTESIAN_POINT('',(-6.28318530718,0.));
#9898 = VECTOR('',#9899,1.);
#9899 = DIRECTION('',(-0.,-1.));
#9900 = ( GEOMETRIC_REPRESENTATION_CONTEXT(2) 
PARAMETRIC_REPRESENTATION_CONTEXT() REPRESENTATION_CONTEXT('2D SPACE',''
  ) );
#9901 = ORIENTED_EDGE('',*,*,#9902,.T.);
#9902 = EDGE_CURVE('',#9875,#9875,#9903,.T.);
#9903 = SURFACE_CURVE('',#9904,(#9909,#9916),.PCURVE_S1.);
#9904 = CIRCLE('',#9905,1.6);
#9905 = AXIS2_PLACEMENT_3D('',#9906,#9907,#9908);
#9906 = CARTESIAN_POINT('',(0.,0.,1.));
#9907 = DIRECTION('',(0.,0.,1.));
#9908 = DIRECTION('',(1.,0.,0.));
#9909 = PCURVE('',#9883,#9910);
#9910 = DEFINITIONAL_REPRESENTATION('',(#9911),#9915);
#9911 = LINE('',#9912,#9913);
#9912 = CARTESIAN_POINT('',(-0.,-1.));
#9913 = VECTOR('',#9914,1.);
#9914 = DIRECTION('',(-1.,0.));
#9915 = ( GEOMETRIC_REPRESENTATION_CONTEXT(2) 
PARAMETRIC_REPRESENTATION_CONTEXT() REPRESENTATION_CONTEXT('2D SPACE',''
  ) );
#9916 = PCURVE('',#9297,#9917);
#9917 = DEFINITIONAL_REPRESENTATION('',(#9918),#9922);
#9918 = CIRCLE('',#9919,1.6);
#9919 = AXIS2_PLACEMENT_2D('',#9920,#9921);
#9920 = CARTESIAN_POINT('',(4.946939655572E-16,-7.459594899079E-16));
#9921 = DIRECTION('',(1.,0.));
#9922 = ( GEOMETRIC_REPRESENTATION_CONTEXT(2) 
PARAMETRIC_REPRESENTATION_CONTEXT() REPRESENTATION_CONTEXT('2D SPACE',''
  ) );
#9923 = ORIENTED_EDGE('',*,*,#9872,.F.);
#9924 = ORIENTED_EDGE('',*,*,#9925,.F.);
#9925 = EDGE_CURVE('',#9873,#9873,#9926,.T.);
#9926 = SURFACE_CURVE('',#9927,(#9932,#9939),.PCURVE_S1.);
#9927 = CIRCLE('',#9928,1.6);
#9928 = AXIS2_PLACEMENT_3D('',#9929,#9930,#9931);
#9929 = CARTESIAN_POINT('',(0.,0.,0.));
#9930 = DIRECTION('',(0.,0.,1.));
#9931 = DIRECTION('',(1.,0.,0.));
#9932 = PCURVE('',#9883,#9933);
#9933 = DEFINITIONAL_REPRESENTATION('',(#9934),#9938);
#9934 = LINE('',#9935,#9936);
#9935 = CARTESIAN_POINT('',(-0.,0.));
#9936 = VECTOR('',#9937,1.);
#9937 = DIRECTION('',(-1.,0.));
#9938 = ( GEOMETRIC_REPRESENTATION_CONTEXT(2) 
PARAMETRIC_REPRESENTATION_CONTEXT() REPRESENTATION_CONTEXT('2D SPACE',''
  ) );
#9939 = PCURVE('',#9351,#9940);
#9940 = DEFINITIONAL_REPRESENTATION('',(#9941),#9945);
#9941 = CIRCLE('',#9942,1.6);
#9942 = AXIS2_PLACEMENT_2D('',#9943,#9944);
#9943 = CARTESIAN_POINT('',(4.946939655572E-16,-7.459594899079E-16));
#9944 = DIRECTION('',(1.,0.));
#9945 = ( GEOMETRIC_REPRESENTATION_CONTEXT(2) 
PARAMETRIC_REPRESENTATION_CONTEXT() REPRESENTATION_CONTEXT('2D SPACE',''
  ) );
#9946 = ADVANCED_FACE('',(#9947,#9957),#9351,.F.);
#9947 = FACE_BOUND('',#9948,.T.);
#9948 = EDGE_LOOP('',(#9949,#9950,#9951,#9952,#9953,#9954,#9955,#9956));
#9949 = ORIENTED_EDGE('',*,*,#9337,.T.);
#9950 = ORIENTED_EDGE('',*,*,#9419,.F.);
#9951 = ORIENTED_EDGE('',*,*,#9496,.T.);
#9952 = ORIENTED_EDGE('',*,*,#9573,.F.);
#9953 = ORIENTED_EDGE('',*,*,#9650,.T.);
#9954 = ORIENTED_EDGE('',*,*,#9727,.F.);
#9955 = ORIENTED_EDGE('',*,*,#9799,.T.);
#9956 = ORIENTED_EDGE('',*,*,#9847,.F.);
#9957 = FACE_BOUND('',#9958,.T.);
#9958 = EDGE_LOOP('',(#9959));
#9959 = ORIENTED_EDGE('',*,*,#9925,.T.);
#9960 = ADVANCED_FACE('',(#9961,#9971),#9297,.T.);
#9961 = FACE_BOUND('',#9962,.F.);
#9962 = EDGE_LOOP('',(#9963,#9964,#9965,#9966,#9967,#9968,#9969,#9970));
#9963 = ORIENTED_EDGE('',*,*,#9281,.T.);
#9964 = ORIENTED_EDGE('',*,*,#9396,.F.);
#9965 = ORIENTED_EDGE('',*,*,#9445,.T.);
#9966 = ORIENTED_EDGE('',*,*,#9550,.F.);
#9967 = ORIENTED_EDGE('',*,*,#9599,.T.);
#9968 = ORIENTED_EDGE('',*,*,#9704,.F.);
#9969 = ORIENTED_EDGE('',*,*,#9753,.T.);
#9970 = ORIENTED_EDGE('',*,*,#9824,.F.);
#9971 = FACE_BOUND('',#9972,.F.);
#9972 = EDGE_LOOP('',(#9973));
#9973 = ORIENTED_EDGE('',*,*,#9902,.T.);
#9974 = ( GEOMETRIC_REPRESENTATION_CONTEXT(3) 
GLOBAL_UNCERTAINTY_ASSIGNED_CONTEXT((#9978)) 
GLOBAL_UNIT_ASSIGNED_CONTEXT((#9975,#9976,#9977)) REPRESENTATION_CONTEXT
('Context #1','3D Context with UNIT and UNCERTAINTY') );
#9975 = ( LENGTH_UNIT() NAMED_UNIT(*) SI_UNIT(.MILLI.,.METRE.) );
#9976 = ( NAMED_UNIT(*) PLANE_ANGLE_UNIT() SI_UNIT($,.RADIAN.) );
#9977 = ( NAMED_UNIT(*) SI_UNIT($,.STERADIAN.) SOLID_ANGLE_UNIT() );
#9978 = UNCERTAINTY_MEASURE_WITH_UNIT(LENGTH_MEASURE(1.E-07),#9975,
  'distance_accuracy_value','confusion accuracy');
#9979 = SHAPE_DEFINITION_REPRESENTATION(#9980,#9239);
#9980 = PRODUCT_DEFINITION_SHAPE('','',#9981);
#9981 = PRODUCT_DEFINITION('design','',#9982,#9985);
#9982 = PRODUCT_DEFINITION_FORMATION('','',#9983);
#9983 = PRODUCT('Washer','Washer','',(#9984));
#9984 = PRODUCT_CONTEXT('',#2,'mechanical');
#9985 = PRODUCT_DEFINITION_CONTEXT('part definition',#2,'design');
#9986 = CONTEXT_DEPENDENT_SHAPE_REPRESENTATION(#9987,#9989);
#9987 = ( REPRESENTATION_RELATIONSHIP('','',#9239,#10) 
REPRESENTATION_RELATIONSHIP_WITH_TRANSFORMATION(#9988) 
SHAPE_REPRESENTATION_RELATIONSHIP() );
#9988 = ITEM_DEFINED_TRANSFORMATION('','',#11,#27);
#9989 = PRODUCT_DEFINITION_SHAPE('Placement','Placement of an item',
  #9990);
#9990 = NEXT_ASSEMBLY_USAGE_OCCURRENCE('8','Washer','',#5,#9981,$);
#9991 = PRODUCT_RELATED_PRODUCT_CATEGORY('part',$,(#9983));
#9992 = MECHANICAL_DESIGN_GEOMETRIC_PRESENTATION_REPRESENTATION('',(
    #9993),#9221);
#9993 = STYLED_ITEM('color',(#9994),#7213);
#9994 = PRESENTATION_STYLE_ASSIGNMENT((#9995,#10001));
#9995 = SURFACE_STYLE_USAGE(.BOTH.,#9996);
#9996 = SURFACE_SIDE_STYLE('',(#9997));
#9997 = SURFACE_STYLE_FILL_AREA(#9998);
#9998 = FILL_AREA_STYLE('',(#9999));
#9999 = FILL_AREA_STYLE_COLOUR('',#10000);
#10000 = COLOUR_RGB('',0.800000010877,0.800000010877,0.800000010877);
#10001 = CURVE_STYLE('',#10002,POSITIVE_LENGTH_MEASURE(0.1),#10003);
#10002 = DRAUGHTING_PRE_DEFINED_CURVE_FONT('continuous');
#10003 = COLOUR_RGB('',9.803921802644E-02,9.803921802644E-02,
  9.803921802644E-02);
#10004 = MECHANICAL_DESIGN_GEOMETRIC_PRESENTATION_REPRESENTATION('',(
    #10005),#4952);
#10005 = STYLED_ITEM('color',(#10006),#38);
#10006 = PRESENTATION_STYLE_ASSIGNMENT((#10007,#10013));
#10007 = SURFACE_STYLE_USAGE(.BOTH.,#10008);
#10008 = SURFACE_SIDE_STYLE('',(#10009));
#10009 = SURFACE_STYLE_FILL_AREA(#10010);
#10010 = FILL_AREA_STYLE('',(#10011));
#10011 = FILL_AREA_STYLE_COLOUR('',#10012);
#10012 = COLOUR_RGB('',0.219607846375,0.239215688916,0.317647072818);
#10013 = CURVE_STYLE('',#10014,POSITIVE_LENGTH_MEASURE(0.1),#10003);
#10014 = DRAUGHTING_PRE_DEFINED_CURVE_FONT('continuous');
#10015 = MECHANICAL_DESIGN_GEOMETRIC_PRESENTATION_REPRESENTATION('',(
    #10016),#7194);
#10016 = STYLED_ITEM('color',(#10017),#4971);
#10017 = PRESENTATION_STYLE_ASSIGNMENT((#10018,#10023));
#10018 = SURFACE_STYLE_USAGE(.BOTH.,#10019);
#10019 = SURFACE_SIDE_STYLE('',(#10020));
#10020 = SURFACE_STYLE_FILL_AREA(#10021);
#10021 = FILL_AREA_STYLE('',(#10022));
#10022 = FILL_AREA_STYLE_COLOUR('',#10000);
#10023 = CURVE_STYLE('',#10024,POSITIVE_LENGTH_MEASURE(0.1),#10003);
#10024 = DRAUGHTING_PRE_DEFINED_CURVE_FONT('continuous');
#10025 = MECHANICAL_DESIGN_GEOMETRIC_PRESENTATION_REPRESENTATION('',(
    #10026),#9974);
#10026 = STYLED_ITEM('color',(#10027),#9240);
#10027 = PRESENTATION_STYLE_ASSIGNMENT((#10028,#10033));
#10028 = SURFACE_STYLE_USAGE(.BOTH.,#10029);
#10029 = SURFACE_SIDE_STYLE('',(#10030));
#10030 = SURFACE_STYLE_FILL_AREA(#10031);
#10031 = FILL_AREA_STYLE('',(#10032));
#10032 = FILL_AREA_STYLE_COLOUR('',#10000);
#10033 = CURVE_STYLE('',#10034,POSITIVE_LENGTH_MEASURE(0.1),#10003);
#10034 = DRAUGHTING_PRE_DEFINED_CURVE_FONT('continuous');
ENDSEC;
END-ISO-10303-21;
