ISO-10303-21;
HEADER;
FILE_DESCRIPTION(('FreeCAD Model'),'2;1');
FILE_NAME('Open CASCADE Shape Model','2023-09-17T00:39:25',(''),(''),
  'Open CASCADE STEP processor 7.6','FreeCAD','Unknown');
FILE_SCHEMA(('AUTOMOTIVE_DESIGN { 1 0 10303 214 1 1 1 1 }'));
ENDSEC;
DATA;
#1 = APPLICATION_PROTOCOL_DEFINITION('international standard',
  'automotive_design',2000,#2);
#2 = APPLICATION_CONTEXT(
  'core data for automotive mechanical design processes');
#3 = SHAPE_DEFINITION_REPRESENTATION(#4,#10);
#4 = PRODUCT_DEFINITION_SHAPE('','',#5);
#5 = PRODUCT_DEFINITION('design','',#6,#9);
#6 = PRODUCT_DEFINITION_FORMATION('','',#7);
#7 = PRODUCT('____________________','____________________','',(#8));
#8 = PRODUCT_CONTEXT('',#2,'mechanical');
#9 = PRODUCT_DEFINITION_CONTEXT('part definition',#2,'design');
#10 = SHAPE_REPRESENTATION('',(#11,#15,#19,#23,#27),#31);
#11 = AXIS2_PLACEMENT_3D('',#12,#13,#14);
#12 = CARTESIAN_POINT('',(0.,0.,0.));
#13 = DIRECTION('',(0.,0.,1.));
#14 = DIRECTION('',(1.,0.,-0.));
#15 = AXIS2_PLACEMENT_3D('',#16,#17,#18);
#16 = CARTESIAN_POINT('',(0.,0.,0.));
#17 = DIRECTION('',(0.,0.,1.));
#18 = DIRECTION('',(1.,0.,0.));
#19 = AXIS2_PLACEMENT_3D('',#20,#21,#22);
#20 = CARTESIAN_POINT('',(0.,0.,0.));
#21 = DIRECTION('',(0.,0.,1.));
#22 = DIRECTION('',(1.,0.,0.));
#23 = AXIS2_PLACEMENT_3D('',#24,#25,#26);
#24 = CARTESIAN_POINT('',(0.,0.,0.));
#25 = DIRECTION('',(0.,0.,1.));
#26 = DIRECTION('',(1.,0.,0.));
#27 = AXIS2_PLACEMENT_3D('',#28,#29,#30);
#28 = CARTESIAN_POINT('',(0.,0.,0.));
#29 = DIRECTION('',(0.,0.,1.));
#30 = DIRECTION('',(1.,0.,0.));
#31 = ( GEOMETRIC_REPRESENTATION_CONTEXT(3) 
GLOBAL_UNCERTAINTY_ASSIGNED_CONTEXT((#35)) GLOBAL_UNIT_ASSIGNED_CONTEXT(
(#32,#33,#34)) REPRESENTATION_CONTEXT('Context #1',
  '3D Context with UNIT and UNCERTAINTY') );
#32 = ( LENGTH_UNIT() NAMED_UNIT(*) SI_UNIT(.MILLI.,.METRE.) );
#33 = ( NAMED_UNIT(*) PLANE_ANGLE_UNIT() SI_UNIT($,.RADIAN.) );
#34 = ( NAMED_UNIT(*) SI_UNIT($,.STERADIAN.) SOLID_ANGLE_UNIT() );
#35 = UNCERTAINTY_MEASURE_WITH_UNIT(LENGTH_MEASURE(1.E-07),#32,
  'distance_accuracy_value','confusion accuracy');
#36 = PRODUCT_RELATED_PRODUCT_CATEGORY('part',$,(#7));
#37 = SHAPE_DEFINITION_REPRESENTATION(#38,#44);
#38 = PRODUCT_DEFINITION_SHAPE('','',#39);
#39 = PRODUCT_DEFINITION('design','',#40,#43);
#40 = PRODUCT_DEFINITION_FORMATION('','',#41);
#41 = PRODUCT('PinArray','PinArray','',(#42));
#42 = PRODUCT_CONTEXT('',#2,'mechanical');
#43 = PRODUCT_DEFINITION_CONTEXT('part definition',#2,'design');
#44 = SHAPE_REPRESENTATION('',(#11,#45,#49,#53,#57,#61,#65,#69,#73),#77
  );
#45 = AXIS2_PLACEMENT_3D('',#46,#47,#48);
#46 = CARTESIAN_POINT('',(0.,0.,0.));
#47 = DIRECTION('',(0.,0.,1.));
#48 = DIRECTION('',(1.,0.,0.));
#49 = AXIS2_PLACEMENT_3D('',#50,#51,#52);
#50 = CARTESIAN_POINT('',(0.5,0.,0.));
#51 = DIRECTION('',(0.,0.,1.));
#52 = DIRECTION('',(1.,0.,0.));
#53 = AXIS2_PLACEMENT_3D('',#54,#55,#56);
#54 = CARTESIAN_POINT('',(1.,0.,0.));
#55 = DIRECTION('',(0.,0.,1.));
#56 = DIRECTION('',(1.,0.,0.));
#57 = AXIS2_PLACEMENT_3D('',#58,#59,#60);
#58 = CARTESIAN_POINT('',(1.5,0.,0.));
#59 = DIRECTION('',(0.,0.,1.));
#60 = DIRECTION('',(1.,0.,0.));
#61 = AXIS2_PLACEMENT_3D('',#62,#63,#64);
#62 = CARTESIAN_POINT('',(2.,0.,0.));
#63 = DIRECTION('',(0.,0.,1.));
#64 = DIRECTION('',(1.,0.,0.));
#65 = AXIS2_PLACEMENT_3D('',#66,#67,#68);
#66 = CARTESIAN_POINT('',(2.5,0.,0.));
#67 = DIRECTION('',(0.,0.,1.));
#68 = DIRECTION('',(1.,0.,0.));
#69 = AXIS2_PLACEMENT_3D('',#70,#71,#72);
#70 = CARTESIAN_POINT('',(3.,0.,0.));
#71 = DIRECTION('',(0.,0.,1.));
#72 = DIRECTION('',(1.,0.,0.));
#73 = AXIS2_PLACEMENT_3D('',#74,#75,#76);
#74 = CARTESIAN_POINT('',(3.5,0.,0.));
#75 = DIRECTION('',(0.,0.,1.));
#76 = DIRECTION('',(1.,0.,0.));
#77 = ( GEOMETRIC_REPRESENTATION_CONTEXT(3) 
GLOBAL_UNCERTAINTY_ASSIGNED_CONTEXT((#81)) GLOBAL_UNIT_ASSIGNED_CONTEXT(
(#78,#79,#80)) REPRESENTATION_CONTEXT('Context #1',
  '3D Context with UNIT and UNCERTAINTY') );
#78 = ( LENGTH_UNIT() NAMED_UNIT(*) SI_UNIT(.MILLI.,.METRE.) );
#79 = ( NAMED_UNIT(*) PLANE_ANGLE_UNIT() SI_UNIT($,.RADIAN.) );
#80 = ( NAMED_UNIT(*) SI_UNIT($,.STERADIAN.) SOLID_ANGLE_UNIT() );
#81 = UNCERTAINTY_MEASURE_WITH_UNIT(LENGTH_MEASURE(1.E-07),#78,
  'distance_accuracy_value','confusion accuracy');
#82 = ADVANCED_BREP_SHAPE_REPRESENTATION('',(#11,#83),#960);
#83 = MANIFOLD_SOLID_BREP('',#84);
#84 = CLOSED_SHELL('',(#85,#403,#478,#712,#758,#785,#812,#839,#866,#893,
    #920,#927,#953));
#85 = ADVANCED_FACE('',(#86),#100,.T.);
#86 = FACE_BOUND('',#87,.T.);
#87 = EDGE_LOOP('',(#88,#123,#151,#180,#208,#236,#264,#292,#321,#349,
    #377));
#88 = ORIENTED_EDGE('',*,*,#89,.T.);
#89 = EDGE_CURVE('',#90,#92,#94,.T.);
#90 = VERTEX_POINT('',#91);
#91 = CARTESIAN_POINT('',(-1.675,1.,8.E-02));
#92 = VERTEX_POINT('',#93);
#93 = CARTESIAN_POINT('',(-1.675,1.,7.866077735406E-02));
#94 = SURFACE_CURVE('',#95,(#99,#111),.PCURVE_S1.);
#95 = LINE('',#96,#97);
#96 = CARTESIAN_POINT('',(-1.675,1.,0.841614));
#97 = VECTOR('',#98,1.);
#98 = DIRECTION('',(-2.289834988289E-16,-1.065228634467E-16,-1.));
#99 = PCURVE('',#100,#105);
#100 = PLANE('',#101);
#101 = AXIS2_PLACEMENT_3D('',#102,#103,#104);
#102 = CARTESIAN_POINT('',(-1.675,1.245779075398,0.170500231015));
#103 = DIRECTION('',(1.,-5.243344273594E-32,-2.289834988289E-16));
#104 = DIRECTION('',(5.243344273594E-32,1.,0.));
#105 = DEFINITIONAL_REPRESENTATION('',(#106),#110);
#106 = LINE('',#107,#108);
#107 = CARTESIAN_POINT('',(-0.245779075398,0.671113768985));
#108 = VECTOR('',#109,1.);
#109 = DIRECTION('',(-1.065228634467E-16,-1.));
#110 = ( GEOMETRIC_REPRESENTATION_CONTEXT(2) 
PARAMETRIC_REPRESENTATION_CONTEXT() REPRESENTATION_CONTEXT('2D SPACE',''
  ) );
#111 = PCURVE('',#112,#117);
#112 = PLANE('',#113);
#113 = AXIS2_PLACEMENT_3D('',#114,#115,#116);
#114 = CARTESIAN_POINT('',(-1.675,1.,7.866077735406E-02));
#115 = DIRECTION('',(2.804146475864E-32,1.,-1.065228634467E-16));
#116 = DIRECTION('',(-2.289834988289E-16,-1.065228634467E-16,-1.));
#117 = DEFINITIONAL_REPRESENTATION('',(#118),#122);
#118 = LINE('',#119,#120);
#119 = CARTESIAN_POINT('',(-0.762953222646,1.747036983643E-16));
#120 = VECTOR('',#121,1.);
#121 = DIRECTION('',(1.,0.));
#122 = ( GEOMETRIC_REPRESENTATION_CONTEXT(2) 
PARAMETRIC_REPRESENTATION_CONTEXT() REPRESENTATION_CONTEXT('2D SPACE',''
  ) );
#123 = ORIENTED_EDGE('',*,*,#124,.F.);
#124 = EDGE_CURVE('',#125,#92,#127,.T.);
#125 = VERTEX_POINT('',#126);
#126 = CARTESIAN_POINT('',(-1.675,0.943186633611,6.541154699934E-02));
#127 = SURFACE_CURVE('',#128,(#132,#139),.PCURVE_S1.);
#128 = LINE('',#129,#130);
#129 = CARTESIAN_POINT('',(-1.675,0.943186633611,6.541154699934E-02));
#130 = VECTOR('',#131,1.);
#131 = DIRECTION('',(5.200494915182E-17,0.973868596229,0.227112212966));
#132 = PCURVE('',#100,#133);
#133 = DEFINITIONAL_REPRESENTATION('',(#134),#138);
#134 = LINE('',#135,#136);
#135 = CARTESIAN_POINT('',(-0.302592441787,-0.105088684016));
#136 = VECTOR('',#137,1.);
#137 = DIRECTION('',(0.973868596229,0.227112212966));
#138 = ( GEOMETRIC_REPRESENTATION_CONTEXT(2) 
PARAMETRIC_REPRESENTATION_CONTEXT() REPRESENTATION_CONTEXT('2D SPACE',''
  ) );
#139 = PCURVE('',#140,#145);
#140 = PLANE('',#141);
#141 = AXIS2_PLACEMENT_3D('',#142,#143,#144);
#142 = CARTESIAN_POINT('',(-1.825,0.943186633611,6.541154699934E-02));
#143 = DIRECTION('',(2.229998385642E-16,-0.227112212966,0.973868596229)
  );
#144 = DIRECTION('',(5.200494915182E-17,0.973868596229,0.227112212966));
#145 = DEFINITIONAL_REPRESENTATION('',(#146),#150);
#146 = LINE('',#147,#148);
#147 = CARTESIAN_POINT('',(1.497112172552E-18,-0.15));
#148 = VECTOR('',#149,1.);
#149 = DIRECTION('',(1.,-3.697785493223E-32));
#150 = ( GEOMETRIC_REPRESENTATION_CONTEXT(2) 
PARAMETRIC_REPRESENTATION_CONTEXT() REPRESENTATION_CONTEXT('2D SPACE',''
  ) );
#151 = ORIENTED_EDGE('',*,*,#152,.T.);
#152 = EDGE_CURVE('',#125,#153,#155,.T.);
#153 = VERTEX_POINT('',#154);
#154 = CARTESIAN_POINT('',(-1.675,0.92,3.619548911246E-02));
#155 = SURFACE_CURVE('',#156,(#161,#168),.PCURVE_S1.);
#156 = CIRCLE('',#157,3.E-02);
#157 = AXIS2_PLACEMENT_3D('',#158,#159,#160);
#158 = CARTESIAN_POINT('',(-1.675,0.95,3.619548911246E-02));
#159 = DIRECTION('',(1.,-5.243344273594E-32,-2.289834988289E-16));
#160 = DIRECTION('',(-2.080052407982E-46,1.,-2.289834988289E-16));
#161 = PCURVE('',#100,#162);
#162 = DEFINITIONAL_REPRESENTATION('',(#163),#167);
#163 = CIRCLE('',#164,3.E-02);
#164 = AXIS2_PLACEMENT_2D('',#165,#166);
#165 = CARTESIAN_POINT('',(-0.295779075398,-0.134304741903));
#166 = DIRECTION('',(1.,-2.289834988289E-16));
#167 = ( GEOMETRIC_REPRESENTATION_CONTEXT(2) 
PARAMETRIC_REPRESENTATION_CONTEXT() REPRESENTATION_CONTEXT('2D SPACE',''
  ) );
#168 = PCURVE('',#169,#174);
#169 = CYLINDRICAL_SURFACE('',#170,3.E-02);
#170 = AXIS2_PLACEMENT_3D('',#171,#172,#173);
#171 = CARTESIAN_POINT('',(-1.675,0.95,3.619548911246E-02));
#172 = DIRECTION('',(-1.,5.243344273594E-32,2.289834988289E-16));
#173 = DIRECTION('',(-2.080052407982E-46,1.,-2.289834988289E-16));
#174 = DEFINITIONAL_REPRESENTATION('',(#175),#179);
#175 = LINE('',#176,#177);
#176 = CARTESIAN_POINT('',(6.28318530718,0.));
#177 = VECTOR('',#178,1.);
#178 = DIRECTION('',(-1.,0.));
#179 = ( GEOMETRIC_REPRESENTATION_CONTEXT(2) 
PARAMETRIC_REPRESENTATION_CONTEXT() REPRESENTATION_CONTEXT('2D SPACE',''
  ) );
#180 = ORIENTED_EDGE('',*,*,#181,.F.);
#181 = EDGE_CURVE('',#182,#153,#184,.T.);
#182 = VERTEX_POINT('',#183);
#183 = CARTESIAN_POINT('',(-1.675,0.92,-3.330669073875E-16));
#184 = SURFACE_CURVE('',#185,(#189,#196),.PCURVE_S1.);
#185 = LINE('',#186,#187);
#186 = CARTESIAN_POINT('',(-1.675,0.92,-3.330669073875E-16));
#187 = VECTOR('',#188,1.);
#188 = DIRECTION('',(2.289834988289E-16,2.289834988289E-16,1.));
#189 = PCURVE('',#100,#190);
#190 = DEFINITIONAL_REPRESENTATION('',(#191),#195);
#191 = LINE('',#192,#193);
#192 = CARTESIAN_POINT('',(-0.325779075398,-0.170500231015));
#193 = VECTOR('',#194,1.);
#194 = DIRECTION('',(2.289834988289E-16,1.));
#195 = ( GEOMETRIC_REPRESENTATION_CONTEXT(2) 
PARAMETRIC_REPRESENTATION_CONTEXT() REPRESENTATION_CONTEXT('2D SPACE',''
  ) );
#196 = PCURVE('',#197,#202);
#197 = PLANE('',#198);
#198 = AXIS2_PLACEMENT_3D('',#199,#200,#201);
#199 = CARTESIAN_POINT('',(-1.675,0.92,-3.330669073875E-16));
#200 = DIRECTION('',(0.,1.,-2.289834988289E-16));
#201 = DIRECTION('',(2.289834988289E-16,2.289834988289E-16,1.));
#202 = DEFINITIONAL_REPRESENTATION('',(#203),#207);
#203 = LINE('',#204,#205);
#204 = CARTESIAN_POINT('',(0.,0.));
#205 = VECTOR('',#206,1.);
#206 = DIRECTION('',(1.,0.));
#207 = ( GEOMETRIC_REPRESENTATION_CONTEXT(2) 
PARAMETRIC_REPRESENTATION_CONTEXT() REPRESENTATION_CONTEXT('2D SPACE',''
  ) );
#208 = ORIENTED_EDGE('',*,*,#209,.T.);
#209 = EDGE_CURVE('',#182,#210,#212,.T.);
#210 = VERTEX_POINT('',#211);
#211 = CARTESIAN_POINT('',(-1.675,1.25,-4.440892098501E-16));
#212 = SURFACE_CURVE('',#213,(#217,#224),.PCURVE_S1.);
#213 = LINE('',#214,#215);
#214 = CARTESIAN_POINT('',(-1.675,0.92,-3.330669073875E-16));
#215 = VECTOR('',#216,1.);
#216 = DIRECTION('',(0.,1.,-2.289834988289E-16));
#217 = PCURVE('',#100,#218);
#218 = DEFINITIONAL_REPRESENTATION('',(#219),#223);
#219 = LINE('',#220,#221);
#220 = CARTESIAN_POINT('',(-0.325779075398,-0.170500231015));
#221 = VECTOR('',#222,1.);
#222 = DIRECTION('',(1.,-2.289834988289E-16));
#223 = ( GEOMETRIC_REPRESENTATION_CONTEXT(2) 
PARAMETRIC_REPRESENTATION_CONTEXT() REPRESENTATION_CONTEXT('2D SPACE',''
  ) );
#224 = PCURVE('',#225,#230);
#225 = PLANE('',#226);
#226 = AXIS2_PLACEMENT_3D('',#227,#228,#229);
#227 = CARTESIAN_POINT('',(-1.825,1.25,-4.440892098501E-16));
#228 = DIRECTION('',(-2.289834988289E-16,-2.289834988289E-16,-1.));
#229 = DIRECTION('',(0.,-1.,2.289834988289E-16));
#230 = DEFINITIONAL_REPRESENTATION('',(#231),#235);
#231 = LINE('',#232,#233);
#232 = CARTESIAN_POINT('',(0.33,-0.15));
#233 = VECTOR('',#234,1.);
#234 = DIRECTION('',(-1.,0.));
#235 = ( GEOMETRIC_REPRESENTATION_CONTEXT(2) 
PARAMETRIC_REPRESENTATION_CONTEXT() REPRESENTATION_CONTEXT('2D SPACE',''
  ) );
#236 = ORIENTED_EDGE('',*,*,#237,.F.);
#237 = EDGE_CURVE('',#238,#210,#240,.T.);
#238 = VERTEX_POINT('',#239);
#239 = CARTESIAN_POINT('',(-1.675,1.3,5.E-02));
#240 = SURFACE_CURVE('',#241,(#245,#252),.PCURVE_S1.);
#241 = LINE('',#242,#243);
#242 = CARTESIAN_POINT('',(-1.675,1.3,5.E-02));
#243 = VECTOR('',#244,1.);
#244 = DIRECTION('',(-1.619157848018E-16,-0.707106781187,-0.707106781186
    ));
#245 = PCURVE('',#100,#246);
#246 = DEFINITIONAL_REPRESENTATION('',(#247),#251);
#247 = LINE('',#248,#249);
#248 = CARTESIAN_POINT('',(5.422092460224E-02,-0.120500231015));
#249 = VECTOR('',#250,1.);
#250 = DIRECTION('',(-0.707106781187,-0.707106781186));
#251 = ( GEOMETRIC_REPRESENTATION_CONTEXT(2) 
PARAMETRIC_REPRESENTATION_CONTEXT() REPRESENTATION_CONTEXT('2D SPACE',''
  ) );
#252 = PCURVE('',#253,#258);
#253 = PLANE('',#254);
#254 = AXIS2_PLACEMENT_3D('',#255,#256,#257);
#255 = CARTESIAN_POINT('',(-1.675,1.3,5.E-02));
#256 = DIRECTION('',(1.619157848018E-16,-0.707106781186,0.707106781187)
  );
#257 = DIRECTION('',(-1.619157848018E-16,-0.707106781187,-0.707106781186
    ));
#258 = DEFINITIONAL_REPRESENTATION('',(#259),#263);
#259 = LINE('',#260,#261);
#260 = CARTESIAN_POINT('',(-0.,0.));
#261 = VECTOR('',#262,1.);
#262 = DIRECTION('',(1.,7.395570986447E-32));
#263 = ( GEOMETRIC_REPRESENTATION_CONTEXT(2) 
PARAMETRIC_REPRESENTATION_CONTEXT() REPRESENTATION_CONTEXT('2D SPACE',''
  ) );
#264 = ORIENTED_EDGE('',*,*,#265,.F.);
#265 = EDGE_CURVE('',#266,#238,#268,.T.);
#266 = VERTEX_POINT('',#267);
#267 = CARTESIAN_POINT('',(-1.675,1.3,0.11));
#268 = SURFACE_CURVE('',#269,(#273,#280),.PCURVE_S1.);
#269 = LINE('',#270,#271);
#270 = CARTESIAN_POINT('',(-1.675,1.3,0.11));
#271 = VECTOR('',#272,1.);
#272 = DIRECTION('',(-2.289834988289E-16,-2.289834988289E-16,-1.));
#273 = PCURVE('',#100,#274);
#274 = DEFINITIONAL_REPRESENTATION('',(#275),#279);
#275 = LINE('',#276,#277);
#276 = CARTESIAN_POINT('',(5.422092460224E-02,-6.050023101547E-02));
#277 = VECTOR('',#278,1.);
#278 = DIRECTION('',(-2.289834988289E-16,-1.));
#279 = ( GEOMETRIC_REPRESENTATION_CONTEXT(2) 
PARAMETRIC_REPRESENTATION_CONTEXT() REPRESENTATION_CONTEXT('2D SPACE',''
  ) );
#280 = PCURVE('',#281,#286);
#281 = PLANE('',#282);
#282 = AXIS2_PLACEMENT_3D('',#283,#284,#285);
#283 = CARTESIAN_POINT('',(-1.675,1.3,0.11));
#284 = DIRECTION('',(0.,-1.,2.289834988289E-16));
#285 = DIRECTION('',(-2.289834988289E-16,-2.289834988289E-16,-1.));
#286 = DEFINITIONAL_REPRESENTATION('',(#287),#291);
#287 = LINE('',#288,#289);
#288 = CARTESIAN_POINT('',(-0.,0.));
#289 = VECTOR('',#290,1.);
#290 = DIRECTION('',(1.,0.));
#291 = ( GEOMETRIC_REPRESENTATION_CONTEXT(2) 
PARAMETRIC_REPRESENTATION_CONTEXT() REPRESENTATION_CONTEXT('2D SPACE',''
  ) );
#292 = ORIENTED_EDGE('',*,*,#293,.F.);
#293 = EDGE_CURVE('',#294,#266,#296,.T.);
#294 = VERTEX_POINT('',#295);
#295 = CARTESIAN_POINT('',(-1.675,1.35,0.16));
#296 = SURFACE_CURVE('',#297,(#302,#309),.PCURVE_S1.);
#297 = CIRCLE('',#298,5.E-02);
#298 = AXIS2_PLACEMENT_3D('',#299,#300,#301);
#299 = CARTESIAN_POINT('',(-1.675,1.35,0.11));
#300 = DIRECTION('',(1.,-5.243344273594E-32,-2.289834988289E-16));
#301 = DIRECTION('',(-2.080052407982E-46,1.,-2.289834988289E-16));
#302 = PCURVE('',#100,#303);
#303 = DEFINITIONAL_REPRESENTATION('',(#304),#308);
#304 = CIRCLE('',#305,5.E-02);
#305 = AXIS2_PLACEMENT_2D('',#306,#307);
#306 = CARTESIAN_POINT('',(0.104220924602,-6.050023101547E-02));
#307 = DIRECTION('',(1.,-2.289834988289E-16));
#308 = ( GEOMETRIC_REPRESENTATION_CONTEXT(2) 
PARAMETRIC_REPRESENTATION_CONTEXT() REPRESENTATION_CONTEXT('2D SPACE',''
  ) );
#309 = PCURVE('',#310,#315);
#310 = CYLINDRICAL_SURFACE('',#311,5.E-02);
#311 = AXIS2_PLACEMENT_3D('',#312,#313,#314);
#312 = CARTESIAN_POINT('',(-1.675,1.35,0.11));
#313 = DIRECTION('',(-1.,5.243344273594E-32,2.289834988289E-16));
#314 = DIRECTION('',(-2.080052407982E-46,1.,-2.289834988289E-16));
#315 = DEFINITIONAL_REPRESENTATION('',(#316),#320);
#316 = LINE('',#317,#318);
#317 = CARTESIAN_POINT('',(6.28318530718,0.));
#318 = VECTOR('',#319,1.);
#319 = DIRECTION('',(-1.,0.));
#320 = ( GEOMETRIC_REPRESENTATION_CONTEXT(2) 
PARAMETRIC_REPRESENTATION_CONTEXT() REPRESENTATION_CONTEXT('2D SPACE',''
  ) );
#321 = ORIENTED_EDGE('',*,*,#322,.T.);
#322 = EDGE_CURVE('',#294,#323,#325,.T.);
#323 = VERTEX_POINT('',#324);
#324 = CARTESIAN_POINT('',(-1.675,1.35,0.31));
#325 = SURFACE_CURVE('',#326,(#330,#337),.PCURVE_S1.);
#326 = LINE('',#327,#328);
#327 = CARTESIAN_POINT('',(-1.675,1.35,0.31));
#328 = VECTOR('',#329,1.);
#329 = DIRECTION('',(2.289834988289E-16,2.289834988289E-16,1.));
#330 = PCURVE('',#100,#331);
#331 = DEFINITIONAL_REPRESENTATION('',(#332),#336);
#332 = LINE('',#333,#334);
#333 = CARTESIAN_POINT('',(0.104220924602,0.139499768985));
#334 = VECTOR('',#335,1.);
#335 = DIRECTION('',(2.289834988289E-16,1.));
#336 = ( GEOMETRIC_REPRESENTATION_CONTEXT(2) 
PARAMETRIC_REPRESENTATION_CONTEXT() REPRESENTATION_CONTEXT('2D SPACE',''
  ) );
#337 = PCURVE('',#338,#343);
#338 = PLANE('',#339);
#339 = AXIS2_PLACEMENT_3D('',#340,#341,#342);
#340 = CARTESIAN_POINT('',(-1.825,1.35,0.31));
#341 = DIRECTION('',(0.,1.,-2.289834988289E-16));
#342 = DIRECTION('',(-2.289834988289E-16,-2.289834988289E-16,-1.));
#343 = DEFINITIONAL_REPRESENTATION('',(#344),#348);
#344 = LINE('',#345,#346);
#345 = CARTESIAN_POINT('',(-3.434752482434E-17,-0.15));
#346 = VECTOR('',#347,1.);
#347 = DIRECTION('',(-1.,0.));
#348 = ( GEOMETRIC_REPRESENTATION_CONTEXT(2) 
PARAMETRIC_REPRESENTATION_CONTEXT() REPRESENTATION_CONTEXT('2D SPACE',''
  ) );
#349 = ORIENTED_EDGE('',*,*,#350,.T.);
#350 = EDGE_CURVE('',#323,#351,#353,.T.);
#351 = VERTEX_POINT('',#352);
#352 = CARTESIAN_POINT('',(-1.675,1.,0.31));
#353 = SURFACE_CURVE('',#354,(#358,#365),.PCURVE_S1.);
#354 = LINE('',#355,#356);
#355 = CARTESIAN_POINT('',(-1.675,0.694863,0.31));
#356 = VECTOR('',#357,1.);
#357 = DIRECTION('',(-2.804146475864E-32,-1.,1.065228634467E-16));
#358 = PCURVE('',#100,#359);
#359 = DEFINITIONAL_REPRESENTATION('',(#360),#364);
#360 = LINE('',#361,#362);
#361 = CARTESIAN_POINT('',(-0.550916075398,0.139499768985));
#362 = VECTOR('',#363,1.);
#363 = DIRECTION('',(-1.,1.065228634467E-16));
#364 = ( GEOMETRIC_REPRESENTATION_CONTEXT(2) 
PARAMETRIC_REPRESENTATION_CONTEXT() REPRESENTATION_CONTEXT('2D SPACE',''
  ) );
#365 = PCURVE('',#366,#371);
#366 = B_SPLINE_SURFACE_WITH_KNOTS('',1,1,(
    (#367,#368)
    ,(#369,#370
    )),.UNSPECIFIED.,.F.,.F.,.F.,(2,2),(2,2),(-0.655137,-0.305137),(0.,
    1.),.PIECEWISE_BEZIER_KNOTS.);
#367 = CARTESIAN_POINT('',(-1.825,1.35,0.31));
#368 = CARTESIAN_POINT('',(-1.675,1.35,0.31));
#369 = CARTESIAN_POINT('',(-1.825,1.,0.31));
#370 = CARTESIAN_POINT('',(-1.675,1.,0.31));
#371 = DEFINITIONAL_REPRESENTATION('',(#372),#376);
#372 = LINE('',#373,#374);
#373 = CARTESIAN_POINT('',(0.,1.));
#374 = VECTOR('',#375,1.);
#375 = DIRECTION('',(1.,0.));
#376 = ( GEOMETRIC_REPRESENTATION_CONTEXT(2) 
PARAMETRIC_REPRESENTATION_CONTEXT() REPRESENTATION_CONTEXT('2D SPACE',''
  ) );
#377 = ORIENTED_EDGE('',*,*,#378,.T.);
#378 = EDGE_CURVE('',#351,#90,#379,.T.);
#379 = SURFACE_CURVE('',#380,(#384,#391),.PCURVE_S1.);
#380 = LINE('',#381,#382);
#381 = CARTESIAN_POINT('',(-1.675,1.,0.841614));
#382 = VECTOR('',#383,1.);
#383 = DIRECTION('',(-2.289834988289E-16,-1.065228634467E-16,-1.));
#384 = PCURVE('',#100,#385);
#385 = DEFINITIONAL_REPRESENTATION('',(#386),#390);
#386 = LINE('',#387,#388);
#387 = CARTESIAN_POINT('',(-0.245779075398,0.671113768985));
#388 = VECTOR('',#389,1.);
#389 = DIRECTION('',(-1.065228634467E-16,-1.));
#390 = ( GEOMETRIC_REPRESENTATION_CONTEXT(2) 
PARAMETRIC_REPRESENTATION_CONTEXT() REPRESENTATION_CONTEXT('2D SPACE',''
  ) );
#391 = PCURVE('',#392,#397);
#392 = B_SPLINE_SURFACE_WITH_KNOTS('',1,1,(
    (#393,#394)
    ,(#395,#396
    )),.UNSPECIFIED.,.F.,.F.,.F.,(2,2),(2,2),(0.531614,0.761614),(0.,1.)
  ,.PIECEWISE_BEZIER_KNOTS.);
#393 = CARTESIAN_POINT('',(-1.825,1.,0.31));
#394 = CARTESIAN_POINT('',(-1.675,1.,0.31));
#395 = CARTESIAN_POINT('',(-1.825,1.,8.E-02));
#396 = CARTESIAN_POINT('',(-1.675,1.,8.E-02));
#397 = DEFINITIONAL_REPRESENTATION('',(#398),#402);
#398 = LINE('',#399,#400);
#399 = CARTESIAN_POINT('',(0.,1.));
#400 = VECTOR('',#401,1.);
#401 = DIRECTION('',(1.,0.));
#402 = ( GEOMETRIC_REPRESENTATION_CONTEXT(2) 
PARAMETRIC_REPRESENTATION_CONTEXT() REPRESENTATION_CONTEXT('2D SPACE',''
  ) );
#403 = ADVANCED_FACE('',(#404),#112,.F.);
#404 = FACE_BOUND('',#405,.T.);
#405 = EDGE_LOOP('',(#406,#428,#456,#477));
#406 = ORIENTED_EDGE('',*,*,#407,.T.);
#407 = EDGE_CURVE('',#90,#408,#410,.T.);
#408 = VERTEX_POINT('',#409);
#409 = CARTESIAN_POINT('',(-1.825,1.,8.E-02));
#410 = SURFACE_CURVE('',#411,(#415,#422),.PCURVE_S1.);
#411 = LINE('',#412,#413);
#412 = CARTESIAN_POINT('',(5.,1.,8.E-02));
#413 = VECTOR('',#414,1.);
#414 = DIRECTION('',(-1.,5.243344273594E-32,2.289834988289E-16));
#415 = PCURVE('',#112,#416);
#416 = DEFINITIONAL_REPRESENTATION('',(#417),#421);
#417 = LINE('',#418,#419);
#418 = CARTESIAN_POINT('',(-1.339222645935E-03,-6.675));
#419 = VECTOR('',#420,1.);
#420 = DIRECTION('',(0.,1.));
#421 = ( GEOMETRIC_REPRESENTATION_CONTEXT(2) 
PARAMETRIC_REPRESENTATION_CONTEXT() REPRESENTATION_CONTEXT('2D SPACE',''
  ) );
#422 = PCURVE('',#392,#423);
#423 = DEFINITIONAL_REPRESENTATION('',(#424),#427);
#424 = B_SPLINE_CURVE_WITH_KNOTS('',1,(#425,#426),.UNSPECIFIED.,.F.,.F.,
  (2,2),(6.675,6.825),.PIECEWISE_BEZIER_KNOTS.);
#425 = CARTESIAN_POINT('',(0.761614,1.));
#426 = CARTESIAN_POINT('',(0.761614,0.));
#427 = ( GEOMETRIC_REPRESENTATION_CONTEXT(2) 
PARAMETRIC_REPRESENTATION_CONTEXT() REPRESENTATION_CONTEXT('2D SPACE',''
  ) );
#428 = ORIENTED_EDGE('',*,*,#429,.T.);
#429 = EDGE_CURVE('',#408,#430,#432,.T.);
#430 = VERTEX_POINT('',#431);
#431 = CARTESIAN_POINT('',(-1.825,1.,7.866077735406E-02));
#432 = SURFACE_CURVE('',#433,(#437,#444),.PCURVE_S1.);
#433 = LINE('',#434,#435);
#434 = CARTESIAN_POINT('',(-1.825,1.,0.841614));
#435 = VECTOR('',#436,1.);
#436 = DIRECTION('',(-2.289834988289E-16,-1.065228634467E-16,-1.));
#437 = PCURVE('',#112,#438);
#438 = DEFINITIONAL_REPRESENTATION('',(#439),#443);
#439 = LINE('',#440,#441);
#440 = CARTESIAN_POINT('',(-0.762953222646,0.15));
#441 = VECTOR('',#442,1.);
#442 = DIRECTION('',(1.,0.));
#443 = ( GEOMETRIC_REPRESENTATION_CONTEXT(2) 
PARAMETRIC_REPRESENTATION_CONTEXT() REPRESENTATION_CONTEXT('2D SPACE',''
  ) );
#444 = PCURVE('',#445,#450);
#445 = PLANE('',#446);
#446 = AXIS2_PLACEMENT_3D('',#447,#448,#449);
#447 = CARTESIAN_POINT('',(-1.825,3.624702236056,-0.833697738616));
#448 = DIRECTION('',(1.,-5.243344273594E-32,-2.289834988289E-16));
#449 = DIRECTION('',(-2.080052407982E-46,1.,-2.289834988289E-16));
#450 = DEFINITIONAL_REPRESENTATION('',(#451),#455);
#451 = LINE('',#452,#453);
#452 = CARTESIAN_POINT('',(-2.624702236056,1.675311738616));
#453 = VECTOR('',#454,1.);
#454 = DIRECTION('',(1.224606353822E-16,-1.));
#455 = ( GEOMETRIC_REPRESENTATION_CONTEXT(2) 
PARAMETRIC_REPRESENTATION_CONTEXT() REPRESENTATION_CONTEXT('2D SPACE',''
  ) );
#456 = ORIENTED_EDGE('',*,*,#457,.F.);
#457 = EDGE_CURVE('',#92,#430,#458,.T.);
#458 = SURFACE_CURVE('',#459,(#463,#470),.PCURVE_S1.);
#459 = LINE('',#460,#461);
#460 = CARTESIAN_POINT('',(5.,1.,7.866077735406E-02));
#461 = VECTOR('',#462,1.);
#462 = DIRECTION('',(-1.,5.243344273594E-32,2.289834988289E-16));
#463 = PCURVE('',#112,#464);
#464 = DEFINITIONAL_REPRESENTATION('',(#465),#469);
#465 = LINE('',#466,#467);
#466 = CARTESIAN_POINT('',(-1.268082860939E-16,-6.675));
#467 = VECTOR('',#468,1.);
#468 = DIRECTION('',(0.,1.));
#469 = ( GEOMETRIC_REPRESENTATION_CONTEXT(2) 
PARAMETRIC_REPRESENTATION_CONTEXT() REPRESENTATION_CONTEXT('2D SPACE',''
  ) );
#470 = PCURVE('',#140,#471);
#471 = DEFINITIONAL_REPRESENTATION('',(#472),#476);
#472 = LINE('',#473,#474);
#473 = CARTESIAN_POINT('',(5.833781539828E-02,-6.825));
#474 = VECTOR('',#475,1.);
#475 = DIRECTION('',(9.244463733059E-32,1.));
#476 = ( GEOMETRIC_REPRESENTATION_CONTEXT(2) 
PARAMETRIC_REPRESENTATION_CONTEXT() REPRESENTATION_CONTEXT('2D SPACE',''
  ) );
#477 = ORIENTED_EDGE('',*,*,#89,.F.);
#478 = ADVANCED_FACE('',(#479),#445,.F.);
#479 = FACE_BOUND('',#480,.T.);
#480 = EDGE_LOOP('',(#481,#506,#530,#553,#576,#599,#622,#646,#667,#668,
    #691));
#481 = ORIENTED_EDGE('',*,*,#482,.F.);
#482 = EDGE_CURVE('',#483,#485,#487,.T.);
#483 = VERTEX_POINT('',#484);
#484 = CARTESIAN_POINT('',(-1.825,1.35,0.16));
#485 = VERTEX_POINT('',#486);
#486 = CARTESIAN_POINT('',(-1.825,1.35,0.31));
#487 = SURFACE_CURVE('',#488,(#492,#499),.PCURVE_S1.);
#488 = LINE('',#489,#490);
#489 = CARTESIAN_POINT('',(-1.825,1.35,0.31));
#490 = VECTOR('',#491,1.);
#491 = DIRECTION('',(2.289834988289E-16,2.289834988289E-16,1.));
#492 = PCURVE('',#445,#493);
#493 = DEFINITIONAL_REPRESENTATION('',(#494),#498);
#494 = LINE('',#495,#496);
#495 = CARTESIAN_POINT('',(-2.274702236056,1.143697738616));
#496 = VECTOR('',#497,1.);
#497 = DIRECTION('',(0.,1.));
#498 = ( GEOMETRIC_REPRESENTATION_CONTEXT(2) 
PARAMETRIC_REPRESENTATION_CONTEXT() REPRESENTATION_CONTEXT('2D SPACE',''
  ) );
#499 = PCURVE('',#338,#500);
#500 = DEFINITIONAL_REPRESENTATION('',(#501),#505);
#501 = LINE('',#502,#503);
#502 = CARTESIAN_POINT('',(-0.,0.));
#503 = VECTOR('',#504,1.);
#504 = DIRECTION('',(-1.,0.));
#505 = ( GEOMETRIC_REPRESENTATION_CONTEXT(2) 
PARAMETRIC_REPRESENTATION_CONTEXT() REPRESENTATION_CONTEXT('2D SPACE',''
  ) );
#506 = ORIENTED_EDGE('',*,*,#507,.T.);
#507 = EDGE_CURVE('',#483,#508,#510,.T.);
#508 = VERTEX_POINT('',#509);
#509 = CARTESIAN_POINT('',(-1.825,1.3,0.11));
#510 = SURFACE_CURVE('',#511,(#516,#523),.PCURVE_S1.);
#511 = CIRCLE('',#512,5.E-02);
#512 = AXIS2_PLACEMENT_3D('',#513,#514,#515);
#513 = CARTESIAN_POINT('',(-1.825,1.35,0.11));
#514 = DIRECTION('',(1.,-5.243344273594E-32,-2.289834988289E-16));
#515 = DIRECTION('',(-2.080052407982E-46,1.,-2.289834988289E-16));
#516 = PCURVE('',#445,#517);
#517 = DEFINITIONAL_REPRESENTATION('',(#518),#522);
#518 = CIRCLE('',#519,5.E-02);
#519 = AXIS2_PLACEMENT_2D('',#520,#521);
#520 = CARTESIAN_POINT('',(-2.274702236056,0.943697738616));
#521 = DIRECTION('',(1.,0.));
#522 = ( GEOMETRIC_REPRESENTATION_CONTEXT(2) 
PARAMETRIC_REPRESENTATION_CONTEXT() REPRESENTATION_CONTEXT('2D SPACE',''
  ) );
#523 = PCURVE('',#310,#524);
#524 = DEFINITIONAL_REPRESENTATION('',(#525),#529);
#525 = LINE('',#526,#527);
#526 = CARTESIAN_POINT('',(6.28318530718,0.15));
#527 = VECTOR('',#528,1.);
#528 = DIRECTION('',(-1.,0.));
#529 = ( GEOMETRIC_REPRESENTATION_CONTEXT(2) 
PARAMETRIC_REPRESENTATION_CONTEXT() REPRESENTATION_CONTEXT('2D SPACE',''
  ) );
#530 = ORIENTED_EDGE('',*,*,#531,.T.);
#531 = EDGE_CURVE('',#508,#532,#534,.T.);
#532 = VERTEX_POINT('',#533);
#533 = CARTESIAN_POINT('',(-1.825,1.3,5.E-02));
#534 = SURFACE_CURVE('',#535,(#539,#546),.PCURVE_S1.);
#535 = LINE('',#536,#537);
#536 = CARTESIAN_POINT('',(-1.825,1.3,0.11));
#537 = VECTOR('',#538,1.);
#538 = DIRECTION('',(-2.289834988289E-16,-2.289834988289E-16,-1.));
#539 = PCURVE('',#445,#540);
#540 = DEFINITIONAL_REPRESENTATION('',(#541),#545);
#541 = LINE('',#542,#543);
#542 = CARTESIAN_POINT('',(-2.324702236056,0.943697738616));
#543 = VECTOR('',#544,1.);
#544 = DIRECTION('',(0.,-1.));
#545 = ( GEOMETRIC_REPRESENTATION_CONTEXT(2) 
PARAMETRIC_REPRESENTATION_CONTEXT() REPRESENTATION_CONTEXT('2D SPACE',''
  ) );
#546 = PCURVE('',#281,#547);
#547 = DEFINITIONAL_REPRESENTATION('',(#548),#552);
#548 = LINE('',#549,#550);
#549 = CARTESIAN_POINT('',(3.434752482434E-17,-0.15));
#550 = VECTOR('',#551,1.);
#551 = DIRECTION('',(1.,0.));
#552 = ( GEOMETRIC_REPRESENTATION_CONTEXT(2) 
PARAMETRIC_REPRESENTATION_CONTEXT() REPRESENTATION_CONTEXT('2D SPACE',''
  ) );
#553 = ORIENTED_EDGE('',*,*,#554,.T.);
#554 = EDGE_CURVE('',#532,#555,#557,.T.);
#555 = VERTEX_POINT('',#556);
#556 = CARTESIAN_POINT('',(-1.825,1.25,-1.110223024625E-16));
#557 = SURFACE_CURVE('',#558,(#562,#569),.PCURVE_S1.);
#558 = LINE('',#559,#560);
#559 = CARTESIAN_POINT('',(-1.825,1.3,5.E-02));
#560 = VECTOR('',#561,1.);
#561 = DIRECTION('',(-1.619157848018E-16,-0.707106781187,-0.707106781186
    ));
#562 = PCURVE('',#445,#563);
#563 = DEFINITIONAL_REPRESENTATION('',(#564),#568);
#564 = LINE('',#565,#566);
#565 = CARTESIAN_POINT('',(-2.324702236056,0.883697738616));
#566 = VECTOR('',#567,1.);
#567 = DIRECTION('',(-0.707106781187,-0.707106781186));
#568 = ( GEOMETRIC_REPRESENTATION_CONTEXT(2) 
PARAMETRIC_REPRESENTATION_CONTEXT() REPRESENTATION_CONTEXT('2D SPACE',''
  ) );
#569 = PCURVE('',#253,#570);
#570 = DEFINITIONAL_REPRESENTATION('',(#571),#575);
#571 = LINE('',#572,#573);
#572 = CARTESIAN_POINT('',(1.447428985349E-17,-0.15));
#573 = VECTOR('',#574,1.);
#574 = DIRECTION('',(1.,7.395570986447E-32));
#575 = ( GEOMETRIC_REPRESENTATION_CONTEXT(2) 
PARAMETRIC_REPRESENTATION_CONTEXT() REPRESENTATION_CONTEXT('2D SPACE',''
  ) );
#576 = ORIENTED_EDGE('',*,*,#577,.F.);
#577 = EDGE_CURVE('',#578,#555,#580,.T.);
#578 = VERTEX_POINT('',#579);
#579 = CARTESIAN_POINT('',(-1.825,0.92,-3.330669073875E-16));
#580 = SURFACE_CURVE('',#581,(#585,#592),.PCURVE_S1.);
#581 = LINE('',#582,#583);
#582 = CARTESIAN_POINT('',(-1.825,0.92,-3.330669073875E-16));
#583 = VECTOR('',#584,1.);
#584 = DIRECTION('',(0.,1.,-2.289834988289E-16));
#585 = PCURVE('',#445,#586);
#586 = DEFINITIONAL_REPRESENTATION('',(#587),#591);
#587 = LINE('',#588,#589);
#588 = CARTESIAN_POINT('',(-2.704702236056,0.833697738616));
#589 = VECTOR('',#590,1.);
#590 = DIRECTION('',(1.,0.));
#591 = ( GEOMETRIC_REPRESENTATION_CONTEXT(2) 
PARAMETRIC_REPRESENTATION_CONTEXT() REPRESENTATION_CONTEXT('2D SPACE',''
  ) );
#592 = PCURVE('',#225,#593);
#593 = DEFINITIONAL_REPRESENTATION('',(#594),#598);
#594 = LINE('',#595,#596);
#595 = CARTESIAN_POINT('',(0.33,-5.473822126269E-48));
#596 = VECTOR('',#597,1.);
#597 = DIRECTION('',(-1.,0.));
#598 = ( GEOMETRIC_REPRESENTATION_CONTEXT(2) 
PARAMETRIC_REPRESENTATION_CONTEXT() REPRESENTATION_CONTEXT('2D SPACE',''
  ) );
#599 = ORIENTED_EDGE('',*,*,#600,.T.);
#600 = EDGE_CURVE('',#578,#601,#603,.T.);
#601 = VERTEX_POINT('',#602);
#602 = CARTESIAN_POINT('',(-1.825,0.92,3.619548911246E-02));
#603 = SURFACE_CURVE('',#604,(#608,#615),.PCURVE_S1.);
#604 = LINE('',#605,#606);
#605 = CARTESIAN_POINT('',(-1.825,0.92,-3.330669073875E-16));
#606 = VECTOR('',#607,1.);
#607 = DIRECTION('',(2.289834988289E-16,2.289834988289E-16,1.));
#608 = PCURVE('',#445,#609);
#609 = DEFINITIONAL_REPRESENTATION('',(#610),#614);
#610 = LINE('',#611,#612);
#611 = CARTESIAN_POINT('',(-2.704702236056,0.833697738616));
#612 = VECTOR('',#613,1.);
#613 = DIRECTION('',(0.,1.));
#614 = ( GEOMETRIC_REPRESENTATION_CONTEXT(2) 
PARAMETRIC_REPRESENTATION_CONTEXT() REPRESENTATION_CONTEXT('2D SPACE',''
  ) );
#615 = PCURVE('',#197,#616);
#616 = DEFINITIONAL_REPRESENTATION('',(#617),#621);
#617 = LINE('',#618,#619);
#618 = CARTESIAN_POINT('',(-3.434752482434E-17,-0.15));
#619 = VECTOR('',#620,1.);
#620 = DIRECTION('',(1.,0.));
#621 = ( GEOMETRIC_REPRESENTATION_CONTEXT(2) 
PARAMETRIC_REPRESENTATION_CONTEXT() REPRESENTATION_CONTEXT('2D SPACE',''
  ) );
#622 = ORIENTED_EDGE('',*,*,#623,.F.);
#623 = EDGE_CURVE('',#624,#601,#626,.T.);
#624 = VERTEX_POINT('',#625);
#625 = CARTESIAN_POINT('',(-1.825,0.943186633611,6.541154699934E-02));
#626 = SURFACE_CURVE('',#627,(#632,#639),.PCURVE_S1.);
#627 = CIRCLE('',#628,3.E-02);
#628 = AXIS2_PLACEMENT_3D('',#629,#630,#631);
#629 = CARTESIAN_POINT('',(-1.825,0.95,3.619548911246E-02));
#630 = DIRECTION('',(1.,-5.243344273594E-32,-2.289834988289E-16));
#631 = DIRECTION('',(-2.080052407982E-46,1.,-2.289834988289E-16));
#632 = PCURVE('',#445,#633);
#633 = DEFINITIONAL_REPRESENTATION('',(#634),#638);
#634 = CIRCLE('',#635,3.E-02);
#635 = AXIS2_PLACEMENT_2D('',#636,#637);
#636 = CARTESIAN_POINT('',(-2.674702236056,0.869893227728));
#637 = DIRECTION('',(1.,0.));
#638 = ( GEOMETRIC_REPRESENTATION_CONTEXT(2) 
PARAMETRIC_REPRESENTATION_CONTEXT() REPRESENTATION_CONTEXT('2D SPACE',''
  ) );
#639 = PCURVE('',#169,#640);
#640 = DEFINITIONAL_REPRESENTATION('',(#641),#645);
#641 = LINE('',#642,#643);
#642 = CARTESIAN_POINT('',(6.28318530718,0.15));
#643 = VECTOR('',#644,1.);
#644 = DIRECTION('',(-1.,0.));
#645 = ( GEOMETRIC_REPRESENTATION_CONTEXT(2) 
PARAMETRIC_REPRESENTATION_CONTEXT() REPRESENTATION_CONTEXT('2D SPACE',''
  ) );
#646 = ORIENTED_EDGE('',*,*,#647,.T.);
#647 = EDGE_CURVE('',#624,#430,#648,.T.);
#648 = SURFACE_CURVE('',#649,(#653,#660),.PCURVE_S1.);
#649 = LINE('',#650,#651);
#650 = CARTESIAN_POINT('',(-1.825,0.943186633611,6.541154699934E-02));
#651 = VECTOR('',#652,1.);
#652 = DIRECTION('',(5.200494915182E-17,0.973868596229,0.227112212966));
#653 = PCURVE('',#445,#654);
#654 = DEFINITIONAL_REPRESENTATION('',(#655),#659);
#655 = LINE('',#656,#657);
#656 = CARTESIAN_POINT('',(-2.681515602445,0.899109285615));
#657 = VECTOR('',#658,1.);
#658 = DIRECTION('',(0.973868596229,0.227112212966));
#659 = ( GEOMETRIC_REPRESENTATION_CONTEXT(2) 
PARAMETRIC_REPRESENTATION_CONTEXT() REPRESENTATION_CONTEXT('2D SPACE',''
  ) );
#660 = PCURVE('',#140,#661);
#661 = DEFINITIONAL_REPRESENTATION('',(#662),#666);
#662 = LINE('',#663,#664);
#663 = CARTESIAN_POINT('',(0.,0.));
#664 = VECTOR('',#665,1.);
#665 = DIRECTION('',(1.,-3.697785493223E-32));
#666 = ( GEOMETRIC_REPRESENTATION_CONTEXT(2) 
PARAMETRIC_REPRESENTATION_CONTEXT() REPRESENTATION_CONTEXT('2D SPACE',''
  ) );
#667 = ORIENTED_EDGE('',*,*,#429,.F.);
#668 = ORIENTED_EDGE('',*,*,#669,.F.);
#669 = EDGE_CURVE('',#670,#408,#672,.T.);
#670 = VERTEX_POINT('',#671);
#671 = CARTESIAN_POINT('',(-1.825,1.,0.31));
#672 = SURFACE_CURVE('',#673,(#677,#684),.PCURVE_S1.);
#673 = LINE('',#674,#675);
#674 = CARTESIAN_POINT('',(-1.825,1.,0.841614));
#675 = VECTOR('',#676,1.);
#676 = DIRECTION('',(-2.289834988289E-16,-1.065228634467E-16,-1.));
#677 = PCURVE('',#445,#678);
#678 = DEFINITIONAL_REPRESENTATION('',(#679),#683);
#679 = LINE('',#680,#681);
#680 = CARTESIAN_POINT('',(-2.624702236056,1.675311738616));
#681 = VECTOR('',#682,1.);
#682 = DIRECTION('',(1.224606353822E-16,-1.));
#683 = ( GEOMETRIC_REPRESENTATION_CONTEXT(2) 
PARAMETRIC_REPRESENTATION_CONTEXT() REPRESENTATION_CONTEXT('2D SPACE',''
  ) );
#684 = PCURVE('',#392,#685);
#685 = DEFINITIONAL_REPRESENTATION('',(#686),#690);
#686 = LINE('',#687,#688);
#687 = CARTESIAN_POINT('',(0.,0.));
#688 = VECTOR('',#689,1.);
#689 = DIRECTION('',(1.,0.));
#690 = ( GEOMETRIC_REPRESENTATION_CONTEXT(2) 
PARAMETRIC_REPRESENTATION_CONTEXT() REPRESENTATION_CONTEXT('2D SPACE',''
  ) );
#691 = ORIENTED_EDGE('',*,*,#692,.F.);
#692 = EDGE_CURVE('',#485,#670,#693,.T.);
#693 = SURFACE_CURVE('',#694,(#698,#705),.PCURVE_S1.);
#694 = LINE('',#695,#696);
#695 = CARTESIAN_POINT('',(-1.825,0.694863,0.31));
#696 = VECTOR('',#697,1.);
#697 = DIRECTION('',(-2.804146475864E-32,-1.,1.065228634467E-16));
#698 = PCURVE('',#445,#699);
#699 = DEFINITIONAL_REPRESENTATION('',(#700),#704);
#700 = LINE('',#701,#702);
#701 = CARTESIAN_POINT('',(-2.929839236056,1.143697738616));
#702 = VECTOR('',#703,1.);
#703 = DIRECTION('',(-1.,-1.224606353822E-16));
#704 = ( GEOMETRIC_REPRESENTATION_CONTEXT(2) 
PARAMETRIC_REPRESENTATION_CONTEXT() REPRESENTATION_CONTEXT('2D SPACE',''
  ) );
#705 = PCURVE('',#366,#706);
#706 = DEFINITIONAL_REPRESENTATION('',(#707),#711);
#707 = LINE('',#708,#709);
#708 = CARTESIAN_POINT('',(0.,0.));
#709 = VECTOR('',#710,1.);
#710 = DIRECTION('',(1.,0.));
#711 = ( GEOMETRIC_REPRESENTATION_CONTEXT(2) 
PARAMETRIC_REPRESENTATION_CONTEXT() REPRESENTATION_CONTEXT('2D SPACE',''
  ) );
#712 = ADVANCED_FACE('',(#713),#338,.T.);
#713 = FACE_BOUND('',#714,.T.);
#714 = EDGE_LOOP('',(#715,#735,#736,#757));
#715 = ORIENTED_EDGE('',*,*,#716,.F.);
#716 = EDGE_CURVE('',#323,#485,#717,.T.);
#717 = SURFACE_CURVE('',#718,(#722,#729),.PCURVE_S1.);
#718 = LINE('',#719,#720);
#719 = CARTESIAN_POINT('',(-3.5,1.35,0.31));
#720 = VECTOR('',#721,1.);
#721 = DIRECTION('',(-1.,5.243344273594E-32,2.289834988289E-16));
#722 = PCURVE('',#338,#723);
#723 = DEFINITIONAL_REPRESENTATION('',(#724),#728);
#724 = LINE('',#725,#726);
#725 = CARTESIAN_POINT('',(2.381948804864E-15,1.675));
#726 = VECTOR('',#727,1.);
#727 = DIRECTION('',(0.,1.));
#728 = ( GEOMETRIC_REPRESENTATION_CONTEXT(2) 
PARAMETRIC_REPRESENTATION_CONTEXT() REPRESENTATION_CONTEXT('2D SPACE',''
  ) );
#729 = PCURVE('',#366,#730);
#730 = DEFINITIONAL_REPRESENTATION('',(#731),#734);
#731 = B_SPLINE_CURVE_WITH_KNOTS('',1,(#732,#733),.UNSPECIFIED.,.F.,.F.,
  (2,2),(-1.825,-1.675),.PIECEWISE_BEZIER_KNOTS.);
#732 = CARTESIAN_POINT('',(-0.655137,1.));
#733 = CARTESIAN_POINT('',(-0.655137,0.));
#734 = ( GEOMETRIC_REPRESENTATION_CONTEXT(2) 
PARAMETRIC_REPRESENTATION_CONTEXT() REPRESENTATION_CONTEXT('2D SPACE',''
  ) );
#735 = ORIENTED_EDGE('',*,*,#322,.F.);
#736 = ORIENTED_EDGE('',*,*,#737,.F.);
#737 = EDGE_CURVE('',#483,#294,#738,.T.);
#738 = SURFACE_CURVE('',#739,(#743,#750),.PCURVE_S1.);
#739 = LINE('',#740,#741);
#740 = CARTESIAN_POINT('',(-1.825,1.35,0.16));
#741 = VECTOR('',#742,1.);
#742 = DIRECTION('',(1.,-5.243344273594E-32,-2.289834988289E-16));
#743 = PCURVE('',#338,#744);
#744 = DEFINITIONAL_REPRESENTATION('',(#745),#749);
#745 = LINE('',#746,#747);
#746 = CARTESIAN_POINT('',(0.15,-3.434752482434E-17));
#747 = VECTOR('',#748,1.);
#748 = DIRECTION('',(0.,-1.));
#749 = ( GEOMETRIC_REPRESENTATION_CONTEXT(2) 
PARAMETRIC_REPRESENTATION_CONTEXT() REPRESENTATION_CONTEXT('2D SPACE',''
  ) );
#750 = PCURVE('',#310,#751);
#751 = DEFINITIONAL_REPRESENTATION('',(#752),#756);
#752 = LINE('',#753,#754);
#753 = CARTESIAN_POINT('',(4.712388980385,0.15));
#754 = VECTOR('',#755,1.);
#755 = DIRECTION('',(0.,-1.));
#756 = ( GEOMETRIC_REPRESENTATION_CONTEXT(2) 
PARAMETRIC_REPRESENTATION_CONTEXT() REPRESENTATION_CONTEXT('2D SPACE',''
  ) );
#757 = ORIENTED_EDGE('',*,*,#482,.T.);
#758 = ADVANCED_FACE('',(#759),#140,.T.);
#759 = FACE_BOUND('',#760,.T.);
#760 = EDGE_LOOP('',(#761,#782,#783,#784));
#761 = ORIENTED_EDGE('',*,*,#762,.F.);
#762 = EDGE_CURVE('',#125,#624,#763,.T.);
#763 = SURFACE_CURVE('',#764,(#768,#775),.PCURVE_S1.);
#764 = LINE('',#765,#766);
#765 = CARTESIAN_POINT('',(-1.675,0.943186633611,6.541154699934E-02));
#766 = VECTOR('',#767,1.);
#767 = DIRECTION('',(-1.,5.243344273594E-32,2.289834988289E-16));
#768 = PCURVE('',#140,#769);
#769 = DEFINITIONAL_REPRESENTATION('',(#770),#774);
#770 = LINE('',#771,#772);
#771 = CARTESIAN_POINT('',(1.497112172552E-18,-0.15));
#772 = VECTOR('',#773,1.);
#773 = DIRECTION('',(9.244463733059E-32,1.));
#774 = ( GEOMETRIC_REPRESENTATION_CONTEXT(2) 
PARAMETRIC_REPRESENTATION_CONTEXT() REPRESENTATION_CONTEXT('2D SPACE',''
  ) );
#775 = PCURVE('',#169,#776);
#776 = DEFINITIONAL_REPRESENTATION('',(#777),#781);
#777 = LINE('',#778,#779);
#778 = CARTESIAN_POINT('',(4.483277601658,0.));
#779 = VECTOR('',#780,1.);
#780 = DIRECTION('',(0.,1.));
#781 = ( GEOMETRIC_REPRESENTATION_CONTEXT(2) 
PARAMETRIC_REPRESENTATION_CONTEXT() REPRESENTATION_CONTEXT('2D SPACE',''
  ) );
#782 = ORIENTED_EDGE('',*,*,#124,.T.);
#783 = ORIENTED_EDGE('',*,*,#457,.T.);
#784 = ORIENTED_EDGE('',*,*,#647,.F.);
#785 = ADVANCED_FACE('',(#786),#169,.T.);
#786 = FACE_BOUND('',#787,.T.);
#787 = EDGE_LOOP('',(#788,#789,#790,#811));
#788 = ORIENTED_EDGE('',*,*,#762,.T.);
#789 = ORIENTED_EDGE('',*,*,#623,.T.);
#790 = ORIENTED_EDGE('',*,*,#791,.F.);
#791 = EDGE_CURVE('',#153,#601,#792,.T.);
#792 = SURFACE_CURVE('',#793,(#797,#804),.PCURVE_S1.);
#793 = LINE('',#794,#795);
#794 = CARTESIAN_POINT('',(-1.675,0.92,3.619548911246E-02));
#795 = VECTOR('',#796,1.);
#796 = DIRECTION('',(-1.,5.243344273594E-32,2.289834988289E-16));
#797 = PCURVE('',#169,#798);
#798 = DEFINITIONAL_REPRESENTATION('',(#799),#803);
#799 = LINE('',#800,#801);
#800 = CARTESIAN_POINT('',(3.14159265359,0.));
#801 = VECTOR('',#802,1.);
#802 = DIRECTION('',(0.,1.));
#803 = ( GEOMETRIC_REPRESENTATION_CONTEXT(2) 
PARAMETRIC_REPRESENTATION_CONTEXT() REPRESENTATION_CONTEXT('2D SPACE',''
  ) );
#804 = PCURVE('',#197,#805);
#805 = DEFINITIONAL_REPRESENTATION('',(#806),#810);
#806 = LINE('',#807,#808);
#807 = CARTESIAN_POINT('',(3.619548911246E-02,-8.288169738796E-18));
#808 = VECTOR('',#809,1.);
#809 = DIRECTION('',(0.,-1.));
#810 = ( GEOMETRIC_REPRESENTATION_CONTEXT(2) 
PARAMETRIC_REPRESENTATION_CONTEXT() REPRESENTATION_CONTEXT('2D SPACE',''
  ) );
#811 = ORIENTED_EDGE('',*,*,#152,.F.);
#812 = ADVANCED_FACE('',(#813),#197,.F.);
#813 = FACE_BOUND('',#814,.T.);
#814 = EDGE_LOOP('',(#815,#816,#817,#838));
#815 = ORIENTED_EDGE('',*,*,#791,.T.);
#816 = ORIENTED_EDGE('',*,*,#600,.F.);
#817 = ORIENTED_EDGE('',*,*,#818,.T.);
#818 = EDGE_CURVE('',#578,#182,#819,.T.);
#819 = SURFACE_CURVE('',#820,(#824,#831),.PCURVE_S1.);
#820 = LINE('',#821,#822);
#821 = CARTESIAN_POINT('',(-1.825,0.92,-3.330669073875E-16));
#822 = VECTOR('',#823,1.);
#823 = DIRECTION('',(1.,-5.243344273594E-32,-2.289834988289E-16));
#824 = PCURVE('',#197,#825);
#825 = DEFINITIONAL_REPRESENTATION('',(#826),#830);
#826 = LINE('',#827,#828);
#827 = CARTESIAN_POINT('',(-3.434752482434E-17,-0.15));
#828 = VECTOR('',#829,1.);
#829 = DIRECTION('',(0.,1.));
#830 = ( GEOMETRIC_REPRESENTATION_CONTEXT(2) 
PARAMETRIC_REPRESENTATION_CONTEXT() REPRESENTATION_CONTEXT('2D SPACE',''
  ) );
#831 = PCURVE('',#225,#832);
#832 = DEFINITIONAL_REPRESENTATION('',(#833),#837);
#833 = LINE('',#834,#835);
#834 = CARTESIAN_POINT('',(0.33,-5.473822126269E-48));
#835 = VECTOR('',#836,1.);
#836 = DIRECTION('',(-2.080052407982E-46,-1.));
#837 = ( GEOMETRIC_REPRESENTATION_CONTEXT(2) 
PARAMETRIC_REPRESENTATION_CONTEXT() REPRESENTATION_CONTEXT('2D SPACE',''
  ) );
#838 = ORIENTED_EDGE('',*,*,#181,.T.);
#839 = ADVANCED_FACE('',(#840),#225,.T.);
#840 = FACE_BOUND('',#841,.T.);
#841 = EDGE_LOOP('',(#842,#863,#864,#865));
#842 = ORIENTED_EDGE('',*,*,#843,.F.);
#843 = EDGE_CURVE('',#210,#555,#844,.T.);
#844 = SURFACE_CURVE('',#845,(#849,#856),.PCURVE_S1.);
#845 = LINE('',#846,#847);
#846 = CARTESIAN_POINT('',(-1.675,1.25,-4.440892098501E-16));
#847 = VECTOR('',#848,1.);
#848 = DIRECTION('',(-1.,5.243344273594E-32,2.289834988289E-16));
#849 = PCURVE('',#225,#850);
#850 = DEFINITIONAL_REPRESENTATION('',(#851),#855);
#851 = LINE('',#852,#853);
#852 = CARTESIAN_POINT('',(-7.865016410391E-33,-0.15));
#853 = VECTOR('',#854,1.);
#854 = DIRECTION('',(2.080052407982E-46,1.));
#855 = ( GEOMETRIC_REPRESENTATION_CONTEXT(2) 
PARAMETRIC_REPRESENTATION_CONTEXT() REPRESENTATION_CONTEXT('2D SPACE',''
  ) );
#856 = PCURVE('',#253,#857);
#857 = DEFINITIONAL_REPRESENTATION('',(#858),#862);
#858 = LINE('',#859,#860);
#859 = CARTESIAN_POINT('',(7.071067811866E-02,1.144917494145E-17));
#860 = VECTOR('',#861,1.);
#861 = DIRECTION('',(-2.465190328816E-32,-1.));
#862 = ( GEOMETRIC_REPRESENTATION_CONTEXT(2) 
PARAMETRIC_REPRESENTATION_CONTEXT() REPRESENTATION_CONTEXT('2D SPACE',''
  ) );
#863 = ORIENTED_EDGE('',*,*,#209,.F.);
#864 = ORIENTED_EDGE('',*,*,#818,.F.);
#865 = ORIENTED_EDGE('',*,*,#577,.T.);
#866 = ADVANCED_FACE('',(#867),#253,.F.);
#867 = FACE_BOUND('',#868,.T.);
#868 = EDGE_LOOP('',(#869,#870,#871,#892));
#869 = ORIENTED_EDGE('',*,*,#843,.T.);
#870 = ORIENTED_EDGE('',*,*,#554,.F.);
#871 = ORIENTED_EDGE('',*,*,#872,.F.);
#872 = EDGE_CURVE('',#238,#532,#873,.T.);
#873 = SURFACE_CURVE('',#874,(#878,#885),.PCURVE_S1.);
#874 = LINE('',#875,#876);
#875 = CARTESIAN_POINT('',(-1.675,1.3,5.E-02));
#876 = VECTOR('',#877,1.);
#877 = DIRECTION('',(-1.,5.243344273594E-32,2.289834988289E-16));
#878 = PCURVE('',#253,#879);
#879 = DEFINITIONAL_REPRESENTATION('',(#880),#884);
#880 = LINE('',#881,#882);
#881 = CARTESIAN_POINT('',(-0.,0.));
#882 = VECTOR('',#883,1.);
#883 = DIRECTION('',(-2.465190328816E-32,-1.));
#884 = ( GEOMETRIC_REPRESENTATION_CONTEXT(2) 
PARAMETRIC_REPRESENTATION_CONTEXT() REPRESENTATION_CONTEXT('2D SPACE',''
  ) );
#885 = PCURVE('',#281,#886);
#886 = DEFINITIONAL_REPRESENTATION('',(#887),#891);
#887 = LINE('',#888,#889);
#888 = CARTESIAN_POINT('',(6.E-02,1.373900992974E-17));
#889 = VECTOR('',#890,1.);
#890 = DIRECTION('',(0.,-1.));
#891 = ( GEOMETRIC_REPRESENTATION_CONTEXT(2) 
PARAMETRIC_REPRESENTATION_CONTEXT() REPRESENTATION_CONTEXT('2D SPACE',''
  ) );
#892 = ORIENTED_EDGE('',*,*,#237,.T.);
#893 = ADVANCED_FACE('',(#894),#281,.F.);
#894 = FACE_BOUND('',#895,.T.);
#895 = EDGE_LOOP('',(#896,#897,#898,#919));
#896 = ORIENTED_EDGE('',*,*,#872,.T.);
#897 = ORIENTED_EDGE('',*,*,#531,.F.);
#898 = ORIENTED_EDGE('',*,*,#899,.F.);
#899 = EDGE_CURVE('',#266,#508,#900,.T.);
#900 = SURFACE_CURVE('',#901,(#905,#912),.PCURVE_S1.);
#901 = LINE('',#902,#903);
#902 = CARTESIAN_POINT('',(-1.675,1.3,0.11));
#903 = VECTOR('',#904,1.);
#904 = DIRECTION('',(-1.,5.243344273594E-32,2.289834988289E-16));
#905 = PCURVE('',#281,#906);
#906 = DEFINITIONAL_REPRESENTATION('',(#907),#911);
#907 = LINE('',#908,#909);
#908 = CARTESIAN_POINT('',(-0.,0.));
#909 = VECTOR('',#910,1.);
#910 = DIRECTION('',(0.,-1.));
#911 = ( GEOMETRIC_REPRESENTATION_CONTEXT(2) 
PARAMETRIC_REPRESENTATION_CONTEXT() REPRESENTATION_CONTEXT('2D SPACE',''
  ) );
#912 = PCURVE('',#310,#913);
#913 = DEFINITIONAL_REPRESENTATION('',(#914),#918);
#914 = LINE('',#915,#916);
#915 = CARTESIAN_POINT('',(3.14159265359,0.));
#916 = VECTOR('',#917,1.);
#917 = DIRECTION('',(-2.960594732334E-15,1.));
#918 = ( GEOMETRIC_REPRESENTATION_CONTEXT(2) 
PARAMETRIC_REPRESENTATION_CONTEXT() REPRESENTATION_CONTEXT('2D SPACE',''
  ) );
#919 = ORIENTED_EDGE('',*,*,#265,.T.);
#920 = ADVANCED_FACE('',(#921),#310,.F.);
#921 = FACE_BOUND('',#922,.F.);
#922 = EDGE_LOOP('',(#923,#924,#925,#926));
#923 = ORIENTED_EDGE('',*,*,#293,.F.);
#924 = ORIENTED_EDGE('',*,*,#737,.F.);
#925 = ORIENTED_EDGE('',*,*,#507,.T.);
#926 = ORIENTED_EDGE('',*,*,#899,.F.);
#927 = ADVANCED_FACE('',(#928),#392,.T.);
#928 = FACE_BOUND('',#929,.T.);
#929 = EDGE_LOOP('',(#930,#950,#951,#952));
#930 = ORIENTED_EDGE('',*,*,#931,.F.);
#931 = EDGE_CURVE('',#670,#351,#932,.T.);
#932 = SURFACE_CURVE('',#933,(#936,#943),.PCURVE_S1.);
#933 = B_SPLINE_CURVE_WITH_KNOTS('',1,(#934,#935),.UNSPECIFIED.,.F.,.F.,
  (2,2),(0.,1.),.PIECEWISE_BEZIER_KNOTS.);
#934 = CARTESIAN_POINT('',(-1.825,1.,0.31));
#935 = CARTESIAN_POINT('',(-1.675,1.,0.31));
#936 = PCURVE('',#392,#937);
#937 = DEFINITIONAL_REPRESENTATION('',(#938),#942);
#938 = LINE('',#939,#940);
#939 = CARTESIAN_POINT('',(0.531614,0.));
#940 = VECTOR('',#941,1.);
#941 = DIRECTION('',(0.,1.));
#942 = ( GEOMETRIC_REPRESENTATION_CONTEXT(2) 
PARAMETRIC_REPRESENTATION_CONTEXT() REPRESENTATION_CONTEXT('2D SPACE',''
  ) );
#943 = PCURVE('',#366,#944);
#944 = DEFINITIONAL_REPRESENTATION('',(#945),#949);
#945 = LINE('',#946,#947);
#946 = CARTESIAN_POINT('',(-0.305137,0.));
#947 = VECTOR('',#948,1.);
#948 = DIRECTION('',(0.,1.));
#949 = ( GEOMETRIC_REPRESENTATION_CONTEXT(2) 
PARAMETRIC_REPRESENTATION_CONTEXT() REPRESENTATION_CONTEXT('2D SPACE',''
  ) );
#950 = ORIENTED_EDGE('',*,*,#669,.T.);
#951 = ORIENTED_EDGE('',*,*,#407,.F.);
#952 = ORIENTED_EDGE('',*,*,#378,.F.);
#953 = ADVANCED_FACE('',(#954),#366,.T.);
#954 = FACE_BOUND('',#955,.T.);
#955 = EDGE_LOOP('',(#956,#957,#958,#959));
#956 = ORIENTED_EDGE('',*,*,#716,.T.);
#957 = ORIENTED_EDGE('',*,*,#692,.T.);
#958 = ORIENTED_EDGE('',*,*,#931,.T.);
#959 = ORIENTED_EDGE('',*,*,#350,.F.);
#960 = ( GEOMETRIC_REPRESENTATION_CONTEXT(3) 
GLOBAL_UNCERTAINTY_ASSIGNED_CONTEXT((#964)) GLOBAL_UNIT_ASSIGNED_CONTEXT
((#961,#962,#963)) REPRESENTATION_CONTEXT('Context #1',
  '3D Context with UNIT and UNCERTAINTY') );
#961 = ( LENGTH_UNIT() NAMED_UNIT(*) SI_UNIT(.MILLI.,.METRE.) );
#962 = ( NAMED_UNIT(*) PLANE_ANGLE_UNIT() SI_UNIT($,.RADIAN.) );
#963 = ( NAMED_UNIT(*) SI_UNIT($,.STERADIAN.) SOLID_ANGLE_UNIT() );
#964 = UNCERTAINTY_MEASURE_WITH_UNIT(LENGTH_MEASURE(1.E-07),#961,
  'distance_accuracy_value','confusion accuracy');
#965 = SHAPE_DEFINITION_REPRESENTATION(#966,#82);
#966 = PRODUCT_DEFINITION_SHAPE('','',#967);
#967 = PRODUCT_DEFINITION('design','',#968,#971);
#968 = PRODUCT_DEFINITION_FORMATION('','',#969);
#969 = PRODUCT('Pin','Pin','',(#970));
#970 = PRODUCT_CONTEXT('',#2,'mechanical');
#971 = PRODUCT_DEFINITION_CONTEXT('part definition',#2,'design');
#972 = CONTEXT_DEPENDENT_SHAPE_REPRESENTATION(#973,#975);
#973 = ( REPRESENTATION_RELATIONSHIP('','',#82,#44) 
REPRESENTATION_RELATIONSHIP_WITH_TRANSFORMATION(#974) 
SHAPE_REPRESENTATION_RELATIONSHIP() );
#974 = ITEM_DEFINED_TRANSFORMATION('','',#11,#45);
#975 = PRODUCT_DEFINITION_SHAPE('Placement','Placement of an item',#976
  );
#976 = NEXT_ASSEMBLY_USAGE_OCCURRENCE('1','0','',#39,#967,$);
#977 = PRODUCT_RELATED_PRODUCT_CATEGORY('part',$,(#969));
#978 = CONTEXT_DEPENDENT_SHAPE_REPRESENTATION(#979,#981);
#979 = ( REPRESENTATION_RELATIONSHIP('','',#82,#44) 
REPRESENTATION_RELATIONSHIP_WITH_TRANSFORMATION(#980) 
SHAPE_REPRESENTATION_RELATIONSHIP() );
#980 = ITEM_DEFINED_TRANSFORMATION('','',#11,#49);
#981 = PRODUCT_DEFINITION_SHAPE('Placement','Placement of an item',#982
  );
#982 = NEXT_ASSEMBLY_USAGE_OCCURRENCE('2','1','',#39,#967,$);
#983 = CONTEXT_DEPENDENT_SHAPE_REPRESENTATION(#984,#986);
#984 = ( REPRESENTATION_RELATIONSHIP('','',#82,#44) 
REPRESENTATION_RELATIONSHIP_WITH_TRANSFORMATION(#985) 
SHAPE_REPRESENTATION_RELATIONSHIP() );
#985 = ITEM_DEFINED_TRANSFORMATION('','',#11,#53);
#986 = PRODUCT_DEFINITION_SHAPE('Placement','Placement of an item',#987
  );
#987 = NEXT_ASSEMBLY_USAGE_OCCURRENCE('3','2','',#39,#967,$);
#988 = CONTEXT_DEPENDENT_SHAPE_REPRESENTATION(#989,#991);
#989 = ( REPRESENTATION_RELATIONSHIP('','',#82,#44) 
REPRESENTATION_RELATIONSHIP_WITH_TRANSFORMATION(#990) 
SHAPE_REPRESENTATION_RELATIONSHIP() );
#990 = ITEM_DEFINED_TRANSFORMATION('','',#11,#57);
#991 = PRODUCT_DEFINITION_SHAPE('Placement','Placement of an item',#992
  );
#992 = NEXT_ASSEMBLY_USAGE_OCCURRENCE('4','3','',#39,#967,$);
#993 = CONTEXT_DEPENDENT_SHAPE_REPRESENTATION(#994,#996);
#994 = ( REPRESENTATION_RELATIONSHIP('','',#82,#44) 
REPRESENTATION_RELATIONSHIP_WITH_TRANSFORMATION(#995) 
SHAPE_REPRESENTATION_RELATIONSHIP() );
#995 = ITEM_DEFINED_TRANSFORMATION('','',#11,#61);
#996 = PRODUCT_DEFINITION_SHAPE('Placement','Placement of an item',#997
  );
#997 = NEXT_ASSEMBLY_USAGE_OCCURRENCE('5','4','',#39,#967,$);
#998 = CONTEXT_DEPENDENT_SHAPE_REPRESENTATION(#999,#1001);
#999 = ( REPRESENTATION_RELATIONSHIP('','',#82,#44) 
REPRESENTATION_RELATIONSHIP_WITH_TRANSFORMATION(#1000) 
SHAPE_REPRESENTATION_RELATIONSHIP() );
#1000 = ITEM_DEFINED_TRANSFORMATION('','',#11,#65);
#1001 = PRODUCT_DEFINITION_SHAPE('Placement','Placement of an item',
  #1002);
#1002 = NEXT_ASSEMBLY_USAGE_OCCURRENCE('6','5','',#39,#967,$);
#1003 = CONTEXT_DEPENDENT_SHAPE_REPRESENTATION(#1004,#1006);
#1004 = ( REPRESENTATION_RELATIONSHIP('','',#82,#44) 
REPRESENTATION_RELATIONSHIP_WITH_TRANSFORMATION(#1005) 
SHAPE_REPRESENTATION_RELATIONSHIP() );
#1005 = ITEM_DEFINED_TRANSFORMATION('','',#11,#69);
#1006 = PRODUCT_DEFINITION_SHAPE('Placement','Placement of an item',
  #1007);
#1007 = NEXT_ASSEMBLY_USAGE_OCCURRENCE('7','6','',#39,#967,$);
#1008 = CONTEXT_DEPENDENT_SHAPE_REPRESENTATION(#1009,#1011);
#1009 = ( REPRESENTATION_RELATIONSHIP('','',#82,#44) 
REPRESENTATION_RELATIONSHIP_WITH_TRANSFORMATION(#1010) 
SHAPE_REPRESENTATION_RELATIONSHIP() );
#1010 = ITEM_DEFINED_TRANSFORMATION('','',#11,#73);
#1011 = PRODUCT_DEFINITION_SHAPE('Placement','Placement of an item',
  #1012);
#1012 = NEXT_ASSEMBLY_USAGE_OCCURRENCE('8','7','',#39,#967,$);
#1013 = CONTEXT_DEPENDENT_SHAPE_REPRESENTATION(#1014,#1016);
#1014 = ( REPRESENTATION_RELATIONSHIP('','',#44,#10) 
REPRESENTATION_RELATIONSHIP_WITH_TRANSFORMATION(#1015) 
SHAPE_REPRESENTATION_RELATIONSHIP() );
#1015 = ITEM_DEFINED_TRANSFORMATION('','',#11,#15);
#1016 = PRODUCT_DEFINITION_SHAPE('Placement','Placement of an item',
  #1017);
#1017 = NEXT_ASSEMBLY_USAGE_OCCURRENCE('9','PinArray','',#5,#39,$);
#1018 = PRODUCT_RELATED_PRODUCT_CATEGORY('part',$,(#41));
#1019 = SHAPE_DEFINITION_REPRESENTATION(#1020,#1026);
#1020 = PRODUCT_DEFINITION_SHAPE('','',#1021);
#1021 = PRODUCT_DEFINITION('design','',#1022,#1025);
#1022 = PRODUCT_DEFINITION_FORMATION('','',#1023);
#1023 = PRODUCT('PadArray','PadArray','',(#1024));
#1024 = PRODUCT_CONTEXT('',#2,'mechanical');
#1025 = PRODUCT_DEFINITION_CONTEXT('part definition',#2,'design');
#1026 = SHAPE_REPRESENTATION('',(#11,#1027,#1031),#1035);
#1027 = AXIS2_PLACEMENT_3D('',#1028,#1029,#1030);
#1028 = CARTESIAN_POINT('',(0.,0.,0.));
#1029 = DIRECTION('',(0.,0.,1.));
#1030 = DIRECTION('',(1.,0.,0.));
#1031 = AXIS2_PLACEMENT_3D('',#1032,#1033,#1034);
#1032 = CARTESIAN_POINT('',(5.38,0.,0.));
#1033 = DIRECTION('',(0.,0.,1.));
#1034 = DIRECTION('',(1.,0.,0.));
#1035 = ( GEOMETRIC_REPRESENTATION_CONTEXT(3) 
GLOBAL_UNCERTAINTY_ASSIGNED_CONTEXT((#1039)) 
GLOBAL_UNIT_ASSIGNED_CONTEXT((#1036,#1037,#1038)) REPRESENTATION_CONTEXT
('Context #1','3D Context with UNIT and UNCERTAINTY') );
#1036 = ( LENGTH_UNIT() NAMED_UNIT(*) SI_UNIT(.MILLI.,.METRE.) );
#1037 = ( NAMED_UNIT(*) PLANE_ANGLE_UNIT() SI_UNIT($,.RADIAN.) );
#1038 = ( NAMED_UNIT(*) SI_UNIT($,.STERADIAN.) SOLID_ANGLE_UNIT() );
#1039 = UNCERTAINTY_MEASURE_WITH_UNIT(LENGTH_MEASURE(1.E-07),#1036,
  'distance_accuracy_value','confusion accuracy');
#1040 = ADVANCED_BREP_SHAPE_REPRESENTATION('',(#11,#1041),#2521);
#1041 = MANIFOLD_SOLID_BREP('',#1042);
#1042 = CLOSED_SHELL('',(#1043,#1591,#1666,#1720,#1796,#1845,#1894,#1943
    ,#1997,#2046,#2095,#2144,#2198,#2247,#2301,#2350,#2399,#2426,#2474,
    #2514));
#1043 = ADVANCED_FACE('',(#1044),#1058,.F.);
#1044 = FACE_BOUND('',#1045,.T.);
#1045 = EDGE_LOOP('',(#1046,#1081,#1114,#1142,#1170,#1198,#1231,#1259,
    #1287,#1315,#1348,#1376,#1409,#1437,#1465,#1493,#1532,#1560));
#1046 = ORIENTED_EDGE('',*,*,#1047,.F.);
#1047 = EDGE_CURVE('',#1048,#1050,#1052,.T.);
#1048 = VERTEX_POINT('',#1049);
#1049 = CARTESIAN_POINT('',(-2.765,-1.1,6.782713613136E-02));
#1050 = VERTEX_POINT('',#1051);
#1051 = CARTESIAN_POINT('',(-2.765,-1.1,0.46));
#1052 = SURFACE_CURVE('',#1053,(#1057,#1069),.PCURVE_S1.);
#1053 = LINE('',#1054,#1055);
#1054 = CARTESIAN_POINT('',(-2.765,-1.1,0.841614));
#1055 = VECTOR('',#1056,1.);
#1056 = DIRECTION('',(2.289834988289E-16,2.289834988289E-16,1.));
#1057 = PCURVE('',#1058,#1063);
#1058 = PLANE('',#1059);
#1059 = AXIS2_PLACEMENT_3D('',#1060,#1061,#1062);
#1060 = CARTESIAN_POINT('',(-2.765,-1.464196,0.375201));
#1061 = DIRECTION('',(1.,-5.243344273594E-32,-2.289834988289E-16));
#1062 = DIRECTION('',(5.243344273594E-32,1.,0.));
#1063 = DEFINITIONAL_REPRESENTATION('',(#1064),#1068);
#1064 = LINE('',#1065,#1066);
#1065 = CARTESIAN_POINT('',(0.364196,0.466413));
#1066 = VECTOR('',#1067,1.);
#1067 = DIRECTION('',(2.289834988289E-16,1.));
#1068 = ( GEOMETRIC_REPRESENTATION_CONTEXT(2) 
PARAMETRIC_REPRESENTATION_CONTEXT() REPRESENTATION_CONTEXT('2D SPACE',''
  ) );
#1069 = PCURVE('',#1070,#1075);
#1070 = PLANE('',#1071);
#1071 = AXIS2_PLACEMENT_3D('',#1072,#1073,#1074);
#1072 = CARTESIAN_POINT('',(-2.765,-1.1,0.46));
#1073 = DIRECTION('',(5.243344273594E-32,1.,-1.200639317332E-47));
#1074 = DIRECTION('',(-2.289834988289E-16,2.917038411497E-62,-1.));
#1075 = DEFINITIONAL_REPRESENTATION('',(#1076),#1080);
#1076 = LINE('',#1077,#1078);
#1077 = CARTESIAN_POINT('',(-0.381614,8.738330892211E-17));
#1078 = VECTOR('',#1079,1.);
#1079 = DIRECTION('',(-1.,0.));
#1080 = ( GEOMETRIC_REPRESENTATION_CONTEXT(2) 
PARAMETRIC_REPRESENTATION_CONTEXT() REPRESENTATION_CONTEXT('2D SPACE',''
  ) );
#1081 = ORIENTED_EDGE('',*,*,#1082,.T.);
#1082 = EDGE_CURVE('',#1048,#1083,#1085,.T.);
#1083 = VERTEX_POINT('',#1084);
#1084 = CARTESIAN_POINT('',(-2.765,-1.147779969319,1.787644580805E-02));
#1085 = SURFACE_CURVE('',#1086,(#1091,#1102),.PCURVE_S1.);
#1086 = CIRCLE('',#1087,5.E-02);
#1087 = AXIS2_PLACEMENT_3D('',#1088,#1089,#1090);
#1088 = CARTESIAN_POINT('',(-2.765,-1.15,6.782713613136E-02));
#1089 = DIRECTION('',(-1.,5.243344273594E-32,2.289834988289E-16));
#1090 = DIRECTION('',(-5.243344273594E-32,-1.,0.));
#1091 = PCURVE('',#1058,#1092);
#1092 = DEFINITIONAL_REPRESENTATION('',(#1093),#1101);
#1093 = ( BOUNDED_CURVE() B_SPLINE_CURVE(2,(#1094,#1095,#1096,#1097,
#1098,#1099,#1100),.UNSPECIFIED.,.T.,.F.) B_SPLINE_CURVE_WITH_KNOTS((1,2
    ,2,2,2,1),(-2.094395102393,0.,2.094395102393,4.188790204786,
6.28318530718,8.377580409573),.UNSPECIFIED.) CURVE() 
GEOMETRIC_REPRESENTATION_ITEM() RATIONAL_B_SPLINE_CURVE((1.,0.5,1.,0.5,
1.,0.5,1.)) REPRESENTATION_ITEM('') );
#1094 = CARTESIAN_POINT('',(0.264196,-0.307373863869));
#1095 = CARTESIAN_POINT('',(0.264196,-0.22077132349));
#1096 = CARTESIAN_POINT('',(0.339196,-0.264072593679));
#1097 = CARTESIAN_POINT('',(0.414196,-0.307373863869));
#1098 = CARTESIAN_POINT('',(0.339196,-0.350675134058));
#1099 = CARTESIAN_POINT('',(0.264196,-0.393976404247));
#1100 = CARTESIAN_POINT('',(0.264196,-0.307373863869));
#1101 = ( GEOMETRIC_REPRESENTATION_CONTEXT(2) 
PARAMETRIC_REPRESENTATION_CONTEXT() REPRESENTATION_CONTEXT('2D SPACE',''
  ) );
#1102 = PCURVE('',#1103,#1108);
#1103 = CYLINDRICAL_SURFACE('',#1104,5.E-02);
#1104 = AXIS2_PLACEMENT_3D('',#1105,#1106,#1107);
#1105 = CARTESIAN_POINT('',(-2.765,-1.15,6.782713613136E-02));
#1106 = DIRECTION('',(-1.,5.243344273594E-32,2.289834988289E-16));
#1107 = DIRECTION('',(-5.243344273594E-32,-1.,0.));
#1108 = DEFINITIONAL_REPRESENTATION('',(#1109),#1113);
#1109 = LINE('',#1110,#1111);
#1110 = CARTESIAN_POINT('',(0.,0.));
#1111 = VECTOR('',#1112,1.);
#1112 = DIRECTION('',(1.,0.));
#1113 = ( GEOMETRIC_REPRESENTATION_CONTEXT(2) 
PARAMETRIC_REPRESENTATION_CONTEXT() REPRESENTATION_CONTEXT('2D SPACE',''
  ) );
#1114 = ORIENTED_EDGE('',*,*,#1115,.F.);
#1115 = EDGE_CURVE('',#1116,#1083,#1118,.T.);
#1116 = VERTEX_POINT('',#1117);
#1117 = CARTESIAN_POINT('',(-2.765,-1.55,-3.330669073875E-16));
#1118 = SURFACE_CURVE('',#1119,(#1123,#1130),.PCURVE_S1.);
#1119 = LINE('',#1120,#1121);
#1120 = CARTESIAN_POINT('',(-2.765,-1.55,-3.330669073875E-16));
#1121 = VECTOR('',#1122,1.);
#1122 = DIRECTION('',(1.016700785703E-17,0.999013806466,
    4.440061362072E-02));
#1123 = PCURVE('',#1058,#1124);
#1124 = DEFINITIONAL_REPRESENTATION('',(#1125),#1129);
#1125 = LINE('',#1126,#1127);
#1126 = CARTESIAN_POINT('',(-8.5804E-02,-0.375201));
#1127 = VECTOR('',#1128,1.);
#1128 = DIRECTION('',(0.999013806466,4.440061362072E-02));
#1129 = ( GEOMETRIC_REPRESENTATION_CONTEXT(2) 
PARAMETRIC_REPRESENTATION_CONTEXT() REPRESENTATION_CONTEXT('2D SPACE',''
  ) );
#1130 = PCURVE('',#1131,#1136);
#1131 = PLANE('',#1132);
#1132 = AXIS2_PLACEMENT_3D('',#1133,#1134,#1135);
#1133 = CARTESIAN_POINT('',(-2.765,-1.147779969319,1.787644580805E-02));
#1134 = DIRECTION('',(-2.28757676783E-16,4.440061362072E-02,
    -0.999013806466));
#1135 = DIRECTION('',(-1.016700785703E-17,-0.999013806466,
    -4.440061362072E-02));
#1136 = DEFINITIONAL_REPRESENTATION('',(#1137),#1141);
#1137 = LINE('',#1138,#1139);
#1138 = CARTESIAN_POINT('',(0.402617089051,-4.093411107753E-18));
#1139 = VECTOR('',#1140,1.);
#1140 = DIRECTION('',(-1.,0.));
#1141 = ( GEOMETRIC_REPRESENTATION_CONTEXT(2) 
PARAMETRIC_REPRESENTATION_CONTEXT() REPRESENTATION_CONTEXT('2D SPACE',''
  ) );
#1142 = ORIENTED_EDGE('',*,*,#1143,.F.);
#1143 = EDGE_CURVE('',#1144,#1116,#1146,.T.);
#1144 = VERTEX_POINT('',#1145);
#1145 = CARTESIAN_POINT('',(-2.765,-1.6,5.E-02));
#1146 = SURFACE_CURVE('',#1147,(#1151,#1158),.PCURVE_S1.);
#1147 = LINE('',#1148,#1149);
#1148 = CARTESIAN_POINT('',(-2.765,-1.6,5.E-02));
#1149 = VECTOR('',#1150,1.);
#1150 = DIRECTION('',(-1.619157848018E-16,0.707106781187,-0.707106781187
    ));
#1151 = PCURVE('',#1058,#1152);
#1152 = DEFINITIONAL_REPRESENTATION('',(#1153),#1157);
#1153 = LINE('',#1154,#1155);
#1154 = CARTESIAN_POINT('',(-0.135804,-0.325201));
#1155 = VECTOR('',#1156,1.);
#1156 = DIRECTION('',(0.707106781187,-0.707106781187));
#1157 = ( GEOMETRIC_REPRESENTATION_CONTEXT(2) 
PARAMETRIC_REPRESENTATION_CONTEXT() REPRESENTATION_CONTEXT('2D SPACE',''
  ) );
#1158 = PCURVE('',#1159,#1164);
#1159 = PLANE('',#1160);
#1160 = AXIS2_PLACEMENT_3D('',#1161,#1162,#1163);
#1161 = CARTESIAN_POINT('',(-2.765,-1.55,-3.330669073875E-16));
#1162 = DIRECTION('',(-1.619157848018E-16,-0.707106781187,
    -0.707106781187));
#1163 = DIRECTION('',(1.619157848018E-16,-0.707106781187,0.707106781187)
  );
#1164 = DEFINITIONAL_REPRESENTATION('',(#1165),#1169);
#1165 = LINE('',#1166,#1167);
#1166 = CARTESIAN_POINT('',(7.071067811866E-02,1.144917494145E-17));
#1167 = VECTOR('',#1168,1.);
#1168 = DIRECTION('',(-1.,-2.465190328816E-32));
#1169 = ( GEOMETRIC_REPRESENTATION_CONTEXT(2) 
PARAMETRIC_REPRESENTATION_CONTEXT() REPRESENTATION_CONTEXT('2D SPACE',''
  ) );
#1170 = ORIENTED_EDGE('',*,*,#1171,.T.);
#1171 = EDGE_CURVE('',#1144,#1172,#1174,.T.);
#1172 = VERTEX_POINT('',#1173);
#1173 = CARTESIAN_POINT('',(-2.765,-1.6,0.12));
#1174 = SURFACE_CURVE('',#1175,(#1179,#1186),.PCURVE_S1.);
#1175 = LINE('',#1176,#1177);
#1176 = CARTESIAN_POINT('',(-2.765,-1.6,5.E-02));
#1177 = VECTOR('',#1178,1.);
#1178 = DIRECTION('',(2.289834988289E-16,0.,1.));
#1179 = PCURVE('',#1058,#1180);
#1180 = DEFINITIONAL_REPRESENTATION('',(#1181),#1185);
#1181 = LINE('',#1182,#1183);
#1182 = CARTESIAN_POINT('',(-0.135804,-0.325201));
#1183 = VECTOR('',#1184,1.);
#1184 = DIRECTION('',(1.200639317332E-47,1.));
#1185 = ( GEOMETRIC_REPRESENTATION_CONTEXT(2) 
PARAMETRIC_REPRESENTATION_CONTEXT() REPRESENTATION_CONTEXT('2D SPACE',''
  ) );
#1186 = PCURVE('',#1187,#1192);
#1187 = PLANE('',#1188);
#1188 = AXIS2_PLACEMENT_3D('',#1189,#1190,#1191);
#1189 = CARTESIAN_POINT('',(-2.765,-1.6,5.E-02));
#1190 = DIRECTION('',(-5.243344273594E-32,-1.,1.200639317332E-47));
#1191 = DIRECTION('',(2.289834988289E-16,-2.917038411497E-62,1.));
#1192 = DEFINITIONAL_REPRESENTATION('',(#1193),#1197);
#1193 = LINE('',#1194,#1195);
#1194 = CARTESIAN_POINT('',(0.,0.));
#1195 = VECTOR('',#1196,1.);
#1196 = DIRECTION('',(1.,0.));
#1197 = ( GEOMETRIC_REPRESENTATION_CONTEXT(2) 
PARAMETRIC_REPRESENTATION_CONTEXT() REPRESENTATION_CONTEXT('2D SPACE',''
  ) );
#1198 = ORIENTED_EDGE('',*,*,#1199,.F.);
#1199 = EDGE_CURVE('',#1200,#1172,#1202,.T.);
#1200 = VERTEX_POINT('',#1201);
#1201 = CARTESIAN_POINT('',(-2.765,-1.65,0.17));
#1202 = SURFACE_CURVE('',#1203,(#1208,#1219),.PCURVE_S1.);
#1203 = CIRCLE('',#1204,5.E-02);
#1204 = AXIS2_PLACEMENT_3D('',#1205,#1206,#1207);
#1205 = CARTESIAN_POINT('',(-2.765,-1.65,0.12));
#1206 = DIRECTION('',(-1.,5.243344273594E-32,2.289834988289E-16));
#1207 = DIRECTION('',(-5.243344273594E-32,-1.,0.));
#1208 = PCURVE('',#1058,#1209);
#1209 = DEFINITIONAL_REPRESENTATION('',(#1210),#1218);
#1210 = ( BOUNDED_CURVE() B_SPLINE_CURVE(2,(#1211,#1212,#1213,#1214,
#1215,#1216,#1217),.UNSPECIFIED.,.T.,.F.) B_SPLINE_CURVE_WITH_KNOTS((1,2
    ,2,2,2,1),(-2.094395102393,0.,2.094395102393,4.188790204786,
6.28318530718,8.377580409573),.UNSPECIFIED.) CURVE() 
GEOMETRIC_REPRESENTATION_ITEM() RATIONAL_B_SPLINE_CURVE((1.,0.5,1.,0.5,
1.,0.5,1.)) REPRESENTATION_ITEM('') );
#1211 = CARTESIAN_POINT('',(-0.235804,-0.255201));
#1212 = CARTESIAN_POINT('',(-0.235804,-0.168598459622));
#1213 = CARTESIAN_POINT('',(-0.160804,-0.211899729811));
#1214 = CARTESIAN_POINT('',(-8.5804E-02,-0.255201));
#1215 = CARTESIAN_POINT('',(-0.160804,-0.298502270189));
#1216 = CARTESIAN_POINT('',(-0.235804,-0.341803540378));
#1217 = CARTESIAN_POINT('',(-0.235804,-0.255201));
#1218 = ( GEOMETRIC_REPRESENTATION_CONTEXT(2) 
PARAMETRIC_REPRESENTATION_CONTEXT() REPRESENTATION_CONTEXT('2D SPACE',''
  ) );
#1219 = PCURVE('',#1220,#1225);
#1220 = CYLINDRICAL_SURFACE('',#1221,5.E-02);
#1221 = AXIS2_PLACEMENT_3D('',#1222,#1223,#1224);
#1222 = CARTESIAN_POINT('',(-2.765,-1.65,0.12));
#1223 = DIRECTION('',(-1.,5.243344273594E-32,2.289834988289E-16));
#1224 = DIRECTION('',(-5.243344273594E-32,-1.,0.));
#1225 = DEFINITIONAL_REPRESENTATION('',(#1226),#1230);
#1226 = LINE('',#1227,#1228);
#1227 = CARTESIAN_POINT('',(0.,0.));
#1228 = VECTOR('',#1229,1.);
#1229 = DIRECTION('',(1.,0.));
#1230 = ( GEOMETRIC_REPRESENTATION_CONTEXT(2) 
PARAMETRIC_REPRESENTATION_CONTEXT() REPRESENTATION_CONTEXT('2D SPACE',''
  ) );
#1231 = ORIENTED_EDGE('',*,*,#1232,.T.);
#1232 = EDGE_CURVE('',#1200,#1233,#1235,.T.);
#1233 = VERTEX_POINT('',#1234);
#1234 = CARTESIAN_POINT('',(-2.765,-1.825,0.17));
#1235 = SURFACE_CURVE('',#1236,(#1240,#1247),.PCURVE_S1.);
#1236 = LINE('',#1237,#1238);
#1237 = CARTESIAN_POINT('',(-2.765,-1.65,0.17));
#1238 = VECTOR('',#1239,1.);
#1239 = DIRECTION('',(-5.243344273594E-32,-1.,0.));
#1240 = PCURVE('',#1058,#1241);
#1241 = DEFINITIONAL_REPRESENTATION('',(#1242),#1246);
#1242 = LINE('',#1243,#1244);
#1243 = CARTESIAN_POINT('',(-0.185804,-0.205201));
#1244 = VECTOR('',#1245,1.);
#1245 = DIRECTION('',(-1.,0.));
#1246 = ( GEOMETRIC_REPRESENTATION_CONTEXT(2) 
PARAMETRIC_REPRESENTATION_CONTEXT() REPRESENTATION_CONTEXT('2D SPACE',''
  ) );
#1247 = PCURVE('',#1248,#1253);
#1248 = PLANE('',#1249);
#1249 = AXIS2_PLACEMENT_3D('',#1250,#1251,#1252);
#1250 = CARTESIAN_POINT('',(-2.765,-1.65,0.17));
#1251 = DIRECTION('',(-2.289834988289E-16,1.200639317332E-47,-1.));
#1252 = DIRECTION('',(-5.243344273594E-32,-1.,2.917038411497E-62));
#1253 = DEFINITIONAL_REPRESENTATION('',(#1254),#1258);
#1254 = LINE('',#1255,#1256);
#1255 = CARTESIAN_POINT('',(0.,0.));
#1256 = VECTOR('',#1257,1.);
#1257 = DIRECTION('',(1.,6.679536616831E-78));
#1258 = ( GEOMETRIC_REPRESENTATION_CONTEXT(2) 
PARAMETRIC_REPRESENTATION_CONTEXT() REPRESENTATION_CONTEXT('2D SPACE',''
  ) );
#1259 = ORIENTED_EDGE('',*,*,#1260,.F.);
#1260 = EDGE_CURVE('',#1261,#1233,#1263,.T.);
#1261 = VERTEX_POINT('',#1262);
#1262 = CARTESIAN_POINT('',(-2.765,-1.825,0.37));
#1263 = SURFACE_CURVE('',#1264,(#1268,#1275),.PCURVE_S1.);
#1264 = LINE('',#1265,#1266);
#1265 = CARTESIAN_POINT('',(-2.765,-1.825,0.37));
#1266 = VECTOR('',#1267,1.);
#1267 = DIRECTION('',(-2.289834988289E-16,0.,-1.));
#1268 = PCURVE('',#1058,#1269);
#1269 = DEFINITIONAL_REPRESENTATION('',(#1270),#1274);
#1270 = LINE('',#1271,#1272);
#1271 = CARTESIAN_POINT('',(-0.360804,-5.201E-03));
#1272 = VECTOR('',#1273,1.);
#1273 = DIRECTION('',(-1.200639317332E-47,-1.));
#1274 = ( GEOMETRIC_REPRESENTATION_CONTEXT(2) 
PARAMETRIC_REPRESENTATION_CONTEXT() REPRESENTATION_CONTEXT('2D SPACE',''
  ) );
#1275 = PCURVE('',#1276,#1281);
#1276 = PLANE('',#1277);
#1277 = AXIS2_PLACEMENT_3D('',#1278,#1279,#1280);
#1278 = CARTESIAN_POINT('',(-2.765,-1.825,0.17));
#1279 = DIRECTION('',(-5.243344273594E-32,-1.,1.200639317332E-47));
#1280 = DIRECTION('',(2.289834988289E-16,-2.917038411497E-62,1.));
#1281 = DEFINITIONAL_REPRESENTATION('',(#1282),#1286);
#1282 = LINE('',#1283,#1284);
#1283 = CARTESIAN_POINT('',(0.2,4.579669976579E-17));
#1284 = VECTOR('',#1285,1.);
#1285 = DIRECTION('',(-1.,0.));
#1286 = ( GEOMETRIC_REPRESENTATION_CONTEXT(2) 
PARAMETRIC_REPRESENTATION_CONTEXT() REPRESENTATION_CONTEXT('2D SPACE',''
  ) );
#1287 = ORIENTED_EDGE('',*,*,#1288,.F.);
#1288 = EDGE_CURVE('',#1289,#1261,#1291,.T.);
#1289 = VERTEX_POINT('',#1290);
#1290 = CARTESIAN_POINT('',(-2.765,-1.8,0.37));
#1291 = SURFACE_CURVE('',#1292,(#1296,#1303),.PCURVE_S1.);
#1292 = LINE('',#1293,#1294);
#1293 = CARTESIAN_POINT('',(-2.765,-1.8,0.37));
#1294 = VECTOR('',#1295,1.);
#1295 = DIRECTION('',(-5.243344273594E-32,-1.,0.));
#1296 = PCURVE('',#1058,#1297);
#1297 = DEFINITIONAL_REPRESENTATION('',(#1298),#1302);
#1298 = LINE('',#1299,#1300);
#1299 = CARTESIAN_POINT('',(-0.335804,-5.201E-03));
#1300 = VECTOR('',#1301,1.);
#1301 = DIRECTION('',(-1.,0.));
#1302 = ( GEOMETRIC_REPRESENTATION_CONTEXT(2) 
PARAMETRIC_REPRESENTATION_CONTEXT() REPRESENTATION_CONTEXT('2D SPACE',''
  ) );
#1303 = PCURVE('',#1304,#1309);
#1304 = PLANE('',#1305);
#1305 = AXIS2_PLACEMENT_3D('',#1306,#1307,#1308);
#1306 = CARTESIAN_POINT('',(-2.765,-1.825,0.37));
#1307 = DIRECTION('',(2.289834988289E-16,-1.200639317332E-47,1.));
#1308 = DIRECTION('',(5.243344273594E-32,1.,-2.917038411497E-62));
#1309 = DEFINITIONAL_REPRESENTATION('',(#1310),#1314);
#1310 = LINE('',#1311,#1312);
#1311 = CARTESIAN_POINT('',(2.5E-02,1.310836068399E-33));
#1312 = VECTOR('',#1313,1.);
#1313 = DIRECTION('',(-1.,6.679536616831E-78));
#1314 = ( GEOMETRIC_REPRESENTATION_CONTEXT(2) 
PARAMETRIC_REPRESENTATION_CONTEXT() REPRESENTATION_CONTEXT('2D SPACE',''
  ) );
#1315 = ORIENTED_EDGE('',*,*,#1316,.F.);
#1316 = EDGE_CURVE('',#1317,#1289,#1319,.T.);
#1317 = VERTEX_POINT('',#1318);
#1318 = CARTESIAN_POINT('',(-2.765,-1.75,0.42));
#1319 = SURFACE_CURVE('',#1320,(#1325,#1336),.PCURVE_S1.);
#1320 = CIRCLE('',#1321,5.E-02);
#1321 = AXIS2_PLACEMENT_3D('',#1322,#1323,#1324);
#1322 = CARTESIAN_POINT('',(-2.765,-1.8,0.42));
#1323 = DIRECTION('',(-1.,5.243344273594E-32,2.289834988289E-16));
#1324 = DIRECTION('',(-5.243344273594E-32,-1.,0.));
#1325 = PCURVE('',#1058,#1326);
#1326 = DEFINITIONAL_REPRESENTATION('',(#1327),#1335);
#1327 = ( BOUNDED_CURVE() B_SPLINE_CURVE(2,(#1328,#1329,#1330,#1331,
#1332,#1333,#1334),.UNSPECIFIED.,.T.,.F.) B_SPLINE_CURVE_WITH_KNOTS((1,2
    ,2,2,2,1),(-2.094395102393,0.,2.094395102393,4.188790204786,
6.28318530718,8.377580409573),.UNSPECIFIED.) CURVE() 
GEOMETRIC_REPRESENTATION_ITEM() RATIONAL_B_SPLINE_CURVE((1.,0.5,1.,0.5,
1.,0.5,1.)) REPRESENTATION_ITEM('') );
#1328 = CARTESIAN_POINT('',(-0.385804,4.4799E-02));
#1329 = CARTESIAN_POINT('',(-0.385804,0.131401540378));
#1330 = CARTESIAN_POINT('',(-0.310804,8.810027018922E-02));
#1331 = CARTESIAN_POINT('',(-0.235804,4.4799E-02));
#1332 = CARTESIAN_POINT('',(-0.310804,1.49772981078E-03));
#1333 = CARTESIAN_POINT('',(-0.385804,-4.180354037844E-02));
#1334 = CARTESIAN_POINT('',(-0.385804,4.4799E-02));
#1335 = ( GEOMETRIC_REPRESENTATION_CONTEXT(2) 
PARAMETRIC_REPRESENTATION_CONTEXT() REPRESENTATION_CONTEXT('2D SPACE',''
  ) );
#1336 = PCURVE('',#1337,#1342);
#1337 = CYLINDRICAL_SURFACE('',#1338,5.E-02);
#1338 = AXIS2_PLACEMENT_3D('',#1339,#1340,#1341);
#1339 = CARTESIAN_POINT('',(-2.765,-1.8,0.42));
#1340 = DIRECTION('',(-1.,5.243344273594E-32,2.289834988289E-16));
#1341 = DIRECTION('',(-5.243344273594E-32,-1.,0.));
#1342 = DEFINITIONAL_REPRESENTATION('',(#1343),#1347);
#1343 = LINE('',#1344,#1345);
#1344 = CARTESIAN_POINT('',(0.,0.));
#1345 = VECTOR('',#1346,1.);
#1346 = DIRECTION('',(1.,0.));
#1347 = ( GEOMETRIC_REPRESENTATION_CONTEXT(2) 
PARAMETRIC_REPRESENTATION_CONTEXT() REPRESENTATION_CONTEXT('2D SPACE',''
  ) );
#1348 = ORIENTED_EDGE('',*,*,#1349,.T.);
#1349 = EDGE_CURVE('',#1317,#1350,#1352,.T.);
#1350 = VERTEX_POINT('',#1351);
#1351 = CARTESIAN_POINT('',(-2.765,-1.75,0.47));
#1352 = SURFACE_CURVE('',#1353,(#1357,#1364),.PCURVE_S1.);
#1353 = LINE('',#1354,#1355);
#1354 = CARTESIAN_POINT('',(-2.765,-1.75,0.42));
#1355 = VECTOR('',#1356,1.);
#1356 = DIRECTION('',(2.289834988289E-16,0.,1.));
#1357 = PCURVE('',#1058,#1358);
#1358 = DEFINITIONAL_REPRESENTATION('',(#1359),#1363);
#1359 = LINE('',#1360,#1361);
#1360 = CARTESIAN_POINT('',(-0.285804,4.4799E-02));
#1361 = VECTOR('',#1362,1.);
#1362 = DIRECTION('',(1.200639317332E-47,1.));
#1363 = ( GEOMETRIC_REPRESENTATION_CONTEXT(2) 
PARAMETRIC_REPRESENTATION_CONTEXT() REPRESENTATION_CONTEXT('2D SPACE',''
  ) );
#1364 = PCURVE('',#1365,#1370);
#1365 = PLANE('',#1366);
#1366 = AXIS2_PLACEMENT_3D('',#1367,#1368,#1369);
#1367 = CARTESIAN_POINT('',(-2.765,-1.75,0.42));
#1368 = DIRECTION('',(-5.243344273594E-32,-1.,1.200639317332E-47));
#1369 = DIRECTION('',(2.289834988289E-16,-2.917038411497E-62,1.));
#1370 = DEFINITIONAL_REPRESENTATION('',(#1371),#1375);
#1371 = LINE('',#1372,#1373);
#1372 = CARTESIAN_POINT('',(0.,0.));
#1373 = VECTOR('',#1374,1.);
#1374 = DIRECTION('',(1.,0.));
#1375 = ( GEOMETRIC_REPRESENTATION_CONTEXT(2) 
PARAMETRIC_REPRESENTATION_CONTEXT() REPRESENTATION_CONTEXT('2D SPACE',''
  ) );
#1376 = ORIENTED_EDGE('',*,*,#1377,.F.);
#1377 = EDGE_CURVE('',#1378,#1350,#1380,.T.);
#1378 = VERTEX_POINT('',#1379);
#1379 = CARTESIAN_POINT('',(-2.765,-1.8,0.52));
#1380 = SURFACE_CURVE('',#1381,(#1386,#1397),.PCURVE_S1.);
#1381 = CIRCLE('',#1382,5.E-02);
#1382 = AXIS2_PLACEMENT_3D('',#1383,#1384,#1385);
#1383 = CARTESIAN_POINT('',(-2.765,-1.8,0.47));
#1384 = DIRECTION('',(-1.,5.243344273594E-32,2.289834988289E-16));
#1385 = DIRECTION('',(-5.243344273594E-32,-1.,0.));
#1386 = PCURVE('',#1058,#1387);
#1387 = DEFINITIONAL_REPRESENTATION('',(#1388),#1396);
#1388 = ( BOUNDED_CURVE() B_SPLINE_CURVE(2,(#1389,#1390,#1391,#1392,
#1393,#1394,#1395),.UNSPECIFIED.,.T.,.F.) B_SPLINE_CURVE_WITH_KNOTS((1,2
    ,2,2,2,1),(-2.094395102393,0.,2.094395102393,4.188790204786,
6.28318530718,8.377580409573),.UNSPECIFIED.) CURVE() 
GEOMETRIC_REPRESENTATION_ITEM() RATIONAL_B_SPLINE_CURVE((1.,0.5,1.,0.5,
1.,0.5,1.)) REPRESENTATION_ITEM('') );
#1389 = CARTESIAN_POINT('',(-0.385804,9.4799E-02));
#1390 = CARTESIAN_POINT('',(-0.385804,0.181401540378));
#1391 = CARTESIAN_POINT('',(-0.310804,0.138100270189));
#1392 = CARTESIAN_POINT('',(-0.235804,9.4799E-02));
#1393 = CARTESIAN_POINT('',(-0.310804,5.149772981078E-02));
#1394 = CARTESIAN_POINT('',(-0.385804,8.196459621556E-03));
#1395 = CARTESIAN_POINT('',(-0.385804,9.4799E-02));
#1396 = ( GEOMETRIC_REPRESENTATION_CONTEXT(2) 
PARAMETRIC_REPRESENTATION_CONTEXT() REPRESENTATION_CONTEXT('2D SPACE',''
  ) );
#1397 = PCURVE('',#1398,#1403);
#1398 = CYLINDRICAL_SURFACE('',#1399,5.E-02);
#1399 = AXIS2_PLACEMENT_3D('',#1400,#1401,#1402);
#1400 = CARTESIAN_POINT('',(-2.765,-1.8,0.47));
#1401 = DIRECTION('',(-1.,5.243344273594E-32,2.289834988289E-16));
#1402 = DIRECTION('',(-5.243344273594E-32,-1.,0.));
#1403 = DEFINITIONAL_REPRESENTATION('',(#1404),#1408);
#1404 = LINE('',#1405,#1406);
#1405 = CARTESIAN_POINT('',(0.,0.));
#1406 = VECTOR('',#1407,1.);
#1407 = DIRECTION('',(1.,0.));
#1408 = ( GEOMETRIC_REPRESENTATION_CONTEXT(2) 
PARAMETRIC_REPRESENTATION_CONTEXT() REPRESENTATION_CONTEXT('2D SPACE',''
  ) );
#1409 = ORIENTED_EDGE('',*,*,#1410,.F.);
#1410 = EDGE_CURVE('',#1411,#1378,#1413,.T.);
#1411 = VERTEX_POINT('',#1412);
#1412 = CARTESIAN_POINT('',(-2.765,-1.9,0.52));
#1413 = SURFACE_CURVE('',#1414,(#1418,#1425),.PCURVE_S1.);
#1414 = LINE('',#1415,#1416);
#1415 = CARTESIAN_POINT('',(-2.765,-1.9,0.52));
#1416 = VECTOR('',#1417,1.);
#1417 = DIRECTION('',(5.243344273594E-32,1.,0.));
#1418 = PCURVE('',#1058,#1419);
#1419 = DEFINITIONAL_REPRESENTATION('',(#1420),#1424);
#1420 = LINE('',#1421,#1422);
#1421 = CARTESIAN_POINT('',(-0.435804,0.144799));
#1422 = VECTOR('',#1423,1.);
#1423 = DIRECTION('',(1.,0.));
#1424 = ( GEOMETRIC_REPRESENTATION_CONTEXT(2) 
PARAMETRIC_REPRESENTATION_CONTEXT() REPRESENTATION_CONTEXT('2D SPACE',''
  ) );
#1425 = PCURVE('',#1426,#1431);
#1426 = PLANE('',#1427);
#1427 = AXIS2_PLACEMENT_3D('',#1428,#1429,#1430);
#1428 = CARTESIAN_POINT('',(-2.765,-1.8,0.52));
#1429 = DIRECTION('',(-2.289834988289E-16,1.200639317332E-47,-1.));
#1430 = DIRECTION('',(-5.243344273594E-32,-1.,2.917038411497E-62));
#1431 = DEFINITIONAL_REPRESENTATION('',(#1432),#1436);
#1432 = LINE('',#1433,#1434);
#1433 = CARTESIAN_POINT('',(0.1,-5.243344273595E-33));
#1434 = VECTOR('',#1435,1.);
#1435 = DIRECTION('',(-1.,-6.679536616831E-78));
#1436 = ( GEOMETRIC_REPRESENTATION_CONTEXT(2) 
PARAMETRIC_REPRESENTATION_CONTEXT() REPRESENTATION_CONTEXT('2D SPACE',''
  ) );
#1437 = ORIENTED_EDGE('',*,*,#1438,.T.);
#1438 = EDGE_CURVE('',#1411,#1439,#1441,.T.);
#1439 = VERTEX_POINT('',#1440);
#1440 = CARTESIAN_POINT('',(-2.765,-1.9,0.82));
#1441 = SURFACE_CURVE('',#1442,(#1446,#1453),.PCURVE_S1.);
#1442 = LINE('',#1443,#1444);
#1443 = CARTESIAN_POINT('',(-2.765,-1.9,0.52));
#1444 = VECTOR('',#1445,1.);
#1445 = DIRECTION('',(2.289834988289E-16,0.,1.));
#1446 = PCURVE('',#1058,#1447);
#1447 = DEFINITIONAL_REPRESENTATION('',(#1448),#1452);
#1448 = LINE('',#1449,#1450);
#1449 = CARTESIAN_POINT('',(-0.435804,0.144799));
#1450 = VECTOR('',#1451,1.);
#1451 = DIRECTION('',(1.200639317332E-47,1.));
#1452 = ( GEOMETRIC_REPRESENTATION_CONTEXT(2) 
PARAMETRIC_REPRESENTATION_CONTEXT() REPRESENTATION_CONTEXT('2D SPACE',''
  ) );
#1453 = PCURVE('',#1454,#1459);
#1454 = PLANE('',#1455);
#1455 = AXIS2_PLACEMENT_3D('',#1456,#1457,#1458);
#1456 = CARTESIAN_POINT('',(-2.765,-1.9,0.52));
#1457 = DIRECTION('',(-5.243344273594E-32,-1.,1.200639317332E-47));
#1458 = DIRECTION('',(2.289834988289E-16,-2.917038411497E-62,1.));
#1459 = DEFINITIONAL_REPRESENTATION('',(#1460),#1464);
#1460 = LINE('',#1461,#1462);
#1461 = CARTESIAN_POINT('',(9.992007221626E-16,2.288004773932E-31));
#1462 = VECTOR('',#1463,1.);
#1463 = DIRECTION('',(1.,0.));
#1464 = ( GEOMETRIC_REPRESENTATION_CONTEXT(2) 
PARAMETRIC_REPRESENTATION_CONTEXT() REPRESENTATION_CONTEXT('2D SPACE',''
  ) );
#1465 = ORIENTED_EDGE('',*,*,#1466,.F.);
#1466 = EDGE_CURVE('',#1467,#1439,#1469,.T.);
#1467 = VERTEX_POINT('',#1468);
#1468 = CARTESIAN_POINT('',(-2.765,-1.,0.82));
#1469 = SURFACE_CURVE('',#1470,(#1474,#1481),.PCURVE_S1.);
#1470 = LINE('',#1471,#1472);
#1471 = CARTESIAN_POINT('',(-2.765,0.694863,0.82));
#1472 = VECTOR('',#1473,1.);
#1473 = DIRECTION('',(0.,-1.,2.289834988289E-16));
#1474 = PCURVE('',#1058,#1475);
#1475 = DEFINITIONAL_REPRESENTATION('',(#1476),#1480);
#1476 = LINE('',#1477,#1478);
#1477 = CARTESIAN_POINT('',(2.159059,0.444799));
#1478 = VECTOR('',#1479,1.);
#1479 = DIRECTION('',(-1.,2.289834988289E-16));
#1480 = ( GEOMETRIC_REPRESENTATION_CONTEXT(2) 
PARAMETRIC_REPRESENTATION_CONTEXT() REPRESENTATION_CONTEXT('2D SPACE',''
  ) );
#1481 = PCURVE('',#1482,#1487);
#1482 = PLANE('',#1483);
#1483 = AXIS2_PLACEMENT_3D('',#1484,#1485,#1486);
#1484 = CARTESIAN_POINT('',(-2.765,-1.9,0.82));
#1485 = DIRECTION('',(2.289834988289E-16,-1.200639317332E-47,1.));
#1486 = DIRECTION('',(5.243344273594E-32,1.,-2.917038411497E-62));
#1487 = DEFINITIONAL_REPRESENTATION('',(#1488),#1492);
#1488 = LINE('',#1489,#1490);
#1489 = CARTESIAN_POINT('',(2.594863,1.360576005181E-31));
#1490 = VECTOR('',#1491,1.);
#1491 = DIRECTION('',(-1.,2.080052407982E-46));
#1492 = ( GEOMETRIC_REPRESENTATION_CONTEXT(2) 
PARAMETRIC_REPRESENTATION_CONTEXT() REPRESENTATION_CONTEXT('2D SPACE',''
  ) );
#1493 = ORIENTED_EDGE('',*,*,#1494,.F.);
#1494 = EDGE_CURVE('',#1495,#1467,#1497,.T.);
#1495 = VERTEX_POINT('',#1496);
#1496 = CARTESIAN_POINT('',(-2.765,-1.,0.51));
#1497 = SURFACE_CURVE('',#1498,(#1502,#1509),.PCURVE_S1.);
#1498 = LINE('',#1499,#1500);
#1499 = CARTESIAN_POINT('',(-2.765,-1.,0.841614));
#1500 = VECTOR('',#1501,1.);
#1501 = DIRECTION('',(2.289834988289E-16,1.065228634467E-16,1.));
#1502 = PCURVE('',#1058,#1503);
#1503 = DEFINITIONAL_REPRESENTATION('',(#1504),#1508);
#1504 = LINE('',#1505,#1506);
#1505 = CARTESIAN_POINT('',(0.464196,0.466413));
#1506 = VECTOR('',#1507,1.);
#1507 = DIRECTION('',(1.065228634467E-16,1.));
#1508 = ( GEOMETRIC_REPRESENTATION_CONTEXT(2) 
PARAMETRIC_REPRESENTATION_CONTEXT() REPRESENTATION_CONTEXT('2D SPACE',''
  ) );
#1509 = PCURVE('',#1510,#1527);
#1510 = B_SPLINE_SURFACE_WITH_KNOTS('',3,3,(
    (#1511,#1512,#1513,#1514)
    ,(#1515,#1516,#1517,#1518)
    ,(#1519,#1520,#1521,#1522)
    ,(#1523,#1524,#1525,#1526
    )),.UNSPECIFIED.,.F.,.F.,.F.,(4,4),(4,4),(-0.1705,0.1705),(-8.25E-02
    ,8.25E-02),.PIECEWISE_BEZIER_KNOTS.);
#1511 = CARTESIAN_POINT('',(-2.7725,-1.,0.4945));
#1512 = CARTESIAN_POINT('',(-2.7175,-1.,0.4945));
#1513 = CARTESIAN_POINT('',(-2.6625,-1.,0.4945));
#1514 = CARTESIAN_POINT('',(-2.6075,-1.,0.4945));
#1515 = CARTESIAN_POINT('',(-2.7725,-1.,0.608166666667));
#1516 = CARTESIAN_POINT('',(-2.7175,-1.,0.608166666667));
#1517 = CARTESIAN_POINT('',(-2.6625,-1.,0.608166666667));
#1518 = CARTESIAN_POINT('',(-2.6075,-1.,0.608166666667));
#1519 = CARTESIAN_POINT('',(-2.7725,-1.,0.721833333333));
#1520 = CARTESIAN_POINT('',(-2.7175,-1.,0.721833333333));
#1521 = CARTESIAN_POINT('',(-2.6625,-1.,0.721833333333));
#1522 = CARTESIAN_POINT('',(-2.6075,-1.,0.721833333333));
#1523 = CARTESIAN_POINT('',(-2.7725,-1.,0.8355));
#1524 = CARTESIAN_POINT('',(-2.7175,-1.,0.8355));
#1525 = CARTESIAN_POINT('',(-2.6625,-1.,0.8355));
#1526 = CARTESIAN_POINT('',(-2.6075,-1.,0.8355));
#1527 = DEFINITIONAL_REPRESENTATION('',(#1528),#1531);
#1528 = B_SPLINE_CURVE_WITH_KNOTS('',1,(#1529,#1530),.UNSPECIFIED.,.F.,
  .F.,(2,2),(-0.331614,-2.1614E-02),.PIECEWISE_BEZIER_KNOTS.);
#1529 = CARTESIAN_POINT('',(-0.155,-7.5E-02));
#1530 = CARTESIAN_POINT('',(0.155,-7.5E-02));
#1531 = ( GEOMETRIC_REPRESENTATION_CONTEXT(2) 
PARAMETRIC_REPRESENTATION_CONTEXT() REPRESENTATION_CONTEXT('2D SPACE',''
  ) );
#1532 = ORIENTED_EDGE('',*,*,#1533,.F.);
#1533 = EDGE_CURVE('',#1534,#1495,#1536,.T.);
#1534 = VERTEX_POINT('',#1535);
#1535 = CARTESIAN_POINT('',(-2.765,-1.05,0.51));
#1536 = SURFACE_CURVE('',#1537,(#1541,#1548),.PCURVE_S1.);
#1537 = LINE('',#1538,#1539);
#1538 = CARTESIAN_POINT('',(-2.765,0.694863,0.51));
#1539 = VECTOR('',#1540,1.);
#1540 = DIRECTION('',(0.,1.,-2.289834988289E-16));
#1541 = PCURVE('',#1058,#1542);
#1542 = DEFINITIONAL_REPRESENTATION('',(#1543),#1547);
#1543 = LINE('',#1544,#1545);
#1544 = CARTESIAN_POINT('',(2.159059,0.134799));
#1545 = VECTOR('',#1546,1.);
#1546 = DIRECTION('',(1.,-2.289834988289E-16));
#1547 = ( GEOMETRIC_REPRESENTATION_CONTEXT(2) 
PARAMETRIC_REPRESENTATION_CONTEXT() REPRESENTATION_CONTEXT('2D SPACE',''
  ) );
#1548 = PCURVE('',#1549,#1554);
#1549 = PLANE('',#1550);
#1550 = AXIS2_PLACEMENT_3D('',#1551,#1552,#1553);
#1551 = CARTESIAN_POINT('',(-2.765,-1.1,0.51));
#1552 = DIRECTION('',(2.289834988289E-16,2.289834988289E-16,1.));
#1553 = DIRECTION('',(0.,1.,-2.289834988289E-16));
#1554 = DEFINITIONAL_REPRESENTATION('',(#1555),#1559);
#1555 = LINE('',#1556,#1557);
#1556 = CARTESIAN_POINT('',(1.794863,-7.578254734284E-33));
#1557 = VECTOR('',#1558,1.);
#1558 = DIRECTION('',(1.,0.));
#1559 = ( GEOMETRIC_REPRESENTATION_CONTEXT(2) 
PARAMETRIC_REPRESENTATION_CONTEXT() REPRESENTATION_CONTEXT('2D SPACE',''
  ) );
#1560 = ORIENTED_EDGE('',*,*,#1561,.F.);
#1561 = EDGE_CURVE('',#1050,#1534,#1562,.T.);
#1562 = SURFACE_CURVE('',#1563,(#1568,#1579),.PCURVE_S1.);
#1563 = CIRCLE('',#1564,5.E-02);
#1564 = AXIS2_PLACEMENT_3D('',#1565,#1566,#1567);
#1565 = CARTESIAN_POINT('',(-2.765,-1.05,0.46));
#1566 = DIRECTION('',(-1.,5.243344273594E-32,2.289834988289E-16));
#1567 = DIRECTION('',(-2.080052407982E-46,1.,-2.289834988289E-16));
#1568 = PCURVE('',#1058,#1569);
#1569 = DEFINITIONAL_REPRESENTATION('',(#1570),#1578);
#1570 = ( BOUNDED_CURVE() B_SPLINE_CURVE(2,(#1571,#1572,#1573,#1574,
#1575,#1576,#1577),.UNSPECIFIED.,.T.,.F.) B_SPLINE_CURVE_WITH_KNOTS((1,2
    ,2,2,2,1),(-2.094395102393,0.,2.094395102393,4.188790204786,
6.28318530718,8.377580409573),.UNSPECIFIED.) CURVE() 
GEOMETRIC_REPRESENTATION_ITEM() RATIONAL_B_SPLINE_CURVE((1.,0.5,1.,0.5,
1.,0.5,1.)) REPRESENTATION_ITEM('') );
#1571 = CARTESIAN_POINT('',(0.464196,8.4799E-02));
#1572 = CARTESIAN_POINT('',(0.464196,-1.803540378445E-03));
#1573 = CARTESIAN_POINT('',(0.389196,4.149772981078E-02));
#1574 = CARTESIAN_POINT('',(0.314196,8.4799E-02));
#1575 = CARTESIAN_POINT('',(0.389196,0.128100270189));
#1576 = CARTESIAN_POINT('',(0.464196,0.171401540378));
#1577 = CARTESIAN_POINT('',(0.464196,8.4799E-02));
#1578 = ( GEOMETRIC_REPRESENTATION_CONTEXT(2) 
PARAMETRIC_REPRESENTATION_CONTEXT() REPRESENTATION_CONTEXT('2D SPACE',''
  ) );
#1579 = PCURVE('',#1580,#1585);
#1580 = CYLINDRICAL_SURFACE('',#1581,5.E-02);
#1581 = AXIS2_PLACEMENT_3D('',#1582,#1583,#1584);
#1582 = CARTESIAN_POINT('',(-2.765,-1.05,0.46));
#1583 = DIRECTION('',(1.,-5.243344273594E-32,-2.289834988289E-16));
#1584 = DIRECTION('',(-2.080052407982E-46,1.,-2.289834988289E-16));
#1585 = DEFINITIONAL_REPRESENTATION('',(#1586),#1590);
#1586 = LINE('',#1587,#1588);
#1587 = CARTESIAN_POINT('',(6.28318530718,0.));
#1588 = VECTOR('',#1589,1.);
#1589 = DIRECTION('',(-1.,0.));
#1590 = ( GEOMETRIC_REPRESENTATION_CONTEXT(2) 
PARAMETRIC_REPRESENTATION_CONTEXT() REPRESENTATION_CONTEXT('2D SPACE',''
  ) );
#1591 = ADVANCED_FACE('',(#1592),#1549,.F.);
#1592 = FACE_BOUND('',#1593,.T.);
#1593 = EDGE_LOOP('',(#1594,#1595,#1617,#1645));
#1594 = ORIENTED_EDGE('',*,*,#1533,.T.);
#1595 = ORIENTED_EDGE('',*,*,#1596,.T.);
#1596 = EDGE_CURVE('',#1495,#1597,#1599,.T.);
#1597 = VERTEX_POINT('',#1598);
#1598 = CARTESIAN_POINT('',(-2.615,-1.,0.51));
#1599 = SURFACE_CURVE('',#1600,(#1604,#1611),.PCURVE_S1.);
#1600 = LINE('',#1601,#1602);
#1601 = CARTESIAN_POINT('',(5.,-1.,0.51));
#1602 = VECTOR('',#1603,1.);
#1603 = DIRECTION('',(1.,-5.243344273594E-32,-2.289834988289E-16));
#1604 = PCURVE('',#1549,#1605);
#1605 = DEFINITIONAL_REPRESENTATION('',(#1606),#1610);
#1606 = LINE('',#1607,#1608);
#1607 = CARTESIAN_POINT('',(0.1,-7.765));
#1608 = VECTOR('',#1609,1.);
#1609 = DIRECTION('',(2.080052407982E-46,-1.));
#1610 = ( GEOMETRIC_REPRESENTATION_CONTEXT(2) 
PARAMETRIC_REPRESENTATION_CONTEXT() REPRESENTATION_CONTEXT('2D SPACE',''
  ) );
#1611 = PCURVE('',#1510,#1612);
#1612 = DEFINITIONAL_REPRESENTATION('',(#1613),#1616);
#1613 = B_SPLINE_CURVE_WITH_KNOTS('',1,(#1614,#1615),.UNSPECIFIED.,.F.,
  .F.,(2,2),(-7.765,-7.615),.PIECEWISE_BEZIER_KNOTS.);
#1614 = CARTESIAN_POINT('',(-0.155,-7.5E-02));
#1615 = CARTESIAN_POINT('',(-0.155,7.5E-02));
#1616 = ( GEOMETRIC_REPRESENTATION_CONTEXT(2) 
PARAMETRIC_REPRESENTATION_CONTEXT() REPRESENTATION_CONTEXT('2D SPACE',''
  ) );
#1617 = ORIENTED_EDGE('',*,*,#1618,.F.);
#1618 = EDGE_CURVE('',#1619,#1597,#1621,.T.);
#1619 = VERTEX_POINT('',#1620);
#1620 = CARTESIAN_POINT('',(-2.615,-1.05,0.51));
#1621 = SURFACE_CURVE('',#1622,(#1626,#1633),.PCURVE_S1.);
#1622 = LINE('',#1623,#1624);
#1623 = CARTESIAN_POINT('',(-2.615,0.694863,0.51));
#1624 = VECTOR('',#1625,1.);
#1625 = DIRECTION('',(0.,1.,-2.289834988289E-16));
#1626 = PCURVE('',#1549,#1627);
#1627 = DEFINITIONAL_REPRESENTATION('',(#1628),#1632);
#1628 = LINE('',#1629,#1630);
#1629 = CARTESIAN_POINT('',(1.794863,-0.15));
#1630 = VECTOR('',#1631,1.);
#1631 = DIRECTION('',(1.,0.));
#1632 = ( GEOMETRIC_REPRESENTATION_CONTEXT(2) 
PARAMETRIC_REPRESENTATION_CONTEXT() REPRESENTATION_CONTEXT('2D SPACE',''
  ) );
#1633 = PCURVE('',#1634,#1639);
#1634 = PLANE('',#1635);
#1635 = AXIS2_PLACEMENT_3D('',#1636,#1637,#1638);
#1636 = CARTESIAN_POINT('',(-2.615,-1.464196,0.375201));
#1637 = DIRECTION('',(1.,-5.243344273594E-32,-2.289834988289E-16));
#1638 = DIRECTION('',(5.243344273594E-32,1.,0.));
#1639 = DEFINITIONAL_REPRESENTATION('',(#1640),#1644);
#1640 = LINE('',#1641,#1642);
#1641 = CARTESIAN_POINT('',(2.159059,0.134799));
#1642 = VECTOR('',#1643,1.);
#1643 = DIRECTION('',(1.,-2.289834988289E-16));
#1644 = ( GEOMETRIC_REPRESENTATION_CONTEXT(2) 
PARAMETRIC_REPRESENTATION_CONTEXT() REPRESENTATION_CONTEXT('2D SPACE',''
  ) );
#1645 = ORIENTED_EDGE('',*,*,#1646,.T.);
#1646 = EDGE_CURVE('',#1619,#1534,#1647,.T.);
#1647 = SURFACE_CURVE('',#1648,(#1652,#1659),.PCURVE_S1.);
#1648 = LINE('',#1649,#1650);
#1649 = CARTESIAN_POINT('',(-2.61494,-1.05,0.51));
#1650 = VECTOR('',#1651,1.);
#1651 = DIRECTION('',(-1.,5.243344273594E-32,2.289834988289E-16));
#1652 = PCURVE('',#1549,#1653);
#1653 = DEFINITIONAL_REPRESENTATION('',(#1654),#1658);
#1654 = LINE('',#1655,#1656);
#1655 = CARTESIAN_POINT('',(5.E-02,-0.15006));
#1656 = VECTOR('',#1657,1.);
#1657 = DIRECTION('',(-2.080052407982E-46,1.));
#1658 = ( GEOMETRIC_REPRESENTATION_CONTEXT(2) 
PARAMETRIC_REPRESENTATION_CONTEXT() REPRESENTATION_CONTEXT('2D SPACE',''
  ) );
#1659 = PCURVE('',#1580,#1660);
#1660 = DEFINITIONAL_REPRESENTATION('',(#1661),#1665);
#1661 = LINE('',#1662,#1663);
#1662 = CARTESIAN_POINT('',(1.570796326795,0.15006));
#1663 = VECTOR('',#1664,1.);
#1664 = DIRECTION('',(0.,-1.));
#1665 = ( GEOMETRIC_REPRESENTATION_CONTEXT(2) 
PARAMETRIC_REPRESENTATION_CONTEXT() REPRESENTATION_CONTEXT('2D SPACE',''
  ) );
#1666 = ADVANCED_FACE('',(#1667),#1580,.F.);
#1667 = FACE_BOUND('',#1668,.F.);
#1668 = EDGE_LOOP('',(#1669,#1670,#1671,#1694));
#1669 = ORIENTED_EDGE('',*,*,#1646,.T.);
#1670 = ORIENTED_EDGE('',*,*,#1561,.F.);
#1671 = ORIENTED_EDGE('',*,*,#1672,.T.);
#1672 = EDGE_CURVE('',#1050,#1673,#1675,.T.);
#1673 = VERTEX_POINT('',#1674);
#1674 = CARTESIAN_POINT('',(-2.615,-1.1,0.46));
#1675 = SURFACE_CURVE('',#1676,(#1680,#1687),.PCURVE_S1.);
#1676 = LINE('',#1677,#1678);
#1677 = CARTESIAN_POINT('',(-2.765,-1.1,0.46));
#1678 = VECTOR('',#1679,1.);
#1679 = DIRECTION('',(1.,-5.243344273594E-32,-2.289834988289E-16));
#1680 = PCURVE('',#1580,#1681);
#1681 = DEFINITIONAL_REPRESENTATION('',(#1682),#1686);
#1682 = LINE('',#1683,#1684);
#1683 = CARTESIAN_POINT('',(3.14159265359,0.));
#1684 = VECTOR('',#1685,1.);
#1685 = DIRECTION('',(0.,1.));
#1686 = ( GEOMETRIC_REPRESENTATION_CONTEXT(2) 
PARAMETRIC_REPRESENTATION_CONTEXT() REPRESENTATION_CONTEXT('2D SPACE',''
  ) );
#1687 = PCURVE('',#1070,#1688);
#1688 = DEFINITIONAL_REPRESENTATION('',(#1689),#1693);
#1689 = LINE('',#1690,#1691);
#1690 = CARTESIAN_POINT('',(9.992007221626E-16,-2.288004773932E-31));
#1691 = VECTOR('',#1692,1.);
#1692 = DIRECTION('',(0.,-1.));
#1693 = ( GEOMETRIC_REPRESENTATION_CONTEXT(2) 
PARAMETRIC_REPRESENTATION_CONTEXT() REPRESENTATION_CONTEXT('2D SPACE',''
  ) );
#1694 = ORIENTED_EDGE('',*,*,#1695,.T.);
#1695 = EDGE_CURVE('',#1673,#1619,#1696,.T.);
#1696 = SURFACE_CURVE('',#1697,(#1702,#1709),.PCURVE_S1.);
#1697 = CIRCLE('',#1698,5.E-02);
#1698 = AXIS2_PLACEMENT_3D('',#1699,#1700,#1701);
#1699 = CARTESIAN_POINT('',(-2.615,-1.05,0.46));
#1700 = DIRECTION('',(-1.,5.243344273594E-32,2.289834988289E-16));
#1701 = DIRECTION('',(-2.080052407982E-46,1.,-2.289834988289E-16));
#1702 = PCURVE('',#1580,#1703);
#1703 = DEFINITIONAL_REPRESENTATION('',(#1704),#1708);
#1704 = LINE('',#1705,#1706);
#1705 = CARTESIAN_POINT('',(6.28318530718,0.15));
#1706 = VECTOR('',#1707,1.);
#1707 = DIRECTION('',(-1.,0.));
#1708 = ( GEOMETRIC_REPRESENTATION_CONTEXT(2) 
PARAMETRIC_REPRESENTATION_CONTEXT() REPRESENTATION_CONTEXT('2D SPACE',''
  ) );
#1709 = PCURVE('',#1634,#1710);
#1710 = DEFINITIONAL_REPRESENTATION('',(#1711),#1719);
#1711 = ( BOUNDED_CURVE() B_SPLINE_CURVE(2,(#1712,#1713,#1714,#1715,
#1716,#1717,#1718),.UNSPECIFIED.,.T.,.F.) B_SPLINE_CURVE_WITH_KNOTS((1,2
    ,2,2,2,1),(-2.094395102393,0.,2.094395102393,4.188790204786,
6.28318530718,8.377580409573),.UNSPECIFIED.) CURVE() 
GEOMETRIC_REPRESENTATION_ITEM() RATIONAL_B_SPLINE_CURVE((1.,0.5,1.,0.5,
1.,0.5,1.)) REPRESENTATION_ITEM('') );
#1712 = CARTESIAN_POINT('',(0.464196,8.4799E-02));
#1713 = CARTESIAN_POINT('',(0.464196,-1.803540378445E-03));
#1714 = CARTESIAN_POINT('',(0.389196,4.149772981078E-02));
#1715 = CARTESIAN_POINT('',(0.314196,8.4799E-02));
#1716 = CARTESIAN_POINT('',(0.389196,0.128100270189));
#1717 = CARTESIAN_POINT('',(0.464196,0.171401540378));
#1718 = CARTESIAN_POINT('',(0.464196,8.4799E-02));
#1719 = ( GEOMETRIC_REPRESENTATION_CONTEXT(2) 
PARAMETRIC_REPRESENTATION_CONTEXT() REPRESENTATION_CONTEXT('2D SPACE',''
  ) );
#1720 = ADVANCED_FACE('',(#1721),#1103,.T.);
#1721 = FACE_BOUND('',#1722,.T.);
#1722 = EDGE_LOOP('',(#1723,#1724,#1747,#1775));
#1723 = ORIENTED_EDGE('',*,*,#1082,.F.);
#1724 = ORIENTED_EDGE('',*,*,#1725,.F.);
#1725 = EDGE_CURVE('',#1726,#1048,#1728,.T.);
#1726 = VERTEX_POINT('',#1727);
#1727 = CARTESIAN_POINT('',(-2.615,-1.1,6.782713613136E-02));
#1728 = SURFACE_CURVE('',#1729,(#1733,#1740),.PCURVE_S1.);
#1729 = LINE('',#1730,#1731);
#1730 = CARTESIAN_POINT('',(-2.765,-1.1,6.782713613136E-02));
#1731 = VECTOR('',#1732,1.);
#1732 = DIRECTION('',(-1.,5.243344273594E-32,2.289834988289E-16));
#1733 = PCURVE('',#1103,#1734);
#1734 = DEFINITIONAL_REPRESENTATION('',(#1735),#1739);
#1735 = LINE('',#1736,#1737);
#1736 = CARTESIAN_POINT('',(3.14159265359,0.));
#1737 = VECTOR('',#1738,1.);
#1738 = DIRECTION('',(0.,1.));
#1739 = ( GEOMETRIC_REPRESENTATION_CONTEXT(2) 
PARAMETRIC_REPRESENTATION_CONTEXT() REPRESENTATION_CONTEXT('2D SPACE',''
  ) );
#1740 = PCURVE('',#1070,#1741);
#1741 = DEFINITIONAL_REPRESENTATION('',(#1742),#1746);
#1742 = LINE('',#1743,#1744);
#1743 = CARTESIAN_POINT('',(0.392172863869,-8.980111451441E-17));
#1744 = VECTOR('',#1745,1.);
#1745 = DIRECTION('',(0.,1.));
#1746 = ( GEOMETRIC_REPRESENTATION_CONTEXT(2) 
PARAMETRIC_REPRESENTATION_CONTEXT() REPRESENTATION_CONTEXT('2D SPACE',''
  ) );
#1747 = ORIENTED_EDGE('',*,*,#1748,.T.);
#1748 = EDGE_CURVE('',#1726,#1749,#1751,.T.);
#1749 = VERTEX_POINT('',#1750);
#1750 = CARTESIAN_POINT('',(-2.615,-1.147779969319,1.787644580805E-02));
#1751 = SURFACE_CURVE('',#1752,(#1757,#1764),.PCURVE_S1.);
#1752 = CIRCLE('',#1753,5.E-02);
#1753 = AXIS2_PLACEMENT_3D('',#1754,#1755,#1756);
#1754 = CARTESIAN_POINT('',(-2.615,-1.15,6.782713613136E-02));
#1755 = DIRECTION('',(-1.,5.243344273594E-32,2.289834988289E-16));
#1756 = DIRECTION('',(-5.243344273594E-32,-1.,0.));
#1757 = PCURVE('',#1103,#1758);
#1758 = DEFINITIONAL_REPRESENTATION('',(#1759),#1763);
#1759 = LINE('',#1760,#1761);
#1760 = CARTESIAN_POINT('',(-8.881784197001E-16,-0.15));
#1761 = VECTOR('',#1762,1.);
#1762 = DIRECTION('',(1.,0.));
#1763 = ( GEOMETRIC_REPRESENTATION_CONTEXT(2) 
PARAMETRIC_REPRESENTATION_CONTEXT() REPRESENTATION_CONTEXT('2D SPACE',''
  ) );
#1764 = PCURVE('',#1634,#1765);
#1765 = DEFINITIONAL_REPRESENTATION('',(#1766),#1774);
#1766 = ( BOUNDED_CURVE() B_SPLINE_CURVE(2,(#1767,#1768,#1769,#1770,
#1771,#1772,#1773),.UNSPECIFIED.,.T.,.F.) B_SPLINE_CURVE_WITH_KNOTS((1,2
    ,2,2,2,1),(-2.094395102393,0.,2.094395102393,4.188790204786,
6.28318530718,8.377580409573),.UNSPECIFIED.) CURVE() 
GEOMETRIC_REPRESENTATION_ITEM() RATIONAL_B_SPLINE_CURVE((1.,0.5,1.,0.5,
1.,0.5,1.)) REPRESENTATION_ITEM('') );
#1767 = CARTESIAN_POINT('',(0.264196,-0.307373863869));
#1768 = CARTESIAN_POINT('',(0.264196,-0.22077132349));
#1769 = CARTESIAN_POINT('',(0.339196,-0.264072593679));
#1770 = CARTESIAN_POINT('',(0.414196,-0.307373863869));
#1771 = CARTESIAN_POINT('',(0.339196,-0.350675134058));
#1772 = CARTESIAN_POINT('',(0.264196,-0.393976404247));
#1773 = CARTESIAN_POINT('',(0.264196,-0.307373863869));
#1774 = ( GEOMETRIC_REPRESENTATION_CONTEXT(2) 
PARAMETRIC_REPRESENTATION_CONTEXT() REPRESENTATION_CONTEXT('2D SPACE',''
  ) );
#1775 = ORIENTED_EDGE('',*,*,#1776,.F.);
#1776 = EDGE_CURVE('',#1083,#1749,#1777,.T.);
#1777 = SURFACE_CURVE('',#1778,(#1782,#1789),.PCURVE_S1.);
#1778 = LINE('',#1779,#1780);
#1779 = CARTESIAN_POINT('',(-2.765,-1.147779969319,1.787644580805E-02));
#1780 = VECTOR('',#1781,1.);
#1781 = DIRECTION('',(1.,-5.243344273594E-32,-2.289834988289E-16));
#1782 = PCURVE('',#1103,#1783);
#1783 = DEFINITIONAL_REPRESENTATION('',(#1784),#1788);
#1784 = LINE('',#1785,#1786);
#1785 = CARTESIAN_POINT('',(4.667973765138,0.));
#1786 = VECTOR('',#1787,1.);
#1787 = DIRECTION('',(0.,-1.));
#1788 = ( GEOMETRIC_REPRESENTATION_CONTEXT(2) 
PARAMETRIC_REPRESENTATION_CONTEXT() REPRESENTATION_CONTEXT('2D SPACE',''
  ) );
#1789 = PCURVE('',#1131,#1790);
#1790 = DEFINITIONAL_REPRESENTATION('',(#1791),#1795);
#1791 = LINE('',#1792,#1793);
#1792 = CARTESIAN_POINT('',(-0.,0.));
#1793 = VECTOR('',#1794,1.);
#1794 = DIRECTION('',(4.160008679876E-32,-1.));
#1795 = ( GEOMETRIC_REPRESENTATION_CONTEXT(2) 
PARAMETRIC_REPRESENTATION_CONTEXT() REPRESENTATION_CONTEXT('2D SPACE',''
  ) );
#1796 = ADVANCED_FACE('',(#1797),#1131,.T.);
#1797 = FACE_BOUND('',#1798,.T.);
#1798 = EDGE_LOOP('',(#1799,#1800,#1801,#1824));
#1799 = ORIENTED_EDGE('',*,*,#1115,.T.);
#1800 = ORIENTED_EDGE('',*,*,#1776,.T.);
#1801 = ORIENTED_EDGE('',*,*,#1802,.F.);
#1802 = EDGE_CURVE('',#1803,#1749,#1805,.T.);
#1803 = VERTEX_POINT('',#1804);
#1804 = CARTESIAN_POINT('',(-2.615,-1.55,-3.330669073875E-16));
#1805 = SURFACE_CURVE('',#1806,(#1810,#1817),.PCURVE_S1.);
#1806 = LINE('',#1807,#1808);
#1807 = CARTESIAN_POINT('',(-2.615,-1.55,-3.330669073875E-16));
#1808 = VECTOR('',#1809,1.);
#1809 = DIRECTION('',(1.016700785703E-17,0.999013806466,
    4.440061362072E-02));
#1810 = PCURVE('',#1131,#1811);
#1811 = DEFINITIONAL_REPRESENTATION('',(#1812),#1816);
#1812 = LINE('',#1813,#1814);
#1813 = CARTESIAN_POINT('',(0.402617089051,-0.15));
#1814 = VECTOR('',#1815,1.);
#1815 = DIRECTION('',(-1.,0.));
#1816 = ( GEOMETRIC_REPRESENTATION_CONTEXT(2) 
PARAMETRIC_REPRESENTATION_CONTEXT() REPRESENTATION_CONTEXT('2D SPACE',''
  ) );
#1817 = PCURVE('',#1634,#1818);
#1818 = DEFINITIONAL_REPRESENTATION('',(#1819),#1823);
#1819 = LINE('',#1820,#1821);
#1820 = CARTESIAN_POINT('',(-8.5804E-02,-0.375201));
#1821 = VECTOR('',#1822,1.);
#1822 = DIRECTION('',(0.999013806466,4.440061362072E-02));
#1823 = ( GEOMETRIC_REPRESENTATION_CONTEXT(2) 
PARAMETRIC_REPRESENTATION_CONTEXT() REPRESENTATION_CONTEXT('2D SPACE',''
  ) );
#1824 = ORIENTED_EDGE('',*,*,#1825,.F.);
#1825 = EDGE_CURVE('',#1116,#1803,#1826,.T.);
#1826 = SURFACE_CURVE('',#1827,(#1831,#1838),.PCURVE_S1.);
#1827 = LINE('',#1828,#1829);
#1828 = CARTESIAN_POINT('',(-2.765,-1.55,-3.330669073875E-16));
#1829 = VECTOR('',#1830,1.);
#1830 = DIRECTION('',(1.,-5.243344273594E-32,-2.289834988289E-16));
#1831 = PCURVE('',#1131,#1832);
#1832 = DEFINITIONAL_REPRESENTATION('',(#1833),#1837);
#1833 = LINE('',#1834,#1835);
#1834 = CARTESIAN_POINT('',(0.402617089051,-4.093411107753E-18));
#1835 = VECTOR('',#1836,1.);
#1836 = DIRECTION('',(4.160008679876E-32,-1.));
#1837 = ( GEOMETRIC_REPRESENTATION_CONTEXT(2) 
PARAMETRIC_REPRESENTATION_CONTEXT() REPRESENTATION_CONTEXT('2D SPACE',''
  ) );
#1838 = PCURVE('',#1159,#1839);
#1839 = DEFINITIONAL_REPRESENTATION('',(#1840),#1844);
#1840 = LINE('',#1841,#1842);
#1841 = CARTESIAN_POINT('',(0.,0.));
#1842 = VECTOR('',#1843,1.);
#1843 = DIRECTION('',(-3.697785493223E-31,-1.));
#1844 = ( GEOMETRIC_REPRESENTATION_CONTEXT(2) 
PARAMETRIC_REPRESENTATION_CONTEXT() REPRESENTATION_CONTEXT('2D SPACE',''
  ) );
#1845 = ADVANCED_FACE('',(#1846),#1159,.T.);
#1846 = FACE_BOUND('',#1847,.T.);
#1847 = EDGE_LOOP('',(#1848,#1849,#1850,#1873));
#1848 = ORIENTED_EDGE('',*,*,#1143,.T.);
#1849 = ORIENTED_EDGE('',*,*,#1825,.T.);
#1850 = ORIENTED_EDGE('',*,*,#1851,.F.);
#1851 = EDGE_CURVE('',#1852,#1803,#1854,.T.);
#1852 = VERTEX_POINT('',#1853);
#1853 = CARTESIAN_POINT('',(-2.615,-1.6,5.E-02));
#1854 = SURFACE_CURVE('',#1855,(#1859,#1866),.PCURVE_S1.);
#1855 = LINE('',#1856,#1857);
#1856 = CARTESIAN_POINT('',(-2.615,-1.6,5.E-02));
#1857 = VECTOR('',#1858,1.);
#1858 = DIRECTION('',(-1.619157848018E-16,0.707106781187,-0.707106781187
    ));
#1859 = PCURVE('',#1159,#1860);
#1860 = DEFINITIONAL_REPRESENTATION('',(#1861),#1865);
#1861 = LINE('',#1862,#1863);
#1862 = CARTESIAN_POINT('',(7.071067811866E-02,-0.15));
#1863 = VECTOR('',#1864,1.);
#1864 = DIRECTION('',(-1.,-2.465190328816E-32));
#1865 = ( GEOMETRIC_REPRESENTATION_CONTEXT(2) 
PARAMETRIC_REPRESENTATION_CONTEXT() REPRESENTATION_CONTEXT('2D SPACE',''
  ) );
#1866 = PCURVE('',#1634,#1867);
#1867 = DEFINITIONAL_REPRESENTATION('',(#1868),#1872);
#1868 = LINE('',#1869,#1870);
#1869 = CARTESIAN_POINT('',(-0.135804,-0.325201));
#1870 = VECTOR('',#1871,1.);
#1871 = DIRECTION('',(0.707106781187,-0.707106781187));
#1872 = ( GEOMETRIC_REPRESENTATION_CONTEXT(2) 
PARAMETRIC_REPRESENTATION_CONTEXT() REPRESENTATION_CONTEXT('2D SPACE',''
  ) );
#1873 = ORIENTED_EDGE('',*,*,#1874,.F.);
#1874 = EDGE_CURVE('',#1144,#1852,#1875,.T.);
#1875 = SURFACE_CURVE('',#1876,(#1880,#1887),.PCURVE_S1.);
#1876 = LINE('',#1877,#1878);
#1877 = CARTESIAN_POINT('',(-2.765,-1.6,5.E-02));
#1878 = VECTOR('',#1879,1.);
#1879 = DIRECTION('',(1.,-5.243344273594E-32,-2.289834988289E-16));
#1880 = PCURVE('',#1159,#1881);
#1881 = DEFINITIONAL_REPRESENTATION('',(#1882),#1886);
#1882 = LINE('',#1883,#1884);
#1883 = CARTESIAN_POINT('',(7.071067811866E-02,1.144917494145E-17));
#1884 = VECTOR('',#1885,1.);
#1885 = DIRECTION('',(-3.697785493223E-31,-1.));
#1886 = ( GEOMETRIC_REPRESENTATION_CONTEXT(2) 
PARAMETRIC_REPRESENTATION_CONTEXT() REPRESENTATION_CONTEXT('2D SPACE',''
  ) );
#1887 = PCURVE('',#1187,#1888);
#1888 = DEFINITIONAL_REPRESENTATION('',(#1889),#1893);
#1889 = LINE('',#1890,#1891);
#1890 = CARTESIAN_POINT('',(0.,0.));
#1891 = VECTOR('',#1892,1.);
#1892 = DIRECTION('',(0.,-1.));
#1893 = ( GEOMETRIC_REPRESENTATION_CONTEXT(2) 
PARAMETRIC_REPRESENTATION_CONTEXT() REPRESENTATION_CONTEXT('2D SPACE',''
  ) );
#1894 = ADVANCED_FACE('',(#1895),#1187,.T.);
#1895 = FACE_BOUND('',#1896,.T.);
#1896 = EDGE_LOOP('',(#1897,#1898,#1899,#1922));
#1897 = ORIENTED_EDGE('',*,*,#1171,.F.);
#1898 = ORIENTED_EDGE('',*,*,#1874,.T.);
#1899 = ORIENTED_EDGE('',*,*,#1900,.T.);
#1900 = EDGE_CURVE('',#1852,#1901,#1903,.T.);
#1901 = VERTEX_POINT('',#1902);
#1902 = CARTESIAN_POINT('',(-2.615,-1.6,0.12));
#1903 = SURFACE_CURVE('',#1904,(#1908,#1915),.PCURVE_S1.);
#1904 = LINE('',#1905,#1906);
#1905 = CARTESIAN_POINT('',(-2.615,-1.6,5.E-02));
#1906 = VECTOR('',#1907,1.);
#1907 = DIRECTION('',(2.289834988289E-16,0.,1.));
#1908 = PCURVE('',#1187,#1909);
#1909 = DEFINITIONAL_REPRESENTATION('',(#1910),#1914);
#1910 = LINE('',#1911,#1912);
#1911 = CARTESIAN_POINT('',(3.434752482434E-17,-0.15));
#1912 = VECTOR('',#1913,1.);
#1913 = DIRECTION('',(1.,0.));
#1914 = ( GEOMETRIC_REPRESENTATION_CONTEXT(2) 
PARAMETRIC_REPRESENTATION_CONTEXT() REPRESENTATION_CONTEXT('2D SPACE',''
  ) );
#1915 = PCURVE('',#1634,#1916);
#1916 = DEFINITIONAL_REPRESENTATION('',(#1917),#1921);
#1917 = LINE('',#1918,#1919);
#1918 = CARTESIAN_POINT('',(-0.135804,-0.325201));
#1919 = VECTOR('',#1920,1.);
#1920 = DIRECTION('',(1.200639317332E-47,1.));
#1921 = ( GEOMETRIC_REPRESENTATION_CONTEXT(2) 
PARAMETRIC_REPRESENTATION_CONTEXT() REPRESENTATION_CONTEXT('2D SPACE',''
  ) );
#1922 = ORIENTED_EDGE('',*,*,#1923,.T.);
#1923 = EDGE_CURVE('',#1901,#1172,#1924,.T.);
#1924 = SURFACE_CURVE('',#1925,(#1929,#1936),.PCURVE_S1.);
#1925 = LINE('',#1926,#1927);
#1926 = CARTESIAN_POINT('',(-2.765,-1.6,0.12));
#1927 = VECTOR('',#1928,1.);
#1928 = DIRECTION('',(-1.,5.243344273594E-32,2.289834988289E-16));
#1929 = PCURVE('',#1187,#1930);
#1930 = DEFINITIONAL_REPRESENTATION('',(#1931),#1935);
#1931 = LINE('',#1932,#1933);
#1932 = CARTESIAN_POINT('',(7.E-02,1.602884491803E-17));
#1933 = VECTOR('',#1934,1.);
#1934 = DIRECTION('',(0.,1.));
#1935 = ( GEOMETRIC_REPRESENTATION_CONTEXT(2) 
PARAMETRIC_REPRESENTATION_CONTEXT() REPRESENTATION_CONTEXT('2D SPACE',''
  ) );
#1936 = PCURVE('',#1220,#1937);
#1937 = DEFINITIONAL_REPRESENTATION('',(#1938),#1942);
#1938 = LINE('',#1939,#1940);
#1939 = CARTESIAN_POINT('',(3.14159265359,0.));
#1940 = VECTOR('',#1941,1.);
#1941 = DIRECTION('',(0.,1.));
#1942 = ( GEOMETRIC_REPRESENTATION_CONTEXT(2) 
PARAMETRIC_REPRESENTATION_CONTEXT() REPRESENTATION_CONTEXT('2D SPACE',''
  ) );
#1943 = ADVANCED_FACE('',(#1944),#1220,.F.);
#1944 = FACE_BOUND('',#1945,.F.);
#1945 = EDGE_LOOP('',(#1946,#1969,#1995,#1996));
#1946 = ORIENTED_EDGE('',*,*,#1947,.T.);
#1947 = EDGE_CURVE('',#1200,#1948,#1950,.T.);
#1948 = VERTEX_POINT('',#1949);
#1949 = CARTESIAN_POINT('',(-2.615,-1.65,0.17));
#1950 = SURFACE_CURVE('',#1951,(#1955,#1962),.PCURVE_S1.);
#1951 = LINE('',#1952,#1953);
#1952 = CARTESIAN_POINT('',(-2.765,-1.65,0.17));
#1953 = VECTOR('',#1954,1.);
#1954 = DIRECTION('',(1.,-5.243344273594E-32,-2.289834988289E-16));
#1955 = PCURVE('',#1220,#1956);
#1956 = DEFINITIONAL_REPRESENTATION('',(#1957),#1961);
#1957 = LINE('',#1958,#1959);
#1958 = CARTESIAN_POINT('',(1.570796326795,0.));
#1959 = VECTOR('',#1960,1.);
#1960 = DIRECTION('',(0.,-1.));
#1961 = ( GEOMETRIC_REPRESENTATION_CONTEXT(2) 
PARAMETRIC_REPRESENTATION_CONTEXT() REPRESENTATION_CONTEXT('2D SPACE',''
  ) );
#1962 = PCURVE('',#1248,#1963);
#1963 = DEFINITIONAL_REPRESENTATION('',(#1964),#1968);
#1964 = LINE('',#1965,#1966);
#1965 = CARTESIAN_POINT('',(0.,0.));
#1966 = VECTOR('',#1967,1.);
#1967 = DIRECTION('',(-6.679536616831E-78,-1.));
#1968 = ( GEOMETRIC_REPRESENTATION_CONTEXT(2) 
PARAMETRIC_REPRESENTATION_CONTEXT() REPRESENTATION_CONTEXT('2D SPACE',''
  ) );
#1969 = ORIENTED_EDGE('',*,*,#1970,.T.);
#1970 = EDGE_CURVE('',#1948,#1901,#1971,.T.);
#1971 = SURFACE_CURVE('',#1972,(#1977,#1984),.PCURVE_S1.);
#1972 = CIRCLE('',#1973,5.E-02);
#1973 = AXIS2_PLACEMENT_3D('',#1974,#1975,#1976);
#1974 = CARTESIAN_POINT('',(-2.615,-1.65,0.12));
#1975 = DIRECTION('',(-1.,5.243344273594E-32,2.289834988289E-16));
#1976 = DIRECTION('',(-5.243344273594E-32,-1.,0.));
#1977 = PCURVE('',#1220,#1978);
#1978 = DEFINITIONAL_REPRESENTATION('',(#1979),#1983);
#1979 = LINE('',#1980,#1981);
#1980 = CARTESIAN_POINT('',(0.,-0.15));
#1981 = VECTOR('',#1982,1.);
#1982 = DIRECTION('',(1.,0.));
#1983 = ( GEOMETRIC_REPRESENTATION_CONTEXT(2) 
PARAMETRIC_REPRESENTATION_CONTEXT() REPRESENTATION_CONTEXT('2D SPACE',''
  ) );
#1984 = PCURVE('',#1634,#1985);
#1985 = DEFINITIONAL_REPRESENTATION('',(#1986),#1994);
#1986 = ( BOUNDED_CURVE() B_SPLINE_CURVE(2,(#1987,#1988,#1989,#1990,
#1991,#1992,#1993),.UNSPECIFIED.,.T.,.F.) B_SPLINE_CURVE_WITH_KNOTS((1,2
    ,2,2,2,1),(-2.094395102393,0.,2.094395102393,4.188790204786,
6.28318530718,8.377580409573),.UNSPECIFIED.) CURVE() 
GEOMETRIC_REPRESENTATION_ITEM() RATIONAL_B_SPLINE_CURVE((1.,0.5,1.,0.5,
1.,0.5,1.)) REPRESENTATION_ITEM('') );
#1987 = CARTESIAN_POINT('',(-0.235804,-0.255201));
#1988 = CARTESIAN_POINT('',(-0.235804,-0.168598459622));
#1989 = CARTESIAN_POINT('',(-0.160804,-0.211899729811));
#1990 = CARTESIAN_POINT('',(-8.5804E-02,-0.255201));
#1991 = CARTESIAN_POINT('',(-0.160804,-0.298502270189));
#1992 = CARTESIAN_POINT('',(-0.235804,-0.341803540378));
#1993 = CARTESIAN_POINT('',(-0.235804,-0.255201));
#1994 = ( GEOMETRIC_REPRESENTATION_CONTEXT(2) 
PARAMETRIC_REPRESENTATION_CONTEXT() REPRESENTATION_CONTEXT('2D SPACE',''
  ) );
#1995 = ORIENTED_EDGE('',*,*,#1923,.T.);
#1996 = ORIENTED_EDGE('',*,*,#1199,.F.);
#1997 = ADVANCED_FACE('',(#1998),#1248,.T.);
#1998 = FACE_BOUND('',#1999,.T.);
#1999 = EDGE_LOOP('',(#2000,#2001,#2002,#2025));
#2000 = ORIENTED_EDGE('',*,*,#1232,.F.);
#2001 = ORIENTED_EDGE('',*,*,#1947,.T.);
#2002 = ORIENTED_EDGE('',*,*,#2003,.T.);
#2003 = EDGE_CURVE('',#1948,#2004,#2006,.T.);
#2004 = VERTEX_POINT('',#2005);
#2005 = CARTESIAN_POINT('',(-2.615,-1.825,0.17));
#2006 = SURFACE_CURVE('',#2007,(#2011,#2018),.PCURVE_S1.);
#2007 = LINE('',#2008,#2009);
#2008 = CARTESIAN_POINT('',(-2.615,-1.65,0.17));
#2009 = VECTOR('',#2010,1.);
#2010 = DIRECTION('',(-5.243344273594E-32,-1.,0.));
#2011 = PCURVE('',#1248,#2012);
#2012 = DEFINITIONAL_REPRESENTATION('',(#2013),#2017);
#2013 = LINE('',#2014,#2015);
#2014 = CARTESIAN_POINT('',(-7.865016410391E-33,-0.15));
#2015 = VECTOR('',#2016,1.);
#2016 = DIRECTION('',(1.,6.679536616831E-78));
#2017 = ( GEOMETRIC_REPRESENTATION_CONTEXT(2) 
PARAMETRIC_REPRESENTATION_CONTEXT() REPRESENTATION_CONTEXT('2D SPACE',''
  ) );
#2018 = PCURVE('',#1634,#2019);
#2019 = DEFINITIONAL_REPRESENTATION('',(#2020),#2024);
#2020 = LINE('',#2021,#2022);
#2021 = CARTESIAN_POINT('',(-0.185804,-0.205201));
#2022 = VECTOR('',#2023,1.);
#2023 = DIRECTION('',(-1.,0.));
#2024 = ( GEOMETRIC_REPRESENTATION_CONTEXT(2) 
PARAMETRIC_REPRESENTATION_CONTEXT() REPRESENTATION_CONTEXT('2D SPACE',''
  ) );
#2025 = ORIENTED_EDGE('',*,*,#2026,.F.);
#2026 = EDGE_CURVE('',#1233,#2004,#2027,.T.);
#2027 = SURFACE_CURVE('',#2028,(#2032,#2039),.PCURVE_S1.);
#2028 = LINE('',#2029,#2030);
#2029 = CARTESIAN_POINT('',(-2.765,-1.825,0.17));
#2030 = VECTOR('',#2031,1.);
#2031 = DIRECTION('',(1.,-5.243344273594E-32,-2.289834988289E-16));
#2032 = PCURVE('',#1248,#2033);
#2033 = DEFINITIONAL_REPRESENTATION('',(#2034),#2038);
#2034 = LINE('',#2035,#2036);
#2035 = CARTESIAN_POINT('',(0.175,-9.175852478789E-33));
#2036 = VECTOR('',#2037,1.);
#2037 = DIRECTION('',(-6.679536616831E-78,-1.));
#2038 = ( GEOMETRIC_REPRESENTATION_CONTEXT(2) 
PARAMETRIC_REPRESENTATION_CONTEXT() REPRESENTATION_CONTEXT('2D SPACE',''
  ) );
#2039 = PCURVE('',#1276,#2040);
#2040 = DEFINITIONAL_REPRESENTATION('',(#2041),#2045);
#2041 = LINE('',#2042,#2043);
#2042 = CARTESIAN_POINT('',(0.,0.));
#2043 = VECTOR('',#2044,1.);
#2044 = DIRECTION('',(0.,-1.));
#2045 = ( GEOMETRIC_REPRESENTATION_CONTEXT(2) 
PARAMETRIC_REPRESENTATION_CONTEXT() REPRESENTATION_CONTEXT('2D SPACE',''
  ) );
#2046 = ADVANCED_FACE('',(#2047),#1276,.T.);
#2047 = FACE_BOUND('',#2048,.T.);
#2048 = EDGE_LOOP('',(#2049,#2050,#2051,#2074));
#2049 = ORIENTED_EDGE('',*,*,#1260,.T.);
#2050 = ORIENTED_EDGE('',*,*,#2026,.T.);
#2051 = ORIENTED_EDGE('',*,*,#2052,.F.);
#2052 = EDGE_CURVE('',#2053,#2004,#2055,.T.);
#2053 = VERTEX_POINT('',#2054);
#2054 = CARTESIAN_POINT('',(-2.615,-1.825,0.37));
#2055 = SURFACE_CURVE('',#2056,(#2060,#2067),.PCURVE_S1.);
#2056 = LINE('',#2057,#2058);
#2057 = CARTESIAN_POINT('',(-2.615,-1.825,0.37));
#2058 = VECTOR('',#2059,1.);
#2059 = DIRECTION('',(-2.289834988289E-16,0.,-1.));
#2060 = PCURVE('',#1276,#2061);
#2061 = DEFINITIONAL_REPRESENTATION('',(#2062),#2066);
#2062 = LINE('',#2063,#2064);
#2063 = CARTESIAN_POINT('',(0.2,-0.15));
#2064 = VECTOR('',#2065,1.);
#2065 = DIRECTION('',(-1.,0.));
#2066 = ( GEOMETRIC_REPRESENTATION_CONTEXT(2) 
PARAMETRIC_REPRESENTATION_CONTEXT() REPRESENTATION_CONTEXT('2D SPACE',''
  ) );
#2067 = PCURVE('',#1634,#2068);
#2068 = DEFINITIONAL_REPRESENTATION('',(#2069),#2073);
#2069 = LINE('',#2070,#2071);
#2070 = CARTESIAN_POINT('',(-0.360804,-5.201E-03));
#2071 = VECTOR('',#2072,1.);
#2072 = DIRECTION('',(-1.200639317332E-47,-1.));
#2073 = ( GEOMETRIC_REPRESENTATION_CONTEXT(2) 
PARAMETRIC_REPRESENTATION_CONTEXT() REPRESENTATION_CONTEXT('2D SPACE',''
  ) );
#2074 = ORIENTED_EDGE('',*,*,#2075,.F.);
#2075 = EDGE_CURVE('',#1261,#2053,#2076,.T.);
#2076 = SURFACE_CURVE('',#2077,(#2081,#2088),.PCURVE_S1.);
#2077 = LINE('',#2078,#2079);
#2078 = CARTESIAN_POINT('',(-2.765,-1.825,0.37));
#2079 = VECTOR('',#2080,1.);
#2080 = DIRECTION('',(1.,-5.243344273594E-32,-2.289834988289E-16));
#2081 = PCURVE('',#1276,#2082);
#2082 = DEFINITIONAL_REPRESENTATION('',(#2083),#2087);
#2083 = LINE('',#2084,#2085);
#2084 = CARTESIAN_POINT('',(0.2,4.579669976579E-17));
#2085 = VECTOR('',#2086,1.);
#2086 = DIRECTION('',(0.,-1.));
#2087 = ( GEOMETRIC_REPRESENTATION_CONTEXT(2) 
PARAMETRIC_REPRESENTATION_CONTEXT() REPRESENTATION_CONTEXT('2D SPACE',''
  ) );
#2088 = PCURVE('',#1304,#2089);
#2089 = DEFINITIONAL_REPRESENTATION('',(#2090),#2094);
#2090 = LINE('',#2091,#2092);
#2091 = CARTESIAN_POINT('',(0.,0.));
#2092 = VECTOR('',#2093,1.);
#2093 = DIRECTION('',(6.679536616831E-78,-1.));
#2094 = ( GEOMETRIC_REPRESENTATION_CONTEXT(2) 
PARAMETRIC_REPRESENTATION_CONTEXT() REPRESENTATION_CONTEXT('2D SPACE',''
  ) );
#2095 = ADVANCED_FACE('',(#2096),#1304,.T.);
#2096 = FACE_BOUND('',#2097,.T.);
#2097 = EDGE_LOOP('',(#2098,#2099,#2100,#2123));
#2098 = ORIENTED_EDGE('',*,*,#1288,.T.);
#2099 = ORIENTED_EDGE('',*,*,#2075,.T.);
#2100 = ORIENTED_EDGE('',*,*,#2101,.F.);
#2101 = EDGE_CURVE('',#2102,#2053,#2104,.T.);
#2102 = VERTEX_POINT('',#2103);
#2103 = CARTESIAN_POINT('',(-2.615,-1.8,0.37));
#2104 = SURFACE_CURVE('',#2105,(#2109,#2116),.PCURVE_S1.);
#2105 = LINE('',#2106,#2107);
#2106 = CARTESIAN_POINT('',(-2.615,-1.8,0.37));
#2107 = VECTOR('',#2108,1.);
#2108 = DIRECTION('',(-5.243344273594E-32,-1.,0.));
#2109 = PCURVE('',#1304,#2110);
#2110 = DEFINITIONAL_REPRESENTATION('',(#2111),#2115);
#2111 = LINE('',#2112,#2113);
#2112 = CARTESIAN_POINT('',(2.5E-02,-0.15));
#2113 = VECTOR('',#2114,1.);
#2114 = DIRECTION('',(-1.,6.679536616831E-78));
#2115 = ( GEOMETRIC_REPRESENTATION_CONTEXT(2) 
PARAMETRIC_REPRESENTATION_CONTEXT() REPRESENTATION_CONTEXT('2D SPACE',''
  ) );
#2116 = PCURVE('',#1634,#2117);
#2117 = DEFINITIONAL_REPRESENTATION('',(#2118),#2122);
#2118 = LINE('',#2119,#2120);
#2119 = CARTESIAN_POINT('',(-0.335804,-5.201E-03));
#2120 = VECTOR('',#2121,1.);
#2121 = DIRECTION('',(-1.,0.));
#2122 = ( GEOMETRIC_REPRESENTATION_CONTEXT(2) 
PARAMETRIC_REPRESENTATION_CONTEXT() REPRESENTATION_CONTEXT('2D SPACE',''
  ) );
#2123 = ORIENTED_EDGE('',*,*,#2124,.F.);
#2124 = EDGE_CURVE('',#1289,#2102,#2125,.T.);
#2125 = SURFACE_CURVE('',#2126,(#2130,#2137),.PCURVE_S1.);
#2126 = LINE('',#2127,#2128);
#2127 = CARTESIAN_POINT('',(-2.765,-1.8,0.37));
#2128 = VECTOR('',#2129,1.);
#2129 = DIRECTION('',(1.,-5.243344273594E-32,-2.289834988289E-16));
#2130 = PCURVE('',#1304,#2131);
#2131 = DEFINITIONAL_REPRESENTATION('',(#2132),#2136);
#2132 = LINE('',#2133,#2134);
#2133 = CARTESIAN_POINT('',(2.5E-02,1.310836068399E-33));
#2134 = VECTOR('',#2135,1.);
#2135 = DIRECTION('',(6.679536616831E-78,-1.));
#2136 = ( GEOMETRIC_REPRESENTATION_CONTEXT(2) 
PARAMETRIC_REPRESENTATION_CONTEXT() REPRESENTATION_CONTEXT('2D SPACE',''
  ) );
#2137 = PCURVE('',#1337,#2138);
#2138 = DEFINITIONAL_REPRESENTATION('',(#2139),#2143);
#2139 = LINE('',#2140,#2141);
#2140 = CARTESIAN_POINT('',(4.712388980385,0.));
#2141 = VECTOR('',#2142,1.);
#2142 = DIRECTION('',(0.,-1.));
#2143 = ( GEOMETRIC_REPRESENTATION_CONTEXT(2) 
PARAMETRIC_REPRESENTATION_CONTEXT() REPRESENTATION_CONTEXT('2D SPACE',''
  ) );
#2144 = ADVANCED_FACE('',(#2145),#1337,.F.);
#2145 = FACE_BOUND('',#2146,.F.);
#2146 = EDGE_LOOP('',(#2147,#2170,#2196,#2197));
#2147 = ORIENTED_EDGE('',*,*,#2148,.F.);
#2148 = EDGE_CURVE('',#2149,#1317,#2151,.T.);
#2149 = VERTEX_POINT('',#2150);
#2150 = CARTESIAN_POINT('',(-2.615,-1.75,0.42));
#2151 = SURFACE_CURVE('',#2152,(#2156,#2163),.PCURVE_S1.);
#2152 = LINE('',#2153,#2154);
#2153 = CARTESIAN_POINT('',(-2.765,-1.75,0.42));
#2154 = VECTOR('',#2155,1.);
#2155 = DIRECTION('',(-1.,5.243344273594E-32,2.289834988289E-16));
#2156 = PCURVE('',#1337,#2157);
#2157 = DEFINITIONAL_REPRESENTATION('',(#2158),#2162);
#2158 = LINE('',#2159,#2160);
#2159 = CARTESIAN_POINT('',(3.14159265359,0.));
#2160 = VECTOR('',#2161,1.);
#2161 = DIRECTION('',(-5.921189464668E-15,1.));
#2162 = ( GEOMETRIC_REPRESENTATION_CONTEXT(2) 
PARAMETRIC_REPRESENTATION_CONTEXT() REPRESENTATION_CONTEXT('2D SPACE',''
  ) );
#2163 = PCURVE('',#1365,#2164);
#2164 = DEFINITIONAL_REPRESENTATION('',(#2165),#2169);
#2165 = LINE('',#2166,#2167);
#2166 = CARTESIAN_POINT('',(0.,0.));
#2167 = VECTOR('',#2168,1.);
#2168 = DIRECTION('',(0.,1.));
#2169 = ( GEOMETRIC_REPRESENTATION_CONTEXT(2) 
PARAMETRIC_REPRESENTATION_CONTEXT() REPRESENTATION_CONTEXT('2D SPACE',''
  ) );
#2170 = ORIENTED_EDGE('',*,*,#2171,.T.);
#2171 = EDGE_CURVE('',#2149,#2102,#2172,.T.);
#2172 = SURFACE_CURVE('',#2173,(#2178,#2185),.PCURVE_S1.);
#2173 = CIRCLE('',#2174,5.E-02);
#2174 = AXIS2_PLACEMENT_3D('',#2175,#2176,#2177);
#2175 = CARTESIAN_POINT('',(-2.615,-1.8,0.42));
#2176 = DIRECTION('',(-1.,5.243344273594E-32,2.289834988289E-16));
#2177 = DIRECTION('',(-5.243344273594E-32,-1.,0.));
#2178 = PCURVE('',#1337,#2179);
#2179 = DEFINITIONAL_REPRESENTATION('',(#2180),#2184);
#2180 = LINE('',#2181,#2182);
#2181 = CARTESIAN_POINT('',(0.,-0.15));
#2182 = VECTOR('',#2183,1.);
#2183 = DIRECTION('',(1.,0.));
#2184 = ( GEOMETRIC_REPRESENTATION_CONTEXT(2) 
PARAMETRIC_REPRESENTATION_CONTEXT() REPRESENTATION_CONTEXT('2D SPACE',''
  ) );
#2185 = PCURVE('',#1634,#2186);
#2186 = DEFINITIONAL_REPRESENTATION('',(#2187),#2195);
#2187 = ( BOUNDED_CURVE() B_SPLINE_CURVE(2,(#2188,#2189,#2190,#2191,
#2192,#2193,#2194),.UNSPECIFIED.,.T.,.F.) B_SPLINE_CURVE_WITH_KNOTS((1,2
    ,2,2,2,1),(-2.094395102393,0.,2.094395102393,4.188790204786,
6.28318530718,8.377580409573),.UNSPECIFIED.) CURVE() 
GEOMETRIC_REPRESENTATION_ITEM() RATIONAL_B_SPLINE_CURVE((1.,0.5,1.,0.5,
1.,0.5,1.)) REPRESENTATION_ITEM('') );
#2188 = CARTESIAN_POINT('',(-0.385804,4.4799E-02));
#2189 = CARTESIAN_POINT('',(-0.385804,0.131401540378));
#2190 = CARTESIAN_POINT('',(-0.310804,8.810027018922E-02));
#2191 = CARTESIAN_POINT('',(-0.235804,4.4799E-02));
#2192 = CARTESIAN_POINT('',(-0.310804,1.49772981078E-03));
#2193 = CARTESIAN_POINT('',(-0.385804,-4.180354037844E-02));
#2194 = CARTESIAN_POINT('',(-0.385804,4.4799E-02));
#2195 = ( GEOMETRIC_REPRESENTATION_CONTEXT(2) 
PARAMETRIC_REPRESENTATION_CONTEXT() REPRESENTATION_CONTEXT('2D SPACE',''
  ) );
#2196 = ORIENTED_EDGE('',*,*,#2124,.F.);
#2197 = ORIENTED_EDGE('',*,*,#1316,.F.);
#2198 = ADVANCED_FACE('',(#2199),#1365,.T.);
#2199 = FACE_BOUND('',#2200,.T.);
#2200 = EDGE_LOOP('',(#2201,#2202,#2203,#2226));
#2201 = ORIENTED_EDGE('',*,*,#1349,.F.);
#2202 = ORIENTED_EDGE('',*,*,#2148,.F.);
#2203 = ORIENTED_EDGE('',*,*,#2204,.T.);
#2204 = EDGE_CURVE('',#2149,#2205,#2207,.T.);
#2205 = VERTEX_POINT('',#2206);
#2206 = CARTESIAN_POINT('',(-2.615,-1.75,0.47));
#2207 = SURFACE_CURVE('',#2208,(#2212,#2219),.PCURVE_S1.);
#2208 = LINE('',#2209,#2210);
#2209 = CARTESIAN_POINT('',(-2.615,-1.75,0.42));
#2210 = VECTOR('',#2211,1.);
#2211 = DIRECTION('',(2.289834988289E-16,0.,1.));
#2212 = PCURVE('',#1365,#2213);
#2213 = DEFINITIONAL_REPRESENTATION('',(#2214),#2218);
#2214 = LINE('',#2215,#2216);
#2215 = CARTESIAN_POINT('',(3.434752482434E-17,-0.15));
#2216 = VECTOR('',#2217,1.);
#2217 = DIRECTION('',(1.,0.));
#2218 = ( GEOMETRIC_REPRESENTATION_CONTEXT(2) 
PARAMETRIC_REPRESENTATION_CONTEXT() REPRESENTATION_CONTEXT('2D SPACE',''
  ) );
#2219 = PCURVE('',#1634,#2220);
#2220 = DEFINITIONAL_REPRESENTATION('',(#2221),#2225);
#2221 = LINE('',#2222,#2223);
#2222 = CARTESIAN_POINT('',(-0.285804,4.4799E-02));
#2223 = VECTOR('',#2224,1.);
#2224 = DIRECTION('',(1.200639317332E-47,1.));
#2225 = ( GEOMETRIC_REPRESENTATION_CONTEXT(2) 
PARAMETRIC_REPRESENTATION_CONTEXT() REPRESENTATION_CONTEXT('2D SPACE',''
  ) );
#2226 = ORIENTED_EDGE('',*,*,#2227,.T.);
#2227 = EDGE_CURVE('',#2205,#1350,#2228,.T.);
#2228 = SURFACE_CURVE('',#2229,(#2233,#2240),.PCURVE_S1.);
#2229 = LINE('',#2230,#2231);
#2230 = CARTESIAN_POINT('',(-2.765,-1.75,0.47));
#2231 = VECTOR('',#2232,1.);
#2232 = DIRECTION('',(-1.,5.243344273594E-32,2.289834988289E-16));
#2233 = PCURVE('',#1365,#2234);
#2234 = DEFINITIONAL_REPRESENTATION('',(#2235),#2239);
#2235 = LINE('',#2236,#2237);
#2236 = CARTESIAN_POINT('',(5.E-02,1.144917494145E-17));
#2237 = VECTOR('',#2238,1.);
#2238 = DIRECTION('',(0.,1.));
#2239 = ( GEOMETRIC_REPRESENTATION_CONTEXT(2) 
PARAMETRIC_REPRESENTATION_CONTEXT() REPRESENTATION_CONTEXT('2D SPACE',''
  ) );
#2240 = PCURVE('',#1398,#2241);
#2241 = DEFINITIONAL_REPRESENTATION('',(#2242),#2246);
#2242 = LINE('',#2243,#2244);
#2243 = CARTESIAN_POINT('',(3.14159265359,0.));
#2244 = VECTOR('',#2245,1.);
#2245 = DIRECTION('',(-5.921189464668E-15,1.));
#2246 = ( GEOMETRIC_REPRESENTATION_CONTEXT(2) 
PARAMETRIC_REPRESENTATION_CONTEXT() REPRESENTATION_CONTEXT('2D SPACE',''
  ) );
#2247 = ADVANCED_FACE('',(#2248),#1398,.F.);
#2248 = FACE_BOUND('',#2249,.F.);
#2249 = EDGE_LOOP('',(#2250,#2273,#2299,#2300));
#2250 = ORIENTED_EDGE('',*,*,#2251,.T.);
#2251 = EDGE_CURVE('',#1378,#2252,#2254,.T.);
#2252 = VERTEX_POINT('',#2253);
#2253 = CARTESIAN_POINT('',(-2.615,-1.8,0.52));
#2254 = SURFACE_CURVE('',#2255,(#2259,#2266),.PCURVE_S1.);
#2255 = LINE('',#2256,#2257);
#2256 = CARTESIAN_POINT('',(-2.765,-1.8,0.52));
#2257 = VECTOR('',#2258,1.);
#2258 = DIRECTION('',(1.,-5.243344273594E-32,-2.289834988289E-16));
#2259 = PCURVE('',#1398,#2260);
#2260 = DEFINITIONAL_REPRESENTATION('',(#2261),#2265);
#2261 = LINE('',#2262,#2263);
#2262 = CARTESIAN_POINT('',(1.570796326795,0.));
#2263 = VECTOR('',#2264,1.);
#2264 = DIRECTION('',(0.,-1.));
#2265 = ( GEOMETRIC_REPRESENTATION_CONTEXT(2) 
PARAMETRIC_REPRESENTATION_CONTEXT() REPRESENTATION_CONTEXT('2D SPACE',''
  ) );
#2266 = PCURVE('',#1426,#2267);
#2267 = DEFINITIONAL_REPRESENTATION('',(#2268),#2272);
#2268 = LINE('',#2269,#2270);
#2269 = CARTESIAN_POINT('',(0.,0.));
#2270 = VECTOR('',#2271,1.);
#2271 = DIRECTION('',(-6.679536616831E-78,-1.));
#2272 = ( GEOMETRIC_REPRESENTATION_CONTEXT(2) 
PARAMETRIC_REPRESENTATION_CONTEXT() REPRESENTATION_CONTEXT('2D SPACE',''
  ) );
#2273 = ORIENTED_EDGE('',*,*,#2274,.T.);
#2274 = EDGE_CURVE('',#2252,#2205,#2275,.T.);
#2275 = SURFACE_CURVE('',#2276,(#2281,#2288),.PCURVE_S1.);
#2276 = CIRCLE('',#2277,5.E-02);
#2277 = AXIS2_PLACEMENT_3D('',#2278,#2279,#2280);
#2278 = CARTESIAN_POINT('',(-2.615,-1.8,0.47));
#2279 = DIRECTION('',(-1.,5.243344273594E-32,2.289834988289E-16));
#2280 = DIRECTION('',(-5.243344273594E-32,-1.,0.));
#2281 = PCURVE('',#1398,#2282);
#2282 = DEFINITIONAL_REPRESENTATION('',(#2283),#2287);
#2283 = LINE('',#2284,#2285);
#2284 = CARTESIAN_POINT('',(0.,-0.15));
#2285 = VECTOR('',#2286,1.);
#2286 = DIRECTION('',(1.,0.));
#2287 = ( GEOMETRIC_REPRESENTATION_CONTEXT(2) 
PARAMETRIC_REPRESENTATION_CONTEXT() REPRESENTATION_CONTEXT('2D SPACE',''
  ) );
#2288 = PCURVE('',#1634,#2289);
#2289 = DEFINITIONAL_REPRESENTATION('',(#2290),#2298);
#2290 = ( BOUNDED_CURVE() B_SPLINE_CURVE(2,(#2291,#2292,#2293,#2294,
#2295,#2296,#2297),.UNSPECIFIED.,.T.,.F.) B_SPLINE_CURVE_WITH_KNOTS((1,2
    ,2,2,2,1),(-2.094395102393,0.,2.094395102393,4.188790204786,
6.28318530718,8.377580409573),.UNSPECIFIED.) CURVE() 
GEOMETRIC_REPRESENTATION_ITEM() RATIONAL_B_SPLINE_CURVE((1.,0.5,1.,0.5,
1.,0.5,1.)) REPRESENTATION_ITEM('') );
#2291 = CARTESIAN_POINT('',(-0.385804,9.4799E-02));
#2292 = CARTESIAN_POINT('',(-0.385804,0.181401540378));
#2293 = CARTESIAN_POINT('',(-0.310804,0.138100270189));
#2294 = CARTESIAN_POINT('',(-0.235804,9.4799E-02));
#2295 = CARTESIAN_POINT('',(-0.310804,5.149772981078E-02));
#2296 = CARTESIAN_POINT('',(-0.385804,8.196459621556E-03));
#2297 = CARTESIAN_POINT('',(-0.385804,9.4799E-02));
#2298 = ( GEOMETRIC_REPRESENTATION_CONTEXT(2) 
PARAMETRIC_REPRESENTATION_CONTEXT() REPRESENTATION_CONTEXT('2D SPACE',''
  ) );
#2299 = ORIENTED_EDGE('',*,*,#2227,.T.);
#2300 = ORIENTED_EDGE('',*,*,#1377,.F.);
#2301 = ADVANCED_FACE('',(#2302),#1426,.T.);
#2302 = FACE_BOUND('',#2303,.T.);
#2303 = EDGE_LOOP('',(#2304,#2305,#2306,#2329));
#2304 = ORIENTED_EDGE('',*,*,#1410,.T.);
#2305 = ORIENTED_EDGE('',*,*,#2251,.T.);
#2306 = ORIENTED_EDGE('',*,*,#2307,.F.);
#2307 = EDGE_CURVE('',#2308,#2252,#2310,.T.);
#2308 = VERTEX_POINT('',#2309);
#2309 = CARTESIAN_POINT('',(-2.615,-1.9,0.52));
#2310 = SURFACE_CURVE('',#2311,(#2315,#2322),.PCURVE_S1.);
#2311 = LINE('',#2312,#2313);
#2312 = CARTESIAN_POINT('',(-2.615,-1.9,0.52));
#2313 = VECTOR('',#2314,1.);
#2314 = DIRECTION('',(5.243344273594E-32,1.,0.));
#2315 = PCURVE('',#1426,#2316);
#2316 = DEFINITIONAL_REPRESENTATION('',(#2317),#2321);
#2317 = LINE('',#2318,#2319);
#2318 = CARTESIAN_POINT('',(0.1,-0.15));
#2319 = VECTOR('',#2320,1.);
#2320 = DIRECTION('',(-1.,-6.679536616831E-78));
#2321 = ( GEOMETRIC_REPRESENTATION_CONTEXT(2) 
PARAMETRIC_REPRESENTATION_CONTEXT() REPRESENTATION_CONTEXT('2D SPACE',''
  ) );
#2322 = PCURVE('',#1634,#2323);
#2323 = DEFINITIONAL_REPRESENTATION('',(#2324),#2328);
#2324 = LINE('',#2325,#2326);
#2325 = CARTESIAN_POINT('',(-0.435804,0.144799));
#2326 = VECTOR('',#2327,1.);
#2327 = DIRECTION('',(1.,0.));
#2328 = ( GEOMETRIC_REPRESENTATION_CONTEXT(2) 
PARAMETRIC_REPRESENTATION_CONTEXT() REPRESENTATION_CONTEXT('2D SPACE',''
  ) );
#2329 = ORIENTED_EDGE('',*,*,#2330,.F.);
#2330 = EDGE_CURVE('',#1411,#2308,#2331,.T.);
#2331 = SURFACE_CURVE('',#2332,(#2336,#2343),.PCURVE_S1.);
#2332 = LINE('',#2333,#2334);
#2333 = CARTESIAN_POINT('',(-2.765,-1.9,0.52));
#2334 = VECTOR('',#2335,1.);
#2335 = DIRECTION('',(1.,-5.243344273594E-32,-2.289834988289E-16));
#2336 = PCURVE('',#1426,#2337);
#2337 = DEFINITIONAL_REPRESENTATION('',(#2338),#2342);
#2338 = LINE('',#2339,#2340);
#2339 = CARTESIAN_POINT('',(0.1,-5.243344273595E-33));
#2340 = VECTOR('',#2341,1.);
#2341 = DIRECTION('',(-6.679536616831E-78,-1.));
#2342 = ( GEOMETRIC_REPRESENTATION_CONTEXT(2) 
PARAMETRIC_REPRESENTATION_CONTEXT() REPRESENTATION_CONTEXT('2D SPACE',''
  ) );
#2343 = PCURVE('',#1454,#2344);
#2344 = DEFINITIONAL_REPRESENTATION('',(#2345),#2349);
#2345 = LINE('',#2346,#2347);
#2346 = CARTESIAN_POINT('',(0.,0.));
#2347 = VECTOR('',#2348,1.);
#2348 = DIRECTION('',(0.,-1.));
#2349 = ( GEOMETRIC_REPRESENTATION_CONTEXT(2) 
PARAMETRIC_REPRESENTATION_CONTEXT() REPRESENTATION_CONTEXT('2D SPACE',''
  ) );
#2350 = ADVANCED_FACE('',(#2351),#1454,.T.);
#2351 = FACE_BOUND('',#2352,.T.);
#2352 = EDGE_LOOP('',(#2353,#2354,#2355,#2378));
#2353 = ORIENTED_EDGE('',*,*,#1438,.F.);
#2354 = ORIENTED_EDGE('',*,*,#2330,.T.);
#2355 = ORIENTED_EDGE('',*,*,#2356,.T.);
#2356 = EDGE_CURVE('',#2308,#2357,#2359,.T.);
#2357 = VERTEX_POINT('',#2358);
#2358 = CARTESIAN_POINT('',(-2.615,-1.9,0.82));
#2359 = SURFACE_CURVE('',#2360,(#2364,#2371),.PCURVE_S1.);
#2360 = LINE('',#2361,#2362);
#2361 = CARTESIAN_POINT('',(-2.615,-1.9,0.52));
#2362 = VECTOR('',#2363,1.);
#2363 = DIRECTION('',(2.289834988289E-16,0.,1.));
#2364 = PCURVE('',#1454,#2365);
#2365 = DEFINITIONAL_REPRESENTATION('',(#2366),#2370);
#2366 = LINE('',#2367,#2368);
#2367 = CARTESIAN_POINT('',(1.033548246987E-15,-0.15));
#2368 = VECTOR('',#2369,1.);
#2369 = DIRECTION('',(1.,0.));
#2370 = ( GEOMETRIC_REPRESENTATION_CONTEXT(2) 
PARAMETRIC_REPRESENTATION_CONTEXT() REPRESENTATION_CONTEXT('2D SPACE',''
  ) );
#2371 = PCURVE('',#1634,#2372);
#2372 = DEFINITIONAL_REPRESENTATION('',(#2373),#2377);
#2373 = LINE('',#2374,#2375);
#2374 = CARTESIAN_POINT('',(-0.435804,0.144799));
#2375 = VECTOR('',#2376,1.);
#2376 = DIRECTION('',(1.200639317332E-47,1.));
#2377 = ( GEOMETRIC_REPRESENTATION_CONTEXT(2) 
PARAMETRIC_REPRESENTATION_CONTEXT() REPRESENTATION_CONTEXT('2D SPACE',''
  ) );
#2378 = ORIENTED_EDGE('',*,*,#2379,.F.);
#2379 = EDGE_CURVE('',#1439,#2357,#2380,.T.);
#2380 = SURFACE_CURVE('',#2381,(#2385,#2392),.PCURVE_S1.);
#2381 = LINE('',#2382,#2383);
#2382 = CARTESIAN_POINT('',(-2.765,-1.9,0.82));
#2383 = VECTOR('',#2384,1.);
#2384 = DIRECTION('',(1.,-5.243344273594E-32,-2.289834988289E-16));
#2385 = PCURVE('',#1454,#2386);
#2386 = DEFINITIONAL_REPRESENTATION('',(#2387),#2391);
#2387 = LINE('',#2388,#2389);
#2388 = CARTESIAN_POINT('',(0.3,6.869504964868E-17));
#2389 = VECTOR('',#2390,1.);
#2390 = DIRECTION('',(0.,-1.));
#2391 = ( GEOMETRIC_REPRESENTATION_CONTEXT(2) 
PARAMETRIC_REPRESENTATION_CONTEXT() REPRESENTATION_CONTEXT('2D SPACE',''
  ) );
#2392 = PCURVE('',#1482,#2393);
#2393 = DEFINITIONAL_REPRESENTATION('',(#2394),#2398);
#2394 = LINE('',#2395,#2396);
#2395 = CARTESIAN_POINT('',(0.,0.));
#2396 = VECTOR('',#2397,1.);
#2397 = DIRECTION('',(6.679536616831E-78,-1.));
#2398 = ( GEOMETRIC_REPRESENTATION_CONTEXT(2) 
PARAMETRIC_REPRESENTATION_CONTEXT() REPRESENTATION_CONTEXT('2D SPACE',''
  ) );
#2399 = ADVANCED_FACE('',(#2400),#1070,.T.);
#2400 = FACE_BOUND('',#2401,.T.);
#2401 = EDGE_LOOP('',(#2402,#2403,#2404,#2425));
#2402 = ORIENTED_EDGE('',*,*,#1047,.T.);
#2403 = ORIENTED_EDGE('',*,*,#1672,.T.);
#2404 = ORIENTED_EDGE('',*,*,#2405,.F.);
#2405 = EDGE_CURVE('',#1726,#1673,#2406,.T.);
#2406 = SURFACE_CURVE('',#2407,(#2411,#2418),.PCURVE_S1.);
#2407 = LINE('',#2408,#2409);
#2408 = CARTESIAN_POINT('',(-2.615,-1.1,0.841614));
#2409 = VECTOR('',#2410,1.);
#2410 = DIRECTION('',(2.289834988289E-16,2.289834988289E-16,1.));
#2411 = PCURVE('',#1070,#2412);
#2412 = DEFINITIONAL_REPRESENTATION('',(#2413),#2417);
#2413 = LINE('',#2414,#2415);
#2414 = CARTESIAN_POINT('',(-0.381614,-0.15));
#2415 = VECTOR('',#2416,1.);
#2416 = DIRECTION('',(-1.,0.));
#2417 = ( GEOMETRIC_REPRESENTATION_CONTEXT(2) 
PARAMETRIC_REPRESENTATION_CONTEXT() REPRESENTATION_CONTEXT('2D SPACE',''
  ) );
#2418 = PCURVE('',#1634,#2419);
#2419 = DEFINITIONAL_REPRESENTATION('',(#2420),#2424);
#2420 = LINE('',#2421,#2422);
#2421 = CARTESIAN_POINT('',(0.364196,0.466413));
#2422 = VECTOR('',#2423,1.);
#2423 = DIRECTION('',(2.289834988289E-16,1.));
#2424 = ( GEOMETRIC_REPRESENTATION_CONTEXT(2) 
PARAMETRIC_REPRESENTATION_CONTEXT() REPRESENTATION_CONTEXT('2D SPACE',''
  ) );
#2425 = ORIENTED_EDGE('',*,*,#1725,.T.);
#2426 = ADVANCED_FACE('',(#2427),#1482,.T.);
#2427 = FACE_BOUND('',#2428,.T.);
#2428 = EDGE_LOOP('',(#2429,#2430,#2431,#2454));
#2429 = ORIENTED_EDGE('',*,*,#1466,.T.);
#2430 = ORIENTED_EDGE('',*,*,#2379,.T.);
#2431 = ORIENTED_EDGE('',*,*,#2432,.F.);
#2432 = EDGE_CURVE('',#2433,#2357,#2435,.T.);
#2433 = VERTEX_POINT('',#2434);
#2434 = CARTESIAN_POINT('',(-2.615,-1.,0.82));
#2435 = SURFACE_CURVE('',#2436,(#2440,#2447),.PCURVE_S1.);
#2436 = LINE('',#2437,#2438);
#2437 = CARTESIAN_POINT('',(-2.615,0.694863,0.82));
#2438 = VECTOR('',#2439,1.);
#2439 = DIRECTION('',(0.,-1.,2.289834988289E-16));
#2440 = PCURVE('',#1482,#2441);
#2441 = DEFINITIONAL_REPRESENTATION('',(#2442),#2446);
#2442 = LINE('',#2443,#2444);
#2443 = CARTESIAN_POINT('',(2.594863,-0.15));
#2444 = VECTOR('',#2445,1.);
#2445 = DIRECTION('',(-1.,2.080052407982E-46));
#2446 = ( GEOMETRIC_REPRESENTATION_CONTEXT(2) 
PARAMETRIC_REPRESENTATION_CONTEXT() REPRESENTATION_CONTEXT('2D SPACE',''
  ) );
#2447 = PCURVE('',#1634,#2448);
#2448 = DEFINITIONAL_REPRESENTATION('',(#2449),#2453);
#2449 = LINE('',#2450,#2451);
#2450 = CARTESIAN_POINT('',(2.159059,0.444799));
#2451 = VECTOR('',#2452,1.);
#2452 = DIRECTION('',(-1.,2.289834988289E-16));
#2453 = ( GEOMETRIC_REPRESENTATION_CONTEXT(2) 
PARAMETRIC_REPRESENTATION_CONTEXT() REPRESENTATION_CONTEXT('2D SPACE',''
  ) );
#2454 = ORIENTED_EDGE('',*,*,#2455,.T.);
#2455 = EDGE_CURVE('',#2433,#1467,#2456,.T.);
#2456 = SURFACE_CURVE('',#2457,(#2461,#2468),.PCURVE_S1.);
#2457 = LINE('',#2458,#2459);
#2458 = CARTESIAN_POINT('',(5.,-1.,0.82));
#2459 = VECTOR('',#2460,1.);
#2460 = DIRECTION('',(-1.,5.243344273594E-32,2.289834988289E-16));
#2461 = PCURVE('',#1482,#2462);
#2462 = DEFINITIONAL_REPRESENTATION('',(#2463),#2467);
#2463 = LINE('',#2464,#2465);
#2464 = CARTESIAN_POINT('',(0.9,-7.765));
#2465 = VECTOR('',#2466,1.);
#2466 = DIRECTION('',(-6.679536616831E-78,1.));
#2467 = ( GEOMETRIC_REPRESENTATION_CONTEXT(2) 
PARAMETRIC_REPRESENTATION_CONTEXT() REPRESENTATION_CONTEXT('2D SPACE',''
  ) );
#2468 = PCURVE('',#1510,#2469);
#2469 = DEFINITIONAL_REPRESENTATION('',(#2470),#2473);
#2470 = B_SPLINE_CURVE_WITH_KNOTS('',1,(#2471,#2472),.UNSPECIFIED.,.F.,
  .F.,(2,2),(7.615,7.765),.PIECEWISE_BEZIER_KNOTS.);
#2471 = CARTESIAN_POINT('',(0.155,7.5E-02));
#2472 = CARTESIAN_POINT('',(0.155,-7.5E-02));
#2473 = ( GEOMETRIC_REPRESENTATION_CONTEXT(2) 
PARAMETRIC_REPRESENTATION_CONTEXT() REPRESENTATION_CONTEXT('2D SPACE',''
  ) );
#2474 = ADVANCED_FACE('',(#2475),#1634,.T.);
#2475 = FACE_BOUND('',#2476,.T.);
#2476 = EDGE_LOOP('',(#2477,#2478,#2479,#2480,#2481,#2482,#2483,#2484,
    #2485,#2486,#2487,#2488,#2489,#2490,#2491,#2492,#2493,#2513));
#2477 = ORIENTED_EDGE('',*,*,#2356,.F.);
#2478 = ORIENTED_EDGE('',*,*,#2307,.T.);
#2479 = ORIENTED_EDGE('',*,*,#2274,.T.);
#2480 = ORIENTED_EDGE('',*,*,#2204,.F.);
#2481 = ORIENTED_EDGE('',*,*,#2171,.T.);
#2482 = ORIENTED_EDGE('',*,*,#2101,.T.);
#2483 = ORIENTED_EDGE('',*,*,#2052,.T.);
#2484 = ORIENTED_EDGE('',*,*,#2003,.F.);
#2485 = ORIENTED_EDGE('',*,*,#1970,.T.);
#2486 = ORIENTED_EDGE('',*,*,#1900,.F.);
#2487 = ORIENTED_EDGE('',*,*,#1851,.T.);
#2488 = ORIENTED_EDGE('',*,*,#1802,.T.);
#2489 = ORIENTED_EDGE('',*,*,#1748,.F.);
#2490 = ORIENTED_EDGE('',*,*,#2405,.T.);
#2491 = ORIENTED_EDGE('',*,*,#1695,.T.);
#2492 = ORIENTED_EDGE('',*,*,#1618,.T.);
#2493 = ORIENTED_EDGE('',*,*,#2494,.T.);
#2494 = EDGE_CURVE('',#1597,#2433,#2495,.T.);
#2495 = SURFACE_CURVE('',#2496,(#2500,#2507),.PCURVE_S1.);
#2496 = LINE('',#2497,#2498);
#2497 = CARTESIAN_POINT('',(-2.615,-1.,0.841614));
#2498 = VECTOR('',#2499,1.);
#2499 = DIRECTION('',(2.289834988289E-16,1.065228634467E-16,1.));
#2500 = PCURVE('',#1634,#2501);
#2501 = DEFINITIONAL_REPRESENTATION('',(#2502),#2506);
#2502 = LINE('',#2503,#2504);
#2503 = CARTESIAN_POINT('',(0.464196,0.466413));
#2504 = VECTOR('',#2505,1.);
#2505 = DIRECTION('',(1.065228634467E-16,1.));
#2506 = ( GEOMETRIC_REPRESENTATION_CONTEXT(2) 
PARAMETRIC_REPRESENTATION_CONTEXT() REPRESENTATION_CONTEXT('2D SPACE',''
  ) );
#2507 = PCURVE('',#1510,#2508);
#2508 = DEFINITIONAL_REPRESENTATION('',(#2509),#2512);
#2509 = B_SPLINE_CURVE_WITH_KNOTS('',1,(#2510,#2511),.UNSPECIFIED.,.F.,
  .F.,(2,2),(-0.331614,-2.1614E-02),.PIECEWISE_BEZIER_KNOTS.);
#2510 = CARTESIAN_POINT('',(-0.155,7.5E-02));
#2511 = CARTESIAN_POINT('',(0.155,7.5E-02));
#2512 = ( GEOMETRIC_REPRESENTATION_CONTEXT(2) 
PARAMETRIC_REPRESENTATION_CONTEXT() REPRESENTATION_CONTEXT('2D SPACE',''
  ) );
#2513 = ORIENTED_EDGE('',*,*,#2432,.T.);
#2514 = ADVANCED_FACE('',(#2515),#1510,.T.);
#2515 = FACE_BOUND('',#2516,.F.);
#2516 = EDGE_LOOP('',(#2517,#2518,#2519,#2520));
#2517 = ORIENTED_EDGE('',*,*,#2494,.T.);
#2518 = ORIENTED_EDGE('',*,*,#2455,.T.);
#2519 = ORIENTED_EDGE('',*,*,#1494,.F.);
#2520 = ORIENTED_EDGE('',*,*,#1596,.T.);
#2521 = ( GEOMETRIC_REPRESENTATION_CONTEXT(3) 
GLOBAL_UNCERTAINTY_ASSIGNED_CONTEXT((#2525)) 
GLOBAL_UNIT_ASSIGNED_CONTEXT((#2522,#2523,#2524)) REPRESENTATION_CONTEXT
('Context #1','3D Context with UNIT and UNCERTAINTY') );
#2522 = ( LENGTH_UNIT() NAMED_UNIT(*) SI_UNIT(.MILLI.,.METRE.) );
#2523 = ( NAMED_UNIT(*) PLANE_ANGLE_UNIT() SI_UNIT($,.RADIAN.) );
#2524 = ( NAMED_UNIT(*) SI_UNIT($,.STERADIAN.) SOLID_ANGLE_UNIT() );
#2525 = UNCERTAINTY_MEASURE_WITH_UNIT(LENGTH_MEASURE(1.E-07),#2522,
  'distance_accuracy_value','confusion accuracy');
#2526 = SHAPE_DEFINITION_REPRESENTATION(#2527,#1040);
#2527 = PRODUCT_DEFINITION_SHAPE('','',#2528);
#2528 = PRODUCT_DEFINITION('design','',#2529,#2532);
#2529 = PRODUCT_DEFINITION_FORMATION('','',#2530);
#2530 = PRODUCT('Pad','Pad','',(#2531));
#2531 = PRODUCT_CONTEXT('',#2,'mechanical');
#2532 = PRODUCT_DEFINITION_CONTEXT('part definition',#2,'design');
#2533 = CONTEXT_DEPENDENT_SHAPE_REPRESENTATION(#2534,#2536);
#2534 = ( REPRESENTATION_RELATIONSHIP('','',#1040,#1026) 
REPRESENTATION_RELATIONSHIP_WITH_TRANSFORMATION(#2535) 
SHAPE_REPRESENTATION_RELATIONSHIP() );
#2535 = ITEM_DEFINED_TRANSFORMATION('','',#11,#1027);
#2536 = PRODUCT_DEFINITION_SHAPE('Placement','Placement of an item',
  #2537);
#2537 = NEXT_ASSEMBLY_USAGE_OCCURRENCE('10','0','',#1021,#2528,$);
#2538 = PRODUCT_RELATED_PRODUCT_CATEGORY('part',$,(#2530));
#2539 = CONTEXT_DEPENDENT_SHAPE_REPRESENTATION(#2540,#2542);
#2540 = ( REPRESENTATION_RELATIONSHIP('','',#1040,#1026) 
REPRESENTATION_RELATIONSHIP_WITH_TRANSFORMATION(#2541) 
SHAPE_REPRESENTATION_RELATIONSHIP() );
#2541 = ITEM_DEFINED_TRANSFORMATION('','',#11,#1031);
#2542 = PRODUCT_DEFINITION_SHAPE('Placement','Placement of an item',
  #2543);
#2543 = NEXT_ASSEMBLY_USAGE_OCCURRENCE('11','1','',#1021,#2528,$);
#2544 = CONTEXT_DEPENDENT_SHAPE_REPRESENTATION(#2545,#2547);
#2545 = ( REPRESENTATION_RELATIONSHIP('','',#1026,#10) 
REPRESENTATION_RELATIONSHIP_WITH_TRANSFORMATION(#2546) 
SHAPE_REPRESENTATION_RELATIONSHIP() );
#2546 = ITEM_DEFINED_TRANSFORMATION('','',#11,#19);
#2547 = PRODUCT_DEFINITION_SHAPE('Placement','Placement of an item',
  #2548);
#2548 = NEXT_ASSEMBLY_USAGE_OCCURRENCE('12','PadArray','',#5,#1021,$);
#2549 = PRODUCT_RELATED_PRODUCT_CATEGORY('part',$,(#1023));
#2550 = ADVANCED_BREP_SHAPE_REPRESENTATION('',(#11,#2551),#3476);
#2551 = MANIFOLD_SOLID_BREP('',#2552);
#2552 = CLOSED_SHELL('',(#2553,#2818,#2922,#2998,#3076,#3125,#3173,#3245
    ,#3293,#3320,#3416,#3442,#3467));
#2553 = ADVANCED_FACE('',(#2554),#2568,.T.);
#2554 = FACE_BOUND('',#2555,.T.);
#2555 = EDGE_LOOP('',(#2556,#2591,#2619,#2658,#2680,#2708,#2736,#2764,
    #2792));
#2556 = ORIENTED_EDGE('',*,*,#2557,.T.);
#2557 = EDGE_CURVE('',#2558,#2560,#2562,.T.);
#2558 = VERTEX_POINT('',#2559);
#2559 = CARTESIAN_POINT('',(2.77,0.46,0.84));
#2560 = VERTEX_POINT('',#2561);
#2561 = CARTESIAN_POINT('',(2.77,0.9,0.84));
#2562 = SURFACE_CURVE('',#2563,(#2567,#2579),.PCURVE_S1.);
#2563 = LINE('',#2564,#2565);
#2564 = CARTESIAN_POINT('',(2.77,0.694863,0.84));
#2565 = VECTOR('',#2566,1.);
#2566 = DIRECTION('',(2.804146475864E-32,1.,-1.065228634467E-16));
#2567 = PCURVE('',#2568,#2573);
#2568 = PLANE('',#2569);
#2569 = AXIS2_PLACEMENT_3D('',#2570,#2571,#2572);
#2570 = CARTESIAN_POINT('',(2.77,1.045602317761,-0.794708));
#2571 = DIRECTION('',(1.,-5.243344273594E-32,-2.289834988289E-16));
#2572 = DIRECTION('',(2.804146475864E-32,1.,-1.065228634467E-16));
#2573 = DEFINITIONAL_REPRESENTATION('',(#2574),#2578);
#2574 = LINE('',#2575,#2576);
#2575 = CARTESIAN_POINT('',(-0.350739317761,1.634708));
#2576 = VECTOR('',#2577,1.);
#2577 = DIRECTION('',(1.,0.));
#2578 = ( GEOMETRIC_REPRESENTATION_CONTEXT(2) 
PARAMETRIC_REPRESENTATION_CONTEXT() REPRESENTATION_CONTEXT('2D SPACE',''
  ) );
#2579 = PCURVE('',#2580,#2585);
#2580 = B_SPLINE_SURFACE_WITH_KNOTS('',1,1,(
    (#2581,#2582)
    ,(#2583,#2584
    )),.UNSPECIFIED.,.F.,.F.,.F.,(2,2),(2,2),(-0.234863,0.205137),(0.,1.
    ),.PIECEWISE_BEZIER_KNOTS.);
#2581 = CARTESIAN_POINT('',(-2.77,0.46,0.84));
#2582 = CARTESIAN_POINT('',(2.77,0.46,0.84));
#2583 = CARTESIAN_POINT('',(-2.77,0.9,0.84));
#2584 = CARTESIAN_POINT('',(2.77,0.9,0.84));
#2585 = DEFINITIONAL_REPRESENTATION('',(#2586),#2590);
#2586 = LINE('',#2587,#2588);
#2587 = CARTESIAN_POINT('',(0.,1.));
#2588 = VECTOR('',#2589,1.);
#2589 = DIRECTION('',(1.,0.));
#2590 = ( GEOMETRIC_REPRESENTATION_CONTEXT(2) 
PARAMETRIC_REPRESENTATION_CONTEXT() REPRESENTATION_CONTEXT('2D SPACE',''
  ) );
#2591 = ORIENTED_EDGE('',*,*,#2592,.T.);
#2592 = EDGE_CURVE('',#2560,#2593,#2595,.T.);
#2593 = VERTEX_POINT('',#2594);
#2594 = CARTESIAN_POINT('',(2.77,0.9,0.31));
#2595 = SURFACE_CURVE('',#2596,(#2600,#2607),.PCURVE_S1.);
#2596 = LINE('',#2597,#2598);
#2597 = CARTESIAN_POINT('',(2.77,0.9,0.841614));
#2598 = VECTOR('',#2599,1.);
#2599 = DIRECTION('',(-2.289834988289E-16,-1.065228634467E-16,-1.));
#2600 = PCURVE('',#2568,#2601);
#2601 = DEFINITIONAL_REPRESENTATION('',(#2602),#2606);
#2602 = LINE('',#2603,#2604);
#2603 = CARTESIAN_POINT('',(-0.145602317761,1.636322));
#2604 = VECTOR('',#2605,1.);
#2605 = DIRECTION('',(0.,-1.));
#2606 = ( GEOMETRIC_REPRESENTATION_CONTEXT(2) 
PARAMETRIC_REPRESENTATION_CONTEXT() REPRESENTATION_CONTEXT('2D SPACE',''
  ) );
#2607 = PCURVE('',#2608,#2613);
#2608 = B_SPLINE_SURFACE_WITH_KNOTS('',1,1,(
    (#2609,#2610)
    ,(#2611,#2612
    )),.UNSPECIFIED.,.F.,.F.,.F.,(2,2),(2,2),(1.61399999999E-03,0.531614
    ),(0.,1.),.PIECEWISE_BEZIER_KNOTS.);
#2609 = CARTESIAN_POINT('',(-2.77,0.9,0.84));
#2610 = CARTESIAN_POINT('',(2.77,0.9,0.84));
#2611 = CARTESIAN_POINT('',(-2.77,0.9,0.31));
#2612 = CARTESIAN_POINT('',(2.77,0.9,0.31));
#2613 = DEFINITIONAL_REPRESENTATION('',(#2614),#2618);
#2614 = LINE('',#2615,#2616);
#2615 = CARTESIAN_POINT('',(0.,1.));
#2616 = VECTOR('',#2617,1.);
#2617 = DIRECTION('',(1.,0.));
#2618 = ( GEOMETRIC_REPRESENTATION_CONTEXT(2) 
PARAMETRIC_REPRESENTATION_CONTEXT() REPRESENTATION_CONTEXT('2D SPACE',''
  ) );
#2619 = ORIENTED_EDGE('',*,*,#2620,.F.);
#2620 = EDGE_CURVE('',#2621,#2593,#2623,.T.);
#2621 = VERTEX_POINT('',#2622);
#2622 = CARTESIAN_POINT('',(2.77,1.,0.31));
#2623 = SURFACE_CURVE('',#2624,(#2628,#2635),.PCURVE_S1.);
#2624 = LINE('',#2625,#2626);
#2625 = CARTESIAN_POINT('',(2.77,0.694863,0.31));
#2626 = VECTOR('',#2627,1.);
#2627 = DIRECTION('',(-2.804146475864E-32,-1.,1.065228634467E-16));
#2628 = PCURVE('',#2568,#2629);
#2629 = DEFINITIONAL_REPRESENTATION('',(#2630),#2634);
#2630 = LINE('',#2631,#2632);
#2631 = CARTESIAN_POINT('',(-0.350739317761,1.104708));
#2632 = VECTOR('',#2633,1.);
#2633 = DIRECTION('',(-1.,0.));
#2634 = ( GEOMETRIC_REPRESENTATION_CONTEXT(2) 
PARAMETRIC_REPRESENTATION_CONTEXT() REPRESENTATION_CONTEXT('2D SPACE',''
  ) );
#2635 = PCURVE('',#2636,#2653);
#2636 = B_SPLINE_SURFACE_WITH_KNOTS('',3,3,(
    (#2637,#2638,#2639,#2640)
    ,(#2641,#2642,#2643,#2644)
    ,(#2645,#2646,#2647,#2648)
    ,(#2649,#2650,#2651,#2652
    )),.UNSPECIFIED.,.F.,.F.,.F.,(4,4),(4,4),(-3.047,3.047),(
    -0.311666666667,0.513333333333),.PIECEWISE_BEZIER_KNOTS.);
#2637 = CARTESIAN_POINT('',(-3.047,0.871666666667,0.31));
#2638 = CARTESIAN_POINT('',(-3.047,1.146666666667,0.31));
#2639 = CARTESIAN_POINT('',(-3.047,1.421666666667,0.31));
#2640 = CARTESIAN_POINT('',(-3.047,1.696666666667,0.31));
#2641 = CARTESIAN_POINT('',(-1.015666666666,0.871666666667,0.31));
#2642 = CARTESIAN_POINT('',(-1.015666666665,1.146666666667,0.31));
#2643 = CARTESIAN_POINT('',(-1.015666666667,1.421666666667,0.31));
#2644 = CARTESIAN_POINT('',(-1.015666666667,1.696666666667,0.31));
#2645 = CARTESIAN_POINT('',(1.015666666667,0.871666666667,0.31));
#2646 = CARTESIAN_POINT('',(1.015666666667,1.146666666667,0.31));
#2647 = CARTESIAN_POINT('',(1.015666666668,1.421666666667,0.31));
#2648 = CARTESIAN_POINT('',(1.015666666668,1.696666666667,0.31));
#2649 = CARTESIAN_POINT('',(3.047,0.871666666667,0.31));
#2650 = CARTESIAN_POINT('',(3.047,1.146666666667,0.31));
#2651 = CARTESIAN_POINT('',(3.047,1.421666666667,0.31));
#2652 = CARTESIAN_POINT('',(3.047,1.696666666667,0.31));
#2653 = DEFINITIONAL_REPRESENTATION('',(#2654),#2657);
#2654 = B_SPLINE_CURVE_WITH_KNOTS('',1,(#2655,#2656),.UNSPECIFIED.,.F.,
  .F.,(2,2),(-0.305137,-0.205137),.PIECEWISE_BEZIER_KNOTS.);
#2655 = CARTESIAN_POINT('',(2.77,-0.183333333333));
#2656 = CARTESIAN_POINT('',(2.77,-0.283333333333));
#2657 = ( GEOMETRIC_REPRESENTATION_CONTEXT(2) 
PARAMETRIC_REPRESENTATION_CONTEXT() REPRESENTATION_CONTEXT('2D SPACE',''
  ) );
#2658 = ORIENTED_EDGE('',*,*,#2659,.F.);
#2659 = EDGE_CURVE('',#2660,#2621,#2662,.T.);
#2660 = VERTEX_POINT('',#2661);
#2661 = CARTESIAN_POINT('',(2.77,1.65,0.31));
#2662 = SURFACE_CURVE('',#2663,(#2667,#2674),.PCURVE_S1.);
#2663 = LINE('',#2664,#2665);
#2664 = CARTESIAN_POINT('',(2.77,1.045602317761,0.31));
#2665 = VECTOR('',#2666,1.);
#2666 = DIRECTION('',(-2.804146475864E-32,-1.,1.065228634467E-16));
#2667 = PCURVE('',#2568,#2668);
#2668 = DEFINITIONAL_REPRESENTATION('',(#2669),#2673);
#2669 = LINE('',#2670,#2671);
#2670 = CARTESIAN_POINT('',(-1.176766594325E-16,1.104708));
#2671 = VECTOR('',#2672,1.);
#2672 = DIRECTION('',(-1.,0.));
#2673 = ( GEOMETRIC_REPRESENTATION_CONTEXT(2) 
PARAMETRIC_REPRESENTATION_CONTEXT() REPRESENTATION_CONTEXT('2D SPACE',''
  ) );
#2674 = PCURVE('',#2636,#2675);
#2675 = DEFINITIONAL_REPRESENTATION('',(#2676),#2679);
#2676 = B_SPLINE_CURVE_WITH_KNOTS('',1,(#2677,#2678),.UNSPECIFIED.,.F.,
  .F.,(2,2),(-0.604397682239,4.560231776126E-02),
  .PIECEWISE_BEZIER_KNOTS.);
#2677 = CARTESIAN_POINT('',(2.77,0.466666666667));
#2678 = CARTESIAN_POINT('',(2.77,-0.183333333333));
#2679 = ( GEOMETRIC_REPRESENTATION_CONTEXT(2) 
PARAMETRIC_REPRESENTATION_CONTEXT() REPRESENTATION_CONTEXT('2D SPACE',''
  ) );
#2680 = ORIENTED_EDGE('',*,*,#2681,.T.);
#2681 = EDGE_CURVE('',#2660,#2682,#2684,.T.);
#2682 = VERTEX_POINT('',#2683);
#2683 = CARTESIAN_POINT('',(2.77,1.65,0.47));
#2684 = SURFACE_CURVE('',#2685,(#2689,#2696),.PCURVE_S1.);
#2685 = LINE('',#2686,#2687);
#2686 = CARTESIAN_POINT('',(2.77,1.65,0.841614));
#2687 = VECTOR('',#2688,1.);
#2688 = DIRECTION('',(2.289834988289E-16,1.065228634467E-16,1.));
#2689 = PCURVE('',#2568,#2690);
#2690 = DEFINITIONAL_REPRESENTATION('',(#2691),#2695);
#2691 = LINE('',#2692,#2693);
#2692 = CARTESIAN_POINT('',(0.604397682239,1.636322));
#2693 = VECTOR('',#2694,1.);
#2694 = DIRECTION('',(0.,1.));
#2695 = ( GEOMETRIC_REPRESENTATION_CONTEXT(2) 
PARAMETRIC_REPRESENTATION_CONTEXT() REPRESENTATION_CONTEXT('2D SPACE',''
  ) );
#2696 = PCURVE('',#2697,#2702);
#2697 = PLANE('',#2698);
#2698 = AXIS2_PLACEMENT_3D('',#2699,#2700,#2701);
#2699 = CARTESIAN_POINT('',(-1.75,1.65,0.47));
#2700 = DIRECTION('',(2.804146475864E-32,1.,-1.065228634467E-16));
#2701 = DIRECTION('',(2.289834988289E-16,1.065228634467E-16,1.));
#2702 = DEFINITIONAL_REPRESENTATION('',(#2703),#2707);
#2703 = LINE('',#2704,#2705);
#2704 = CARTESIAN_POINT('',(0.371614,4.52));
#2705 = VECTOR('',#2706,1.);
#2706 = DIRECTION('',(1.,0.));
#2707 = ( GEOMETRIC_REPRESENTATION_CONTEXT(2) 
PARAMETRIC_REPRESENTATION_CONTEXT() REPRESENTATION_CONTEXT('2D SPACE',''
  ) );
#2708 = ORIENTED_EDGE('',*,*,#2709,.T.);
#2709 = EDGE_CURVE('',#2682,#2710,#2712,.T.);
#2710 = VERTEX_POINT('',#2711);
#2711 = CARTESIAN_POINT('',(2.77,1.9,0.6));
#2712 = SURFACE_CURVE('',#2713,(#2717,#2724),.PCURVE_S1.);
#2713 = LINE('',#2714,#2715);
#2714 = CARTESIAN_POINT('',(2.77,0.694863,-2.667124E-02));
#2715 = VECTOR('',#2716,1.);
#2716 = DIRECTION('',(1.056421638306E-16,0.887216801235,0.461352736642)
  );
#2717 = PCURVE('',#2568,#2718);
#2718 = DEFINITIONAL_REPRESENTATION('',(#2719),#2723);
#2719 = LINE('',#2720,#2721);
#2720 = CARTESIAN_POINT('',(-0.350739317761,0.76803676));
#2721 = VECTOR('',#2722,1.);
#2722 = DIRECTION('',(0.887216801235,0.461352736642));
#2723 = ( GEOMETRIC_REPRESENTATION_CONTEXT(2) 
PARAMETRIC_REPRESENTATION_CONTEXT() REPRESENTATION_CONTEXT('2D SPACE',''
  ) );
#2724 = PCURVE('',#2725,#2730);
#2725 = PLANE('',#2726);
#2726 = AXIS2_PLACEMENT_3D('',#2727,#2728,#2729);
#2727 = CARTESIAN_POINT('',(-7.15,1.9,0.6));
#2728 = DIRECTION('',(2.031580073665E-16,-0.461352736642,0.887216801235)
  );
#2729 = DIRECTION('',(-1.056421638306E-16,-0.887216801235,
    -0.461352736642));
#2730 = DEFINITIONAL_REPRESENTATION('',(#2731),#2735);
#2731 = LINE('',#2732,#2733);
#2732 = CARTESIAN_POINT('',(1.358334285738,9.92));
#2733 = VECTOR('',#2734,1.);
#2734 = DIRECTION('',(-1.,1.232595164408E-32));
#2735 = ( GEOMETRIC_REPRESENTATION_CONTEXT(2) 
PARAMETRIC_REPRESENTATION_CONTEXT() REPRESENTATION_CONTEXT('2D SPACE',''
  ) );
#2736 = ORIENTED_EDGE('',*,*,#2737,.T.);
#2737 = EDGE_CURVE('',#2710,#2738,#2740,.T.);
#2738 = VERTEX_POINT('',#2739);
#2739 = CARTESIAN_POINT('',(2.77,1.9,0.89));
#2740 = SURFACE_CURVE('',#2741,(#2745,#2752),.PCURVE_S1.);
#2741 = LINE('',#2742,#2743);
#2742 = CARTESIAN_POINT('',(2.77,1.9,0.841614));
#2743 = VECTOR('',#2744,1.);
#2744 = DIRECTION('',(2.289834988289E-16,2.289834988289E-16,1.));
#2745 = PCURVE('',#2568,#2746);
#2746 = DEFINITIONAL_REPRESENTATION('',(#2747),#2751);
#2747 = LINE('',#2748,#2749);
#2748 = CARTESIAN_POINT('',(0.854397682239,1.636322));
#2749 = VECTOR('',#2750,1.);
#2750 = DIRECTION('',(1.224606353822E-16,1.));
#2751 = ( GEOMETRIC_REPRESENTATION_CONTEXT(2) 
PARAMETRIC_REPRESENTATION_CONTEXT() REPRESENTATION_CONTEXT('2D SPACE',''
  ) );
#2752 = PCURVE('',#2753,#2758);
#2753 = PLANE('',#2754);
#2754 = AXIS2_PLACEMENT_3D('',#2755,#2756,#2757);
#2755 = CARTESIAN_POINT('',(6.17,1.9,0.94));
#2756 = DIRECTION('',(6.753181414995E-18,-1.,1.065228634467E-16));
#2757 = DIRECTION('',(-1.,-6.753181414995E-18,2.289834988289E-16));
#2758 = DEFINITIONAL_REPRESENTATION('',(#2759),#2763);
#2759 = LINE('',#2760,#2761);
#2760 = CARTESIAN_POINT('',(3.4,9.8386E-02));
#2761 = VECTOR('',#2762,1.);
#2762 = DIRECTION('',(0.,-1.));
#2763 = ( GEOMETRIC_REPRESENTATION_CONTEXT(2) 
PARAMETRIC_REPRESENTATION_CONTEXT() REPRESENTATION_CONTEXT('2D SPACE',''
  ) );
#2764 = ORIENTED_EDGE('',*,*,#2765,.T.);
#2765 = EDGE_CURVE('',#2738,#2766,#2768,.T.);
#2766 = VERTEX_POINT('',#2767);
#2767 = CARTESIAN_POINT('',(2.77,0.46,0.89));
#2768 = SURFACE_CURVE('',#2769,(#2773,#2780),.PCURVE_S1.);
#2769 = LINE('',#2770,#2771);
#2770 = CARTESIAN_POINT('',(2.77,0.694863,0.89));
#2771 = VECTOR('',#2772,1.);
#2772 = DIRECTION('',(-2.804146475864E-32,-1.,1.065228634467E-16));
#2773 = PCURVE('',#2568,#2774);
#2774 = DEFINITIONAL_REPRESENTATION('',(#2775),#2779);
#2775 = LINE('',#2776,#2777);
#2776 = CARTESIAN_POINT('',(-0.350739317761,1.684708));
#2777 = VECTOR('',#2778,1.);
#2778 = DIRECTION('',(-1.,0.));
#2779 = ( GEOMETRIC_REPRESENTATION_CONTEXT(2) 
PARAMETRIC_REPRESENTATION_CONTEXT() REPRESENTATION_CONTEXT('2D SPACE',''
  ) );
#2780 = PCURVE('',#2781,#2786);
#2781 = PLANE('',#2782);
#2782 = AXIS2_PLACEMENT_3D('',#2783,#2784,#2785);
#2783 = CARTESIAN_POINT('',(2.745,1.603724317761,0.915));
#2784 = DIRECTION('',(-0.707106781187,-7.532303909457E-17,
    -0.707106781187));
#2785 = DIRECTION('',(-0.707106781187,7.532303909457E-17,0.707106781187)
  );
#2786 = DEFINITIONAL_REPRESENTATION('',(#2787),#2791);
#2787 = LINE('',#2788,#2789);
#2788 = CARTESIAN_POINT('',(-3.535533905933E-02,-0.908861317761));
#2789 = VECTOR('',#2790,1.);
#2790 = DIRECTION('',(1.60237371373E-31,-1.));
#2791 = ( GEOMETRIC_REPRESENTATION_CONTEXT(2) 
PARAMETRIC_REPRESENTATION_CONTEXT() REPRESENTATION_CONTEXT('2D SPACE',''
  ) );
#2792 = ORIENTED_EDGE('',*,*,#2793,.T.);
#2793 = EDGE_CURVE('',#2766,#2558,#2794,.T.);
#2794 = SURFACE_CURVE('',#2795,(#2799,#2806),.PCURVE_S1.);
#2795 = LINE('',#2796,#2797);
#2796 = CARTESIAN_POINT('',(2.77,0.46,0.841614));
#2797 = VECTOR('',#2798,1.);
#2798 = DIRECTION('',(-2.289834988289E-16,-1.065228634467E-16,-1.));
#2799 = PCURVE('',#2568,#2800);
#2800 = DEFINITIONAL_REPRESENTATION('',(#2801),#2805);
#2801 = LINE('',#2802,#2803);
#2802 = CARTESIAN_POINT('',(-0.585602317761,1.636322));
#2803 = VECTOR('',#2804,1.);
#2804 = DIRECTION('',(0.,-1.));
#2805 = ( GEOMETRIC_REPRESENTATION_CONTEXT(2) 
PARAMETRIC_REPRESENTATION_CONTEXT() REPRESENTATION_CONTEXT('2D SPACE',''
  ) );
#2806 = PCURVE('',#2807,#2812);
#2807 = PLANE('',#2808);
#2808 = AXIS2_PLACEMENT_3D('',#2809,#2810,#2811);
#2809 = CARTESIAN_POINT('',(6.25,0.46,0.89));
#2810 = DIRECTION('',(2.804146475864E-32,1.,-1.065228634467E-16));
#2811 = DIRECTION('',(2.289834988289E-16,1.065228634467E-16,1.));
#2812 = DEFINITIONAL_REPRESENTATION('',(#2813),#2817);
#2813 = LINE('',#2814,#2815);
#2814 = CARTESIAN_POINT('',(-4.8386E-02,-3.48));
#2815 = VECTOR('',#2816,1.);
#2816 = DIRECTION('',(-1.,0.));
#2817 = ( GEOMETRIC_REPRESENTATION_CONTEXT(2) 
PARAMETRIC_REPRESENTATION_CONTEXT() REPRESENTATION_CONTEXT('2D SPACE',''
  ) );
#2818 = ADVANCED_FACE('',(#2819),#2781,.F.);
#2819 = FACE_BOUND('',#2820,.T.);
#2820 = EDGE_LOOP('',(#2821,#2872,#2873,#2896));
#2821 = ORIENTED_EDGE('',*,*,#2822,.F.);
#2822 = EDGE_CURVE('',#2766,#2823,#2825,.T.);
#2823 = VERTEX_POINT('',#2824);
#2824 = CARTESIAN_POINT('',(2.72,0.51,0.94));
#2825 = SURFACE_CURVE('',#2826,(#2831,#2838),.PCURVE_S1.);
#2826 = ELLIPSE('',#2827,7.071067811865E-02,5.E-02);
#2827 = AXIS2_PLACEMENT_3D('',#2828,#2829,#2830);
#2828 = CARTESIAN_POINT('',(2.77,0.51,0.89));
#2829 = DIRECTION('',(-0.707106781187,-7.532303909457E-17,
    -0.707106781187));
#2830 = DIRECTION('',(-0.707106781187,7.532303909457E-17,0.707106781187)
  );
#2831 = PCURVE('',#2781,#2832);
#2832 = DEFINITIONAL_REPRESENTATION('',(#2833),#2837);
#2833 = ELLIPSE('',#2834,7.071067811865E-02,5.E-02);
#2834 = AXIS2_PLACEMENT_2D('',#2835,#2836);
#2835 = CARTESIAN_POINT('',(-3.535533905933E-02,-1.093724317761));
#2836 = DIRECTION('',(1.,0.));
#2837 = ( GEOMETRIC_REPRESENTATION_CONTEXT(2) 
PARAMETRIC_REPRESENTATION_CONTEXT() REPRESENTATION_CONTEXT('2D SPACE',''
  ) );
#2838 = PCURVE('',#2839,#2844);
#2839 = CYLINDRICAL_SURFACE('',#2840,5.E-02);
#2840 = AXIS2_PLACEMENT_3D('',#2841,#2842,#2843);
#2841 = CARTESIAN_POINT('',(2.25,0.51,0.89));
#2842 = DIRECTION('',(-1.,5.243344273594E-32,2.289834988289E-16));
#2843 = DIRECTION('',(2.804146475864E-32,1.,-1.065228634467E-16));
#2844 = DEFINITIONAL_REPRESENTATION('',(#2845),#2871);
#2845 = B_SPLINE_CURVE_WITH_KNOTS('',3,(#2846,#2847,#2848,#2849,#2850,
    #2851,#2852,#2853,#2854,#2855,#2856,#2857,#2858,#2859,#2860,#2861,
    #2862,#2863,#2864,#2865,#2866,#2867,#2868,#2869,#2870),
  .UNSPECIFIED.,.F.,.F.,(4,1,1,1,1,1,1,1,1,1,1,1,1,1,1,1,1,1,1,1,1,1,4),
  (4.712388980385,4.783788813421,4.855188646457,4.926588479493,
    4.997988312529,5.069388145565,5.140787978601,5.212187811638,
    5.283587644674,5.35498747771,5.426387310746,5.497787143782,
    5.569186976818,5.640586809854,5.711986642891,5.783386475927,
    5.854786308963,5.926186141999,5.997585975035,6.068985808071,
    6.140385641107,6.211785474143,6.28318530718),.QUASI_UNIFORM_KNOTS.);
#2846 = CARTESIAN_POINT('',(3.14159265359,-0.52));
#2847 = CARTESIAN_POINT('',(3.165392597935,-0.518809993522));
#2848 = CARTESIAN_POINT('',(3.212992486626,-0.516430013242));
#2849 = CARTESIAN_POINT('',(3.284392319662,-0.512878208411));
#2850 = CARTESIAN_POINT('',(3.355792152698,-0.509362701631));
#2851 = CARTESIAN_POINT('',(3.427191985734,-0.5059013982));
#2852 = CARTESIAN_POINT('',(3.49859181877,-0.502511938517));
#2853 = CARTESIAN_POINT('',(3.569991651807,-0.499211593852));
#2854 = CARTESIAN_POINT('',(3.641391484843,-0.496017182175));
#2855 = CARTESIAN_POINT('',(3.712791317879,-0.492944981431));
#2856 = CARTESIAN_POINT('',(3.784191150915,-0.490010646863));
#2857 = CARTESIAN_POINT('',(3.855590983951,-0.487229131163));
#2858 = CARTESIAN_POINT('',(3.926990816987,-0.4846146083));
#2859 = CARTESIAN_POINT('',(3.998390650023,-0.482180401281));
#2860 = CARTESIAN_POINT('',(4.069790483059,-0.47993891427));
#2861 = CARTESIAN_POINT('',(4.141190316096,-0.477901569361));
#2862 = CARTESIAN_POINT('',(4.212590149132,-0.476078748435));
#2863 = CARTESIAN_POINT('',(4.283989982168,-0.474479740028));
#2864 = CARTESIAN_POINT('',(4.355389815204,-0.473112692846));
#2865 = CARTESIAN_POINT('',(4.42678964824,-0.471984571087));
#2866 = CARTESIAN_POINT('',(4.498189481276,-0.47110113072));
#2867 = CARTESIAN_POINT('',(4.569589314312,-0.470466846242));
#2868 = CARTESIAN_POINT('',(4.640989147349,-0.470085051748));
#2869 = CARTESIAN_POINT('',(4.688589036039,-0.469999892172));
#2870 = CARTESIAN_POINT('',(4.712388980385,-0.47));
#2871 = ( GEOMETRIC_REPRESENTATION_CONTEXT(2) 
PARAMETRIC_REPRESENTATION_CONTEXT() REPRESENTATION_CONTEXT('2D SPACE',''
  ) );
#2872 = ORIENTED_EDGE('',*,*,#2765,.F.);
#2873 = ORIENTED_EDGE('',*,*,#2874,.F.);
#2874 = EDGE_CURVE('',#2875,#2738,#2877,.T.);
#2875 = VERTEX_POINT('',#2876);
#2876 = CARTESIAN_POINT('',(2.72,1.9,0.94));
#2877 = SURFACE_CURVE('',#2878,(#2882,#2889),.PCURVE_S1.);
#2878 = LINE('',#2879,#2880);
#2879 = CARTESIAN_POINT('',(2.818386,1.9,0.841614));
#2880 = VECTOR('',#2881,1.);
#2881 = DIRECTION('',(0.707106781187,-1.619157848018E-16,-0.707106781187
    ));
#2882 = PCURVE('',#2781,#2883);
#2883 = DEFINITIONAL_REPRESENTATION('',(#2884),#2888);
#2884 = LINE('',#2885,#2886);
#2885 = CARTESIAN_POINT('',(-0.103783476488,0.296275682239));
#2886 = VECTOR('',#2887,1.);
#2887 = DIRECTION('',(-1.,-8.659274570719E-17));
#2888 = ( GEOMETRIC_REPRESENTATION_CONTEXT(2) 
PARAMETRIC_REPRESENTATION_CONTEXT() REPRESENTATION_CONTEXT('2D SPACE',''
  ) );
#2889 = PCURVE('',#2753,#2890);
#2890 = DEFINITIONAL_REPRESENTATION('',(#2891),#2895);
#2891 = LINE('',#2892,#2893);
#2892 = CARTESIAN_POINT('',(3.351614,9.8386E-02));
#2893 = VECTOR('',#2894,1.);
#2894 = DIRECTION('',(-0.707106781187,0.707106781187));
#2895 = ( GEOMETRIC_REPRESENTATION_CONTEXT(2) 
PARAMETRIC_REPRESENTATION_CONTEXT() REPRESENTATION_CONTEXT('2D SPACE',''
  ) );
#2896 = ORIENTED_EDGE('',*,*,#2897,.F.);
#2897 = EDGE_CURVE('',#2823,#2875,#2898,.T.);
#2898 = SURFACE_CURVE('',#2899,(#2903,#2910),.PCURVE_S1.);
#2899 = LINE('',#2900,#2901);
#2900 = CARTESIAN_POINT('',(2.72,0.694863,0.94));
#2901 = VECTOR('',#2902,1.);
#2902 = DIRECTION('',(2.804146475864E-32,1.,-1.065228634467E-16));
#2903 = PCURVE('',#2781,#2904);
#2904 = DEFINITIONAL_REPRESENTATION('',(#2905),#2909);
#2905 = LINE('',#2906,#2907);
#2906 = CARTESIAN_POINT('',(3.535533905933E-02,-0.908861317761));
#2907 = VECTOR('',#2908,1.);
#2908 = DIRECTION('',(-1.60237371373E-31,1.));
#2909 = ( GEOMETRIC_REPRESENTATION_CONTEXT(2) 
PARAMETRIC_REPRESENTATION_CONTEXT() REPRESENTATION_CONTEXT('2D SPACE',''
  ) );
#2910 = PCURVE('',#2911,#2916);
#2911 = PLANE('',#2912);
#2912 = AXIS2_PLACEMENT_3D('',#2913,#2914,#2915);
#2913 = CARTESIAN_POINT('',(6.75,0.533724317761,0.94));
#2914 = DIRECTION('',(-2.289834988289E-16,-2.289834988289E-16,-1.));
#2915 = DIRECTION('',(0.,1.,-2.289834988289E-16));
#2916 = DEFINITIONAL_REPRESENTATION('',(#2917),#2921);
#2917 = LINE('',#2918,#2919);
#2918 = CARTESIAN_POINT('',(0.161138682239,-4.03));
#2919 = VECTOR('',#2920,1.);
#2920 = DIRECTION('',(1.,-1.094764425254E-46));
#2921 = ( GEOMETRIC_REPRESENTATION_CONTEXT(2) 
PARAMETRIC_REPRESENTATION_CONTEXT() REPRESENTATION_CONTEXT('2D SPACE',''
  ) );
#2922 = ADVANCED_FACE('',(#2923),#2911,.F.);
#2923 = FACE_BOUND('',#2924,.T.);
#2924 = EDGE_LOOP('',(#2925,#2948,#2949,#2972));
#2925 = ORIENTED_EDGE('',*,*,#2926,.F.);
#2926 = EDGE_CURVE('',#2823,#2927,#2929,.T.);
#2927 = VERTEX_POINT('',#2928);
#2928 = CARTESIAN_POINT('',(-2.72,0.51,0.94));
#2929 = SURFACE_CURVE('',#2930,(#2934,#2941),.PCURVE_S1.);
#2930 = LINE('',#2931,#2932);
#2931 = CARTESIAN_POINT('',(8.75,0.51,0.94));
#2932 = VECTOR('',#2933,1.);
#2933 = DIRECTION('',(-1.,5.243344273594E-32,2.289834988289E-16));
#2934 = PCURVE('',#2911,#2935);
#2935 = DEFINITIONAL_REPRESENTATION('',(#2936),#2940);
#2936 = LINE('',#2937,#2938);
#2937 = CARTESIAN_POINT('',(-2.372431776125E-02,2.));
#2938 = VECTOR('',#2939,1.);
#2939 = DIRECTION('',(-2.080052407982E-46,-1.));
#2940 = ( GEOMETRIC_REPRESENTATION_CONTEXT(2) 
PARAMETRIC_REPRESENTATION_CONTEXT() REPRESENTATION_CONTEXT('2D SPACE',''
  ) );
#2941 = PCURVE('',#2839,#2942);
#2942 = DEFINITIONAL_REPRESENTATION('',(#2943),#2947);
#2943 = LINE('',#2944,#2945);
#2944 = CARTESIAN_POINT('',(4.712388980385,-6.5));
#2945 = VECTOR('',#2946,1.);
#2946 = DIRECTION('',(0.,1.));
#2947 = ( GEOMETRIC_REPRESENTATION_CONTEXT(2) 
PARAMETRIC_REPRESENTATION_CONTEXT() REPRESENTATION_CONTEXT('2D SPACE',''
  ) );
#2948 = ORIENTED_EDGE('',*,*,#2897,.T.);
#2949 = ORIENTED_EDGE('',*,*,#2950,.T.);
#2950 = EDGE_CURVE('',#2875,#2951,#2953,.T.);
#2951 = VERTEX_POINT('',#2952);
#2952 = CARTESIAN_POINT('',(-2.72,1.9,0.94));
#2953 = SURFACE_CURVE('',#2954,(#2958,#2965),.PCURVE_S1.);
#2954 = LINE('',#2955,#2956);
#2955 = CARTESIAN_POINT('',(8.53,1.9,0.94));
#2956 = VECTOR('',#2957,1.);
#2957 = DIRECTION('',(-1.,5.243344273594E-32,2.289834988289E-16));
#2958 = PCURVE('',#2911,#2959);
#2959 = DEFINITIONAL_REPRESENTATION('',(#2960),#2964);
#2960 = LINE('',#2961,#2962);
#2961 = CARTESIAN_POINT('',(1.366275682239,1.78));
#2962 = VECTOR('',#2963,1.);
#2963 = DIRECTION('',(-2.080052407982E-46,-1.));
#2964 = ( GEOMETRIC_REPRESENTATION_CONTEXT(2) 
PARAMETRIC_REPRESENTATION_CONTEXT() REPRESENTATION_CONTEXT('2D SPACE',''
  ) );
#2965 = PCURVE('',#2753,#2966);
#2966 = DEFINITIONAL_REPRESENTATION('',(#2967),#2971);
#2967 = LINE('',#2968,#2969);
#2968 = CARTESIAN_POINT('',(-2.36,1.458000387089E-15));
#2969 = VECTOR('',#2970,1.);
#2970 = DIRECTION('',(1.,0.));
#2971 = ( GEOMETRIC_REPRESENTATION_CONTEXT(2) 
PARAMETRIC_REPRESENTATION_CONTEXT() REPRESENTATION_CONTEXT('2D SPACE',''
  ) );
#2972 = ORIENTED_EDGE('',*,*,#2973,.F.);
#2973 = EDGE_CURVE('',#2927,#2951,#2974,.T.);
#2974 = SURFACE_CURVE('',#2975,(#2979,#2986),.PCURVE_S1.);
#2975 = LINE('',#2976,#2977);
#2976 = CARTESIAN_POINT('',(-2.72,0.694863,0.94));
#2977 = VECTOR('',#2978,1.);
#2978 = DIRECTION('',(2.804146475864E-32,1.,-1.065228634467E-16));
#2979 = PCURVE('',#2911,#2980);
#2980 = DEFINITIONAL_REPRESENTATION('',(#2981),#2985);
#2981 = LINE('',#2982,#2983);
#2982 = CARTESIAN_POINT('',(0.161138682239,-9.47));
#2983 = VECTOR('',#2984,1.);
#2984 = DIRECTION('',(1.,-1.094764425254E-46));
#2985 = ( GEOMETRIC_REPRESENTATION_CONTEXT(2) 
PARAMETRIC_REPRESENTATION_CONTEXT() REPRESENTATION_CONTEXT('2D SPACE',''
  ) );
#2986 = PCURVE('',#2987,#2992);
#2987 = PLANE('',#2988);
#2988 = AXIS2_PLACEMENT_3D('',#2989,#2990,#2991);
#2989 = CARTESIAN_POINT('',(-2.745,1.603724317761,0.915));
#2990 = DIRECTION('',(-0.707106781187,7.532303909457E-17,0.707106781187)
  );
#2991 = DIRECTION('',(0.707106781187,7.532303909457E-17,0.707106781187)
  );
#2992 = DEFINITIONAL_REPRESENTATION('',(#2993),#2997);
#2993 = LINE('',#2994,#2995);
#2994 = CARTESIAN_POINT('',(3.535533905933E-02,-0.908861317761));
#2995 = VECTOR('',#2996,1.);
#2996 = DIRECTION('',(-1.109335647967E-31,1.));
#2997 = ( GEOMETRIC_REPRESENTATION_CONTEXT(2) 
PARAMETRIC_REPRESENTATION_CONTEXT() REPRESENTATION_CONTEXT('2D SPACE',''
  ) );
#2998 = ADVANCED_FACE('',(#2999),#2753,.F.);
#2999 = FACE_BOUND('',#3000,.T.);
#3000 = EDGE_LOOP('',(#3001,#3002,#3003,#3004,#3027,#3055));
#3001 = ORIENTED_EDGE('',*,*,#2950,.F.);
#3002 = ORIENTED_EDGE('',*,*,#2874,.T.);
#3003 = ORIENTED_EDGE('',*,*,#2737,.F.);
#3004 = ORIENTED_EDGE('',*,*,#3005,.T.);
#3005 = EDGE_CURVE('',#2710,#3006,#3008,.T.);
#3006 = VERTEX_POINT('',#3007);
#3007 = CARTESIAN_POINT('',(-2.77,1.9,0.6));
#3008 = SURFACE_CURVE('',#3009,(#3013,#3020),.PCURVE_S1.);
#3009 = LINE('',#3010,#3011);
#3010 = CARTESIAN_POINT('',(6.53,1.9,0.6));
#3011 = VECTOR('',#3012,1.);
#3012 = DIRECTION('',(-1.,5.243344273594E-32,2.289834988289E-16));
#3013 = PCURVE('',#2753,#3014);
#3014 = DEFINITIONAL_REPRESENTATION('',(#3015),#3019);
#3015 = LINE('',#3016,#3017);
#3016 = CARTESIAN_POINT('',(-0.36,0.34));
#3017 = VECTOR('',#3018,1.);
#3018 = DIRECTION('',(1.,0.));
#3019 = ( GEOMETRIC_REPRESENTATION_CONTEXT(2) 
PARAMETRIC_REPRESENTATION_CONTEXT() REPRESENTATION_CONTEXT('2D SPACE',''
  ) );
#3020 = PCURVE('',#2725,#3021);
#3021 = DEFINITIONAL_REPRESENTATION('',(#3022),#3026);
#3022 = LINE('',#3023,#3024);
#3023 = CARTESIAN_POINT('',(-1.101239525992E-17,13.68));
#3024 = VECTOR('',#3025,1.);
#3025 = DIRECTION('',(2.465190328816E-31,-1.));
#3026 = ( GEOMETRIC_REPRESENTATION_CONTEXT(2) 
PARAMETRIC_REPRESENTATION_CONTEXT() REPRESENTATION_CONTEXT('2D SPACE',''
  ) );
#3027 = ORIENTED_EDGE('',*,*,#3028,.T.);
#3028 = EDGE_CURVE('',#3006,#3029,#3031,.T.);
#3029 = VERTEX_POINT('',#3030);
#3030 = CARTESIAN_POINT('',(-2.77,1.9,0.89));
#3031 = SURFACE_CURVE('',#3032,(#3036,#3043),.PCURVE_S1.);
#3032 = LINE('',#3033,#3034);
#3033 = CARTESIAN_POINT('',(-2.77,1.9,0.841614));
#3034 = VECTOR('',#3035,1.);
#3035 = DIRECTION('',(2.289834988289E-16,2.289834988289E-16,1.));
#3036 = PCURVE('',#2753,#3037);
#3037 = DEFINITIONAL_REPRESENTATION('',(#3038),#3042);
#3038 = LINE('',#3039,#3040);
#3039 = CARTESIAN_POINT('',(8.94,9.8386E-02));
#3040 = VECTOR('',#3041,1.);
#3041 = DIRECTION('',(0.,-1.));
#3042 = ( GEOMETRIC_REPRESENTATION_CONTEXT(2) 
PARAMETRIC_REPRESENTATION_CONTEXT() REPRESENTATION_CONTEXT('2D SPACE',''
  ) );
#3043 = PCURVE('',#3044,#3049);
#3044 = PLANE('',#3045);
#3045 = AXIS2_PLACEMENT_3D('',#3046,#3047,#3048);
#3046 = CARTESIAN_POINT('',(-2.77,1.045602317761,-0.794708));
#3047 = DIRECTION('',(1.,-5.243344273594E-32,-2.289834988289E-16));
#3048 = DIRECTION('',(2.804146475864E-32,1.,-1.065228634467E-16));
#3049 = DEFINITIONAL_REPRESENTATION('',(#3050),#3054);
#3050 = LINE('',#3051,#3052);
#3051 = CARTESIAN_POINT('',(0.854397682239,1.636322));
#3052 = VECTOR('',#3053,1.);
#3053 = DIRECTION('',(1.224606353822E-16,1.));
#3054 = ( GEOMETRIC_REPRESENTATION_CONTEXT(2) 
PARAMETRIC_REPRESENTATION_CONTEXT() REPRESENTATION_CONTEXT('2D SPACE',''
  ) );
#3055 = ORIENTED_EDGE('',*,*,#3056,.F.);
#3056 = EDGE_CURVE('',#2951,#3029,#3057,.T.);
#3057 = SURFACE_CURVE('',#3058,(#3062,#3069),.PCURVE_S1.);
#3058 = LINE('',#3059,#3060);
#3059 = CARTESIAN_POINT('',(-2.818386,1.9,0.841614));
#3060 = VECTOR('',#3061,1.);
#3061 = DIRECTION('',(-0.707106781187,-1.619157848018E-16,
    -0.707106781187));
#3062 = PCURVE('',#2753,#3063);
#3063 = DEFINITIONAL_REPRESENTATION('',(#3064),#3068);
#3064 = LINE('',#3065,#3066);
#3065 = CARTESIAN_POINT('',(8.988386,9.8386E-02));
#3066 = VECTOR('',#3067,1.);
#3067 = DIRECTION('',(0.707106781187,0.707106781187));
#3068 = ( GEOMETRIC_REPRESENTATION_CONTEXT(2) 
PARAMETRIC_REPRESENTATION_CONTEXT() REPRESENTATION_CONTEXT('2D SPACE',''
  ) );
#3069 = PCURVE('',#2987,#3070);
#3070 = DEFINITIONAL_REPRESENTATION('',(#3071),#3075);
#3071 = LINE('',#3072,#3073);
#3072 = CARTESIAN_POINT('',(-0.103783476488,0.296275682239));
#3073 = VECTOR('',#3074,1.);
#3074 = DIRECTION('',(-1.,-8.659274570719E-17));
#3075 = ( GEOMETRIC_REPRESENTATION_CONTEXT(2) 
PARAMETRIC_REPRESENTATION_CONTEXT() REPRESENTATION_CONTEXT('2D SPACE',''
  ) );
#3076 = ADVANCED_FACE('',(#3077),#2725,.F.);
#3077 = FACE_BOUND('',#3078,.T.);
#3078 = EDGE_LOOP('',(#3079,#3080,#3081,#3104));
#3079 = ORIENTED_EDGE('',*,*,#3005,.F.);
#3080 = ORIENTED_EDGE('',*,*,#2709,.F.);
#3081 = ORIENTED_EDGE('',*,*,#3082,.T.);
#3082 = EDGE_CURVE('',#2682,#3083,#3085,.T.);
#3083 = VERTEX_POINT('',#3084);
#3084 = CARTESIAN_POINT('',(-2.77,1.65,0.47));
#3085 = SURFACE_CURVE('',#3086,(#3090,#3097),.PCURVE_S1.);
#3086 = LINE('',#3087,#3088);
#3087 = CARTESIAN_POINT('',(-6.23,1.65,0.47));
#3088 = VECTOR('',#3089,1.);
#3089 = DIRECTION('',(-1.,5.243344273594E-32,2.289834988289E-16));
#3090 = PCURVE('',#2725,#3091);
#3091 = DEFINITIONAL_REPRESENTATION('',(#3092),#3096);
#3092 = LINE('',#3093,#3094);
#3093 = CARTESIAN_POINT('',(0.281780056072,0.92));
#3094 = VECTOR('',#3095,1.);
#3095 = DIRECTION('',(2.465190328816E-31,-1.));
#3096 = ( GEOMETRIC_REPRESENTATION_CONTEXT(2) 
PARAMETRIC_REPRESENTATION_CONTEXT() REPRESENTATION_CONTEXT('2D SPACE',''
  ) );
#3097 = PCURVE('',#2697,#3098);
#3098 = DEFINITIONAL_REPRESENTATION('',(#3099),#3103);
#3099 = LINE('',#3100,#3101);
#3100 = CARTESIAN_POINT('',(-2.664535259101E-17,-4.48));
#3101 = VECTOR('',#3102,1.);
#3102 = DIRECTION('',(0.,-1.));
#3103 = ( GEOMETRIC_REPRESENTATION_CONTEXT(2) 
PARAMETRIC_REPRESENTATION_CONTEXT() REPRESENTATION_CONTEXT('2D SPACE',''
  ) );
#3104 = ORIENTED_EDGE('',*,*,#3105,.T.);
#3105 = EDGE_CURVE('',#3083,#3006,#3106,.T.);
#3106 = SURFACE_CURVE('',#3107,(#3111,#3118),.PCURVE_S1.);
#3107 = LINE('',#3108,#3109);
#3108 = CARTESIAN_POINT('',(-2.77,0.694863,-2.667124E-02));
#3109 = VECTOR('',#3110,1.);
#3110 = DIRECTION('',(1.056421638306E-16,0.887216801235,0.461352736642)
  );
#3111 = PCURVE('',#2725,#3112);
#3112 = DEFINITIONAL_REPRESENTATION('',(#3113),#3117);
#3113 = LINE('',#3114,#3115);
#3114 = CARTESIAN_POINT('',(1.358334285738,4.38));
#3115 = VECTOR('',#3116,1.);
#3116 = DIRECTION('',(-1.,1.232595164408E-32));
#3117 = ( GEOMETRIC_REPRESENTATION_CONTEXT(2) 
PARAMETRIC_REPRESENTATION_CONTEXT() REPRESENTATION_CONTEXT('2D SPACE',''
  ) );
#3118 = PCURVE('',#3044,#3119);
#3119 = DEFINITIONAL_REPRESENTATION('',(#3120),#3124);
#3120 = LINE('',#3121,#3122);
#3121 = CARTESIAN_POINT('',(-0.350739317761,0.76803676));
#3122 = VECTOR('',#3123,1.);
#3123 = DIRECTION('',(0.887216801235,0.461352736642));
#3124 = ( GEOMETRIC_REPRESENTATION_CONTEXT(2) 
PARAMETRIC_REPRESENTATION_CONTEXT() REPRESENTATION_CONTEXT('2D SPACE',''
  ) );
#3125 = ADVANCED_FACE('',(#3126),#2697,.T.);
#3126 = FACE_BOUND('',#3127,.T.);
#3127 = EDGE_LOOP('',(#3128,#3129,#3130,#3152));
#3128 = ORIENTED_EDGE('',*,*,#3082,.F.);
#3129 = ORIENTED_EDGE('',*,*,#2681,.F.);
#3130 = ORIENTED_EDGE('',*,*,#3131,.T.);
#3131 = EDGE_CURVE('',#2660,#3132,#3134,.T.);
#3132 = VERTEX_POINT('',#3133);
#3133 = CARTESIAN_POINT('',(-2.77,1.65,0.31));
#3134 = SURFACE_CURVE('',#3135,(#3139,#3146),.PCURVE_S1.);
#3135 = LINE('',#3136,#3137);
#3136 = CARTESIAN_POINT('',(2.15,1.65,0.31));
#3137 = VECTOR('',#3138,1.);
#3138 = DIRECTION('',(-1.,5.243344273594E-32,2.289834988289E-16));
#3139 = PCURVE('',#2697,#3140);
#3140 = DEFINITIONAL_REPRESENTATION('',(#3141),#3145);
#3141 = LINE('',#3142,#3143);
#3142 = CARTESIAN_POINT('',(-0.16,3.9));
#3143 = VECTOR('',#3144,1.);
#3144 = DIRECTION('',(0.,-1.));
#3145 = ( GEOMETRIC_REPRESENTATION_CONTEXT(2) 
PARAMETRIC_REPRESENTATION_CONTEXT() REPRESENTATION_CONTEXT('2D SPACE',''
  ) );
#3146 = PCURVE('',#2636,#3147);
#3147 = DEFINITIONAL_REPRESENTATION('',(#3148),#3151);
#3148 = B_SPLINE_CURVE_WITH_KNOTS('',1,(#3149,#3150),.UNSPECIFIED.,.F.,
  .F.,(2,2),(-0.62,4.92),.PIECEWISE_BEZIER_KNOTS.);
#3149 = CARTESIAN_POINT('',(2.77,0.466666666667));
#3150 = CARTESIAN_POINT('',(-2.77,0.466666666667));
#3151 = ( GEOMETRIC_REPRESENTATION_CONTEXT(2) 
PARAMETRIC_REPRESENTATION_CONTEXT() REPRESENTATION_CONTEXT('2D SPACE',''
  ) );
#3152 = ORIENTED_EDGE('',*,*,#3153,.T.);
#3153 = EDGE_CURVE('',#3132,#3083,#3154,.T.);
#3154 = SURFACE_CURVE('',#3155,(#3159,#3166),.PCURVE_S1.);
#3155 = LINE('',#3156,#3157);
#3156 = CARTESIAN_POINT('',(-2.77,1.65,0.841614));
#3157 = VECTOR('',#3158,1.);
#3158 = DIRECTION('',(2.289834988289E-16,1.065228634467E-16,1.));
#3159 = PCURVE('',#2697,#3160);
#3160 = DEFINITIONAL_REPRESENTATION('',(#3161),#3165);
#3161 = LINE('',#3162,#3163);
#3162 = CARTESIAN_POINT('',(0.371614,-1.02));
#3163 = VECTOR('',#3164,1.);
#3164 = DIRECTION('',(1.,0.));
#3165 = ( GEOMETRIC_REPRESENTATION_CONTEXT(2) 
PARAMETRIC_REPRESENTATION_CONTEXT() REPRESENTATION_CONTEXT('2D SPACE',''
  ) );
#3166 = PCURVE('',#3044,#3167);
#3167 = DEFINITIONAL_REPRESENTATION('',(#3168),#3172);
#3168 = LINE('',#3169,#3170);
#3169 = CARTESIAN_POINT('',(0.604397682239,1.636322));
#3170 = VECTOR('',#3171,1.);
#3171 = DIRECTION('',(0.,1.));
#3172 = ( GEOMETRIC_REPRESENTATION_CONTEXT(2) 
PARAMETRIC_REPRESENTATION_CONTEXT() REPRESENTATION_CONTEXT('2D SPACE',''
  ) );
#3173 = ADVANCED_FACE('',(#3174),#2839,.T.);
#3174 = FACE_BOUND('',#3175,.T.);
#3175 = EDGE_LOOP('',(#3176,#3177,#3223,#3244));
#3176 = ORIENTED_EDGE('',*,*,#2926,.T.);
#3177 = ORIENTED_EDGE('',*,*,#3178,.F.);
#3178 = EDGE_CURVE('',#3179,#2927,#3181,.T.);
#3179 = VERTEX_POINT('',#3180);
#3180 = CARTESIAN_POINT('',(-2.77,0.46,0.89));
#3181 = SURFACE_CURVE('',#3182,(#3187,#3216),.PCURVE_S1.);
#3182 = ELLIPSE('',#3183,7.071067811865E-02,5.E-02);
#3183 = AXIS2_PLACEMENT_3D('',#3184,#3185,#3186);
#3184 = CARTESIAN_POINT('',(-2.77,0.51,0.89));
#3185 = DIRECTION('',(-0.707106781187,7.532303909457E-17,0.707106781187)
  );
#3186 = DIRECTION('',(0.707106781187,7.532303909457E-17,0.707106781187)
  );
#3187 = PCURVE('',#2839,#3188);
#3188 = DEFINITIONAL_REPRESENTATION('',(#3189),#3215);
#3189 = B_SPLINE_CURVE_WITH_KNOTS('',3,(#3190,#3191,#3192,#3193,#3194,
    #3195,#3196,#3197,#3198,#3199,#3200,#3201,#3202,#3203,#3204,#3205,
    #3206,#3207,#3208,#3209,#3210,#3211,#3212,#3213,#3214),
  .UNSPECIFIED.,.F.,.F.,(4,1,1,1,1,1,1,1,1,1,1,1,1,1,1,1,1,1,1,1,1,1,4),
  (4.712388980385,4.783788813421,4.855188646457,4.926588479493,
    4.997988312529,5.069388145565,5.140787978601,5.212187811638,
    5.283587644674,5.35498747771,5.426387310746,5.497787143782,
    5.569186976818,5.640586809854,5.711986642891,5.783386475927,
    5.854786308963,5.926186141999,5.997585975035,6.068985808071,
    6.140385641107,6.211785474143,6.28318530718),.QUASI_UNIFORM_KNOTS.);
#3190 = CARTESIAN_POINT('',(3.14159265359,5.02));
#3191 = CARTESIAN_POINT('',(3.165392597935,5.018809993522));
#3192 = CARTESIAN_POINT('',(3.212992486626,5.016430013242));
#3193 = CARTESIAN_POINT('',(3.284392319662,5.012878208411));
#3194 = CARTESIAN_POINT('',(3.355792152698,5.009362701631));
#3195 = CARTESIAN_POINT('',(3.427191985734,5.0059013982));
#3196 = CARTESIAN_POINT('',(3.49859181877,5.002511938517));
#3197 = CARTESIAN_POINT('',(3.569991651807,4.999211593852));
#3198 = CARTESIAN_POINT('',(3.641391484843,4.996017182175));
#3199 = CARTESIAN_POINT('',(3.712791317879,4.992944981431));
#3200 = CARTESIAN_POINT('',(3.784191150915,4.990010646863));
#3201 = CARTESIAN_POINT('',(3.855590983951,4.987229131163));
#3202 = CARTESIAN_POINT('',(3.926990816987,4.9846146083));
#3203 = CARTESIAN_POINT('',(3.998390650023,4.982180401281));
#3204 = CARTESIAN_POINT('',(4.06979048306,4.97993891427));
#3205 = CARTESIAN_POINT('',(4.141190316096,4.977901569361));
#3206 = CARTESIAN_POINT('',(4.212590149132,4.976078748435));
#3207 = CARTESIAN_POINT('',(4.283989982168,4.974479740028));
#3208 = CARTESIAN_POINT('',(4.355389815204,4.973112692846));
#3209 = CARTESIAN_POINT('',(4.42678964824,4.971984571087));
#3210 = CARTESIAN_POINT('',(4.498189481276,4.97110113072));
#3211 = CARTESIAN_POINT('',(4.569589314312,4.970466846242));
#3212 = CARTESIAN_POINT('',(4.640989147349,4.970085051748));
#3213 = CARTESIAN_POINT('',(4.688589036039,4.969999892172));
#3214 = CARTESIAN_POINT('',(4.712388980385,4.97));
#3215 = ( GEOMETRIC_REPRESENTATION_CONTEXT(2) 
PARAMETRIC_REPRESENTATION_CONTEXT() REPRESENTATION_CONTEXT('2D SPACE',''
  ) );
#3216 = PCURVE('',#2987,#3217);
#3217 = DEFINITIONAL_REPRESENTATION('',(#3218),#3222);
#3218 = ELLIPSE('',#3219,7.071067811865E-02,5.E-02);
#3219 = AXIS2_PLACEMENT_2D('',#3220,#3221);
#3220 = CARTESIAN_POINT('',(-3.535533905933E-02,-1.093724317761));
#3221 = DIRECTION('',(1.,-9.860761315263E-32));
#3222 = ( GEOMETRIC_REPRESENTATION_CONTEXT(2) 
PARAMETRIC_REPRESENTATION_CONTEXT() REPRESENTATION_CONTEXT('2D SPACE',''
  ) );
#3223 = ORIENTED_EDGE('',*,*,#3224,.F.);
#3224 = EDGE_CURVE('',#2766,#3179,#3225,.T.);
#3225 = SURFACE_CURVE('',#3226,(#3230,#3237),.PCURVE_S1.);
#3226 = LINE('',#3227,#3228);
#3227 = CARTESIAN_POINT('',(2.25,0.46,0.89));
#3228 = VECTOR('',#3229,1.);
#3229 = DIRECTION('',(-1.,5.243344273594E-32,2.289834988289E-16));
#3230 = PCURVE('',#2839,#3231);
#3231 = DEFINITIONAL_REPRESENTATION('',(#3232),#3236);
#3232 = LINE('',#3233,#3234);
#3233 = CARTESIAN_POINT('',(3.14159265359,0.));
#3234 = VECTOR('',#3235,1.);
#3235 = DIRECTION('',(0.,1.));
#3236 = ( GEOMETRIC_REPRESENTATION_CONTEXT(2) 
PARAMETRIC_REPRESENTATION_CONTEXT() REPRESENTATION_CONTEXT('2D SPACE',''
  ) );
#3237 = PCURVE('',#2807,#3238);
#3238 = DEFINITIONAL_REPRESENTATION('',(#3239),#3243);
#3239 = LINE('',#3240,#3241);
#3240 = CARTESIAN_POINT('',(8.326672684688E-17,-4.));
#3241 = VECTOR('',#3242,1.);
#3242 = DIRECTION('',(0.,-1.));
#3243 = ( GEOMETRIC_REPRESENTATION_CONTEXT(2) 
PARAMETRIC_REPRESENTATION_CONTEXT() REPRESENTATION_CONTEXT('2D SPACE',''
  ) );
#3244 = ORIENTED_EDGE('',*,*,#2822,.T.);
#3245 = ADVANCED_FACE('',(#3246),#2807,.F.);
#3246 = FACE_BOUND('',#3247,.T.);
#3247 = EDGE_LOOP('',(#3248,#3249,#3272,#3292));
#3248 = ORIENTED_EDGE('',*,*,#3224,.T.);
#3249 = ORIENTED_EDGE('',*,*,#3250,.T.);
#3250 = EDGE_CURVE('',#3179,#3251,#3253,.T.);
#3251 = VERTEX_POINT('',#3252);
#3252 = CARTESIAN_POINT('',(-2.77,0.46,0.84));
#3253 = SURFACE_CURVE('',#3254,(#3258,#3265),.PCURVE_S1.);
#3254 = LINE('',#3255,#3256);
#3255 = CARTESIAN_POINT('',(-2.77,0.46,0.841614));
#3256 = VECTOR('',#3257,1.);
#3257 = DIRECTION('',(-2.289834988289E-16,-1.065228634467E-16,-1.));
#3258 = PCURVE('',#2807,#3259);
#3259 = DEFINITIONAL_REPRESENTATION('',(#3260),#3264);
#3260 = LINE('',#3261,#3262);
#3261 = CARTESIAN_POINT('',(-4.8386E-02,-9.02));
#3262 = VECTOR('',#3263,1.);
#3263 = DIRECTION('',(-1.,0.));
#3264 = ( GEOMETRIC_REPRESENTATION_CONTEXT(2) 
PARAMETRIC_REPRESENTATION_CONTEXT() REPRESENTATION_CONTEXT('2D SPACE',''
  ) );
#3265 = PCURVE('',#3044,#3266);
#3266 = DEFINITIONAL_REPRESENTATION('',(#3267),#3271);
#3267 = LINE('',#3268,#3269);
#3268 = CARTESIAN_POINT('',(-0.585602317761,1.636322));
#3269 = VECTOR('',#3270,1.);
#3270 = DIRECTION('',(0.,-1.));
#3271 = ( GEOMETRIC_REPRESENTATION_CONTEXT(2) 
PARAMETRIC_REPRESENTATION_CONTEXT() REPRESENTATION_CONTEXT('2D SPACE',''
  ) );
#3272 = ORIENTED_EDGE('',*,*,#3273,.T.);
#3273 = EDGE_CURVE('',#3251,#2558,#3274,.T.);
#3274 = SURFACE_CURVE('',#3275,(#3279,#3286),.PCURVE_S1.);
#3275 = LINE('',#3276,#3277);
#3276 = CARTESIAN_POINT('',(-1.,0.46,0.84));
#3277 = VECTOR('',#3278,1.);
#3278 = DIRECTION('',(1.,-5.243344273594E-32,-2.289834988289E-16));
#3279 = PCURVE('',#2807,#3280);
#3280 = DEFINITIONAL_REPRESENTATION('',(#3281),#3285);
#3281 = LINE('',#3282,#3283);
#3282 = CARTESIAN_POINT('',(-4.999999999999E-02,-7.25));
#3283 = VECTOR('',#3284,1.);
#3284 = DIRECTION('',(0.,1.));
#3285 = ( GEOMETRIC_REPRESENTATION_CONTEXT(2) 
PARAMETRIC_REPRESENTATION_CONTEXT() REPRESENTATION_CONTEXT('2D SPACE',''
  ) );
#3286 = PCURVE('',#2580,#3287);
#3287 = DEFINITIONAL_REPRESENTATION('',(#3288),#3291);
#3288 = B_SPLINE_CURVE_WITH_KNOTS('',1,(#3289,#3290),.UNSPECIFIED.,.F.,
  .F.,(2,2),(-1.77,3.77),.PIECEWISE_BEZIER_KNOTS.);
#3289 = CARTESIAN_POINT('',(-0.234863,0.));
#3290 = CARTESIAN_POINT('',(-0.234863,1.));
#3291 = ( GEOMETRIC_REPRESENTATION_CONTEXT(2) 
PARAMETRIC_REPRESENTATION_CONTEXT() REPRESENTATION_CONTEXT('2D SPACE',''
  ) );
#3292 = ORIENTED_EDGE('',*,*,#2793,.F.);
#3293 = ADVANCED_FACE('',(#3294),#2987,.T.);
#3294 = FACE_BOUND('',#3295,.T.);
#3295 = EDGE_LOOP('',(#3296,#3297,#3298,#3319));
#3296 = ORIENTED_EDGE('',*,*,#2973,.T.);
#3297 = ORIENTED_EDGE('',*,*,#3056,.T.);
#3298 = ORIENTED_EDGE('',*,*,#3299,.T.);
#3299 = EDGE_CURVE('',#3029,#3179,#3300,.T.);
#3300 = SURFACE_CURVE('',#3301,(#3305,#3312),.PCURVE_S1.);
#3301 = LINE('',#3302,#3303);
#3302 = CARTESIAN_POINT('',(-2.77,0.694863,0.89));
#3303 = VECTOR('',#3304,1.);
#3304 = DIRECTION('',(-2.804146475864E-32,-1.,1.065228634467E-16));
#3305 = PCURVE('',#2987,#3306);
#3306 = DEFINITIONAL_REPRESENTATION('',(#3307),#3311);
#3307 = LINE('',#3308,#3309);
#3308 = CARTESIAN_POINT('',(-3.535533905933E-02,-0.908861317761));
#3309 = VECTOR('',#3310,1.);
#3310 = DIRECTION('',(1.109335647967E-31,-1.));
#3311 = ( GEOMETRIC_REPRESENTATION_CONTEXT(2) 
PARAMETRIC_REPRESENTATION_CONTEXT() REPRESENTATION_CONTEXT('2D SPACE',''
  ) );
#3312 = PCURVE('',#3044,#3313);
#3313 = DEFINITIONAL_REPRESENTATION('',(#3314),#3318);
#3314 = LINE('',#3315,#3316);
#3315 = CARTESIAN_POINT('',(-0.350739317761,1.684708));
#3316 = VECTOR('',#3317,1.);
#3317 = DIRECTION('',(-1.,0.));
#3318 = ( GEOMETRIC_REPRESENTATION_CONTEXT(2) 
PARAMETRIC_REPRESENTATION_CONTEXT() REPRESENTATION_CONTEXT('2D SPACE',''
  ) );
#3319 = ORIENTED_EDGE('',*,*,#3178,.T.);
#3320 = ADVANCED_FACE('',(#3321),#3044,.F.);
#3321 = FACE_BOUND('',#3322,.T.);
#3322 = EDGE_LOOP('',(#3323,#3324,#3325,#3326,#3327,#3328,#3350,#3372,
    #3395));
#3323 = ORIENTED_EDGE('',*,*,#3250,.F.);
#3324 = ORIENTED_EDGE('',*,*,#3299,.F.);
#3325 = ORIENTED_EDGE('',*,*,#3028,.F.);
#3326 = ORIENTED_EDGE('',*,*,#3105,.F.);
#3327 = ORIENTED_EDGE('',*,*,#3153,.F.);
#3328 = ORIENTED_EDGE('',*,*,#3329,.T.);
#3329 = EDGE_CURVE('',#3132,#3330,#3332,.T.);
#3330 = VERTEX_POINT('',#3331);
#3331 = CARTESIAN_POINT('',(-2.77,1.,0.31));
#3332 = SURFACE_CURVE('',#3333,(#3337,#3344),.PCURVE_S1.);
#3333 = LINE('',#3334,#3335);
#3334 = CARTESIAN_POINT('',(-2.77,1.045602317761,0.31));
#3335 = VECTOR('',#3336,1.);
#3336 = DIRECTION('',(-2.804146475864E-32,-1.,1.065228634467E-16));
#3337 = PCURVE('',#3044,#3338);
#3338 = DEFINITIONAL_REPRESENTATION('',(#3339),#3343);
#3339 = LINE('',#3340,#3341);
#3340 = CARTESIAN_POINT('',(-1.176766594325E-16,1.104708));
#3341 = VECTOR('',#3342,1.);
#3342 = DIRECTION('',(-1.,0.));
#3343 = ( GEOMETRIC_REPRESENTATION_CONTEXT(2) 
PARAMETRIC_REPRESENTATION_CONTEXT() REPRESENTATION_CONTEXT('2D SPACE',''
  ) );
#3344 = PCURVE('',#2636,#3345);
#3345 = DEFINITIONAL_REPRESENTATION('',(#3346),#3349);
#3346 = B_SPLINE_CURVE_WITH_KNOTS('',1,(#3347,#3348),.UNSPECIFIED.,.F.,
  .F.,(2,2),(-0.604397682239,4.560231776126E-02),
  .PIECEWISE_BEZIER_KNOTS.);
#3347 = CARTESIAN_POINT('',(-2.77,0.466666666667));
#3348 = CARTESIAN_POINT('',(-2.77,-0.183333333333));
#3349 = ( GEOMETRIC_REPRESENTATION_CONTEXT(2) 
PARAMETRIC_REPRESENTATION_CONTEXT() REPRESENTATION_CONTEXT('2D SPACE',''
  ) );
#3350 = ORIENTED_EDGE('',*,*,#3351,.T.);
#3351 = EDGE_CURVE('',#3330,#3352,#3354,.T.);
#3352 = VERTEX_POINT('',#3353);
#3353 = CARTESIAN_POINT('',(-2.77,0.9,0.31));
#3354 = SURFACE_CURVE('',#3355,(#3359,#3366),.PCURVE_S1.);
#3355 = LINE('',#3356,#3357);
#3356 = CARTESIAN_POINT('',(-2.77,0.694863,0.31));
#3357 = VECTOR('',#3358,1.);
#3358 = DIRECTION('',(-2.804146475864E-32,-1.,1.065228634467E-16));
#3359 = PCURVE('',#3044,#3360);
#3360 = DEFINITIONAL_REPRESENTATION('',(#3361),#3365);
#3361 = LINE('',#3362,#3363);
#3362 = CARTESIAN_POINT('',(-0.350739317761,1.104708));
#3363 = VECTOR('',#3364,1.);
#3364 = DIRECTION('',(-1.,0.));
#3365 = ( GEOMETRIC_REPRESENTATION_CONTEXT(2) 
PARAMETRIC_REPRESENTATION_CONTEXT() REPRESENTATION_CONTEXT('2D SPACE',''
  ) );
#3366 = PCURVE('',#2636,#3367);
#3367 = DEFINITIONAL_REPRESENTATION('',(#3368),#3371);
#3368 = B_SPLINE_CURVE_WITH_KNOTS('',1,(#3369,#3370),.UNSPECIFIED.,.F.,
  .F.,(2,2),(-0.305137,-0.205137),.PIECEWISE_BEZIER_KNOTS.);
#3369 = CARTESIAN_POINT('',(-2.77,-0.183333333333));
#3370 = CARTESIAN_POINT('',(-2.77,-0.283333333333));
#3371 = ( GEOMETRIC_REPRESENTATION_CONTEXT(2) 
PARAMETRIC_REPRESENTATION_CONTEXT() REPRESENTATION_CONTEXT('2D SPACE',''
  ) );
#3372 = ORIENTED_EDGE('',*,*,#3373,.F.);
#3373 = EDGE_CURVE('',#3374,#3352,#3376,.T.);
#3374 = VERTEX_POINT('',#3375);
#3375 = CARTESIAN_POINT('',(-2.77,0.9,0.84));
#3376 = SURFACE_CURVE('',#3377,(#3381,#3388),.PCURVE_S1.);
#3377 = LINE('',#3378,#3379);
#3378 = CARTESIAN_POINT('',(-2.77,0.9,0.841614));
#3379 = VECTOR('',#3380,1.);
#3380 = DIRECTION('',(-2.289834988289E-16,-1.065228634467E-16,-1.));
#3381 = PCURVE('',#3044,#3382);
#3382 = DEFINITIONAL_REPRESENTATION('',(#3383),#3387);
#3383 = LINE('',#3384,#3385);
#3384 = CARTESIAN_POINT('',(-0.145602317761,1.636322));
#3385 = VECTOR('',#3386,1.);
#3386 = DIRECTION('',(0.,-1.));
#3387 = ( GEOMETRIC_REPRESENTATION_CONTEXT(2) 
PARAMETRIC_REPRESENTATION_CONTEXT() REPRESENTATION_CONTEXT('2D SPACE',''
  ) );
#3388 = PCURVE('',#2608,#3389);
#3389 = DEFINITIONAL_REPRESENTATION('',(#3390),#3394);
#3390 = LINE('',#3391,#3392);
#3391 = CARTESIAN_POINT('',(0.,0.));
#3392 = VECTOR('',#3393,1.);
#3393 = DIRECTION('',(1.,0.));
#3394 = ( GEOMETRIC_REPRESENTATION_CONTEXT(2) 
PARAMETRIC_REPRESENTATION_CONTEXT() REPRESENTATION_CONTEXT('2D SPACE',''
  ) );
#3395 = ORIENTED_EDGE('',*,*,#3396,.F.);
#3396 = EDGE_CURVE('',#3251,#3374,#3397,.T.);
#3397 = SURFACE_CURVE('',#3398,(#3402,#3409),.PCURVE_S1.);
#3398 = LINE('',#3399,#3400);
#3399 = CARTESIAN_POINT('',(-2.77,0.694863,0.84));
#3400 = VECTOR('',#3401,1.);
#3401 = DIRECTION('',(2.804146475864E-32,1.,-1.065228634467E-16));
#3402 = PCURVE('',#3044,#3403);
#3403 = DEFINITIONAL_REPRESENTATION('',(#3404),#3408);
#3404 = LINE('',#3405,#3406);
#3405 = CARTESIAN_POINT('',(-0.350739317761,1.634708));
#3406 = VECTOR('',#3407,1.);
#3407 = DIRECTION('',(1.,0.));
#3408 = ( GEOMETRIC_REPRESENTATION_CONTEXT(2) 
PARAMETRIC_REPRESENTATION_CONTEXT() REPRESENTATION_CONTEXT('2D SPACE',''
  ) );
#3409 = PCURVE('',#2580,#3410);
#3410 = DEFINITIONAL_REPRESENTATION('',(#3411),#3415);
#3411 = LINE('',#3412,#3413);
#3412 = CARTESIAN_POINT('',(0.,0.));
#3413 = VECTOR('',#3414,1.);
#3414 = DIRECTION('',(1.,0.));
#3415 = ( GEOMETRIC_REPRESENTATION_CONTEXT(2) 
PARAMETRIC_REPRESENTATION_CONTEXT() REPRESENTATION_CONTEXT('2D SPACE',''
  ) );
#3416 = ADVANCED_FACE('',(#3417),#2580,.T.);
#3417 = FACE_BOUND('',#3418,.T.);
#3418 = EDGE_LOOP('',(#3419,#3420,#3421,#3441));
#3419 = ORIENTED_EDGE('',*,*,#3273,.F.);
#3420 = ORIENTED_EDGE('',*,*,#3396,.T.);
#3421 = ORIENTED_EDGE('',*,*,#3422,.T.);
#3422 = EDGE_CURVE('',#3374,#2560,#3423,.T.);
#3423 = SURFACE_CURVE('',#3424,(#3427,#3434),.PCURVE_S1.);
#3424 = B_SPLINE_CURVE_WITH_KNOTS('',1,(#3425,#3426),.UNSPECIFIED.,.F.,
  .F.,(2,2),(0.,1.),.PIECEWISE_BEZIER_KNOTS.);
#3425 = CARTESIAN_POINT('',(-2.77,0.9,0.84));
#3426 = CARTESIAN_POINT('',(2.77,0.9,0.84));
#3427 = PCURVE('',#2580,#3428);
#3428 = DEFINITIONAL_REPRESENTATION('',(#3429),#3433);
#3429 = LINE('',#3430,#3431);
#3430 = CARTESIAN_POINT('',(0.205137,0.));
#3431 = VECTOR('',#3432,1.);
#3432 = DIRECTION('',(0.,1.));
#3433 = ( GEOMETRIC_REPRESENTATION_CONTEXT(2) 
PARAMETRIC_REPRESENTATION_CONTEXT() REPRESENTATION_CONTEXT('2D SPACE',''
  ) );
#3434 = PCURVE('',#2608,#3435);
#3435 = DEFINITIONAL_REPRESENTATION('',(#3436),#3440);
#3436 = LINE('',#3437,#3438);
#3437 = CARTESIAN_POINT('',(1.61399999999E-03,0.));
#3438 = VECTOR('',#3439,1.);
#3439 = DIRECTION('',(0.,1.));
#3440 = ( GEOMETRIC_REPRESENTATION_CONTEXT(2) 
PARAMETRIC_REPRESENTATION_CONTEXT() REPRESENTATION_CONTEXT('2D SPACE',''
  ) );
#3441 = ORIENTED_EDGE('',*,*,#2557,.F.);
#3442 = ADVANCED_FACE('',(#3443),#2608,.T.);
#3443 = FACE_BOUND('',#3444,.T.);
#3444 = EDGE_LOOP('',(#3445,#3446,#3447,#3466));
#3445 = ORIENTED_EDGE('',*,*,#3422,.F.);
#3446 = ORIENTED_EDGE('',*,*,#3373,.T.);
#3447 = ORIENTED_EDGE('',*,*,#3448,.T.);
#3448 = EDGE_CURVE('',#3352,#2593,#3449,.T.);
#3449 = SURFACE_CURVE('',#3450,(#3453,#3460),.PCURVE_S1.);
#3450 = B_SPLINE_CURVE_WITH_KNOTS('',1,(#3451,#3452),.UNSPECIFIED.,.F.,
  .F.,(2,2),(0.,1.),.PIECEWISE_BEZIER_KNOTS.);
#3451 = CARTESIAN_POINT('',(-2.77,0.9,0.31));
#3452 = CARTESIAN_POINT('',(2.77,0.9,0.31));
#3453 = PCURVE('',#2608,#3454);
#3454 = DEFINITIONAL_REPRESENTATION('',(#3455),#3459);
#3455 = LINE('',#3456,#3457);
#3456 = CARTESIAN_POINT('',(0.531614,0.));
#3457 = VECTOR('',#3458,1.);
#3458 = DIRECTION('',(0.,1.));
#3459 = ( GEOMETRIC_REPRESENTATION_CONTEXT(2) 
PARAMETRIC_REPRESENTATION_CONTEXT() REPRESENTATION_CONTEXT('2D SPACE',''
  ) );
#3460 = PCURVE('',#2636,#3461);
#3461 = DEFINITIONAL_REPRESENTATION('',(#3462),#3465);
#3462 = B_SPLINE_CURVE_WITH_KNOTS('',1,(#3463,#3464),.UNSPECIFIED.,.F.,
  .F.,(2,2),(0.,1.),.PIECEWISE_BEZIER_KNOTS.);
#3463 = CARTESIAN_POINT('',(-2.77,-0.283333333333));
#3464 = CARTESIAN_POINT('',(2.77,-0.283333333333));
#3465 = ( GEOMETRIC_REPRESENTATION_CONTEXT(2) 
PARAMETRIC_REPRESENTATION_CONTEXT() REPRESENTATION_CONTEXT('2D SPACE',''
  ) );
#3466 = ORIENTED_EDGE('',*,*,#2592,.F.);
#3467 = ADVANCED_FACE('',(#3468),#2636,.F.);
#3468 = FACE_BOUND('',#3469,.F.);
#3469 = EDGE_LOOP('',(#3470,#3471,#3472,#3473,#3474,#3475));
#3470 = ORIENTED_EDGE('',*,*,#3448,.T.);
#3471 = ORIENTED_EDGE('',*,*,#2620,.F.);
#3472 = ORIENTED_EDGE('',*,*,#2659,.F.);
#3473 = ORIENTED_EDGE('',*,*,#3131,.T.);
#3474 = ORIENTED_EDGE('',*,*,#3329,.T.);
#3475 = ORIENTED_EDGE('',*,*,#3351,.T.);
#3476 = ( GEOMETRIC_REPRESENTATION_CONTEXT(3) 
GLOBAL_UNCERTAINTY_ASSIGNED_CONTEXT((#3480)) 
GLOBAL_UNIT_ASSIGNED_CONTEXT((#3477,#3478,#3479)) REPRESENTATION_CONTEXT
('Context #1','3D Context with UNIT and UNCERTAINTY') );
#3477 = ( LENGTH_UNIT() NAMED_UNIT(*) SI_UNIT(.MILLI.,.METRE.) );
#3478 = ( NAMED_UNIT(*) PLANE_ANGLE_UNIT() SI_UNIT($,.RADIAN.) );
#3479 = ( NAMED_UNIT(*) SI_UNIT($,.STERADIAN.) SOLID_ANGLE_UNIT() );
#3480 = UNCERTAINTY_MEASURE_WITH_UNIT(LENGTH_MEASURE(1.E-07),#3477,
  'distance_accuracy_value','confusion accuracy');
#3481 = SHAPE_DEFINITION_REPRESENTATION(#3482,#2550);
#3482 = PRODUCT_DEFINITION_SHAPE('','',#3483);
#3483 = PRODUCT_DEFINITION('design','',#3484,#3487);
#3484 = PRODUCT_DEFINITION_FORMATION('','',#3485);
#3485 = PRODUCT('Jaw','Jaw','',(#3486));
#3486 = PRODUCT_CONTEXT('',#2,'mechanical');
#3487 = PRODUCT_DEFINITION_CONTEXT('part definition',#2,'design');
#3488 = CONTEXT_DEPENDENT_SHAPE_REPRESENTATION(#3489,#3491);
#3489 = ( REPRESENTATION_RELATIONSHIP('','',#2550,#10) 
REPRESENTATION_RELATIONSHIP_WITH_TRANSFORMATION(#3490) 
SHAPE_REPRESENTATION_RELATIONSHIP() );
#3490 = ITEM_DEFINED_TRANSFORMATION('','',#11,#23);
#3491 = PRODUCT_DEFINITION_SHAPE('Placement','Placement of an item',
  #3492);
#3492 = NEXT_ASSEMBLY_USAGE_OCCURRENCE('13','Jaw','',#5,#3483,$);
#3493 = PRODUCT_RELATED_PRODUCT_CATEGORY('part',$,(#3485));
#3494 = ADVANCED_BREP_SHAPE_REPRESENTATION('',(#11,#3495),#11159);
#3495 = MANIFOLD_SOLID_BREP('',#3496);
#3496 = CLOSED_SHELL('',(#3497,#3617,#3721,#3864,#4344,#4398,#4636,#4685
    ,#4739,#4788,#4815,#4920,#4969,#5931,#6009,#6155,#6233,#6260,#6404,
    #6476,#6504,#6531,#6538,#6716,#6770,#6941,#7012,#7083,#7254,#7325,
    #7496,#7667,#7738,#7765,#7813,#7820,#7847,#7895,#7902,#7929,#7977,
    #7984,#8011,#8059,#8066,#8115,#8164,#8236,#8263,#8390,#8439,#8532,
    #8559,#8706,#8755,#8762,#8856,#8883,#8910,#9027,#9098,#9166,#9173,
    #9180,#9285,#9334,#9390,#9466,#9537,#9566,#9690,#9740,#9767,#9775,
    #9907,#9983,#10061,#10183,#10210,#10286,#10442,#10513,#10522,#10549,
    #10598,#10647,#10674,#10687,#10712,#10737,#10762,#10787,#10812,
    #10837,#10862,#10887,#10894,#10901,#10948,#11028,#11077,#11125,
    #11152));
#3497 = ADVANCED_FACE('',(#3498),#3512,.F.);
#3498 = FACE_BOUND('',#3499,.T.);
#3499 = EDGE_LOOP('',(#3500,#3535,#3563,#3591));
#3500 = ORIENTED_EDGE('',*,*,#3501,.T.);
#3501 = EDGE_CURVE('',#3502,#3504,#3506,.T.);
#3502 = VERTEX_POINT('',#3503);
#3503 = CARTESIAN_POINT('',(2.8,0.9,0.31));
#3504 = VERTEX_POINT('',#3505);
#3505 = CARTESIAN_POINT('',(2.9,1.,0.31));
#3506 = SURFACE_CURVE('',#3507,(#3511,#3523),.PCURVE_S1.);
#3507 = LINE('',#3508,#3509);
#3508 = CARTESIAN_POINT('',(3.5,1.6,0.31));
#3509 = VECTOR('',#3510,1.);
#3510 = DIRECTION('',(0.707106781187,0.707106781187,-2.683204183723E-16)
  );
#3511 = PCURVE('',#3512,#3517);
#3512 = PLANE('',#3513);
#3513 = AXIS2_PLACEMENT_3D('',#3514,#3515,#3516);
#3514 = CARTESIAN_POINT('',(2.8,0.29,0.31));
#3515 = DIRECTION('',(-2.289834988289E-16,-1.065228634467E-16,-1.));
#3516 = DIRECTION('',(2.804146475864E-32,1.,-1.065228634467E-16));
#3517 = DEFINITIONAL_REPRESENTATION('',(#3518),#3522);
#3518 = LINE('',#3519,#3520);
#3519 = CARTESIAN_POINT('',(1.31,0.7));
#3520 = VECTOR('',#3521,1.);
#3521 = DIRECTION('',(0.707106781187,0.707106781187));
#3522 = ( GEOMETRIC_REPRESENTATION_CONTEXT(2) 
PARAMETRIC_REPRESENTATION_CONTEXT() REPRESENTATION_CONTEXT('2D SPACE',''
  ) );
#3523 = PCURVE('',#3524,#3529);
#3524 = PLANE('',#3525);
#3525 = AXIS2_PLACEMENT_3D('',#3526,#3527,#3528);
#3526 = CARTESIAN_POINT('',(2.85,0.95,0.675));
#3527 = DIRECTION('',(0.707106781187,-0.707106781187,-8.659274570719E-17
    ));
#3528 = DIRECTION('',(0.707106781187,0.707106781187,-4.335003812318E-16)
  );
#3529 = DEFINITIONAL_REPRESENTATION('',(#3530),#3534);
#3530 = LINE('',#3531,#3532);
#3531 = CARTESIAN_POINT('',(0.919238815543,-0.365));
#3532 = VECTOR('',#3533,1.);
#3533 = DIRECTION('',(1.,1.651799628595E-16));
#3534 = ( GEOMETRIC_REPRESENTATION_CONTEXT(2) 
PARAMETRIC_REPRESENTATION_CONTEXT() REPRESENTATION_CONTEXT('2D SPACE',''
  ) );
#3535 = ORIENTED_EDGE('',*,*,#3536,.T.);
#3536 = EDGE_CURVE('',#3504,#3537,#3539,.T.);
#3537 = VERTEX_POINT('',#3538);
#3538 = CARTESIAN_POINT('',(2.77,1.,0.31));
#3539 = SURFACE_CURVE('',#3540,(#3544,#3551),.PCURVE_S1.);
#3540 = LINE('',#3541,#3542);
#3541 = CARTESIAN_POINT('',(-14.,1.,0.31));
#3542 = VECTOR('',#3543,1.);
#3543 = DIRECTION('',(-1.,5.243344273594E-32,2.289834988289E-16));
#3544 = PCURVE('',#3512,#3545);
#3545 = DEFINITIONAL_REPRESENTATION('',(#3546),#3550);
#3546 = LINE('',#3547,#3548);
#3547 = CARTESIAN_POINT('',(0.71,-16.8));
#3548 = VECTOR('',#3549,1.);
#3549 = DIRECTION('',(-9.031806508344E-47,-1.));
#3550 = ( GEOMETRIC_REPRESENTATION_CONTEXT(2) 
PARAMETRIC_REPRESENTATION_CONTEXT() REPRESENTATION_CONTEXT('2D SPACE',''
  ) );
#3551 = PCURVE('',#3552,#3557);
#3552 = PLANE('',#3553);
#3553 = AXIS2_PLACEMENT_3D('',#3554,#3555,#3556);
#3554 = CARTESIAN_POINT('',(1.825,1.,0.31));
#3555 = DIRECTION('',(2.804146475864E-32,1.,-1.065228634467E-16));
#3556 = DIRECTION('',(-2.289834988289E-16,-1.065228634467E-16,-1.));
#3557 = DEFINITIONAL_REPRESENTATION('',(#3558),#3562);
#3558 = LINE('',#3559,#3560);
#3559 = CARTESIAN_POINT('',(-3.731390196826E-16,15.825));
#3560 = VECTOR('',#3561,1.);
#3561 = DIRECTION('',(0.,1.));
#3562 = ( GEOMETRIC_REPRESENTATION_CONTEXT(2) 
PARAMETRIC_REPRESENTATION_CONTEXT() REPRESENTATION_CONTEXT('2D SPACE',''
  ) );
#3563 = ORIENTED_EDGE('',*,*,#3564,.T.);
#3564 = EDGE_CURVE('',#3537,#3565,#3567,.T.);
#3565 = VERTEX_POINT('',#3566);
#3566 = CARTESIAN_POINT('',(2.77,0.9,0.31));
#3567 = SURFACE_CURVE('',#3568,(#3572,#3579),.PCURVE_S1.);
#3568 = LINE('',#3569,#3570);
#3569 = CARTESIAN_POINT('',(2.77,0.694863,0.31));
#3570 = VECTOR('',#3571,1.);
#3571 = DIRECTION('',(-2.804146475864E-32,-1.,1.065228634467E-16));
#3572 = PCURVE('',#3512,#3573);
#3573 = DEFINITIONAL_REPRESENTATION('',(#3574),#3578);
#3574 = LINE('',#3575,#3576);
#3575 = CARTESIAN_POINT('',(0.404863,-3.E-02));
#3576 = VECTOR('',#3577,1.);
#3577 = DIRECTION('',(-1.,-2.736911063134E-48));
#3578 = ( GEOMETRIC_REPRESENTATION_CONTEXT(2) 
PARAMETRIC_REPRESENTATION_CONTEXT() REPRESENTATION_CONTEXT('2D SPACE',''
  ) );
#3579 = PCURVE('',#3580,#3585);
#3580 = B_SPLINE_SURFACE_WITH_KNOTS('',1,1,(
    (#3581,#3582)
    ,(#3583,#3584
    )),.UNSPECIFIED.,.F.,.F.,.F.,(2,2),(2,2),(-0.305137,-0.205137),(0.,
    1.),.PIECEWISE_BEZIER_KNOTS.);
#3581 = CARTESIAN_POINT('',(2.77,1.,0.31));
#3582 = CARTESIAN_POINT('',(-2.77,1.,0.31));
#3583 = CARTESIAN_POINT('',(2.77,0.9,0.31));
#3584 = CARTESIAN_POINT('',(-2.77,0.9,0.31));
#3585 = DEFINITIONAL_REPRESENTATION('',(#3586),#3590);
#3586 = LINE('',#3587,#3588);
#3587 = CARTESIAN_POINT('',(0.,0.));
#3588 = VECTOR('',#3589,1.);
#3589 = DIRECTION('',(1.,0.));
#3590 = ( GEOMETRIC_REPRESENTATION_CONTEXT(2) 
PARAMETRIC_REPRESENTATION_CONTEXT() REPRESENTATION_CONTEXT('2D SPACE',''
  ) );
#3591 = ORIENTED_EDGE('',*,*,#3592,.T.);
#3592 = EDGE_CURVE('',#3565,#3502,#3593,.T.);
#3593 = SURFACE_CURVE('',#3594,(#3598,#3605),.PCURVE_S1.);
#3594 = LINE('',#3595,#3596);
#3595 = CARTESIAN_POINT('',(3.5,0.9,0.31));
#3596 = VECTOR('',#3597,1.);
#3597 = DIRECTION('',(1.,-5.243344273594E-32,-2.289834988289E-16));
#3598 = PCURVE('',#3512,#3599);
#3599 = DEFINITIONAL_REPRESENTATION('',(#3600),#3604);
#3600 = LINE('',#3601,#3602);
#3601 = CARTESIAN_POINT('',(0.61,0.7));
#3602 = VECTOR('',#3603,1.);
#3603 = DIRECTION('',(9.031806508344E-47,1.));
#3604 = ( GEOMETRIC_REPRESENTATION_CONTEXT(2) 
PARAMETRIC_REPRESENTATION_CONTEXT() REPRESENTATION_CONTEXT('2D SPACE',''
  ) );
#3605 = PCURVE('',#3606,#3611);
#3606 = PLANE('',#3607);
#3607 = AXIS2_PLACEMENT_3D('',#3608,#3609,#3610);
#3608 = CARTESIAN_POINT('',(1.75,0.9,0.29));
#3609 = DIRECTION('',(2.804146475864E-32,1.,-1.065228634467E-16));
#3610 = DIRECTION('',(1.,-5.243344273594E-32,-2.289834988289E-16));
#3611 = DEFINITIONAL_REPRESENTATION('',(#3612),#3616);
#3612 = LINE('',#3613,#3614);
#3613 = CARTESIAN_POINT('',(1.75,-2.E-02));
#3614 = VECTOR('',#3615,1.);
#3615 = DIRECTION('',(1.,0.));
#3616 = ( GEOMETRIC_REPRESENTATION_CONTEXT(2) 
PARAMETRIC_REPRESENTATION_CONTEXT() REPRESENTATION_CONTEXT('2D SPACE',''
  ) );
#3617 = ADVANCED_FACE('',(#3618),#3524,.F.);
#3618 = FACE_BOUND('',#3619,.T.);
#3619 = EDGE_LOOP('',(#3620,#3643,#3644,#3667,#3695));
#3620 = ORIENTED_EDGE('',*,*,#3621,.T.);
#3621 = EDGE_CURVE('',#3622,#3504,#3624,.T.);
#3622 = VERTEX_POINT('',#3623);
#3623 = CARTESIAN_POINT('',(2.9,1.,1.));
#3624 = SURFACE_CURVE('',#3625,(#3629,#3636),.PCURVE_S1.);
#3625 = LINE('',#3626,#3627);
#3626 = CARTESIAN_POINT('',(2.9,1.,0.841614));
#3627 = VECTOR('',#3628,1.);
#3628 = DIRECTION('',(-2.289834988289E-16,-1.065228634467E-16,-1.));
#3629 = PCURVE('',#3524,#3630);
#3630 = DEFINITIONAL_REPRESENTATION('',(#3631),#3635);
#3631 = LINE('',#3632,#3633);
#3632 = CARTESIAN_POINT('',(7.071067811865E-02,0.166614));
#3633 = VECTOR('',#3634,1.);
#3634 = DIRECTION('',(1.962615573355E-16,-1.));
#3635 = ( GEOMETRIC_REPRESENTATION_CONTEXT(2) 
PARAMETRIC_REPRESENTATION_CONTEXT() REPRESENTATION_CONTEXT('2D SPACE',''
  ) );
#3636 = PCURVE('',#3552,#3637);
#3637 = DEFINITIONAL_REPRESENTATION('',(#3638),#3642);
#3638 = LINE('',#3639,#3640);
#3639 = CARTESIAN_POINT('',(-0.531614,-1.075));
#3640 = VECTOR('',#3641,1.);
#3641 = DIRECTION('',(1.,0.));
#3642 = ( GEOMETRIC_REPRESENTATION_CONTEXT(2) 
PARAMETRIC_REPRESENTATION_CONTEXT() REPRESENTATION_CONTEXT('2D SPACE',''
  ) );
#3643 = ORIENTED_EDGE('',*,*,#3501,.F.);
#3644 = ORIENTED_EDGE('',*,*,#3645,.F.);
#3645 = EDGE_CURVE('',#3646,#3502,#3648,.T.);
#3646 = VERTEX_POINT('',#3647);
#3647 = CARTESIAN_POINT('',(2.8,0.9,0.84));
#3648 = SURFACE_CURVE('',#3649,(#3653,#3660),.PCURVE_S1.);
#3649 = LINE('',#3650,#3651);
#3650 = CARTESIAN_POINT('',(2.8,0.9,0.841614));
#3651 = VECTOR('',#3652,1.);
#3652 = DIRECTION('',(-2.289834988289E-16,-1.065228634467E-16,-1.));
#3653 = PCURVE('',#3524,#3654);
#3654 = DEFINITIONAL_REPRESENTATION('',(#3655),#3659);
#3655 = LINE('',#3656,#3657);
#3656 = CARTESIAN_POINT('',(-7.071067811866E-02,0.166614));
#3657 = VECTOR('',#3658,1.);
#3658 = DIRECTION('',(1.962615573355E-16,-1.));
#3659 = ( GEOMETRIC_REPRESENTATION_CONTEXT(2) 
PARAMETRIC_REPRESENTATION_CONTEXT() REPRESENTATION_CONTEXT('2D SPACE',''
  ) );
#3660 = PCURVE('',#3606,#3661);
#3661 = DEFINITIONAL_REPRESENTATION('',(#3662),#3666);
#3662 = LINE('',#3663,#3664);
#3663 = CARTESIAN_POINT('',(1.05,-0.551614));
#3664 = VECTOR('',#3665,1.);
#3665 = DIRECTION('',(0.,1.));
#3666 = ( GEOMETRIC_REPRESENTATION_CONTEXT(2) 
PARAMETRIC_REPRESENTATION_CONTEXT() REPRESENTATION_CONTEXT('2D SPACE',''
  ) );
#3667 = ORIENTED_EDGE('',*,*,#3668,.F.);
#3668 = EDGE_CURVE('',#3669,#3646,#3671,.T.);
#3669 = VERTEX_POINT('',#3670);
#3670 = CARTESIAN_POINT('',(2.8,0.9,1.));
#3671 = SURFACE_CURVE('',#3672,(#3676,#3683),.PCURVE_S1.);
#3672 = LINE('',#3673,#3674);
#3673 = CARTESIAN_POINT('',(2.8,0.9,0.841614));
#3674 = VECTOR('',#3675,1.);
#3675 = DIRECTION('',(-2.289834988289E-16,-1.065228634467E-16,-1.));
#3676 = PCURVE('',#3524,#3677);
#3677 = DEFINITIONAL_REPRESENTATION('',(#3678),#3682);
#3678 = LINE('',#3679,#3680);
#3679 = CARTESIAN_POINT('',(-7.071067811866E-02,0.166614));
#3680 = VECTOR('',#3681,1.);
#3681 = DIRECTION('',(1.962615573355E-16,-1.));
#3682 = ( GEOMETRIC_REPRESENTATION_CONTEXT(2) 
PARAMETRIC_REPRESENTATION_CONTEXT() REPRESENTATION_CONTEXT('2D SPACE',''
  ) );
#3683 = PCURVE('',#3684,#3689);
#3684 = PLANE('',#3685);
#3685 = AXIS2_PLACEMENT_3D('',#3686,#3687,#3688);
#3686 = CARTESIAN_POINT('',(2.8,0.694863,0.841614));
#3687 = DIRECTION('',(1.,-5.243344273594E-32,-2.289834988289E-16));
#3688 = DIRECTION('',(2.804146475864E-32,1.,-1.065228634467E-16));
#3689 = DEFINITIONAL_REPRESENTATION('',(#3690),#3694);
#3690 = LINE('',#3691,#3692);
#3691 = CARTESIAN_POINT('',(0.205137,2.185178063887E-17));
#3692 = VECTOR('',#3693,1.);
#3693 = DIRECTION('',(0.,-1.));
#3694 = ( GEOMETRIC_REPRESENTATION_CONTEXT(2) 
PARAMETRIC_REPRESENTATION_CONTEXT() REPRESENTATION_CONTEXT('2D SPACE',''
  ) );
#3695 = ORIENTED_EDGE('',*,*,#3696,.T.);
#3696 = EDGE_CURVE('',#3669,#3622,#3697,.T.);
#3697 = SURFACE_CURVE('',#3698,(#3702,#3709),.PCURVE_S1.);
#3698 = LINE('',#3699,#3700);
#3699 = CARTESIAN_POINT('',(-14.,-15.9,1.));
#3700 = VECTOR('',#3701,1.);
#3701 = DIRECTION('',(0.707106781187,0.707106781187,-3.238315696035E-16)
  );
#3702 = PCURVE('',#3524,#3703);
#3703 = DEFINITIONAL_REPRESENTATION('',(#3704),#3708);
#3704 = LINE('',#3705,#3706);
#3705 = CARTESIAN_POINT('',(-23.82949852598,0.325));
#3706 = VECTOR('',#3707,1.);
#3707 = DIRECTION('',(1.,1.096688116283E-16));
#3708 = ( GEOMETRIC_REPRESENTATION_CONTEXT(2) 
PARAMETRIC_REPRESENTATION_CONTEXT() REPRESENTATION_CONTEXT('2D SPACE',''
  ) );
#3709 = PCURVE('',#3710,#3715);
#3710 = PLANE('',#3711);
#3711 = AXIS2_PLACEMENT_3D('',#3712,#3713,#3714);
#3712 = CARTESIAN_POINT('',(-42.17662438884,-1.493867268294,1.));
#3713 = DIRECTION('',(2.289834988289E-16,2.289834988289E-16,1.));
#3714 = DIRECTION('',(0.,-1.,2.289834988289E-16));
#3715 = DEFINITIONAL_REPRESENTATION('',(#3716),#3720);
#3716 = LINE('',#3717,#3718);
#3717 = CARTESIAN_POINT('',(14.406132731706,28.176624388842));
#3718 = VECTOR('',#3719,1.);
#3719 = DIRECTION('',(-0.707106781187,0.707106781187));
#3720 = ( GEOMETRIC_REPRESENTATION_CONTEXT(2) 
PARAMETRIC_REPRESENTATION_CONTEXT() REPRESENTATION_CONTEXT('2D SPACE',''
  ) );
#3721 = ADVANCED_FACE('',(#3722),#3736,.T.);
#3722 = FACE_BOUND('',#3723,.T.);
#3723 = EDGE_LOOP('',(#3724,#3754,#3782,#3810,#3838));
#3724 = ORIENTED_EDGE('',*,*,#3725,.F.);
#3725 = EDGE_CURVE('',#3726,#3728,#3730,.T.);
#3726 = VERTEX_POINT('',#3727);
#3727 = CARTESIAN_POINT('',(-2.8,0.9,1.));
#3728 = VERTEX_POINT('',#3729);
#3729 = CARTESIAN_POINT('',(-2.9,1.,1.));
#3730 = SURFACE_CURVE('',#3731,(#3735,#3747),.PCURVE_S1.);
#3731 = LINE('',#3732,#3733);
#3732 = CARTESIAN_POINT('',(14.,-15.9,1.));
#3733 = VECTOR('',#3734,1.);
#3734 = DIRECTION('',(-0.707106781187,0.707106781187,0.));
#3735 = PCURVE('',#3736,#3741);
#3736 = PLANE('',#3737);
#3737 = AXIS2_PLACEMENT_3D('',#3738,#3739,#3740);
#3738 = CARTESIAN_POINT('',(-2.85,0.95,0.675));
#3739 = DIRECTION('',(0.707106781187,0.707106781187,-2.372388238963E-16)
  );
#3740 = DIRECTION('',(-0.707106781187,0.707106781187,-1.096688116283E-16
    ));
#3741 = DEFINITIONAL_REPRESENTATION('',(#3742),#3746);
#3742 = LINE('',#3743,#3744);
#3743 = CARTESIAN_POINT('',(-23.82949852598,0.325));
#3744 = VECTOR('',#3745,1.);
#3745 = DIRECTION('',(1.,1.096688116283E-16));
#3746 = ( GEOMETRIC_REPRESENTATION_CONTEXT(2) 
PARAMETRIC_REPRESENTATION_CONTEXT() REPRESENTATION_CONTEXT('2D SPACE',''
  ) );
#3747 = PCURVE('',#3710,#3748);
#3748 = DEFINITIONAL_REPRESENTATION('',(#3749),#3753);
#3749 = LINE('',#3750,#3751);
#3750 = CARTESIAN_POINT('',(14.406132731706,56.176624388842));
#3751 = VECTOR('',#3752,1.);
#3752 = DIRECTION('',(-0.707106781187,-0.707106781187));
#3753 = ( GEOMETRIC_REPRESENTATION_CONTEXT(2) 
PARAMETRIC_REPRESENTATION_CONTEXT() REPRESENTATION_CONTEXT('2D SPACE',''
  ) );
#3754 = ORIENTED_EDGE('',*,*,#3755,.T.);
#3755 = EDGE_CURVE('',#3726,#3756,#3758,.T.);
#3756 = VERTEX_POINT('',#3757);
#3757 = CARTESIAN_POINT('',(-2.8,0.9,0.84));
#3758 = SURFACE_CURVE('',#3759,(#3763,#3770),.PCURVE_S1.);
#3759 = LINE('',#3760,#3761);
#3760 = CARTESIAN_POINT('',(-2.8,0.9,0.841614));
#3761 = VECTOR('',#3762,1.);
#3762 = DIRECTION('',(-2.289834988289E-16,-1.065228634467E-16,-1.));
#3763 = PCURVE('',#3736,#3764);
#3764 = DEFINITIONAL_REPRESENTATION('',(#3765),#3769);
#3765 = LINE('',#3766,#3767);
#3766 = CARTESIAN_POINT('',(-7.071067811865E-02,0.166614));
#3767 = VECTOR('',#3768,1.);
#3768 = DIRECTION('',(1.962615573355E-16,-1.));
#3769 = ( GEOMETRIC_REPRESENTATION_CONTEXT(2) 
PARAMETRIC_REPRESENTATION_CONTEXT() REPRESENTATION_CONTEXT('2D SPACE',''
  ) );
#3770 = PCURVE('',#3771,#3776);
#3771 = PLANE('',#3772);
#3772 = AXIS2_PLACEMENT_3D('',#3773,#3774,#3775);
#3773 = CARTESIAN_POINT('',(-2.8,0.694863,0.841614));
#3774 = DIRECTION('',(1.,-5.243344273594E-32,-2.289834988289E-16));
#3775 = DIRECTION('',(2.804146475864E-32,1.,-1.065228634467E-16));
#3776 = DEFINITIONAL_REPRESENTATION('',(#3777),#3781);
#3777 = LINE('',#3778,#3779);
#3778 = CARTESIAN_POINT('',(0.205137,2.185178063887E-17));
#3779 = VECTOR('',#3780,1.);
#3780 = DIRECTION('',(0.,-1.));
#3781 = ( GEOMETRIC_REPRESENTATION_CONTEXT(2) 
PARAMETRIC_REPRESENTATION_CONTEXT() REPRESENTATION_CONTEXT('2D SPACE',''
  ) );
#3782 = ORIENTED_EDGE('',*,*,#3783,.T.);
#3783 = EDGE_CURVE('',#3756,#3784,#3786,.T.);
#3784 = VERTEX_POINT('',#3785);
#3785 = CARTESIAN_POINT('',(-2.8,0.9,0.31));
#3786 = SURFACE_CURVE('',#3787,(#3791,#3798),.PCURVE_S1.);
#3787 = LINE('',#3788,#3789);
#3788 = CARTESIAN_POINT('',(-2.8,0.9,0.841614));
#3789 = VECTOR('',#3790,1.);
#3790 = DIRECTION('',(-2.289834988289E-16,-1.065228634467E-16,-1.));
#3791 = PCURVE('',#3736,#3792);
#3792 = DEFINITIONAL_REPRESENTATION('',(#3793),#3797);
#3793 = LINE('',#3794,#3795);
#3794 = CARTESIAN_POINT('',(-7.071067811865E-02,0.166614));
#3795 = VECTOR('',#3796,1.);
#3796 = DIRECTION('',(1.962615573355E-16,-1.));
#3797 = ( GEOMETRIC_REPRESENTATION_CONTEXT(2) 
PARAMETRIC_REPRESENTATION_CONTEXT() REPRESENTATION_CONTEXT('2D SPACE',''
  ) );
#3798 = PCURVE('',#3799,#3804);
#3799 = PLANE('',#3800);
#3800 = AXIS2_PLACEMENT_3D('',#3801,#3802,#3803);
#3801 = CARTESIAN_POINT('',(-1.75,0.9,0.29));
#3802 = DIRECTION('',(-2.804146475864E-32,-1.,1.065228634467E-16));
#3803 = DIRECTION('',(-1.,5.243344273594E-32,2.289834988289E-16));
#3804 = DEFINITIONAL_REPRESENTATION('',(#3805),#3809);
#3805 = LINE('',#3806,#3807);
#3806 = CARTESIAN_POINT('',(1.05,-0.551614));
#3807 = VECTOR('',#3808,1.);
#3808 = DIRECTION('',(0.,1.));
#3809 = ( GEOMETRIC_REPRESENTATION_CONTEXT(2) 
PARAMETRIC_REPRESENTATION_CONTEXT() REPRESENTATION_CONTEXT('2D SPACE',''
  ) );
#3810 = ORIENTED_EDGE('',*,*,#3811,.T.);
#3811 = EDGE_CURVE('',#3784,#3812,#3814,.T.);
#3812 = VERTEX_POINT('',#3813);
#3813 = CARTESIAN_POINT('',(-2.9,1.,0.31));
#3814 = SURFACE_CURVE('',#3815,(#3819,#3826),.PCURVE_S1.);
#3815 = LINE('',#3816,#3817);
#3816 = CARTESIAN_POINT('',(5.,-6.9,0.31));
#3817 = VECTOR('',#3818,1.);
#3818 = DIRECTION('',(-0.707106781187,0.707106781187,5.551115123126E-17)
  );
#3819 = PCURVE('',#3736,#3820);
#3820 = DEFINITIONAL_REPRESENTATION('',(#3821),#3825);
#3821 = LINE('',#3822,#3823);
#3822 = CARTESIAN_POINT('',(-11.10157646462,-0.365));
#3823 = VECTOR('',#3824,1.);
#3824 = DIRECTION('',(1.,1.651799628595E-16));
#3825 = ( GEOMETRIC_REPRESENTATION_CONTEXT(2) 
PARAMETRIC_REPRESENTATION_CONTEXT() REPRESENTATION_CONTEXT('2D SPACE',''
  ) );
#3826 = PCURVE('',#3827,#3832);
#3827 = PLANE('',#3828);
#3828 = AXIS2_PLACEMENT_3D('',#3829,#3830,#3831);
#3829 = CARTESIAN_POINT('',(-2.8,0.29,0.31));
#3830 = DIRECTION('',(2.289834988289E-16,1.065228634467E-16,1.));
#3831 = DIRECTION('',(2.804146475864E-32,1.,-1.065228634467E-16));
#3832 = DEFINITIONAL_REPRESENTATION('',(#3833),#3837);
#3833 = LINE('',#3834,#3835);
#3834 = CARTESIAN_POINT('',(-7.19,-7.8));
#3835 = VECTOR('',#3836,1.);
#3836 = DIRECTION('',(0.707106781187,0.707106781187));
#3837 = ( GEOMETRIC_REPRESENTATION_CONTEXT(2) 
PARAMETRIC_REPRESENTATION_CONTEXT() REPRESENTATION_CONTEXT('2D SPACE',''
  ) );
#3838 = ORIENTED_EDGE('',*,*,#3839,.F.);
#3839 = EDGE_CURVE('',#3728,#3812,#3840,.T.);
#3840 = SURFACE_CURVE('',#3841,(#3845,#3852),.PCURVE_S1.);
#3841 = LINE('',#3842,#3843);
#3842 = CARTESIAN_POINT('',(-2.9,1.,0.841614));
#3843 = VECTOR('',#3844,1.);
#3844 = DIRECTION('',(-2.289834988289E-16,-1.065228634467E-16,-1.));
#3845 = PCURVE('',#3736,#3846);
#3846 = DEFINITIONAL_REPRESENTATION('',(#3847),#3851);
#3847 = LINE('',#3848,#3849);
#3848 = CARTESIAN_POINT('',(7.071067811865E-02,0.166614));
#3849 = VECTOR('',#3850,1.);
#3850 = DIRECTION('',(1.962615573355E-16,-1.));
#3851 = ( GEOMETRIC_REPRESENTATION_CONTEXT(2) 
PARAMETRIC_REPRESENTATION_CONTEXT() REPRESENTATION_CONTEXT('2D SPACE',''
  ) );
#3852 = PCURVE('',#3853,#3858);
#3853 = PLANE('',#3854);
#3854 = AXIS2_PLACEMENT_3D('',#3855,#3856,#3857);
#3855 = CARTESIAN_POINT('',(3.325,1.,0.31));
#3856 = DIRECTION('',(2.804146475864E-32,1.,-1.065228634467E-16));
#3857 = DIRECTION('',(-2.289834988289E-16,-1.065228634467E-16,-1.));
#3858 = DEFINITIONAL_REPRESENTATION('',(#3859),#3863);
#3859 = LINE('',#3860,#3861);
#3860 = CARTESIAN_POINT('',(-0.531614,6.225));
#3861 = VECTOR('',#3862,1.);
#3862 = DIRECTION('',(1.,0.));
#3863 = ( GEOMETRIC_REPRESENTATION_CONTEXT(2) 
PARAMETRIC_REPRESENTATION_CONTEXT() REPRESENTATION_CONTEXT('2D SPACE',''
  ) );
#3864 = ADVANCED_FACE('',(#3865),#3710,.T.);
#3865 = FACE_BOUND('',#3866,.T.);
#3866 = EDGE_LOOP('',(#3867,#3897,#3918,#3919,#3942,#3970,#3998,#4026,
    #4054,#4082,#4110,#4138,#4166,#4189,#4217,#4245,#4273,#4301,#4322,
    #4323));
#3867 = ORIENTED_EDGE('',*,*,#3868,.F.);
#3868 = EDGE_CURVE('',#3869,#3871,#3873,.T.);
#3869 = VERTEX_POINT('',#3870);
#3870 = CARTESIAN_POINT('',(-2.8,-2.E-02,1.));
#3871 = VERTEX_POINT('',#3872);
#3872 = CARTESIAN_POINT('',(2.8,-2.E-02,1.));
#3873 = SURFACE_CURVE('',#3874,(#3878,#3885),.PCURVE_S1.);
#3874 = LINE('',#3875,#3876);
#3875 = CARTESIAN_POINT('',(4.,-2.E-02,1.));
#3876 = VECTOR('',#3877,1.);
#3877 = DIRECTION('',(1.,-5.243344273594E-32,-2.289834988289E-16));
#3878 = PCURVE('',#3710,#3879);
#3879 = DEFINITIONAL_REPRESENTATION('',(#3880),#3884);
#3880 = LINE('',#3881,#3882);
#3881 = CARTESIAN_POINT('',(-1.473867268294,46.176624388842));
#3882 = VECTOR('',#3883,1.);
#3883 = DIRECTION('',(-2.080052407982E-46,1.));
#3884 = ( GEOMETRIC_REPRESENTATION_CONTEXT(2) 
PARAMETRIC_REPRESENTATION_CONTEXT() REPRESENTATION_CONTEXT('2D SPACE',''
  ) );
#3885 = PCURVE('',#3886,#3891);
#3886 = PLANE('',#3887);
#3887 = AXIS2_PLACEMENT_3D('',#3888,#3889,#3890);
#3888 = CARTESIAN_POINT('',(7.8,-2.E-02,1.05));
#3889 = DIRECTION('',(-2.804146475864E-32,-1.,1.065228634467E-16));
#3890 = DIRECTION('',(-2.289834988289E-16,-1.065228634467E-16,-1.));
#3891 = DEFINITIONAL_REPRESENTATION('',(#3892),#3896);
#3892 = LINE('',#3893,#3894);
#3893 = CARTESIAN_POINT('',(5.E-02,-3.8));
#3894 = VECTOR('',#3895,1.);
#3895 = DIRECTION('',(0.,1.));
#3896 = ( GEOMETRIC_REPRESENTATION_CONTEXT(2) 
PARAMETRIC_REPRESENTATION_CONTEXT() REPRESENTATION_CONTEXT('2D SPACE',''
  ) );
#3897 = ORIENTED_EDGE('',*,*,#3898,.T.);
#3898 = EDGE_CURVE('',#3869,#3726,#3899,.T.);
#3899 = SURFACE_CURVE('',#3900,(#3904,#3911),.PCURVE_S1.);
#3900 = LINE('',#3901,#3902);
#3901 = CARTESIAN_POINT('',(-2.8,0.694863,1.));
#3902 = VECTOR('',#3903,1.);
#3903 = DIRECTION('',(0.,1.,-2.289834988289E-16));
#3904 = PCURVE('',#3710,#3905);
#3905 = DEFINITIONAL_REPRESENTATION('',(#3906),#3910);
#3906 = LINE('',#3907,#3908);
#3907 = CARTESIAN_POINT('',(-2.188730268294,39.376624388842));
#3908 = VECTOR('',#3909,1.);
#3909 = DIRECTION('',(-1.,0.));
#3910 = ( GEOMETRIC_REPRESENTATION_CONTEXT(2) 
PARAMETRIC_REPRESENTATION_CONTEXT() REPRESENTATION_CONTEXT('2D SPACE',''
  ) );
#3911 = PCURVE('',#3771,#3912);
#3912 = DEFINITIONAL_REPRESENTATION('',(#3913),#3917);
#3913 = LINE('',#3914,#3915);
#3914 = CARTESIAN_POINT('',(-1.687173024987E-17,0.158386));
#3915 = VECTOR('',#3916,1.);
#3916 = DIRECTION('',(1.,-1.224606353822E-16));
#3917 = ( GEOMETRIC_REPRESENTATION_CONTEXT(2) 
PARAMETRIC_REPRESENTATION_CONTEXT() REPRESENTATION_CONTEXT('2D SPACE',''
  ) );
#3918 = ORIENTED_EDGE('',*,*,#3725,.T.);
#3919 = ORIENTED_EDGE('',*,*,#3920,.T.);
#3920 = EDGE_CURVE('',#3728,#3921,#3923,.T.);
#3921 = VERTEX_POINT('',#3922);
#3922 = CARTESIAN_POINT('',(-3.,1.,1.));
#3923 = SURFACE_CURVE('',#3924,(#3928,#3935),.PCURVE_S1.);
#3924 = LINE('',#3925,#3926);
#3925 = CARTESIAN_POINT('',(14.,1.,1.));
#3926 = VECTOR('',#3927,1.);
#3927 = DIRECTION('',(-1.,5.243344273594E-32,2.289834988289E-16));
#3928 = PCURVE('',#3710,#3929);
#3929 = DEFINITIONAL_REPRESENTATION('',(#3930),#3934);
#3930 = LINE('',#3931,#3932);
#3931 = CARTESIAN_POINT('',(-2.493867268294,56.176624388842));
#3932 = VECTOR('',#3933,1.);
#3933 = DIRECTION('',(2.080052407982E-46,-1.));
#3934 = ( GEOMETRIC_REPRESENTATION_CONTEXT(2) 
PARAMETRIC_REPRESENTATION_CONTEXT() REPRESENTATION_CONTEXT('2D SPACE',''
  ) );
#3935 = PCURVE('',#3853,#3936);
#3936 = DEFINITIONAL_REPRESENTATION('',(#3937),#3941);
#3937 = LINE('',#3938,#3939);
#3938 = CARTESIAN_POINT('',(-0.69,-10.675));
#3939 = VECTOR('',#3940,1.);
#3940 = DIRECTION('',(0.,1.));
#3941 = ( GEOMETRIC_REPRESENTATION_CONTEXT(2) 
PARAMETRIC_REPRESENTATION_CONTEXT() REPRESENTATION_CONTEXT('2D SPACE',''
  ) );
#3942 = ORIENTED_EDGE('',*,*,#3943,.F.);
#3943 = EDGE_CURVE('',#3944,#3921,#3946,.T.);
#3944 = VERTEX_POINT('',#3945);
#3945 = CARTESIAN_POINT('',(-3.,-1.,1.));
#3946 = SURFACE_CURVE('',#3947,(#3951,#3958),.PCURVE_S1.);
#3947 = LINE('',#3948,#3949);
#3948 = CARTESIAN_POINT('',(-3.,0.694863,1.));
#3949 = VECTOR('',#3950,1.);
#3950 = DIRECTION('',(0.,1.,-2.289834988289E-16));
#3951 = PCURVE('',#3710,#3952);
#3952 = DEFINITIONAL_REPRESENTATION('',(#3953),#3957);
#3953 = LINE('',#3954,#3955);
#3954 = CARTESIAN_POINT('',(-2.188730268294,39.176624388842));
#3955 = VECTOR('',#3956,1.);
#3956 = DIRECTION('',(-1.,0.));
#3957 = ( GEOMETRIC_REPRESENTATION_CONTEXT(2) 
PARAMETRIC_REPRESENTATION_CONTEXT() REPRESENTATION_CONTEXT('2D SPACE',''
  ) );
#3958 = PCURVE('',#3959,#3964);
#3959 = PLANE('',#3960);
#3960 = AXIS2_PLACEMENT_3D('',#3961,#3962,#3963);
#3961 = CARTESIAN_POINT('',(-3.,0.694863,0.841614));
#3962 = DIRECTION('',(1.,-5.243344273594E-32,-2.289834988289E-16));
#3963 = DIRECTION('',(2.804146475864E-32,1.,-1.065228634467E-16));
#3964 = DEFINITIONAL_REPRESENTATION('',(#3965),#3969);
#3965 = LINE('',#3966,#3967);
#3966 = CARTESIAN_POINT('',(-1.687173024987E-17,0.158386));
#3967 = VECTOR('',#3968,1.);
#3968 = DIRECTION('',(1.,-1.224606353822E-16));
#3969 = ( GEOMETRIC_REPRESENTATION_CONTEXT(2) 
PARAMETRIC_REPRESENTATION_CONTEXT() REPRESENTATION_CONTEXT('2D SPACE',''
  ) );
#3970 = ORIENTED_EDGE('',*,*,#3971,.T.);
#3971 = EDGE_CURVE('',#3944,#3972,#3974,.T.);
#3972 = VERTEX_POINT('',#3973);
#3973 = CARTESIAN_POINT('',(-2.6025,-1.,1.));
#3974 = SURFACE_CURVE('',#3975,(#3979,#3986),.PCURVE_S1.);
#3975 = LINE('',#3976,#3977);
#3976 = CARTESIAN_POINT('',(14.,-1.,1.));
#3977 = VECTOR('',#3978,1.);
#3978 = DIRECTION('',(1.,-5.243344273594E-32,-2.289834988289E-16));
#3979 = PCURVE('',#3710,#3980);
#3980 = DEFINITIONAL_REPRESENTATION('',(#3981),#3985);
#3981 = LINE('',#3982,#3983);
#3982 = CARTESIAN_POINT('',(-0.493867268294,56.176624388842));
#3983 = VECTOR('',#3984,1.);
#3984 = DIRECTION('',(-2.080052407982E-46,1.));
#3985 = ( GEOMETRIC_REPRESENTATION_CONTEXT(2) 
PARAMETRIC_REPRESENTATION_CONTEXT() REPRESENTATION_CONTEXT('2D SPACE',''
  ) );
#3986 = PCURVE('',#3987,#3992);
#3987 = PLANE('',#3988);
#3988 = AXIS2_PLACEMENT_3D('',#3989,#3990,#3991);
#3989 = CARTESIAN_POINT('',(-2.8,-1.,0.33));
#3990 = DIRECTION('',(-2.804146475864E-32,-1.,1.065228634467E-16));
#3991 = DIRECTION('',(2.289834988289E-16,1.065228634467E-16,1.));
#3992 = DEFINITIONAL_REPRESENTATION('',(#3993),#3997);
#3993 = LINE('',#3994,#3995);
#3994 = CARTESIAN_POINT('',(0.67,-16.8));
#3995 = VECTOR('',#3996,1.);
#3996 = DIRECTION('',(0.,-1.));
#3997 = ( GEOMETRIC_REPRESENTATION_CONTEXT(2) 
PARAMETRIC_REPRESENTATION_CONTEXT() REPRESENTATION_CONTEXT('2D SPACE',''
  ) );
#3998 = ORIENTED_EDGE('',*,*,#3999,.F.);
#3999 = EDGE_CURVE('',#4000,#3972,#4002,.T.);
#4000 = VERTEX_POINT('',#4001);
#4001 = CARTESIAN_POINT('',(-2.6025,-1.75,1.));
#4002 = SURFACE_CURVE('',#4003,(#4007,#4014),.PCURVE_S1.);
#4003 = LINE('',#4004,#4005);
#4004 = CARTESIAN_POINT('',(-2.6025,0.694863,1.));
#4005 = VECTOR('',#4006,1.);
#4006 = DIRECTION('',(0.,1.,-2.289834988289E-16));
#4007 = PCURVE('',#3710,#4008);
#4008 = DEFINITIONAL_REPRESENTATION('',(#4009),#4013);
#4009 = LINE('',#4010,#4011);
#4010 = CARTESIAN_POINT('',(-2.188730268294,39.574124388842));
#4011 = VECTOR('',#4012,1.);
#4012 = DIRECTION('',(-1.,0.));
#4013 = ( GEOMETRIC_REPRESENTATION_CONTEXT(2) 
PARAMETRIC_REPRESENTATION_CONTEXT() REPRESENTATION_CONTEXT('2D SPACE',''
  ) );
#4014 = PCURVE('',#4015,#4020);
#4015 = PLANE('',#4016);
#4016 = AXIS2_PLACEMENT_3D('',#4017,#4018,#4019);
#4017 = CARTESIAN_POINT('',(-2.6025,7.493623042064E-02,0.402847335292));
#4018 = DIRECTION('',(1.,-5.243344273594E-32,-2.289834988289E-16));
#4019 = DIRECTION('',(2.804146475864E-32,1.,-1.065228634467E-16));
#4020 = DEFINITIONAL_REPRESENTATION('',(#4021),#4025);
#4021 = LINE('',#4022,#4023);
#4022 = CARTESIAN_POINT('',(0.619926769579,0.597152664708));
#4023 = VECTOR('',#4024,1.);
#4024 = DIRECTION('',(1.,-1.224606353822E-16));
#4025 = ( GEOMETRIC_REPRESENTATION_CONTEXT(2) 
PARAMETRIC_REPRESENTATION_CONTEXT() REPRESENTATION_CONTEXT('2D SPACE',''
  ) );
#4026 = ORIENTED_EDGE('',*,*,#4027,.T.);
#4027 = EDGE_CURVE('',#4000,#4028,#4030,.T.);
#4028 = VERTEX_POINT('',#4029);
#4029 = CARTESIAN_POINT('',(-2.4525,-1.9,1.));
#4030 = SURFACE_CURVE('',#4031,(#4035,#4042),.PCURVE_S1.);
#4031 = LINE('',#4032,#4033);
#4032 = CARTESIAN_POINT('',(-5.047363,0.694863,1.));
#4033 = VECTOR('',#4034,1.);
#4034 = DIRECTION('',(0.707106781187,-0.707106781187,1.429810390713E-30)
  );
#4035 = PCURVE('',#3710,#4036);
#4036 = DEFINITIONAL_REPRESENTATION('',(#4037),#4041);
#4037 = LINE('',#4038,#4039);
#4038 = CARTESIAN_POINT('',(-2.188730268294,37.129261388842));
#4039 = VECTOR('',#4040,1.);
#4040 = DIRECTION('',(0.707106781187,0.707106781187));
#4041 = ( GEOMETRIC_REPRESENTATION_CONTEXT(2) 
PARAMETRIC_REPRESENTATION_CONTEXT() REPRESENTATION_CONTEXT('2D SPACE',''
  ) );
#4042 = PCURVE('',#4043,#4048);
#4043 = PLANE('',#4044);
#4044 = AXIS2_PLACEMENT_3D('',#4045,#4046,#4047);
#4045 = CARTESIAN_POINT('',(-2.5275,-1.825,0.615));
#4046 = DIRECTION('',(0.707106781187,0.707106781187,-3.238315696035E-16)
  );
#4047 = DIRECTION('',(-0.707106781187,0.707106781187,-1.454462294001E-30
    ));
#4048 = DEFINITIONAL_REPRESENTATION('',(#4049),#4053);
#4049 = LINE('',#4050,#4051);
#4050 = CARTESIAN_POINT('',(3.563624429922,0.385));
#4051 = VECTOR('',#4052,1.);
#4052 = DIRECTION('',(-1.,-2.465190328816E-32));
#4053 = ( GEOMETRIC_REPRESENTATION_CONTEXT(2) 
PARAMETRIC_REPRESENTATION_CONTEXT() REPRESENTATION_CONTEXT('2D SPACE',''
  ) );
#4054 = ORIENTED_EDGE('',*,*,#4055,.F.);
#4055 = EDGE_CURVE('',#4056,#4028,#4058,.T.);
#4056 = VERTEX_POINT('',#4057);
#4057 = CARTESIAN_POINT('',(-2.385,-1.9,1.));
#4058 = SURFACE_CURVE('',#4059,(#4063,#4070),.PCURVE_S1.);
#4059 = LINE('',#4060,#4061);
#4060 = CARTESIAN_POINT('',(-3.5,-1.9,1.));
#4061 = VECTOR('',#4062,1.);
#4062 = DIRECTION('',(-1.,5.243344273594E-32,2.289834988289E-16));
#4063 = PCURVE('',#3710,#4064);
#4064 = DEFINITIONAL_REPRESENTATION('',(#4065),#4069);
#4065 = LINE('',#4066,#4067);
#4066 = CARTESIAN_POINT('',(0.406132731706,38.676624388842));
#4067 = VECTOR('',#4068,1.);
#4068 = DIRECTION('',(2.080052407982E-46,-1.));
#4069 = ( GEOMETRIC_REPRESENTATION_CONTEXT(2) 
PARAMETRIC_REPRESENTATION_CONTEXT() REPRESENTATION_CONTEXT('2D SPACE',''
  ) );
#4070 = PCURVE('',#4071,#4076);
#4071 = PLANE('',#4072);
#4072 = AXIS2_PLACEMENT_3D('',#4073,#4074,#4075);
#4073 = CARTESIAN_POINT('',(-23.385,-1.9,1.05));
#4074 = DIRECTION('',(0.,-1.,2.289834988289E-16));
#4075 = DIRECTION('',(-1.,5.243344273594E-32,2.289834988289E-16));
#4076 = DEFINITIONAL_REPRESENTATION('',(#4077),#4081);
#4077 = LINE('',#4078,#4079);
#4078 = CARTESIAN_POINT('',(-19.885,5.E-02));
#4079 = VECTOR('',#4080,1.);
#4080 = DIRECTION('',(1.,0.));
#4081 = ( GEOMETRIC_REPRESENTATION_CONTEXT(2) 
PARAMETRIC_REPRESENTATION_CONTEXT() REPRESENTATION_CONTEXT('2D SPACE',''
  ) );
#4082 = ORIENTED_EDGE('',*,*,#4083,.T.);
#4083 = EDGE_CURVE('',#4056,#4084,#4086,.T.);
#4084 = VERTEX_POINT('',#4085);
#4085 = CARTESIAN_POINT('',(-2.285,-1.8,1.));
#4086 = SURFACE_CURVE('',#4087,(#4091,#4098),.PCURVE_S1.);
#4087 = LINE('',#4088,#4089);
#4088 = CARTESIAN_POINT('',(0.209863,0.694863,1.));
#4089 = VECTOR('',#4090,1.);
#4090 = DIRECTION('',(0.707106781187,0.707106781187,-3.238315696035E-16)
  );
#4091 = PCURVE('',#3710,#4092);
#4092 = DEFINITIONAL_REPRESENTATION('',(#4093),#4097);
#4093 = LINE('',#4094,#4095);
#4094 = CARTESIAN_POINT('',(-2.188730268294,42.386487388842));
#4095 = VECTOR('',#4096,1.);
#4096 = DIRECTION('',(-0.707106781187,0.707106781187));
#4097 = ( GEOMETRIC_REPRESENTATION_CONTEXT(2) 
PARAMETRIC_REPRESENTATION_CONTEXT() REPRESENTATION_CONTEXT('2D SPACE',''
  ) );
#4098 = PCURVE('',#4099,#4104);
#4099 = PLANE('',#4100);
#4100 = AXIS2_PLACEMENT_3D('',#4101,#4102,#4103);
#4101 = CARTESIAN_POINT('',(-2.335,-1.85,0.575));
#4102 = DIRECTION('',(-0.707106781187,0.707106781187,7.149051953565E-31)
  );
#4103 = DIRECTION('',(-0.707106781187,-0.707106781187,3.238315696035E-16
    ));
#4104 = DEFINITIONAL_REPRESENTATION('',(#4105),#4109);
#4105 = LINE('',#4106,#4107);
#4106 = CARTESIAN_POINT('',(-3.598979768981,0.425));
#4107 = VECTOR('',#4108,1.);
#4108 = DIRECTION('',(-1.,-4.930380657631E-32));
#4109 = ( GEOMETRIC_REPRESENTATION_CONTEXT(2) 
PARAMETRIC_REPRESENTATION_CONTEXT() REPRESENTATION_CONTEXT('2D SPACE',''
  ) );
#4110 = ORIENTED_EDGE('',*,*,#4111,.T.);
#4111 = EDGE_CURVE('',#4084,#4112,#4114,.T.);
#4112 = VERTEX_POINT('',#4113);
#4113 = CARTESIAN_POINT('',(2.285,-1.8,1.));
#4114 = SURFACE_CURVE('',#4115,(#4119,#4126),.PCURVE_S1.);
#4115 = LINE('',#4116,#4117);
#4116 = CARTESIAN_POINT('',(5.,-1.8,1.));
#4117 = VECTOR('',#4118,1.);
#4118 = DIRECTION('',(1.,-5.243344273594E-32,-2.289834988289E-16));
#4119 = PCURVE('',#3710,#4120);
#4120 = DEFINITIONAL_REPRESENTATION('',(#4121),#4125);
#4121 = LINE('',#4122,#4123);
#4122 = CARTESIAN_POINT('',(0.306132731706,47.176624388842));
#4123 = VECTOR('',#4124,1.);
#4124 = DIRECTION('',(-2.080052407982E-46,1.));
#4125 = ( GEOMETRIC_REPRESENTATION_CONTEXT(2) 
PARAMETRIC_REPRESENTATION_CONTEXT() REPRESENTATION_CONTEXT('2D SPACE',''
  ) );
#4126 = PCURVE('',#4127,#4132);
#4127 = PLANE('',#4128);
#4128 = AXIS2_PLACEMENT_3D('',#4129,#4130,#4131);
#4129 = CARTESIAN_POINT('',(21.785,-1.8,0.92));
#4130 = DIRECTION('',(2.804146475864E-32,1.,-1.065228634467E-16));
#4131 = DIRECTION('',(2.289834988289E-16,1.065228634467E-16,1.));
#4132 = DEFINITIONAL_REPRESENTATION('',(#4133),#4137);
#4133 = LINE('',#4134,#4135);
#4134 = CARTESIAN_POINT('',(8.E-02,-16.785));
#4135 = VECTOR('',#4136,1.);
#4136 = DIRECTION('',(0.,1.));
#4137 = ( GEOMETRIC_REPRESENTATION_CONTEXT(2) 
PARAMETRIC_REPRESENTATION_CONTEXT() REPRESENTATION_CONTEXT('2D SPACE',''
  ) );
#4138 = ORIENTED_EDGE('',*,*,#4139,.F.);
#4139 = EDGE_CURVE('',#4140,#4112,#4142,.T.);
#4140 = VERTEX_POINT('',#4141);
#4141 = CARTESIAN_POINT('',(2.385,-1.9,1.));
#4142 = SURFACE_CURVE('',#4143,(#4147,#4154),.PCURVE_S1.);
#4143 = LINE('',#4144,#4145);
#4144 = CARTESIAN_POINT('',(-0.209863,0.694863,1.));
#4145 = VECTOR('',#4146,1.);
#4146 = DIRECTION('',(-0.707106781187,0.707106781187,-7.149051953565E-31
    ));
#4147 = PCURVE('',#3710,#4148);
#4148 = DEFINITIONAL_REPRESENTATION('',(#4149),#4153);
#4149 = LINE('',#4150,#4151);
#4150 = CARTESIAN_POINT('',(-2.188730268294,41.966761388842));
#4151 = VECTOR('',#4152,1.);
#4152 = DIRECTION('',(-0.707106781187,-0.707106781187));
#4153 = ( GEOMETRIC_REPRESENTATION_CONTEXT(2) 
PARAMETRIC_REPRESENTATION_CONTEXT() REPRESENTATION_CONTEXT('2D SPACE',''
  ) );
#4154 = PCURVE('',#4155,#4160);
#4155 = PLANE('',#4156);
#4156 = AXIS2_PLACEMENT_3D('',#4157,#4158,#4159);
#4157 = CARTESIAN_POINT('',(2.335,-1.85,0.575));
#4158 = DIRECTION('',(-0.707106781187,-0.707106781187,3.238315696035E-16
    ));
#4159 = DIRECTION('',(0.707106781187,-0.707106781187,7.149051953565E-31)
  );
#4160 = DEFINITIONAL_REPRESENTATION('',(#4161),#4165);
#4161 = LINE('',#4162,#4163);
#4162 = CARTESIAN_POINT('',(-3.598979768981,0.425));
#4163 = VECTOR('',#4164,1.);
#4164 = DIRECTION('',(-1.,-8.75811540203E-47));
#4165 = ( GEOMETRIC_REPRESENTATION_CONTEXT(2) 
PARAMETRIC_REPRESENTATION_CONTEXT() REPRESENTATION_CONTEXT('2D SPACE',''
  ) );
#4166 = ORIENTED_EDGE('',*,*,#4167,.T.);
#4167 = EDGE_CURVE('',#4140,#4168,#4170,.T.);
#4168 = VERTEX_POINT('',#4169);
#4169 = CARTESIAN_POINT('',(2.4525,-1.9,1.));
#4170 = SURFACE_CURVE('',#4171,(#4175,#4182),.PCURVE_S1.);
#4171 = LINE('',#4172,#4173);
#4172 = CARTESIAN_POINT('',(3.5,-1.9,1.));
#4173 = VECTOR('',#4174,1.);
#4174 = DIRECTION('',(1.,-5.243344273594E-32,-2.289834988289E-16));
#4175 = PCURVE('',#3710,#4176);
#4176 = DEFINITIONAL_REPRESENTATION('',(#4177),#4181);
#4177 = LINE('',#4178,#4179);
#4178 = CARTESIAN_POINT('',(0.406132731706,45.676624388842));
#4179 = VECTOR('',#4180,1.);
#4180 = DIRECTION('',(-2.080052407982E-46,1.));
#4181 = ( GEOMETRIC_REPRESENTATION_CONTEXT(2) 
PARAMETRIC_REPRESENTATION_CONTEXT() REPRESENTATION_CONTEXT('2D SPACE',''
  ) );
#4182 = PCURVE('',#4071,#4183);
#4183 = DEFINITIONAL_REPRESENTATION('',(#4184),#4188);
#4184 = LINE('',#4185,#4186);
#4185 = CARTESIAN_POINT('',(-26.885,4.999999999999E-02));
#4186 = VECTOR('',#4187,1.);
#4187 = DIRECTION('',(-1.,0.));
#4188 = ( GEOMETRIC_REPRESENTATION_CONTEXT(2) 
PARAMETRIC_REPRESENTATION_CONTEXT() REPRESENTATION_CONTEXT('2D SPACE',''
  ) );
#4189 = ORIENTED_EDGE('',*,*,#4190,.F.);
#4190 = EDGE_CURVE('',#4191,#4168,#4193,.T.);
#4191 = VERTEX_POINT('',#4192);
#4192 = CARTESIAN_POINT('',(2.6025,-1.75,1.));
#4193 = SURFACE_CURVE('',#4194,(#4198,#4205),.PCURVE_S1.);
#4194 = LINE('',#4195,#4196);
#4195 = CARTESIAN_POINT('',(5.047363,0.694863,1.));
#4196 = VECTOR('',#4197,1.);
#4197 = DIRECTION('',(-0.707106781187,-0.707106781187,3.238315696035E-16
    ));
#4198 = PCURVE('',#3710,#4199);
#4199 = DEFINITIONAL_REPRESENTATION('',(#4200),#4204);
#4200 = LINE('',#4201,#4202);
#4201 = CARTESIAN_POINT('',(-2.188730268294,47.223987388842));
#4202 = VECTOR('',#4203,1.);
#4203 = DIRECTION('',(0.707106781187,-0.707106781187));
#4204 = ( GEOMETRIC_REPRESENTATION_CONTEXT(2) 
PARAMETRIC_REPRESENTATION_CONTEXT() REPRESENTATION_CONTEXT('2D SPACE',''
  ) );
#4205 = PCURVE('',#4206,#4211);
#4206 = PLANE('',#4207);
#4207 = AXIS2_PLACEMENT_3D('',#4208,#4209,#4210);
#4208 = CARTESIAN_POINT('',(2.5275,-1.825,0.615));
#4209 = DIRECTION('',(0.707106781187,-0.707106781187,-1.429810390713E-30
    ));
#4210 = DIRECTION('',(0.707106781187,0.707106781187,-3.238315696035E-16)
  );
#4211 = DEFINITIONAL_REPRESENTATION('',(#4212),#4216);
#4212 = LINE('',#4213,#4214);
#4213 = CARTESIAN_POINT('',(3.563624429922,0.385));
#4214 = VECTOR('',#4215,1.);
#4215 = DIRECTION('',(-1.,-4.930380657631E-32));
#4216 = ( GEOMETRIC_REPRESENTATION_CONTEXT(2) 
PARAMETRIC_REPRESENTATION_CONTEXT() REPRESENTATION_CONTEXT('2D SPACE',''
  ) );
#4217 = ORIENTED_EDGE('',*,*,#4218,.T.);
#4218 = EDGE_CURVE('',#4191,#4219,#4221,.T.);
#4219 = VERTEX_POINT('',#4220);
#4220 = CARTESIAN_POINT('',(2.6025,-1.,1.));
#4221 = SURFACE_CURVE('',#4222,(#4226,#4233),.PCURVE_S1.);
#4222 = LINE('',#4223,#4224);
#4223 = CARTESIAN_POINT('',(2.6025,0.694863,1.));
#4224 = VECTOR('',#4225,1.);
#4225 = DIRECTION('',(0.,1.,-2.289834988289E-16));
#4226 = PCURVE('',#3710,#4227);
#4227 = DEFINITIONAL_REPRESENTATION('',(#4228),#4232);
#4228 = LINE('',#4229,#4230);
#4229 = CARTESIAN_POINT('',(-2.188730268294,44.779124388842));
#4230 = VECTOR('',#4231,1.);
#4231 = DIRECTION('',(-1.,0.));
#4232 = ( GEOMETRIC_REPRESENTATION_CONTEXT(2) 
PARAMETRIC_REPRESENTATION_CONTEXT() REPRESENTATION_CONTEXT('2D SPACE',''
  ) );
#4233 = PCURVE('',#4234,#4239);
#4234 = PLANE('',#4235);
#4235 = AXIS2_PLACEMENT_3D('',#4236,#4237,#4238);
#4236 = CARTESIAN_POINT('',(2.6025,7.493623042064E-02,0.402847335292));
#4237 = DIRECTION('',(1.,-5.243344273594E-32,-2.289834988289E-16));
#4238 = DIRECTION('',(2.804146475864E-32,1.,-1.065228634467E-16));
#4239 = DEFINITIONAL_REPRESENTATION('',(#4240),#4244);
#4240 = LINE('',#4241,#4242);
#4241 = CARTESIAN_POINT('',(0.619926769579,0.597152664708));
#4242 = VECTOR('',#4243,1.);
#4243 = DIRECTION('',(1.,-1.224606353822E-16));
#4244 = ( GEOMETRIC_REPRESENTATION_CONTEXT(2) 
PARAMETRIC_REPRESENTATION_CONTEXT() REPRESENTATION_CONTEXT('2D SPACE',''
  ) );
#4245 = ORIENTED_EDGE('',*,*,#4246,.F.);
#4246 = EDGE_CURVE('',#4247,#4219,#4249,.T.);
#4247 = VERTEX_POINT('',#4248);
#4248 = CARTESIAN_POINT('',(3.,-1.,1.));
#4249 = SURFACE_CURVE('',#4250,(#4254,#4261),.PCURVE_S1.);
#4250 = LINE('',#4251,#4252);
#4251 = CARTESIAN_POINT('',(-14.,-1.,1.));
#4252 = VECTOR('',#4253,1.);
#4253 = DIRECTION('',(-1.,5.243344273594E-32,2.289834988289E-16));
#4254 = PCURVE('',#3710,#4255);
#4255 = DEFINITIONAL_REPRESENTATION('',(#4256),#4260);
#4256 = LINE('',#4257,#4258);
#4257 = CARTESIAN_POINT('',(-0.493867268294,28.176624388842));
#4258 = VECTOR('',#4259,1.);
#4259 = DIRECTION('',(2.080052407982E-46,-1.));
#4260 = ( GEOMETRIC_REPRESENTATION_CONTEXT(2) 
PARAMETRIC_REPRESENTATION_CONTEXT() REPRESENTATION_CONTEXT('2D SPACE',''
  ) );
#4261 = PCURVE('',#4262,#4267);
#4262 = PLANE('',#4263);
#4263 = AXIS2_PLACEMENT_3D('',#4264,#4265,#4266);
#4264 = CARTESIAN_POINT('',(2.8,-1.,0.33));
#4265 = DIRECTION('',(2.804146475864E-32,1.,-1.065228634467E-16));
#4266 = DIRECTION('',(2.289834988289E-16,1.065228634467E-16,1.));
#4267 = DEFINITIONAL_REPRESENTATION('',(#4268),#4272);
#4268 = LINE('',#4269,#4270);
#4269 = CARTESIAN_POINT('',(0.67,-16.8));
#4270 = VECTOR('',#4271,1.);
#4271 = DIRECTION('',(0.,-1.));
#4272 = ( GEOMETRIC_REPRESENTATION_CONTEXT(2) 
PARAMETRIC_REPRESENTATION_CONTEXT() REPRESENTATION_CONTEXT('2D SPACE',''
  ) );
#4273 = ORIENTED_EDGE('',*,*,#4274,.T.);
#4274 = EDGE_CURVE('',#4247,#4275,#4277,.T.);
#4275 = VERTEX_POINT('',#4276);
#4276 = CARTESIAN_POINT('',(3.,1.,1.));
#4277 = SURFACE_CURVE('',#4278,(#4282,#4289),.PCURVE_S1.);
#4278 = LINE('',#4279,#4280);
#4279 = CARTESIAN_POINT('',(3.,0.694863,1.));
#4280 = VECTOR('',#4281,1.);
#4281 = DIRECTION('',(0.,1.,-2.289834988289E-16));
#4282 = PCURVE('',#3710,#4283);
#4283 = DEFINITIONAL_REPRESENTATION('',(#4284),#4288);
#4284 = LINE('',#4285,#4286);
#4285 = CARTESIAN_POINT('',(-2.188730268294,45.176624388842));
#4286 = VECTOR('',#4287,1.);
#4287 = DIRECTION('',(-1.,0.));
#4288 = ( GEOMETRIC_REPRESENTATION_CONTEXT(2) 
PARAMETRIC_REPRESENTATION_CONTEXT() REPRESENTATION_CONTEXT('2D SPACE',''
  ) );
#4289 = PCURVE('',#4290,#4295);
#4290 = PLANE('',#4291);
#4291 = AXIS2_PLACEMENT_3D('',#4292,#4293,#4294);
#4292 = CARTESIAN_POINT('',(3.,0.694863,0.841614));
#4293 = DIRECTION('',(1.,-5.243344273594E-32,-2.289834988289E-16));
#4294 = DIRECTION('',(2.804146475864E-32,1.,-1.065228634467E-16));
#4295 = DEFINITIONAL_REPRESENTATION('',(#4296),#4300);
#4296 = LINE('',#4297,#4298);
#4297 = CARTESIAN_POINT('',(-1.687173024987E-17,0.158386));
#4298 = VECTOR('',#4299,1.);
#4299 = DIRECTION('',(1.,-1.224606353822E-16));
#4300 = ( GEOMETRIC_REPRESENTATION_CONTEXT(2) 
PARAMETRIC_REPRESENTATION_CONTEXT() REPRESENTATION_CONTEXT('2D SPACE',''
  ) );
#4301 = ORIENTED_EDGE('',*,*,#4302,.F.);
#4302 = EDGE_CURVE('',#3622,#4275,#4303,.T.);
#4303 = SURFACE_CURVE('',#4304,(#4308,#4315),.PCURVE_S1.);
#4304 = LINE('',#4305,#4306);
#4305 = CARTESIAN_POINT('',(-14.,1.,1.));
#4306 = VECTOR('',#4307,1.);
#4307 = DIRECTION('',(1.,-5.243344273594E-32,-2.289834988289E-16));
#4308 = PCURVE('',#3710,#4309);
#4309 = DEFINITIONAL_REPRESENTATION('',(#4310),#4314);
#4310 = LINE('',#4311,#4312);
#4311 = CARTESIAN_POINT('',(-2.493867268294,28.176624388842));
#4312 = VECTOR('',#4313,1.);
#4313 = DIRECTION('',(-2.080052407982E-46,1.));
#4314 = ( GEOMETRIC_REPRESENTATION_CONTEXT(2) 
PARAMETRIC_REPRESENTATION_CONTEXT() REPRESENTATION_CONTEXT('2D SPACE',''
  ) );
#4315 = PCURVE('',#3552,#4316);
#4316 = DEFINITIONAL_REPRESENTATION('',(#4317),#4321);
#4317 = LINE('',#4318,#4319);
#4318 = CARTESIAN_POINT('',(-0.69,15.825));
#4319 = VECTOR('',#4320,1.);
#4320 = DIRECTION('',(0.,-1.));
#4321 = ( GEOMETRIC_REPRESENTATION_CONTEXT(2) 
PARAMETRIC_REPRESENTATION_CONTEXT() REPRESENTATION_CONTEXT('2D SPACE',''
  ) );
#4322 = ORIENTED_EDGE('',*,*,#3696,.F.);
#4323 = ORIENTED_EDGE('',*,*,#4324,.F.);
#4324 = EDGE_CURVE('',#3871,#3669,#4325,.T.);
#4325 = SURFACE_CURVE('',#4326,(#4330,#4337),.PCURVE_S1.);
#4326 = LINE('',#4327,#4328);
#4327 = CARTESIAN_POINT('',(2.8,0.694863,1.));
#4328 = VECTOR('',#4329,1.);
#4329 = DIRECTION('',(0.,1.,-2.289834988289E-16));
#4330 = PCURVE('',#3710,#4331);
#4331 = DEFINITIONAL_REPRESENTATION('',(#4332),#4336);
#4332 = LINE('',#4333,#4334);
#4333 = CARTESIAN_POINT('',(-2.188730268294,44.976624388842));
#4334 = VECTOR('',#4335,1.);
#4335 = DIRECTION('',(-1.,0.));
#4336 = ( GEOMETRIC_REPRESENTATION_CONTEXT(2) 
PARAMETRIC_REPRESENTATION_CONTEXT() REPRESENTATION_CONTEXT('2D SPACE',''
  ) );
#4337 = PCURVE('',#3684,#4338);
#4338 = DEFINITIONAL_REPRESENTATION('',(#4339),#4343);
#4339 = LINE('',#4340,#4341);
#4340 = CARTESIAN_POINT('',(-1.687173024987E-17,0.158386));
#4341 = VECTOR('',#4342,1.);
#4342 = DIRECTION('',(1.,-1.224606353822E-16));
#4343 = ( GEOMETRIC_REPRESENTATION_CONTEXT(2) 
PARAMETRIC_REPRESENTATION_CONTEXT() REPRESENTATION_CONTEXT('2D SPACE',''
  ) );
#4344 = ADVANCED_FACE('',(#4345),#3684,.F.);
#4345 = FACE_BOUND('',#4346,.T.);
#4346 = EDGE_LOOP('',(#4347,#4375,#4396,#4397));
#4347 = ORIENTED_EDGE('',*,*,#4348,.T.);
#4348 = EDGE_CURVE('',#3646,#4349,#4351,.T.);
#4349 = VERTEX_POINT('',#4350);
#4350 = CARTESIAN_POINT('',(2.8,-2.E-02,0.84));
#4351 = SURFACE_CURVE('',#4352,(#4356,#4363),.PCURVE_S1.);
#4352 = LINE('',#4353,#4354);
#4353 = CARTESIAN_POINT('',(2.8,0.694863,0.84));
#4354 = VECTOR('',#4355,1.);
#4355 = DIRECTION('',(0.,-1.,1.1E-16));
#4356 = PCURVE('',#3684,#4357);
#4357 = DEFINITIONAL_REPRESENTATION('',(#4358),#4362);
#4358 = LINE('',#4359,#4360);
#4359 = CARTESIAN_POINT('',(-9.99028794261E-16,-1.61399999999E-03));
#4360 = VECTOR('',#4361,1.);
#4361 = DIRECTION('',(-1.,0.));
#4362 = ( GEOMETRIC_REPRESENTATION_CONTEXT(2) 
PARAMETRIC_REPRESENTATION_CONTEXT() REPRESENTATION_CONTEXT('2D SPACE',''
  ) );
#4363 = PCURVE('',#4364,#4369);
#4364 = PLANE('',#4365);
#4365 = AXIS2_PLACEMENT_3D('',#4366,#4367,#4368);
#4366 = CARTESIAN_POINT('',(-4.825,-6.999999999979E-02,0.84));
#4367 = DIRECTION('',(2.3E-16,2.3E-16,1.));
#4368 = DIRECTION('',(0.,1.,-2.3E-16));
#4369 = DEFINITIONAL_REPRESENTATION('',(#4370),#4374);
#4370 = LINE('',#4371,#4372);
#4371 = CARTESIAN_POINT('',(0.764863,-7.625));
#4372 = VECTOR('',#4373,1.);
#4373 = DIRECTION('',(-1.,-0.));
#4374 = ( GEOMETRIC_REPRESENTATION_CONTEXT(2) 
PARAMETRIC_REPRESENTATION_CONTEXT() REPRESENTATION_CONTEXT('2D SPACE',''
  ) );
#4375 = ORIENTED_EDGE('',*,*,#4376,.T.);
#4376 = EDGE_CURVE('',#4349,#3871,#4377,.T.);
#4377 = SURFACE_CURVE('',#4378,(#4382,#4389),.PCURVE_S1.);
#4378 = LINE('',#4379,#4380);
#4379 = CARTESIAN_POINT('',(2.8,-2.E-02,0.841614));
#4380 = VECTOR('',#4381,1.);
#4381 = DIRECTION('',(2.289834988289E-16,1.065228634467E-16,1.));
#4382 = PCURVE('',#3684,#4383);
#4383 = DEFINITIONAL_REPRESENTATION('',(#4384),#4388);
#4384 = LINE('',#4385,#4386);
#4385 = CARTESIAN_POINT('',(-0.714863,-7.61492537321E-17));
#4386 = VECTOR('',#4387,1.);
#4387 = DIRECTION('',(0.,1.));
#4388 = ( GEOMETRIC_REPRESENTATION_CONTEXT(2) 
PARAMETRIC_REPRESENTATION_CONTEXT() REPRESENTATION_CONTEXT('2D SPACE',''
  ) );
#4389 = PCURVE('',#3886,#4390);
#4390 = DEFINITIONAL_REPRESENTATION('',(#4391),#4395);
#4391 = LINE('',#4392,#4393);
#4392 = CARTESIAN_POINT('',(0.208386,-5.));
#4393 = VECTOR('',#4394,1.);
#4394 = DIRECTION('',(-1.,0.));
#4395 = ( GEOMETRIC_REPRESENTATION_CONTEXT(2) 
PARAMETRIC_REPRESENTATION_CONTEXT() REPRESENTATION_CONTEXT('2D SPACE',''
  ) );
#4396 = ORIENTED_EDGE('',*,*,#4324,.T.);
#4397 = ORIENTED_EDGE('',*,*,#3668,.T.);
#4398 = ADVANCED_FACE('',(#4399),#3853,.T.);
#4399 = FACE_BOUND('',#4400,.T.);
#4400 = EDGE_LOOP('',(#4401,#4431,#4459,#4487,#4515,#4543,#4571,#4592,
    #4593,#4594,#4617));
#4401 = ORIENTED_EDGE('',*,*,#4402,.T.);
#4402 = EDGE_CURVE('',#4403,#4405,#4407,.T.);
#4403 = VERTEX_POINT('',#4404);
#4404 = CARTESIAN_POINT('',(-1.825,1.,0.31));
#4405 = VERTEX_POINT('',#4406);
#4406 = CARTESIAN_POINT('',(-1.825,1.,8.E-02));
#4407 = SURFACE_CURVE('',#4408,(#4412,#4419),.PCURVE_S1.);
#4408 = LINE('',#4409,#4410);
#4409 = CARTESIAN_POINT('',(-1.825,1.,0.841614));
#4410 = VECTOR('',#4411,1.);
#4411 = DIRECTION('',(-2.289834988289E-16,-1.065228634467E-16,-1.));
#4412 = PCURVE('',#3853,#4413);
#4413 = DEFINITIONAL_REPRESENTATION('',(#4414),#4418);
#4414 = LINE('',#4415,#4416);
#4415 = CARTESIAN_POINT('',(-0.531614,5.15));
#4416 = VECTOR('',#4417,1.);
#4417 = DIRECTION('',(1.,0.));
#4418 = ( GEOMETRIC_REPRESENTATION_CONTEXT(2) 
PARAMETRIC_REPRESENTATION_CONTEXT() REPRESENTATION_CONTEXT('2D SPACE',''
  ) );
#4419 = PCURVE('',#4420,#4425);
#4420 = B_SPLINE_SURFACE_WITH_KNOTS('',1,1,(
    (#4421,#4422)
    ,(#4423,#4424
    )),.UNSPECIFIED.,.F.,.F.,.F.,(2,2),(2,2),(-0.761614,-0.531614),(0.,
    1.),.PIECEWISE_BEZIER_KNOTS.);
#4421 = CARTESIAN_POINT('',(-1.675,1.,8.E-02));
#4422 = CARTESIAN_POINT('',(-1.825,1.,8.E-02));
#4423 = CARTESIAN_POINT('',(-1.675,1.,0.31));
#4424 = CARTESIAN_POINT('',(-1.825,1.,0.31));
#4425 = DEFINITIONAL_REPRESENTATION('',(#4426),#4430);
#4426 = LINE('',#4427,#4428);
#4427 = CARTESIAN_POINT('',(0.,1.));
#4428 = VECTOR('',#4429,1.);
#4429 = DIRECTION('',(-1.,0.));
#4430 = ( GEOMETRIC_REPRESENTATION_CONTEXT(2) 
PARAMETRIC_REPRESENTATION_CONTEXT() REPRESENTATION_CONTEXT('2D SPACE',''
  ) );
#4431 = ORIENTED_EDGE('',*,*,#4432,.T.);
#4432 = EDGE_CURVE('',#4405,#4433,#4435,.T.);
#4433 = VERTEX_POINT('',#4434);
#4434 = CARTESIAN_POINT('',(-1.9,1.,8.E-02));
#4435 = SURFACE_CURVE('',#4436,(#4440,#4447),.PCURVE_S1.);
#4436 = LINE('',#4437,#4438);
#4437 = CARTESIAN_POINT('',(14.,1.,8.E-02));
#4438 = VECTOR('',#4439,1.);
#4439 = DIRECTION('',(-1.,5.243344273594E-32,2.289834988289E-16));
#4440 = PCURVE('',#3853,#4441);
#4441 = DEFINITIONAL_REPRESENTATION('',(#4442),#4446);
#4442 = LINE('',#4443,#4444);
#4443 = CARTESIAN_POINT('',(0.23,-10.675));
#4444 = VECTOR('',#4445,1.);
#4445 = DIRECTION('',(0.,1.));
#4446 = ( GEOMETRIC_REPRESENTATION_CONTEXT(2) 
PARAMETRIC_REPRESENTATION_CONTEXT() REPRESENTATION_CONTEXT('2D SPACE',''
  ) );
#4447 = PCURVE('',#4448,#4453);
#4448 = PLANE('',#4449);
#4449 = AXIS2_PLACEMENT_3D('',#4450,#4451,#4452);
#4450 = CARTESIAN_POINT('',(-1.6625,1.,8.E-02));
#4451 = DIRECTION('',(2.289834988289E-16,2.289834988289E-16,1.));
#4452 = DIRECTION('',(0.,-1.,2.289834988289E-16));
#4453 = DEFINITIONAL_REPRESENTATION('',(#4454),#4458);
#4454 = LINE('',#4455,#4456);
#4455 = CARTESIAN_POINT('',(-8.198683773256E-31,15.6625));
#4456 = VECTOR('',#4457,1.);
#4457 = DIRECTION('',(2.080052407982E-46,-1.));
#4458 = ( GEOMETRIC_REPRESENTATION_CONTEXT(2) 
PARAMETRIC_REPRESENTATION_CONTEXT() REPRESENTATION_CONTEXT('2D SPACE',''
  ) );
#4459 = ORIENTED_EDGE('',*,*,#4460,.T.);
#4460 = EDGE_CURVE('',#4433,#4461,#4463,.T.);
#4461 = VERTEX_POINT('',#4462);
#4462 = CARTESIAN_POINT('',(-1.95,1.,3.E-02));
#4463 = SURFACE_CURVE('',#4464,(#4468,#4475),.PCURVE_S1.);
#4464 = LINE('',#4465,#4466);
#4465 = CARTESIAN_POINT('',(14.,1.,15.98));
#4466 = VECTOR('',#4467,1.);
#4467 = DIRECTION('',(-0.707106781187,-1.064046335705E-16,
    -0.707106781187));
#4468 = PCURVE('',#3853,#4469);
#4469 = DEFINITIONAL_REPRESENTATION('',(#4470),#4474);
#4470 = LINE('',#4471,#4472);
#4471 = CARTESIAN_POINT('',(-15.67,-10.675));
#4472 = VECTOR('',#4473,1.);
#4473 = DIRECTION('',(0.707106781187,0.707106781187));
#4474 = ( GEOMETRIC_REPRESENTATION_CONTEXT(2) 
PARAMETRIC_REPRESENTATION_CONTEXT() REPRESENTATION_CONTEXT('2D SPACE',''
  ) );
#4475 = PCURVE('',#4476,#4481);
#4476 = PLANE('',#4477);
#4477 = AXIS2_PLACEMENT_3D('',#4478,#4479,#4480);
#4478 = CARTESIAN_POINT('',(-1.925,0.85,5.5E-02));
#4479 = DIRECTION('',(0.707106781187,-7.532303909457E-17,-0.707106781187
    ));
#4480 = DIRECTION('',(0.707106781187,1.619157848018E-16,0.707106781187)
  );
#4481 = DEFINITIONAL_REPRESENTATION('',(#4482),#4486);
#4482 = LINE('',#4483,#4484);
#4483 = CARTESIAN_POINT('',(22.521350980791,-0.15));
#4484 = VECTOR('',#4485,1.);
#4485 = DIRECTION('',(-1.,-5.551115123126E-17));
#4486 = ( GEOMETRIC_REPRESENTATION_CONTEXT(2) 
PARAMETRIC_REPRESENTATION_CONTEXT() REPRESENTATION_CONTEXT('2D SPACE',''
  ) );
#4487 = ORIENTED_EDGE('',*,*,#4488,.T.);
#4488 = EDGE_CURVE('',#4461,#4489,#4491,.T.);
#4489 = VERTEX_POINT('',#4490);
#4490 = CARTESIAN_POINT('',(-2.4525,1.,3.E-02));
#4491 = SURFACE_CURVE('',#4492,(#4496,#4503),.PCURVE_S1.);
#4492 = LINE('',#4493,#4494);
#4493 = CARTESIAN_POINT('',(14.,1.,3.E-02));
#4494 = VECTOR('',#4495,1.);
#4495 = DIRECTION('',(-1.,5.243344273594E-32,2.289834988289E-16));
#4496 = PCURVE('',#3853,#4497);
#4497 = DEFINITIONAL_REPRESENTATION('',(#4498),#4502);
#4498 = LINE('',#4499,#4500);
#4499 = CARTESIAN_POINT('',(0.28,-10.675));
#4500 = VECTOR('',#4501,1.);
#4501 = DIRECTION('',(0.,1.));
#4502 = ( GEOMETRIC_REPRESENTATION_CONTEXT(2) 
PARAMETRIC_REPRESENTATION_CONTEXT() REPRESENTATION_CONTEXT('2D SPACE',''
  ) );
#4503 = PCURVE('',#4504,#4509);
#4504 = PLANE('',#4505);
#4505 = AXIS2_PLACEMENT_3D('',#4506,#4507,#4508);
#4506 = CARTESIAN_POINT('',(-47.6025,1.,3.000000000001E-02));
#4507 = DIRECTION('',(-2.289834988289E-16,-1.065228634467E-16,-1.));
#4508 = DIRECTION('',(-2.804146475864E-32,-1.,1.065228634467E-16));
#4509 = DEFINITIONAL_REPRESENTATION('',(#4510),#4514);
#4510 = LINE('',#4511,#4512);
#4511 = CARTESIAN_POINT('',(-3.230118006366E-30,-61.6025));
#4512 = VECTOR('',#4513,1.);
#4513 = DIRECTION('',(9.031806508344E-47,1.));
#4514 = ( GEOMETRIC_REPRESENTATION_CONTEXT(2) 
PARAMETRIC_REPRESENTATION_CONTEXT() REPRESENTATION_CONTEXT('2D SPACE',''
  ) );
#4515 = ORIENTED_EDGE('',*,*,#4516,.F.);
#4516 = EDGE_CURVE('',#4517,#4489,#4519,.T.);
#4517 = VERTEX_POINT('',#4518);
#4518 = CARTESIAN_POINT('',(-2.4525,1.,8.E-02));
#4519 = SURFACE_CURVE('',#4520,(#4524,#4531),.PCURVE_S1.);
#4520 = LINE('',#4521,#4522);
#4521 = CARTESIAN_POINT('',(-2.4525,1.,0.841614));
#4522 = VECTOR('',#4523,1.);
#4523 = DIRECTION('',(-2.289834988289E-16,-1.065228634467E-16,-1.));
#4524 = PCURVE('',#3853,#4525);
#4525 = DEFINITIONAL_REPRESENTATION('',(#4526),#4530);
#4526 = LINE('',#4527,#4528);
#4527 = CARTESIAN_POINT('',(-0.531614,5.7775));
#4528 = VECTOR('',#4529,1.);
#4529 = DIRECTION('',(1.,0.));
#4530 = ( GEOMETRIC_REPRESENTATION_CONTEXT(2) 
PARAMETRIC_REPRESENTATION_CONTEXT() REPRESENTATION_CONTEXT('2D SPACE',''
  ) );
#4531 = PCURVE('',#4532,#4537);
#4532 = PLANE('',#4533);
#4533 = AXIS2_PLACEMENT_3D('',#4534,#4535,#4536);
#4534 = CARTESIAN_POINT('',(-2.4525,-1.9,3.E-02));
#4535 = DIRECTION('',(1.,-5.243344273594E-32,-2.289834988289E-16));
#4536 = DIRECTION('',(-2.289834988289E-16,-1.065228634467E-16,-1.));
#4537 = DEFINITIONAL_REPRESENTATION('',(#4538),#4542);
#4538 = LINE('',#4539,#4540);
#4539 = CARTESIAN_POINT('',(-0.811614,2.9));
#4540 = VECTOR('',#4541,1.);
#4541 = DIRECTION('',(1.,0.));
#4542 = ( GEOMETRIC_REPRESENTATION_CONTEXT(2) 
PARAMETRIC_REPRESENTATION_CONTEXT() REPRESENTATION_CONTEXT('2D SPACE',''
  ) );
#4543 = ORIENTED_EDGE('',*,*,#4544,.T.);
#4544 = EDGE_CURVE('',#4517,#4545,#4547,.T.);
#4545 = VERTEX_POINT('',#4546);
#4546 = CARTESIAN_POINT('',(-3.,1.,8.E-02));
#4547 = SURFACE_CURVE('',#4548,(#4552,#4559),.PCURVE_S1.);
#4548 = LINE('',#4549,#4550);
#4549 = CARTESIAN_POINT('',(14.,1.,8.E-02));
#4550 = VECTOR('',#4551,1.);
#4551 = DIRECTION('',(-1.,5.243344273594E-32,2.289834988289E-16));
#4552 = PCURVE('',#3853,#4553);
#4553 = DEFINITIONAL_REPRESENTATION('',(#4554),#4558);
#4554 = LINE('',#4555,#4556);
#4555 = CARTESIAN_POINT('',(0.23,-10.675));
#4556 = VECTOR('',#4557,1.);
#4557 = DIRECTION('',(0.,1.));
#4558 = ( GEOMETRIC_REPRESENTATION_CONTEXT(2) 
PARAMETRIC_REPRESENTATION_CONTEXT() REPRESENTATION_CONTEXT('2D SPACE',''
  ) );
#4559 = PCURVE('',#4560,#4565);
#4560 = PLANE('',#4561);
#4561 = AXIS2_PLACEMENT_3D('',#4562,#4563,#4564);
#4562 = CARTESIAN_POINT('',(-3.,1.,8.E-02));
#4563 = DIRECTION('',(-2.289834988289E-16,-1.065228634467E-16,-1.));
#4564 = DIRECTION('',(-2.804146475864E-32,-1.,1.065228634467E-16));
#4565 = DEFINITIONAL_REPRESENTATION('',(#4566),#4570);
#4566 = LINE('',#4567,#4568);
#4567 = CARTESIAN_POINT('',(-8.921076773588E-31,-17.));
#4568 = VECTOR('',#4569,1.);
#4569 = DIRECTION('',(9.031806508344E-47,1.));
#4570 = ( GEOMETRIC_REPRESENTATION_CONTEXT(2) 
PARAMETRIC_REPRESENTATION_CONTEXT() REPRESENTATION_CONTEXT('2D SPACE',''
  ) );
#4571 = ORIENTED_EDGE('',*,*,#4572,.F.);
#4572 = EDGE_CURVE('',#3921,#4545,#4573,.T.);
#4573 = SURFACE_CURVE('',#4574,(#4578,#4585),.PCURVE_S1.);
#4574 = LINE('',#4575,#4576);
#4575 = CARTESIAN_POINT('',(-3.,1.,0.841614));
#4576 = VECTOR('',#4577,1.);
#4577 = DIRECTION('',(-2.289834988289E-16,-1.065228634467E-16,-1.));
#4578 = PCURVE('',#3853,#4579);
#4579 = DEFINITIONAL_REPRESENTATION('',(#4580),#4584);
#4580 = LINE('',#4581,#4582);
#4581 = CARTESIAN_POINT('',(-0.531614,6.325));
#4582 = VECTOR('',#4583,1.);
#4583 = DIRECTION('',(1.,0.));
#4584 = ( GEOMETRIC_REPRESENTATION_CONTEXT(2) 
PARAMETRIC_REPRESENTATION_CONTEXT() REPRESENTATION_CONTEXT('2D SPACE',''
  ) );
#4585 = PCURVE('',#3959,#4586);
#4586 = DEFINITIONAL_REPRESENTATION('',(#4587),#4591);
#4587 = LINE('',#4588,#4589);
#4588 = CARTESIAN_POINT('',(0.305137,3.250406698354E-17));
#4589 = VECTOR('',#4590,1.);
#4590 = DIRECTION('',(0.,-1.));
#4591 = ( GEOMETRIC_REPRESENTATION_CONTEXT(2) 
PARAMETRIC_REPRESENTATION_CONTEXT() REPRESENTATION_CONTEXT('2D SPACE',''
  ) );
#4592 = ORIENTED_EDGE('',*,*,#3920,.F.);
#4593 = ORIENTED_EDGE('',*,*,#3839,.T.);
#4594 = ORIENTED_EDGE('',*,*,#4595,.T.);
#4595 = EDGE_CURVE('',#3812,#4596,#4598,.T.);
#4596 = VERTEX_POINT('',#4597);
#4597 = CARTESIAN_POINT('',(-2.77,1.,0.31));
#4598 = SURFACE_CURVE('',#4599,(#4603,#4610),.PCURVE_S1.);
#4599 = LINE('',#4600,#4601);
#4600 = CARTESIAN_POINT('',(14.,1.,0.31));
#4601 = VECTOR('',#4602,1.);
#4602 = DIRECTION('',(1.,-5.243344273594E-32,-2.289834988289E-16));
#4603 = PCURVE('',#3853,#4604);
#4604 = DEFINITIONAL_REPRESENTATION('',(#4605),#4609);
#4605 = LINE('',#4606,#4607);
#4606 = CARTESIAN_POINT('',(-4.459974056736E-16,-10.675));
#4607 = VECTOR('',#4608,1.);
#4608 = DIRECTION('',(0.,-1.));
#4609 = ( GEOMETRIC_REPRESENTATION_CONTEXT(2) 
PARAMETRIC_REPRESENTATION_CONTEXT() REPRESENTATION_CONTEXT('2D SPACE',''
  ) );
#4610 = PCURVE('',#3827,#4611);
#4611 = DEFINITIONAL_REPRESENTATION('',(#4612),#4616);
#4612 = LINE('',#4613,#4614);
#4613 = CARTESIAN_POINT('',(0.71,-16.8));
#4614 = VECTOR('',#4615,1.);
#4615 = DIRECTION('',(9.031806508344E-47,-1.));
#4616 = ( GEOMETRIC_REPRESENTATION_CONTEXT(2) 
PARAMETRIC_REPRESENTATION_CONTEXT() REPRESENTATION_CONTEXT('2D SPACE',''
  ) );
#4617 = ORIENTED_EDGE('',*,*,#4618,.F.);
#4618 = EDGE_CURVE('',#4403,#4596,#4619,.T.);
#4619 = SURFACE_CURVE('',#4620,(#4623,#4629),.PCURVE_S1.);
#4620 = B_SPLINE_CURVE_WITH_KNOTS('',1,(#4621,#4622),.UNSPECIFIED.,.F.,
  .F.,(2,2),(0.,1.),.PIECEWISE_BEZIER_KNOTS.);
#4621 = CARTESIAN_POINT('',(2.77,1.,0.31));
#4622 = CARTESIAN_POINT('',(-2.77,1.,0.31));
#4623 = PCURVE('',#3853,#4624);
#4624 = DEFINITIONAL_REPRESENTATION('',(#4625),#4628);
#4625 = B_SPLINE_CURVE_WITH_KNOTS('',1,(#4626,#4627),.UNSPECIFIED.,.F.,
  .F.,(2,2),(0.829422382671,1.),.PIECEWISE_BEZIER_KNOTS.);
#4626 = CARTESIAN_POINT('',(-3.835473605385E-16,5.15));
#4627 = CARTESIAN_POINT('',(-3.835473605385E-16,6.095));
#4628 = ( GEOMETRIC_REPRESENTATION_CONTEXT(2) 
PARAMETRIC_REPRESENTATION_CONTEXT() REPRESENTATION_CONTEXT('2D SPACE',''
  ) );
#4629 = PCURVE('',#3580,#4630);
#4630 = DEFINITIONAL_REPRESENTATION('',(#4631),#4635);
#4631 = LINE('',#4632,#4633);
#4632 = CARTESIAN_POINT('',(-0.305137,0.));
#4633 = VECTOR('',#4634,1.);
#4634 = DIRECTION('',(0.,1.));
#4635 = ( GEOMETRIC_REPRESENTATION_CONTEXT(2) 
PARAMETRIC_REPRESENTATION_CONTEXT() REPRESENTATION_CONTEXT('2D SPACE',''
  ) );
#4636 = ADVANCED_FACE('',(#4637),#3827,.T.);
#4637 = FACE_BOUND('',#4638,.T.);
#4638 = EDGE_LOOP('',(#4639,#4662,#4663,#4664));
#4639 = ORIENTED_EDGE('',*,*,#4640,.F.);
#4640 = EDGE_CURVE('',#4596,#4641,#4643,.T.);
#4641 = VERTEX_POINT('',#4642);
#4642 = CARTESIAN_POINT('',(-2.77,0.9,0.31));
#4643 = SURFACE_CURVE('',#4644,(#4648,#4655),.PCURVE_S1.);
#4644 = LINE('',#4645,#4646);
#4645 = CARTESIAN_POINT('',(-2.77,0.694863,0.31));
#4646 = VECTOR('',#4647,1.);
#4647 = DIRECTION('',(-2.804146475864E-32,-1.,1.065228634467E-16));
#4648 = PCURVE('',#3827,#4649);
#4649 = DEFINITIONAL_REPRESENTATION('',(#4650),#4654);
#4650 = LINE('',#4651,#4652);
#4651 = CARTESIAN_POINT('',(0.404863,-3.E-02));
#4652 = VECTOR('',#4653,1.);
#4653 = DIRECTION('',(-1.,2.736911063134E-48));
#4654 = ( GEOMETRIC_REPRESENTATION_CONTEXT(2) 
PARAMETRIC_REPRESENTATION_CONTEXT() REPRESENTATION_CONTEXT('2D SPACE',''
  ) );
#4655 = PCURVE('',#3580,#4656);
#4656 = DEFINITIONAL_REPRESENTATION('',(#4657),#4661);
#4657 = LINE('',#4658,#4659);
#4658 = CARTESIAN_POINT('',(0.,1.));
#4659 = VECTOR('',#4660,1.);
#4660 = DIRECTION('',(1.,0.));
#4661 = ( GEOMETRIC_REPRESENTATION_CONTEXT(2) 
PARAMETRIC_REPRESENTATION_CONTEXT() REPRESENTATION_CONTEXT('2D SPACE',''
  ) );
#4662 = ORIENTED_EDGE('',*,*,#4595,.F.);
#4663 = ORIENTED_EDGE('',*,*,#3811,.F.);
#4664 = ORIENTED_EDGE('',*,*,#4665,.F.);
#4665 = EDGE_CURVE('',#4641,#3784,#4666,.T.);
#4666 = SURFACE_CURVE('',#4667,(#4671,#4678),.PCURVE_S1.);
#4667 = LINE('',#4668,#4669);
#4668 = CARTESIAN_POINT('',(-3.5,0.9,0.31));
#4669 = VECTOR('',#4670,1.);
#4670 = DIRECTION('',(-1.,5.243344273594E-32,2.289834988289E-16));
#4671 = PCURVE('',#3827,#4672);
#4672 = DEFINITIONAL_REPRESENTATION('',(#4673),#4677);
#4673 = LINE('',#4674,#4675);
#4674 = CARTESIAN_POINT('',(0.61,0.7));
#4675 = VECTOR('',#4676,1.);
#4676 = DIRECTION('',(-9.031806508344E-47,1.));
#4677 = ( GEOMETRIC_REPRESENTATION_CONTEXT(2) 
PARAMETRIC_REPRESENTATION_CONTEXT() REPRESENTATION_CONTEXT('2D SPACE',''
  ) );
#4678 = PCURVE('',#3799,#4679);
#4679 = DEFINITIONAL_REPRESENTATION('',(#4680),#4684);
#4680 = LINE('',#4681,#4682);
#4681 = CARTESIAN_POINT('',(1.75,-2.E-02));
#4682 = VECTOR('',#4683,1.);
#4683 = DIRECTION('',(1.,0.));
#4684 = ( GEOMETRIC_REPRESENTATION_CONTEXT(2) 
PARAMETRIC_REPRESENTATION_CONTEXT() REPRESENTATION_CONTEXT('2D SPACE',''
  ) );
#4685 = ADVANCED_FACE('',(#4686),#3799,.F.);
#4686 = FACE_BOUND('',#4687,.T.);
#4687 = EDGE_LOOP('',(#4688,#4716,#4717,#4718));
#4688 = ORIENTED_EDGE('',*,*,#4689,.T.);
#4689 = EDGE_CURVE('',#4690,#4641,#4692,.T.);
#4690 = VERTEX_POINT('',#4691);
#4691 = CARTESIAN_POINT('',(-2.77,0.9,0.84));
#4692 = SURFACE_CURVE('',#4693,(#4697,#4704),.PCURVE_S1.);
#4693 = LINE('',#4694,#4695);
#4694 = CARTESIAN_POINT('',(-2.77,0.9,0.841614));
#4695 = VECTOR('',#4696,1.);
#4696 = DIRECTION('',(-2.289834988289E-16,-1.065228634467E-16,-1.));
#4697 = PCURVE('',#3799,#4698);
#4698 = DEFINITIONAL_REPRESENTATION('',(#4699),#4703);
#4699 = LINE('',#4700,#4701);
#4700 = CARTESIAN_POINT('',(1.02,-0.551614));
#4701 = VECTOR('',#4702,1.);
#4702 = DIRECTION('',(0.,1.));
#4703 = ( GEOMETRIC_REPRESENTATION_CONTEXT(2) 
PARAMETRIC_REPRESENTATION_CONTEXT() REPRESENTATION_CONTEXT('2D SPACE',''
  ) );
#4704 = PCURVE('',#4705,#4710);
#4705 = PLANE('',#4706);
#4706 = AXIS2_PLACEMENT_3D('',#4707,#4708,#4709);
#4707 = CARTESIAN_POINT('',(-2.77,0.46,0.84));
#4708 = DIRECTION('',(1.,0.,0.));
#4709 = DIRECTION('',(0.,1.,-1.1E-16));
#4710 = DEFINITIONAL_REPRESENTATION('',(#4711),#4715);
#4711 = LINE('',#4712,#4713);
#4712 = CARTESIAN_POINT('',(0.44,1.61399999999E-03));
#4713 = VECTOR('',#4714,1.);
#4714 = DIRECTION('',(-9.94760423821E-17,-1.));
#4715 = ( GEOMETRIC_REPRESENTATION_CONTEXT(2) 
PARAMETRIC_REPRESENTATION_CONTEXT() REPRESENTATION_CONTEXT('2D SPACE',''
  ) );
#4716 = ORIENTED_EDGE('',*,*,#4665,.T.);
#4717 = ORIENTED_EDGE('',*,*,#3783,.F.);
#4718 = ORIENTED_EDGE('',*,*,#4719,.F.);
#4719 = EDGE_CURVE('',#4690,#3756,#4720,.T.);
#4720 = SURFACE_CURVE('',#4721,(#4725,#4732),.PCURVE_S1.);
#4721 = LINE('',#4722,#4723);
#4722 = CARTESIAN_POINT('',(-3.5,0.9,0.84));
#4723 = VECTOR('',#4724,1.);
#4724 = DIRECTION('',(-1.,0.,2.3E-16));
#4725 = PCURVE('',#3799,#4726);
#4726 = DEFINITIONAL_REPRESENTATION('',(#4727),#4731);
#4727 = LINE('',#4728,#4729);
#4728 = CARTESIAN_POINT('',(1.75,-0.55));
#4729 = VECTOR('',#4730,1.);
#4730 = DIRECTION('',(1.,0.));
#4731 = ( GEOMETRIC_REPRESENTATION_CONTEXT(2) 
PARAMETRIC_REPRESENTATION_CONTEXT() REPRESENTATION_CONTEXT('2D SPACE',''
  ) );
#4732 = PCURVE('',#4364,#4733);
#4733 = DEFINITIONAL_REPRESENTATION('',(#4734),#4738);
#4734 = LINE('',#4735,#4736);
#4735 = CARTESIAN_POINT('',(0.97,-1.325));
#4736 = VECTOR('',#4737,1.);
#4737 = DIRECTION('',(-0.,1.));
#4738 = ( GEOMETRIC_REPRESENTATION_CONTEXT(2) 
PARAMETRIC_REPRESENTATION_CONTEXT() REPRESENTATION_CONTEXT('2D SPACE',''
  ) );
#4739 = ADVANCED_FACE('',(#4740),#3886,.F.);
#4740 = FACE_BOUND('',#4741,.T.);
#4741 = EDGE_LOOP('',(#4742,#4765,#4786,#4787));
#4742 = ORIENTED_EDGE('',*,*,#4743,.T.);
#4743 = EDGE_CURVE('',#4349,#4744,#4746,.T.);
#4744 = VERTEX_POINT('',#4745);
#4745 = CARTESIAN_POINT('',(-2.8,-2.E-02,0.84));
#4746 = SURFACE_CURVE('',#4747,(#4751,#4758),.PCURVE_S1.);
#4747 = LINE('',#4748,#4749);
#4748 = CARTESIAN_POINT('',(8.5,-2.E-02,0.84));
#4749 = VECTOR('',#4750,1.);
#4750 = DIRECTION('',(-1.,5.243344273594E-32,2.289834988289E-16));
#4751 = PCURVE('',#3886,#4752);
#4752 = DEFINITIONAL_REPRESENTATION('',(#4753),#4757);
#4753 = LINE('',#4754,#4755);
#4754 = CARTESIAN_POINT('',(0.21,0.7));
#4755 = VECTOR('',#4756,1.);
#4756 = DIRECTION('',(0.,-1.));
#4757 = ( GEOMETRIC_REPRESENTATION_CONTEXT(2) 
PARAMETRIC_REPRESENTATION_CONTEXT() REPRESENTATION_CONTEXT('2D SPACE',''
  ) );
#4758 = PCURVE('',#4364,#4759);
#4759 = DEFINITIONAL_REPRESENTATION('',(#4760),#4764);
#4760 = LINE('',#4761,#4762);
#4761 = CARTESIAN_POINT('',(4.999999999979E-02,-13.325));
#4762 = VECTOR('',#4763,1.);
#4763 = DIRECTION('',(-0.,1.));
#4764 = ( GEOMETRIC_REPRESENTATION_CONTEXT(2) 
PARAMETRIC_REPRESENTATION_CONTEXT() REPRESENTATION_CONTEXT('2D SPACE',''
  ) );
#4765 = ORIENTED_EDGE('',*,*,#4766,.T.);
#4766 = EDGE_CURVE('',#4744,#3869,#4767,.T.);
#4767 = SURFACE_CURVE('',#4768,(#4772,#4779),.PCURVE_S1.);
#4768 = LINE('',#4769,#4770);
#4769 = CARTESIAN_POINT('',(-2.8,-2.E-02,0.841614));
#4770 = VECTOR('',#4771,1.);
#4771 = DIRECTION('',(2.289834988289E-16,1.065228634467E-16,1.));
#4772 = PCURVE('',#3886,#4773);
#4773 = DEFINITIONAL_REPRESENTATION('',(#4774),#4778);
#4774 = LINE('',#4775,#4776);
#4775 = CARTESIAN_POINT('',(0.208386,-10.6));
#4776 = VECTOR('',#4777,1.);
#4777 = DIRECTION('',(-1.,0.));
#4778 = ( GEOMETRIC_REPRESENTATION_CONTEXT(2) 
PARAMETRIC_REPRESENTATION_CONTEXT() REPRESENTATION_CONTEXT('2D SPACE',''
  ) );
#4779 = PCURVE('',#3771,#4780);
#4780 = DEFINITIONAL_REPRESENTATION('',(#4781),#4785);
#4781 = LINE('',#4782,#4783);
#4782 = CARTESIAN_POINT('',(-0.714863,-7.61492537321E-17));
#4783 = VECTOR('',#4784,1.);
#4784 = DIRECTION('',(0.,1.));
#4785 = ( GEOMETRIC_REPRESENTATION_CONTEXT(2) 
PARAMETRIC_REPRESENTATION_CONTEXT() REPRESENTATION_CONTEXT('2D SPACE',''
  ) );
#4786 = ORIENTED_EDGE('',*,*,#3868,.T.);
#4787 = ORIENTED_EDGE('',*,*,#4376,.F.);
#4788 = ADVANCED_FACE('',(#4789),#3771,.T.);
#4789 = FACE_BOUND('',#4790,.T.);
#4790 = EDGE_LOOP('',(#4791,#4792,#4793,#4794));
#4791 = ORIENTED_EDGE('',*,*,#3755,.F.);
#4792 = ORIENTED_EDGE('',*,*,#3898,.F.);
#4793 = ORIENTED_EDGE('',*,*,#4766,.F.);
#4794 = ORIENTED_EDGE('',*,*,#4795,.F.);
#4795 = EDGE_CURVE('',#3756,#4744,#4796,.T.);
#4796 = SURFACE_CURVE('',#4797,(#4801,#4808),.PCURVE_S1.);
#4797 = LINE('',#4798,#4799);
#4798 = CARTESIAN_POINT('',(-2.8,0.694863,0.84));
#4799 = VECTOR('',#4800,1.);
#4800 = DIRECTION('',(0.,-1.,1.1E-16));
#4801 = PCURVE('',#3771,#4802);
#4802 = DEFINITIONAL_REPRESENTATION('',(#4803),#4807);
#4803 = LINE('',#4804,#4805);
#4804 = CARTESIAN_POINT('',(-9.99028794261E-16,-1.61399999999E-03));
#4805 = VECTOR('',#4806,1.);
#4806 = DIRECTION('',(-1.,0.));
#4807 = ( GEOMETRIC_REPRESENTATION_CONTEXT(2) 
PARAMETRIC_REPRESENTATION_CONTEXT() REPRESENTATION_CONTEXT('2D SPACE',''
  ) );
#4808 = PCURVE('',#4364,#4809);
#4809 = DEFINITIONAL_REPRESENTATION('',(#4810),#4814);
#4810 = LINE('',#4811,#4812);
#4811 = CARTESIAN_POINT('',(0.764863,-2.025));
#4812 = VECTOR('',#4813,1.);
#4813 = DIRECTION('',(-1.,-0.));
#4814 = ( GEOMETRIC_REPRESENTATION_CONTEXT(2) 
PARAMETRIC_REPRESENTATION_CONTEXT() REPRESENTATION_CONTEXT('2D SPACE',''
  ) );
#4815 = ADVANCED_FACE('',(#4816),#3959,.F.);
#4816 = FACE_BOUND('',#4817,.T.);
#4817 = EDGE_LOOP('',(#4818,#4819,#4842,#4870,#4898,#4919));
#4818 = ORIENTED_EDGE('',*,*,#4572,.T.);
#4819 = ORIENTED_EDGE('',*,*,#4820,.F.);
#4820 = EDGE_CURVE('',#4821,#4545,#4823,.T.);
#4821 = VERTEX_POINT('',#4822);
#4822 = CARTESIAN_POINT('',(-3.,-0.8,8.E-02));
#4823 = SURFACE_CURVE('',#4824,(#4828,#4835),.PCURVE_S1.);
#4824 = LINE('',#4825,#4826);
#4825 = CARTESIAN_POINT('',(-3.,1.744235,8.E-02));
#4826 = VECTOR('',#4827,1.);
#4827 = DIRECTION('',(2.804146475864E-32,1.,-1.065228634467E-16));
#4828 = PCURVE('',#3959,#4829);
#4829 = DEFINITIONAL_REPRESENTATION('',(#4830),#4834);
#4830 = LINE('',#4831,#4832);
#4831 = CARTESIAN_POINT('',(1.049372,-0.761614));
#4832 = VECTOR('',#4833,1.);
#4833 = DIRECTION('',(1.,0.));
#4834 = ( GEOMETRIC_REPRESENTATION_CONTEXT(2) 
PARAMETRIC_REPRESENTATION_CONTEXT() REPRESENTATION_CONTEXT('2D SPACE',''
  ) );
#4835 = PCURVE('',#4560,#4836);
#4836 = DEFINITIONAL_REPRESENTATION('',(#4837),#4841);
#4837 = LINE('',#4838,#4839);
#4838 = CARTESIAN_POINT('',(-0.744235,1.995609680515E-32));
#4839 = VECTOR('',#4840,1.);
#4840 = DIRECTION('',(-1.,-2.736911063134E-48));
#4841 = ( GEOMETRIC_REPRESENTATION_CONTEXT(2) 
PARAMETRIC_REPRESENTATION_CONTEXT() REPRESENTATION_CONTEXT('2D SPACE',''
  ) );
#4842 = ORIENTED_EDGE('',*,*,#4843,.T.);
#4843 = EDGE_CURVE('',#4821,#4844,#4846,.T.);
#4844 = VERTEX_POINT('',#4845);
#4845 = CARTESIAN_POINT('',(-3.,-0.8,0.18));
#4846 = SURFACE_CURVE('',#4847,(#4851,#4858),.PCURVE_S1.);
#4847 = LINE('',#4848,#4849);
#4848 = CARTESIAN_POINT('',(-3.,-0.8,1.258386));
#4849 = VECTOR('',#4850,1.);
#4850 = DIRECTION('',(2.289834988289E-16,1.065228634467E-16,1.));
#4851 = PCURVE('',#3959,#4852);
#4852 = DEFINITIONAL_REPRESENTATION('',(#4853),#4857);
#4853 = LINE('',#4854,#4855);
#4854 = CARTESIAN_POINT('',(-1.494863,0.416772));
#4855 = VECTOR('',#4856,1.);
#4856 = DIRECTION('',(0.,1.));
#4857 = ( GEOMETRIC_REPRESENTATION_CONTEXT(2) 
PARAMETRIC_REPRESENTATION_CONTEXT() REPRESENTATION_CONTEXT('2D SPACE',''
  ) );
#4858 = PCURVE('',#4859,#4864);
#4859 = PLANE('',#4860);
#4860 = AXIS2_PLACEMENT_3D('',#4861,#4862,#4863);
#4861 = CARTESIAN_POINT('',(-2.43367832869,-0.8,0.556369515365));
#4862 = DIRECTION('',(-2.804146475864E-32,-1.,1.065228634467E-16));
#4863 = DIRECTION('',(-2.289834988289E-16,-1.065228634467E-16,-1.));
#4864 = DEFINITIONAL_REPRESENTATION('',(#4865),#4869);
#4865 = LINE('',#4866,#4867);
#4866 = CARTESIAN_POINT('',(-0.702016484635,-0.56632167131));
#4867 = VECTOR('',#4868,1.);
#4868 = DIRECTION('',(-1.,0.));
#4869 = ( GEOMETRIC_REPRESENTATION_CONTEXT(2) 
PARAMETRIC_REPRESENTATION_CONTEXT() REPRESENTATION_CONTEXT('2D SPACE',''
  ) );
#4870 = ORIENTED_EDGE('',*,*,#4871,.T.);
#4871 = EDGE_CURVE('',#4844,#4872,#4874,.T.);
#4872 = VERTEX_POINT('',#4873);
#4873 = CARTESIAN_POINT('',(-3.,-1.,0.33));
#4874 = SURFACE_CURVE('',#4875,(#4879,#4886),.PCURVE_S1.);
#4875 = LINE('',#4876,#4877);
#4876 = CARTESIAN_POINT('',(-3.,-0.8,0.18));
#4877 = VECTOR('',#4878,1.);
#4878 = DIRECTION('',(1.373900992974E-16,-0.8,0.6));
#4879 = PCURVE('',#3959,#4880);
#4880 = DEFINITIONAL_REPRESENTATION('',(#4881),#4885);
#4881 = LINE('',#4882,#4883);
#4882 = CARTESIAN_POINT('',(-1.494863,-0.661614));
#4883 = VECTOR('',#4884,1.);
#4884 = DIRECTION('',(-0.8,0.6));
#4885 = ( GEOMETRIC_REPRESENTATION_CONTEXT(2) 
PARAMETRIC_REPRESENTATION_CONTEXT() REPRESENTATION_CONTEXT('2D SPACE',''
  ) );
#4886 = PCURVE('',#4887,#4892);
#4887 = PLANE('',#4888);
#4888 = AXIS2_PLACEMENT_3D('',#4889,#4890,#4891);
#4889 = CARTESIAN_POINT('',(-2.8,-0.8,0.18));
#4890 = DIRECTION('',(-1.831867990632E-16,-0.6,-0.8));
#4891 = DIRECTION('',(1.373900992974E-16,-0.8,0.6));
#4892 = DEFINITIONAL_REPRESENTATION('',(#4893),#4897);
#4893 = LINE('',#4894,#4895);
#4894 = CARTESIAN_POINT('',(-1.08246744901E-17,0.2));
#4895 = VECTOR('',#4896,1.);
#4896 = DIRECTION('',(1.,0.));
#4897 = ( GEOMETRIC_REPRESENTATION_CONTEXT(2) 
PARAMETRIC_REPRESENTATION_CONTEXT() REPRESENTATION_CONTEXT('2D SPACE',''
  ) );
#4898 = ORIENTED_EDGE('',*,*,#4899,.F.);
#4899 = EDGE_CURVE('',#3944,#4872,#4900,.T.);
#4900 = SURFACE_CURVE('',#4901,(#4905,#4912),.PCURVE_S1.);
#4901 = LINE('',#4902,#4903);
#4902 = CARTESIAN_POINT('',(-3.,-1.,0.841614));
#4903 = VECTOR('',#4904,1.);
#4904 = DIRECTION('',(-2.289834988289E-16,-1.065228634467E-16,-1.));
#4905 = PCURVE('',#3959,#4906);
#4906 = DEFINITIONAL_REPRESENTATION('',(#4907),#4911);
#4907 = LINE('',#4908,#4909);
#4908 = CARTESIAN_POINT('',(-1.694863,-1.805416599099E-16));
#4909 = VECTOR('',#4910,1.);
#4910 = DIRECTION('',(0.,-1.));
#4911 = ( GEOMETRIC_REPRESENTATION_CONTEXT(2) 
PARAMETRIC_REPRESENTATION_CONTEXT() REPRESENTATION_CONTEXT('2D SPACE',''
  ) );
#4912 = PCURVE('',#3987,#4913);
#4913 = DEFINITIONAL_REPRESENTATION('',(#4914),#4918);
#4914 = LINE('',#4915,#4916);
#4915 = CARTESIAN_POINT('',(0.511614,0.2));
#4916 = VECTOR('',#4917,1.);
#4917 = DIRECTION('',(-1.,0.));
#4918 = ( GEOMETRIC_REPRESENTATION_CONTEXT(2) 
PARAMETRIC_REPRESENTATION_CONTEXT() REPRESENTATION_CONTEXT('2D SPACE',''
  ) );
#4919 = ORIENTED_EDGE('',*,*,#3943,.T.);
#4920 = ADVANCED_FACE('',(#4921),#4560,.T.);
#4921 = FACE_BOUND('',#4922,.T.);
#4922 = EDGE_LOOP('',(#4923,#4924,#4925,#4948));
#4923 = ORIENTED_EDGE('',*,*,#4820,.T.);
#4924 = ORIENTED_EDGE('',*,*,#4544,.F.);
#4925 = ORIENTED_EDGE('',*,*,#4926,.F.);
#4926 = EDGE_CURVE('',#4927,#4517,#4929,.T.);
#4927 = VERTEX_POINT('',#4928);
#4928 = CARTESIAN_POINT('',(-2.4525,-0.8,8.E-02));
#4929 = SURFACE_CURVE('',#4930,(#4934,#4941),.PCURVE_S1.);
#4930 = LINE('',#4931,#4932);
#4931 = CARTESIAN_POINT('',(-2.4525,-1.9,8.E-02));
#4932 = VECTOR('',#4933,1.);
#4933 = DIRECTION('',(2.804146475864E-32,1.,-1.065228634467E-16));
#4934 = PCURVE('',#4560,#4935);
#4935 = DEFINITIONAL_REPRESENTATION('',(#4936),#4940);
#4936 = LINE('',#4937,#4938);
#4937 = CARTESIAN_POINT('',(2.9,-0.5475));
#4938 = VECTOR('',#4939,1.);
#4939 = DIRECTION('',(-1.,-2.736911063134E-48));
#4940 = ( GEOMETRIC_REPRESENTATION_CONTEXT(2) 
PARAMETRIC_REPRESENTATION_CONTEXT() REPRESENTATION_CONTEXT('2D SPACE',''
  ) );
#4941 = PCURVE('',#4532,#4942);
#4942 = DEFINITIONAL_REPRESENTATION('',(#4943),#4947);
#4943 = LINE('',#4944,#4945);
#4944 = CARTESIAN_POINT('',(-5.E-02,-5.326143172335E-18));
#4945 = VECTOR('',#4946,1.);
#4946 = DIRECTION('',(0.,1.));
#4947 = ( GEOMETRIC_REPRESENTATION_CONTEXT(2) 
PARAMETRIC_REPRESENTATION_CONTEXT() REPRESENTATION_CONTEXT('2D SPACE',''
  ) );
#4948 = ORIENTED_EDGE('',*,*,#4949,.T.);
#4949 = EDGE_CURVE('',#4927,#4821,#4950,.T.);
#4950 = SURFACE_CURVE('',#4951,(#4955,#4962),.PCURVE_S1.);
#4951 = LINE('',#4952,#4953);
#4952 = CARTESIAN_POINT('',(-2.6025,-0.8,8.E-02));
#4953 = VECTOR('',#4954,1.);
#4954 = DIRECTION('',(-1.,5.243344273594E-32,2.289834988289E-16));
#4955 = PCURVE('',#4560,#4956);
#4956 = DEFINITIONAL_REPRESENTATION('',(#4957),#4961);
#4957 = LINE('',#4958,#4959);
#4958 = CARTESIAN_POINT('',(1.8,-0.3975));
#4959 = VECTOR('',#4960,1.);
#4960 = DIRECTION('',(9.031806508344E-47,1.));
#4961 = ( GEOMETRIC_REPRESENTATION_CONTEXT(2) 
PARAMETRIC_REPRESENTATION_CONTEXT() REPRESENTATION_CONTEXT('2D SPACE',''
  ) );
#4962 = PCURVE('',#4859,#4963);
#4963 = DEFINITIONAL_REPRESENTATION('',(#4964),#4968);
#4964 = LINE('',#4965,#4966);
#4965 = CARTESIAN_POINT('',(0.476369515365,-0.16882167131));
#4966 = VECTOR('',#4967,1.);
#4967 = DIRECTION('',(0.,-1.));
#4968 = ( GEOMETRIC_REPRESENTATION_CONTEXT(2) 
PARAMETRIC_REPRESENTATION_CONTEXT() REPRESENTATION_CONTEXT('2D SPACE',''
  ) );
#4969 = ADVANCED_FACE('',(#4970),#4504,.T.);
#4970 = FACE_BOUND('',#4971,.T.);
#4971 = EDGE_LOOP('',(#4972,#5002,#5030,#5058,#5086,#5114,#5142,#5170,
    #5198,#5226,#5254,#5282,#5310,#5338,#5366,#5394,#5422,#5450,#5478,
    #5506,#5534,#5562,#5590,#5618,#5646,#5674,#5702,#5725,#5753,#5776,
    #5797,#5798,#5821,#5849,#5877,#5905));
#4972 = ORIENTED_EDGE('',*,*,#4973,.F.);
#4973 = EDGE_CURVE('',#4974,#4976,#4978,.T.);
#4974 = VERTEX_POINT('',#4975);
#4975 = CARTESIAN_POINT('',(-1.05,0.7,3.E-02));
#4976 = VERTEX_POINT('',#4977);
#4977 = CARTESIAN_POINT('',(-1.45,0.7,3.E-02));
#4978 = SURFACE_CURVE('',#4979,(#4983,#4990),.PCURVE_S1.);
#4979 = LINE('',#4980,#4981);
#4980 = CARTESIAN_POINT('',(1.5,0.7,3.E-02));
#4981 = VECTOR('',#4982,1.);
#4982 = DIRECTION('',(-1.,5.243344273594E-32,2.289834988289E-16));
#4983 = PCURVE('',#4504,#4984);
#4984 = DEFINITIONAL_REPRESENTATION('',(#4985),#4989);
#4985 = LINE('',#4986,#4987);
#4986 = CARTESIAN_POINT('',(0.3,-49.1025));
#4987 = VECTOR('',#4988,1.);
#4988 = DIRECTION('',(9.031806508344E-47,1.));
#4989 = ( GEOMETRIC_REPRESENTATION_CONTEXT(2) 
PARAMETRIC_REPRESENTATION_CONTEXT() REPRESENTATION_CONTEXT('2D SPACE',''
  ) );
#4990 = PCURVE('',#4991,#4996);
#4991 = PLANE('',#4992);
#4992 = AXIS2_PLACEMENT_3D('',#4993,#4994,#4995);
#4993 = CARTESIAN_POINT('',(-1.3375,0.92,8.E-02));
#4994 = DIRECTION('',(-2.232893331422E-16,0.221621103589,-0.975132855791
    ));
#4995 = DIRECTION('',(-5.074757571413E-17,-0.975132855791,
    -0.221621103589));
#4996 = DEFINITIONAL_REPRESENTATION('',(#4997),#5001);
#4997 = LINE('',#4998,#4999);
#4998 = CARTESIAN_POINT('',(0.225610283454,-2.8375));
#4999 = VECTOR('',#5000,1.);
#5000 = DIRECTION('',(-1.848892746612E-31,1.));
#5001 = ( GEOMETRIC_REPRESENTATION_CONTEXT(2) 
PARAMETRIC_REPRESENTATION_CONTEXT() REPRESENTATION_CONTEXT('2D SPACE',''
  ) );
#5002 = ORIENTED_EDGE('',*,*,#5003,.T.);
#5003 = EDGE_CURVE('',#4974,#5004,#5006,.T.);
#5004 = VERTEX_POINT('',#5005);
#5005 = CARTESIAN_POINT('',(-1.05,1.,3.E-02));
#5006 = SURFACE_CURVE('',#5007,(#5011,#5018),.PCURVE_S1.);
#5007 = LINE('',#5008,#5009);
#5008 = CARTESIAN_POINT('',(-1.05,0.694863,3.E-02));
#5009 = VECTOR('',#5010,1.);
#5010 = DIRECTION('',(1.932570076653E-32,1.,-1.065228634467E-16));
#5011 = PCURVE('',#4504,#5012);
#5012 = DEFINITIONAL_REPRESENTATION('',(#5013),#5017);
#5013 = LINE('',#5014,#5015);
#5014 = CARTESIAN_POINT('',(0.305137,-46.5525));
#5015 = VECTOR('',#5016,1.);
#5016 = DIRECTION('',(-1.,8.715763992105E-33));
#5017 = ( GEOMETRIC_REPRESENTATION_CONTEXT(2) 
PARAMETRIC_REPRESENTATION_CONTEXT() REPRESENTATION_CONTEXT('2D SPACE',''
  ) );
#5018 = PCURVE('',#5019,#5024);
#5019 = PLANE('',#5020);
#5020 = AXIS2_PLACEMENT_3D('',#5021,#5022,#5023);
#5021 = CARTESIAN_POINT('',(-1.075,0.85,5.5E-02));
#5022 = DIRECTION('',(-0.707106781187,-7.532303909457E-17,
    -0.707106781187));
#5023 = DIRECTION('',(0.707106781187,6.231304445401E-16,-0.707106781187)
  );
#5024 = DEFINITIONAL_REPRESENTATION('',(#5025),#5029);
#5025 = LINE('',#5026,#5027);
#5026 = CARTESIAN_POINT('',(3.535533905933E-02,0.155137));
#5027 = VECTOR('',#5028,1.);
#5028 = DIRECTION('',(6.984534836347E-16,-1.));
#5029 = ( GEOMETRIC_REPRESENTATION_CONTEXT(2) 
PARAMETRIC_REPRESENTATION_CONTEXT() REPRESENTATION_CONTEXT('2D SPACE',''
  ) );
#5030 = ORIENTED_EDGE('',*,*,#5031,.T.);
#5031 = EDGE_CURVE('',#5004,#5032,#5034,.T.);
#5032 = VERTEX_POINT('',#5033);
#5033 = CARTESIAN_POINT('',(-0.95,1.,3.E-02));
#5034 = SURFACE_CURVE('',#5035,(#5039,#5046),.PCURVE_S1.);
#5035 = LINE('',#5036,#5037);
#5036 = CARTESIAN_POINT('',(-16.5,1.,3.E-02));
#5037 = VECTOR('',#5038,1.);
#5038 = DIRECTION('',(1.,-5.243344273594E-32,-2.289834988289E-16));
#5039 = PCURVE('',#4504,#5040);
#5040 = DEFINITIONAL_REPRESENTATION('',(#5041),#5045);
#5041 = LINE('',#5042,#5043);
#5042 = CARTESIAN_POINT('',(-1.630898002919E-30,-31.1025));
#5043 = VECTOR('',#5044,1.);
#5044 = DIRECTION('',(-9.031806508344E-47,-1.));
#5045 = ( GEOMETRIC_REPRESENTATION_CONTEXT(2) 
PARAMETRIC_REPRESENTATION_CONTEXT() REPRESENTATION_CONTEXT('2D SPACE',''
  ) );
#5046 = PCURVE('',#5047,#5052);
#5047 = PLANE('',#5048);
#5048 = AXIS2_PLACEMENT_3D('',#5049,#5050,#5051);
#5049 = CARTESIAN_POINT('',(2.825,1.,0.31));
#5050 = DIRECTION('',(2.804146475864E-32,1.,-1.065228634467E-16));
#5051 = DIRECTION('',(-2.289834988289E-16,-1.065228634467E-16,-1.));
#5052 = DEFINITIONAL_REPRESENTATION('',(#5053),#5057);
#5053 = LINE('',#5054,#5055);
#5054 = CARTESIAN_POINT('',(0.28,19.325));
#5055 = VECTOR('',#5056,1.);
#5056 = DIRECTION('',(0.,-1.));
#5057 = ( GEOMETRIC_REPRESENTATION_CONTEXT(2) 
PARAMETRIC_REPRESENTATION_CONTEXT() REPRESENTATION_CONTEXT('2D SPACE',''
  ) );
#5058 = ORIENTED_EDGE('',*,*,#5059,.T.);
#5059 = EDGE_CURVE('',#5032,#5060,#5062,.T.);
#5060 = VERTEX_POINT('',#5061);
#5061 = CARTESIAN_POINT('',(-0.95,0.7,3.E-02));
#5062 = SURFACE_CURVE('',#5063,(#5067,#5074),.PCURVE_S1.);
#5063 = LINE('',#5064,#5065);
#5064 = CARTESIAN_POINT('',(-0.95,0.694863,3.E-02));
#5065 = VECTOR('',#5066,1.);
#5066 = DIRECTION('',(-3.675722875075E-32,-1.,1.065228634467E-16));
#5067 = PCURVE('',#4504,#5068);
#5068 = DEFINITIONAL_REPRESENTATION('',(#5069),#5073);
#5069 = LINE('',#5070,#5071);
#5070 = CARTESIAN_POINT('',(0.305137,-46.6525));
#5071 = VECTOR('',#5072,1.);
#5072 = DIRECTION('',(1.,8.715763992105E-33));
#5073 = ( GEOMETRIC_REPRESENTATION_CONTEXT(2) 
PARAMETRIC_REPRESENTATION_CONTEXT() REPRESENTATION_CONTEXT('2D SPACE',''
  ) );
#5074 = PCURVE('',#5075,#5080);
#5075 = PLANE('',#5076);
#5076 = AXIS2_PLACEMENT_3D('',#5077,#5078,#5079);
#5077 = CARTESIAN_POINT('',(-0.925,0.85,5.5E-02));
#5078 = DIRECTION('',(0.707106781187,-7.532303909457E-17,-0.707106781187
    ));
#5079 = DIRECTION('',(-0.707106781187,6.231304445401E-16,-0.707106781187
    ));
#5080 = DEFINITIONAL_REPRESENTATION('',(#5081),#5085);
#5081 = LINE('',#5082,#5083);
#5082 = CARTESIAN_POINT('',(3.535533905933E-02,-0.155137));
#5083 = VECTOR('',#5084,1.);
#5084 = DIRECTION('',(-6.984534836347E-16,-1.));
#5085 = ( GEOMETRIC_REPRESENTATION_CONTEXT(2) 
PARAMETRIC_REPRESENTATION_CONTEXT() REPRESENTATION_CONTEXT('2D SPACE',''
  ) );
#5086 = ORIENTED_EDGE('',*,*,#5087,.F.);
#5087 = EDGE_CURVE('',#5088,#5060,#5090,.T.);
#5088 = VERTEX_POINT('',#5089);
#5089 = CARTESIAN_POINT('',(-0.55,0.7,3.E-02));
#5090 = SURFACE_CURVE('',#5091,(#5095,#5102),.PCURVE_S1.);
#5091 = LINE('',#5092,#5093);
#5092 = CARTESIAN_POINT('',(1.5,0.7,3.E-02));
#5093 = VECTOR('',#5094,1.);
#5094 = DIRECTION('',(-1.,5.243344273594E-32,2.289834988289E-16));
#5095 = PCURVE('',#4504,#5096);
#5096 = DEFINITIONAL_REPRESENTATION('',(#5097),#5101);
#5097 = LINE('',#5098,#5099);
#5098 = CARTESIAN_POINT('',(0.3,-49.1025));
#5099 = VECTOR('',#5100,1.);
#5100 = DIRECTION('',(9.031806508344E-47,1.));
#5101 = ( GEOMETRIC_REPRESENTATION_CONTEXT(2) 
PARAMETRIC_REPRESENTATION_CONTEXT() REPRESENTATION_CONTEXT('2D SPACE',''
  ) );
#5102 = PCURVE('',#5103,#5108);
#5103 = PLANE('',#5104);
#5104 = AXIS2_PLACEMENT_3D('',#5105,#5106,#5107);
#5105 = CARTESIAN_POINT('',(-0.8375,0.92,8.E-02));
#5106 = DIRECTION('',(-2.232893331422E-16,0.221621103589,-0.975132855791
    ));
#5107 = DIRECTION('',(-5.074757571413E-17,-0.975132855791,
    -0.221621103589));
#5108 = DEFINITIONAL_REPRESENTATION('',(#5109),#5113);
#5109 = LINE('',#5110,#5111);
#5110 = CARTESIAN_POINT('',(0.225610283454,-2.3375));
#5111 = VECTOR('',#5112,1.);
#5112 = DIRECTION('',(-1.848892746612E-31,1.));
#5113 = ( GEOMETRIC_REPRESENTATION_CONTEXT(2) 
PARAMETRIC_REPRESENTATION_CONTEXT() REPRESENTATION_CONTEXT('2D SPACE',''
  ) );
#5114 = ORIENTED_EDGE('',*,*,#5115,.T.);
#5115 = EDGE_CURVE('',#5088,#5116,#5118,.T.);
#5116 = VERTEX_POINT('',#5117);
#5117 = CARTESIAN_POINT('',(-0.55,1.,3.E-02));
#5118 = SURFACE_CURVE('',#5119,(#5123,#5130),.PCURVE_S1.);
#5119 = LINE('',#5120,#5121);
#5120 = CARTESIAN_POINT('',(-0.55,0.694863,3.E-02));
#5121 = VECTOR('',#5122,1.);
#5122 = DIRECTION('',(1.932570076653E-32,1.,-1.065228634467E-16));
#5123 = PCURVE('',#4504,#5124);
#5124 = DEFINITIONAL_REPRESENTATION('',(#5125),#5129);
#5125 = LINE('',#5126,#5127);
#5126 = CARTESIAN_POINT('',(0.305137,-47.0525));
#5127 = VECTOR('',#5128,1.);
#5128 = DIRECTION('',(-1.,8.715763992105E-33));
#5129 = ( GEOMETRIC_REPRESENTATION_CONTEXT(2) 
PARAMETRIC_REPRESENTATION_CONTEXT() REPRESENTATION_CONTEXT('2D SPACE',''
  ) );
#5130 = PCURVE('',#5131,#5136);
#5131 = PLANE('',#5132);
#5132 = AXIS2_PLACEMENT_3D('',#5133,#5134,#5135);
#5133 = CARTESIAN_POINT('',(-0.575,0.85,5.5E-02));
#5134 = DIRECTION('',(-0.707106781187,-7.532303909457E-17,
    -0.707106781187));
#5135 = DIRECTION('',(0.707106781187,6.231304445401E-16,-0.707106781187)
  );
#5136 = DEFINITIONAL_REPRESENTATION('',(#5137),#5141);
#5137 = LINE('',#5138,#5139);
#5138 = CARTESIAN_POINT('',(3.535533905933E-02,0.155137));
#5139 = VECTOR('',#5140,1.);
#5140 = DIRECTION('',(6.984534836347E-16,-1.));
#5141 = ( GEOMETRIC_REPRESENTATION_CONTEXT(2) 
PARAMETRIC_REPRESENTATION_CONTEXT() REPRESENTATION_CONTEXT('2D SPACE',''
  ) );
#5142 = ORIENTED_EDGE('',*,*,#5143,.T.);
#5143 = EDGE_CURVE('',#5116,#5144,#5146,.T.);
#5144 = VERTEX_POINT('',#5145);
#5145 = CARTESIAN_POINT('',(-0.45,1.,3.E-02));
#5146 = SURFACE_CURVE('',#5147,(#5151,#5158),.PCURVE_S1.);
#5147 = LINE('',#5148,#5149);
#5148 = CARTESIAN_POINT('',(-16.,1.,3.E-02));
#5149 = VECTOR('',#5150,1.);
#5150 = DIRECTION('',(1.,-5.243344273594E-32,-2.289834988289E-16));
#5151 = PCURVE('',#4504,#5152);
#5152 = DEFINITIONAL_REPRESENTATION('',(#5153),#5157);
#5153 = LINE('',#5154,#5155);
#5154 = CARTESIAN_POINT('',(-1.657114724287E-30,-31.6025));
#5155 = VECTOR('',#5156,1.);
#5156 = DIRECTION('',(-9.031806508344E-47,-1.));
#5157 = ( GEOMETRIC_REPRESENTATION_CONTEXT(2) 
PARAMETRIC_REPRESENTATION_CONTEXT() REPRESENTATION_CONTEXT('2D SPACE',''
  ) );
#5158 = PCURVE('',#5159,#5164);
#5159 = PLANE('',#5160);
#5160 = AXIS2_PLACEMENT_3D('',#5161,#5162,#5163);
#5161 = CARTESIAN_POINT('',(3.325,1.,0.31));
#5162 = DIRECTION('',(2.804146475864E-32,1.,-1.065228634467E-16));
#5163 = DIRECTION('',(-2.289834988289E-16,-1.065228634467E-16,-1.));
#5164 = DEFINITIONAL_REPRESENTATION('',(#5165),#5169);
#5165 = LINE('',#5166,#5167);
#5166 = CARTESIAN_POINT('',(0.28,19.325));
#5167 = VECTOR('',#5168,1.);
#5168 = DIRECTION('',(0.,-1.));
#5169 = ( GEOMETRIC_REPRESENTATION_CONTEXT(2) 
PARAMETRIC_REPRESENTATION_CONTEXT() REPRESENTATION_CONTEXT('2D SPACE',''
  ) );
#5170 = ORIENTED_EDGE('',*,*,#5171,.T.);
#5171 = EDGE_CURVE('',#5144,#5172,#5174,.T.);
#5172 = VERTEX_POINT('',#5173);
#5173 = CARTESIAN_POINT('',(-0.45,0.7,3.E-02));
#5174 = SURFACE_CURVE('',#5175,(#5179,#5186),.PCURVE_S1.);
#5175 = LINE('',#5176,#5177);
#5176 = CARTESIAN_POINT('',(-0.45,0.694863,3.E-02));
#5177 = VECTOR('',#5178,1.);
#5178 = DIRECTION('',(-3.675722875075E-32,-1.,1.065228634467E-16));
#5179 = PCURVE('',#4504,#5180);
#5180 = DEFINITIONAL_REPRESENTATION('',(#5181),#5185);
#5181 = LINE('',#5182,#5183);
#5182 = CARTESIAN_POINT('',(0.305137,-47.1525));
#5183 = VECTOR('',#5184,1.);
#5184 = DIRECTION('',(1.,8.715763992105E-33));
#5185 = ( GEOMETRIC_REPRESENTATION_CONTEXT(2) 
PARAMETRIC_REPRESENTATION_CONTEXT() REPRESENTATION_CONTEXT('2D SPACE',''
  ) );
#5186 = PCURVE('',#5187,#5192);
#5187 = PLANE('',#5188);
#5188 = AXIS2_PLACEMENT_3D('',#5189,#5190,#5191);
#5189 = CARTESIAN_POINT('',(-0.425,0.85,5.5E-02));
#5190 = DIRECTION('',(0.707106781187,-7.532303909457E-17,-0.707106781187
    ));
#5191 = DIRECTION('',(-0.707106781187,6.231304445401E-16,-0.707106781187
    ));
#5192 = DEFINITIONAL_REPRESENTATION('',(#5193),#5197);
#5193 = LINE('',#5194,#5195);
#5194 = CARTESIAN_POINT('',(3.535533905933E-02,-0.155137));
#5195 = VECTOR('',#5196,1.);
#5196 = DIRECTION('',(-6.984534836347E-16,-1.));
#5197 = ( GEOMETRIC_REPRESENTATION_CONTEXT(2) 
PARAMETRIC_REPRESENTATION_CONTEXT() REPRESENTATION_CONTEXT('2D SPACE',''
  ) );
#5198 = ORIENTED_EDGE('',*,*,#5199,.F.);
#5199 = EDGE_CURVE('',#5200,#5172,#5202,.T.);
#5200 = VERTEX_POINT('',#5201);
#5201 = CARTESIAN_POINT('',(-5.E-02,0.7,3.E-02));
#5202 = SURFACE_CURVE('',#5203,(#5207,#5214),.PCURVE_S1.);
#5203 = LINE('',#5204,#5205);
#5204 = CARTESIAN_POINT('',(2.,0.7,3.E-02));
#5205 = VECTOR('',#5206,1.);
#5206 = DIRECTION('',(-1.,5.243344273594E-32,2.289834988289E-16));
#5207 = PCURVE('',#4504,#5208);
#5208 = DEFINITIONAL_REPRESENTATION('',(#5209),#5213);
#5209 = LINE('',#5210,#5211);
#5210 = CARTESIAN_POINT('',(0.3,-49.6025));
#5211 = VECTOR('',#5212,1.);
#5212 = DIRECTION('',(9.031806508344E-47,1.));
#5213 = ( GEOMETRIC_REPRESENTATION_CONTEXT(2) 
PARAMETRIC_REPRESENTATION_CONTEXT() REPRESENTATION_CONTEXT('2D SPACE',''
  ) );
#5214 = PCURVE('',#5215,#5220);
#5215 = PLANE('',#5216);
#5216 = AXIS2_PLACEMENT_3D('',#5217,#5218,#5219);
#5217 = CARTESIAN_POINT('',(-0.3375,0.92,8.E-02));
#5218 = DIRECTION('',(-2.232893331422E-16,0.221621103589,-0.975132855791
    ));
#5219 = DIRECTION('',(-5.074757571413E-17,-0.975132855791,
    -0.221621103589));
#5220 = DEFINITIONAL_REPRESENTATION('',(#5221),#5225);
#5221 = LINE('',#5222,#5223);
#5222 = CARTESIAN_POINT('',(0.225610283454,-2.3375));
#5223 = VECTOR('',#5224,1.);
#5224 = DIRECTION('',(-1.848892746612E-31,1.));
#5225 = ( GEOMETRIC_REPRESENTATION_CONTEXT(2) 
PARAMETRIC_REPRESENTATION_CONTEXT() REPRESENTATION_CONTEXT('2D SPACE',''
  ) );
#5226 = ORIENTED_EDGE('',*,*,#5227,.T.);
#5227 = EDGE_CURVE('',#5200,#5228,#5230,.T.);
#5228 = VERTEX_POINT('',#5229);
#5229 = CARTESIAN_POINT('',(-5.E-02,1.,3.E-02));
#5230 = SURFACE_CURVE('',#5231,(#5235,#5242),.PCURVE_S1.);
#5231 = LINE('',#5232,#5233);
#5232 = CARTESIAN_POINT('',(-5.E-02,0.694863,3.E-02));
#5233 = VECTOR('',#5234,1.);
#5234 = DIRECTION('',(1.932570076653E-32,1.,-1.065228634467E-16));
#5235 = PCURVE('',#4504,#5236);
#5236 = DEFINITIONAL_REPRESENTATION('',(#5237),#5241);
#5237 = LINE('',#5238,#5239);
#5238 = CARTESIAN_POINT('',(0.305137,-47.5525));
#5239 = VECTOR('',#5240,1.);
#5240 = DIRECTION('',(-1.,8.715763992105E-33));
#5241 = ( GEOMETRIC_REPRESENTATION_CONTEXT(2) 
PARAMETRIC_REPRESENTATION_CONTEXT() REPRESENTATION_CONTEXT('2D SPACE',''
  ) );
#5242 = PCURVE('',#5243,#5248);
#5243 = PLANE('',#5244);
#5244 = AXIS2_PLACEMENT_3D('',#5245,#5246,#5247);
#5245 = CARTESIAN_POINT('',(-7.5E-02,0.85,5.5E-02));
#5246 = DIRECTION('',(-0.707106781187,-7.532303909457E-17,
    -0.707106781187));
#5247 = DIRECTION('',(0.707106781187,6.231304445401E-16,-0.707106781187)
  );
#5248 = DEFINITIONAL_REPRESENTATION('',(#5249),#5253);
#5249 = LINE('',#5250,#5251);
#5250 = CARTESIAN_POINT('',(3.535533905933E-02,0.155137));
#5251 = VECTOR('',#5252,1.);
#5252 = DIRECTION('',(6.984534836347E-16,-1.));
#5253 = ( GEOMETRIC_REPRESENTATION_CONTEXT(2) 
PARAMETRIC_REPRESENTATION_CONTEXT() REPRESENTATION_CONTEXT('2D SPACE',''
  ) );
#5254 = ORIENTED_EDGE('',*,*,#5255,.T.);
#5255 = EDGE_CURVE('',#5228,#5256,#5258,.T.);
#5256 = VERTEX_POINT('',#5257);
#5257 = CARTESIAN_POINT('',(5.E-02,1.,3.E-02));
#5258 = SURFACE_CURVE('',#5259,(#5263,#5270),.PCURVE_S1.);
#5259 = LINE('',#5260,#5261);
#5260 = CARTESIAN_POINT('',(-15.5,1.,3.E-02));
#5261 = VECTOR('',#5262,1.);
#5262 = DIRECTION('',(1.,-5.243344273594E-32,-2.289834988289E-16));
#5263 = PCURVE('',#4504,#5264);
#5264 = DEFINITIONAL_REPRESENTATION('',(#5265),#5269);
#5265 = LINE('',#5266,#5267);
#5266 = CARTESIAN_POINT('',(-1.683331445655E-30,-32.1025));
#5267 = VECTOR('',#5268,1.);
#5268 = DIRECTION('',(-9.031806508344E-47,-1.));
#5269 = ( GEOMETRIC_REPRESENTATION_CONTEXT(2) 
PARAMETRIC_REPRESENTATION_CONTEXT() REPRESENTATION_CONTEXT('2D SPACE',''
  ) );
#5270 = PCURVE('',#5271,#5276);
#5271 = PLANE('',#5272);
#5272 = AXIS2_PLACEMENT_3D('',#5273,#5274,#5275);
#5273 = CARTESIAN_POINT('',(3.825,1.,0.31));
#5274 = DIRECTION('',(2.804146475864E-32,1.,-1.065228634467E-16));
#5275 = DIRECTION('',(-2.289834988289E-16,-1.065228634467E-16,-1.));
#5276 = DEFINITIONAL_REPRESENTATION('',(#5277),#5281);
#5277 = LINE('',#5278,#5279);
#5278 = CARTESIAN_POINT('',(0.28,19.325));
#5279 = VECTOR('',#5280,1.);
#5280 = DIRECTION('',(0.,-1.));
#5281 = ( GEOMETRIC_REPRESENTATION_CONTEXT(2) 
PARAMETRIC_REPRESENTATION_CONTEXT() REPRESENTATION_CONTEXT('2D SPACE',''
  ) );
#5282 = ORIENTED_EDGE('',*,*,#5283,.T.);
#5283 = EDGE_CURVE('',#5256,#5284,#5286,.T.);
#5284 = VERTEX_POINT('',#5285);
#5285 = CARTESIAN_POINT('',(5.E-02,0.7,3.E-02));
#5286 = SURFACE_CURVE('',#5287,(#5291,#5298),.PCURVE_S1.);
#5287 = LINE('',#5288,#5289);
#5288 = CARTESIAN_POINT('',(5.E-02,0.694863,3.E-02));
#5289 = VECTOR('',#5290,1.);
#5290 = DIRECTION('',(-3.675722875075E-32,-1.,1.065228634467E-16));
#5291 = PCURVE('',#4504,#5292);
#5292 = DEFINITIONAL_REPRESENTATION('',(#5293),#5297);
#5293 = LINE('',#5294,#5295);
#5294 = CARTESIAN_POINT('',(0.305137,-47.6525));
#5295 = VECTOR('',#5296,1.);
#5296 = DIRECTION('',(1.,8.715763992105E-33));
#5297 = ( GEOMETRIC_REPRESENTATION_CONTEXT(2) 
PARAMETRIC_REPRESENTATION_CONTEXT() REPRESENTATION_CONTEXT('2D SPACE',''
  ) );
#5298 = PCURVE('',#5299,#5304);
#5299 = PLANE('',#5300);
#5300 = AXIS2_PLACEMENT_3D('',#5301,#5302,#5303);
#5301 = CARTESIAN_POINT('',(7.5E-02,0.85,5.5E-02));
#5302 = DIRECTION('',(0.707106781187,-7.532303909457E-17,-0.707106781187
    ));
#5303 = DIRECTION('',(-0.707106781187,6.231304445401E-16,-0.707106781187
    ));
#5304 = DEFINITIONAL_REPRESENTATION('',(#5305),#5309);
#5305 = LINE('',#5306,#5307);
#5306 = CARTESIAN_POINT('',(3.535533905933E-02,-0.155137));
#5307 = VECTOR('',#5308,1.);
#5308 = DIRECTION('',(-6.984534836347E-16,-1.));
#5309 = ( GEOMETRIC_REPRESENTATION_CONTEXT(2) 
PARAMETRIC_REPRESENTATION_CONTEXT() REPRESENTATION_CONTEXT('2D SPACE',''
  ) );
#5310 = ORIENTED_EDGE('',*,*,#5311,.F.);
#5311 = EDGE_CURVE('',#5312,#5284,#5314,.T.);
#5312 = VERTEX_POINT('',#5313);
#5313 = CARTESIAN_POINT('',(0.45,0.7,3.E-02));
#5314 = SURFACE_CURVE('',#5315,(#5319,#5326),.PCURVE_S1.);
#5315 = LINE('',#5316,#5317);
#5316 = CARTESIAN_POINT('',(3.,0.7,3.E-02));
#5317 = VECTOR('',#5318,1.);
#5318 = DIRECTION('',(-1.,5.243344273594E-32,2.289834988289E-16));
#5319 = PCURVE('',#4504,#5320);
#5320 = DEFINITIONAL_REPRESENTATION('',(#5321),#5325);
#5321 = LINE('',#5322,#5323);
#5322 = CARTESIAN_POINT('',(0.3,-50.6025));
#5323 = VECTOR('',#5324,1.);
#5324 = DIRECTION('',(9.031806508344E-47,1.));
#5325 = ( GEOMETRIC_REPRESENTATION_CONTEXT(2) 
PARAMETRIC_REPRESENTATION_CONTEXT() REPRESENTATION_CONTEXT('2D SPACE',''
  ) );
#5326 = PCURVE('',#5327,#5332);
#5327 = PLANE('',#5328);
#5328 = AXIS2_PLACEMENT_3D('',#5329,#5330,#5331);
#5329 = CARTESIAN_POINT('',(0.1625,0.92,8.E-02));
#5330 = DIRECTION('',(-2.232893331422E-16,0.221621103589,-0.975132855791
    ));
#5331 = DIRECTION('',(-5.074757571413E-17,-0.975132855791,
    -0.221621103589));
#5332 = DEFINITIONAL_REPRESENTATION('',(#5333),#5337);
#5333 = LINE('',#5334,#5335);
#5334 = CARTESIAN_POINT('',(0.225610283454,-2.8375));
#5335 = VECTOR('',#5336,1.);
#5336 = DIRECTION('',(-1.848892746612E-31,1.));
#5337 = ( GEOMETRIC_REPRESENTATION_CONTEXT(2) 
PARAMETRIC_REPRESENTATION_CONTEXT() REPRESENTATION_CONTEXT('2D SPACE',''
  ) );
#5338 = ORIENTED_EDGE('',*,*,#5339,.T.);
#5339 = EDGE_CURVE('',#5312,#5340,#5342,.T.);
#5340 = VERTEX_POINT('',#5341);
#5341 = CARTESIAN_POINT('',(0.45,1.,3.E-02));
#5342 = SURFACE_CURVE('',#5343,(#5347,#5354),.PCURVE_S1.);
#5343 = LINE('',#5344,#5345);
#5344 = CARTESIAN_POINT('',(0.45,0.694863,3.E-02));
#5345 = VECTOR('',#5346,1.);
#5346 = DIRECTION('',(1.932570076653E-32,1.,-1.065228634467E-16));
#5347 = PCURVE('',#4504,#5348);
#5348 = DEFINITIONAL_REPRESENTATION('',(#5349),#5353);
#5349 = LINE('',#5350,#5351);
#5350 = CARTESIAN_POINT('',(0.305137,-48.0525));
#5351 = VECTOR('',#5352,1.);
#5352 = DIRECTION('',(-1.,8.715763992105E-33));
#5353 = ( GEOMETRIC_REPRESENTATION_CONTEXT(2) 
PARAMETRIC_REPRESENTATION_CONTEXT() REPRESENTATION_CONTEXT('2D SPACE',''
  ) );
#5354 = PCURVE('',#5355,#5360);
#5355 = PLANE('',#5356);
#5356 = AXIS2_PLACEMENT_3D('',#5357,#5358,#5359);
#5357 = CARTESIAN_POINT('',(0.425,0.85,5.5E-02));
#5358 = DIRECTION('',(-0.707106781187,-7.532303909457E-17,
    -0.707106781187));
#5359 = DIRECTION('',(0.707106781187,6.231304445401E-16,-0.707106781187)
  );
#5360 = DEFINITIONAL_REPRESENTATION('',(#5361),#5365);
#5361 = LINE('',#5362,#5363);
#5362 = CARTESIAN_POINT('',(3.535533905933E-02,0.155137));
#5363 = VECTOR('',#5364,1.);
#5364 = DIRECTION('',(6.984534836347E-16,-1.));
#5365 = ( GEOMETRIC_REPRESENTATION_CONTEXT(2) 
PARAMETRIC_REPRESENTATION_CONTEXT() REPRESENTATION_CONTEXT('2D SPACE',''
  ) );
#5366 = ORIENTED_EDGE('',*,*,#5367,.T.);
#5367 = EDGE_CURVE('',#5340,#5368,#5370,.T.);
#5368 = VERTEX_POINT('',#5369);
#5369 = CARTESIAN_POINT('',(0.55,1.,3.E-02));
#5370 = SURFACE_CURVE('',#5371,(#5375,#5382),.PCURVE_S1.);
#5371 = LINE('',#5372,#5373);
#5372 = CARTESIAN_POINT('',(-15.,1.,3.E-02));
#5373 = VECTOR('',#5374,1.);
#5374 = DIRECTION('',(1.,-5.243344273594E-32,-2.289834988289E-16));
#5375 = PCURVE('',#4504,#5376);
#5376 = DEFINITIONAL_REPRESENTATION('',(#5377),#5381);
#5377 = LINE('',#5378,#5379);
#5378 = CARTESIAN_POINT('',(-1.709548167023E-30,-32.6025));
#5379 = VECTOR('',#5380,1.);
#5380 = DIRECTION('',(-9.031806508344E-47,-1.));
#5381 = ( GEOMETRIC_REPRESENTATION_CONTEXT(2) 
PARAMETRIC_REPRESENTATION_CONTEXT() REPRESENTATION_CONTEXT('2D SPACE',''
  ) );
#5382 = PCURVE('',#5383,#5388);
#5383 = PLANE('',#5384);
#5384 = AXIS2_PLACEMENT_3D('',#5385,#5386,#5387);
#5385 = CARTESIAN_POINT('',(4.325,1.,0.31));
#5386 = DIRECTION('',(2.804146475864E-32,1.,-1.065228634467E-16));
#5387 = DIRECTION('',(-2.289834988289E-16,-1.065228634467E-16,-1.));
#5388 = DEFINITIONAL_REPRESENTATION('',(#5389),#5393);
#5389 = LINE('',#5390,#5391);
#5390 = CARTESIAN_POINT('',(0.28,19.325));
#5391 = VECTOR('',#5392,1.);
#5392 = DIRECTION('',(0.,-1.));
#5393 = ( GEOMETRIC_REPRESENTATION_CONTEXT(2) 
PARAMETRIC_REPRESENTATION_CONTEXT() REPRESENTATION_CONTEXT('2D SPACE',''
  ) );
#5394 = ORIENTED_EDGE('',*,*,#5395,.T.);
#5395 = EDGE_CURVE('',#5368,#5396,#5398,.T.);
#5396 = VERTEX_POINT('',#5397);
#5397 = CARTESIAN_POINT('',(0.55,0.7,3.E-02));
#5398 = SURFACE_CURVE('',#5399,(#5403,#5410),.PCURVE_S1.);
#5399 = LINE('',#5400,#5401);
#5400 = CARTESIAN_POINT('',(0.55,0.694863,3.E-02));
#5401 = VECTOR('',#5402,1.);
#5402 = DIRECTION('',(-3.675722875075E-32,-1.,1.065228634467E-16));
#5403 = PCURVE('',#4504,#5404);
#5404 = DEFINITIONAL_REPRESENTATION('',(#5405),#5409);
#5405 = LINE('',#5406,#5407);
#5406 = CARTESIAN_POINT('',(0.305137,-48.1525));
#5407 = VECTOR('',#5408,1.);
#5408 = DIRECTION('',(1.,8.715763992105E-33));
#5409 = ( GEOMETRIC_REPRESENTATION_CONTEXT(2) 
PARAMETRIC_REPRESENTATION_CONTEXT() REPRESENTATION_CONTEXT('2D SPACE',''
  ) );
#5410 = PCURVE('',#5411,#5416);
#5411 = PLANE('',#5412);
#5412 = AXIS2_PLACEMENT_3D('',#5413,#5414,#5415);
#5413 = CARTESIAN_POINT('',(0.575,0.85,5.5E-02));
#5414 = DIRECTION('',(0.707106781187,-7.532303909457E-17,-0.707106781187
    ));
#5415 = DIRECTION('',(-0.707106781187,6.231304445401E-16,-0.707106781187
    ));
#5416 = DEFINITIONAL_REPRESENTATION('',(#5417),#5421);
#5417 = LINE('',#5418,#5419);
#5418 = CARTESIAN_POINT('',(3.535533905933E-02,-0.155137));
#5419 = VECTOR('',#5420,1.);
#5420 = DIRECTION('',(-6.984534836347E-16,-1.));
#5421 = ( GEOMETRIC_REPRESENTATION_CONTEXT(2) 
PARAMETRIC_REPRESENTATION_CONTEXT() REPRESENTATION_CONTEXT('2D SPACE',''
  ) );
#5422 = ORIENTED_EDGE('',*,*,#5423,.F.);
#5423 = EDGE_CURVE('',#5424,#5396,#5426,.T.);
#5424 = VERTEX_POINT('',#5425);
#5425 = CARTESIAN_POINT('',(0.95,0.7,3.E-02));
#5426 = SURFACE_CURVE('',#5427,(#5431,#5438),.PCURVE_S1.);
#5427 = LINE('',#5428,#5429);
#5428 = CARTESIAN_POINT('',(3.5,0.7,3.E-02));
#5429 = VECTOR('',#5430,1.);
#5430 = DIRECTION('',(-1.,5.243344273594E-32,2.289834988289E-16));
#5431 = PCURVE('',#4504,#5432);
#5432 = DEFINITIONAL_REPRESENTATION('',(#5433),#5437);
#5433 = LINE('',#5434,#5435);
#5434 = CARTESIAN_POINT('',(0.3,-51.1025));
#5435 = VECTOR('',#5436,1.);
#5436 = DIRECTION('',(9.031806508344E-47,1.));
#5437 = ( GEOMETRIC_REPRESENTATION_CONTEXT(2) 
PARAMETRIC_REPRESENTATION_CONTEXT() REPRESENTATION_CONTEXT('2D SPACE',''
  ) );
#5438 = PCURVE('',#5439,#5444);
#5439 = PLANE('',#5440);
#5440 = AXIS2_PLACEMENT_3D('',#5441,#5442,#5443);
#5441 = CARTESIAN_POINT('',(0.6625,0.92,8.E-02));
#5442 = DIRECTION('',(-2.232893331422E-16,0.221621103589,-0.975132855791
    ));
#5443 = DIRECTION('',(-5.074757571413E-17,-0.975132855791,
    -0.221621103589));
#5444 = DEFINITIONAL_REPRESENTATION('',(#5445),#5449);
#5445 = LINE('',#5446,#5447);
#5446 = CARTESIAN_POINT('',(0.225610283454,-2.8375));
#5447 = VECTOR('',#5448,1.);
#5448 = DIRECTION('',(-1.848892746612E-31,1.));
#5449 = ( GEOMETRIC_REPRESENTATION_CONTEXT(2) 
PARAMETRIC_REPRESENTATION_CONTEXT() REPRESENTATION_CONTEXT('2D SPACE',''
  ) );
#5450 = ORIENTED_EDGE('',*,*,#5451,.T.);
#5451 = EDGE_CURVE('',#5424,#5452,#5454,.T.);
#5452 = VERTEX_POINT('',#5453);
#5453 = CARTESIAN_POINT('',(0.95,1.,3.E-02));
#5454 = SURFACE_CURVE('',#5455,(#5459,#5466),.PCURVE_S1.);
#5455 = LINE('',#5456,#5457);
#5456 = CARTESIAN_POINT('',(0.95,0.694863,3.E-02));
#5457 = VECTOR('',#5458,1.);
#5458 = DIRECTION('',(1.932570076653E-32,1.,-1.065228634467E-16));
#5459 = PCURVE('',#4504,#5460);
#5460 = DEFINITIONAL_REPRESENTATION('',(#5461),#5465);
#5461 = LINE('',#5462,#5463);
#5462 = CARTESIAN_POINT('',(0.305137,-48.5525));
#5463 = VECTOR('',#5464,1.);
#5464 = DIRECTION('',(-1.,8.715763992105E-33));
#5465 = ( GEOMETRIC_REPRESENTATION_CONTEXT(2) 
PARAMETRIC_REPRESENTATION_CONTEXT() REPRESENTATION_CONTEXT('2D SPACE',''
  ) );
#5466 = PCURVE('',#5467,#5472);
#5467 = PLANE('',#5468);
#5468 = AXIS2_PLACEMENT_3D('',#5469,#5470,#5471);
#5469 = CARTESIAN_POINT('',(0.925,0.85,5.5E-02));
#5470 = DIRECTION('',(-0.707106781187,-7.532303909457E-17,
    -0.707106781187));
#5471 = DIRECTION('',(0.707106781187,6.231304445401E-16,-0.707106781187)
  );
#5472 = DEFINITIONAL_REPRESENTATION('',(#5473),#5477);
#5473 = LINE('',#5474,#5475);
#5474 = CARTESIAN_POINT('',(3.535533905933E-02,0.155137));
#5475 = VECTOR('',#5476,1.);
#5476 = DIRECTION('',(6.984534836347E-16,-1.));
#5477 = ( GEOMETRIC_REPRESENTATION_CONTEXT(2) 
PARAMETRIC_REPRESENTATION_CONTEXT() REPRESENTATION_CONTEXT('2D SPACE',''
  ) );
#5478 = ORIENTED_EDGE('',*,*,#5479,.T.);
#5479 = EDGE_CURVE('',#5452,#5480,#5482,.T.);
#5480 = VERTEX_POINT('',#5481);
#5481 = CARTESIAN_POINT('',(1.05,1.,3.E-02));
#5482 = SURFACE_CURVE('',#5483,(#5487,#5494),.PCURVE_S1.);
#5483 = LINE('',#5484,#5485);
#5484 = CARTESIAN_POINT('',(-14.5,1.,3.E-02));
#5485 = VECTOR('',#5486,1.);
#5486 = DIRECTION('',(1.,-5.243344273594E-32,-2.289834988289E-16));
#5487 = PCURVE('',#4504,#5488);
#5488 = DEFINITIONAL_REPRESENTATION('',(#5489),#5493);
#5489 = LINE('',#5490,#5491);
#5490 = CARTESIAN_POINT('',(-1.735764888391E-30,-33.1025));
#5491 = VECTOR('',#5492,1.);
#5492 = DIRECTION('',(-9.031806508344E-47,-1.));
#5493 = ( GEOMETRIC_REPRESENTATION_CONTEXT(2) 
PARAMETRIC_REPRESENTATION_CONTEXT() REPRESENTATION_CONTEXT('2D SPACE',''
  ) );
#5494 = PCURVE('',#5495,#5500);
#5495 = PLANE('',#5496);
#5496 = AXIS2_PLACEMENT_3D('',#5497,#5498,#5499);
#5497 = CARTESIAN_POINT('',(4.825,1.,0.31));
#5498 = DIRECTION('',(2.804146475864E-32,1.,-1.065228634467E-16));
#5499 = DIRECTION('',(-2.289834988289E-16,-1.065228634467E-16,-1.));
#5500 = DEFINITIONAL_REPRESENTATION('',(#5501),#5505);
#5501 = LINE('',#5502,#5503);
#5502 = CARTESIAN_POINT('',(0.28,19.325));
#5503 = VECTOR('',#5504,1.);
#5504 = DIRECTION('',(0.,-1.));
#5505 = ( GEOMETRIC_REPRESENTATION_CONTEXT(2) 
PARAMETRIC_REPRESENTATION_CONTEXT() REPRESENTATION_CONTEXT('2D SPACE',''
  ) );
#5506 = ORIENTED_EDGE('',*,*,#5507,.T.);
#5507 = EDGE_CURVE('',#5480,#5508,#5510,.T.);
#5508 = VERTEX_POINT('',#5509);
#5509 = CARTESIAN_POINT('',(1.05,0.7,3.E-02));
#5510 = SURFACE_CURVE('',#5511,(#5515,#5522),.PCURVE_S1.);
#5511 = LINE('',#5512,#5513);
#5512 = CARTESIAN_POINT('',(1.05,0.694863,3.E-02));
#5513 = VECTOR('',#5514,1.);
#5514 = DIRECTION('',(-3.675722875075E-32,-1.,1.065228634467E-16));
#5515 = PCURVE('',#4504,#5516);
#5516 = DEFINITIONAL_REPRESENTATION('',(#5517),#5521);
#5517 = LINE('',#5518,#5519);
#5518 = CARTESIAN_POINT('',(0.305137,-48.6525));
#5519 = VECTOR('',#5520,1.);
#5520 = DIRECTION('',(1.,8.715763992105E-33));
#5521 = ( GEOMETRIC_REPRESENTATION_CONTEXT(2) 
PARAMETRIC_REPRESENTATION_CONTEXT() REPRESENTATION_CONTEXT('2D SPACE',''
  ) );
#5522 = PCURVE('',#5523,#5528);
#5523 = PLANE('',#5524);
#5524 = AXIS2_PLACEMENT_3D('',#5525,#5526,#5527);
#5525 = CARTESIAN_POINT('',(1.075,0.85,5.5E-02));
#5526 = DIRECTION('',(0.707106781187,-7.532303909457E-17,-0.707106781187
    ));
#5527 = DIRECTION('',(-0.707106781187,6.231304445401E-16,-0.707106781187
    ));
#5528 = DEFINITIONAL_REPRESENTATION('',(#5529),#5533);
#5529 = LINE('',#5530,#5531);
#5530 = CARTESIAN_POINT('',(3.535533905933E-02,-0.155137));
#5531 = VECTOR('',#5532,1.);
#5532 = DIRECTION('',(-6.984534836347E-16,-1.));
#5533 = ( GEOMETRIC_REPRESENTATION_CONTEXT(2) 
PARAMETRIC_REPRESENTATION_CONTEXT() REPRESENTATION_CONTEXT('2D SPACE',''
  ) );
#5534 = ORIENTED_EDGE('',*,*,#5535,.F.);
#5535 = EDGE_CURVE('',#5536,#5508,#5538,.T.);
#5536 = VERTEX_POINT('',#5537);
#5537 = CARTESIAN_POINT('',(1.45,0.7,3.E-02));
#5538 = SURFACE_CURVE('',#5539,(#5543,#5550),.PCURVE_S1.);
#5539 = LINE('',#5540,#5541);
#5540 = CARTESIAN_POINT('',(4.,0.7,3.E-02));
#5541 = VECTOR('',#5542,1.);
#5542 = DIRECTION('',(-1.,5.243344273594E-32,2.289834988289E-16));
#5543 = PCURVE('',#4504,#5544);
#5544 = DEFINITIONAL_REPRESENTATION('',(#5545),#5549);
#5545 = LINE('',#5546,#5547);
#5546 = CARTESIAN_POINT('',(0.3,-51.6025));
#5547 = VECTOR('',#5548,1.);
#5548 = DIRECTION('',(9.031806508344E-47,1.));
#5549 = ( GEOMETRIC_REPRESENTATION_CONTEXT(2) 
PARAMETRIC_REPRESENTATION_CONTEXT() REPRESENTATION_CONTEXT('2D SPACE',''
  ) );
#5550 = PCURVE('',#5551,#5556);
#5551 = PLANE('',#5552);
#5552 = AXIS2_PLACEMENT_3D('',#5553,#5554,#5555);
#5553 = CARTESIAN_POINT('',(1.1625,0.92,8.E-02));
#5554 = DIRECTION('',(-2.232893331422E-16,0.221621103589,-0.975132855791
    ));
#5555 = DIRECTION('',(-5.074757571413E-17,-0.975132855791,
    -0.221621103589));
#5556 = DEFINITIONAL_REPRESENTATION('',(#5557),#5561);
#5557 = LINE('',#5558,#5559);
#5558 = CARTESIAN_POINT('',(0.225610283454,-2.8375));
#5559 = VECTOR('',#5560,1.);
#5560 = DIRECTION('',(-1.848892746612E-31,1.));
#5561 = ( GEOMETRIC_REPRESENTATION_CONTEXT(2) 
PARAMETRIC_REPRESENTATION_CONTEXT() REPRESENTATION_CONTEXT('2D SPACE',''
  ) );
#5562 = ORIENTED_EDGE('',*,*,#5563,.T.);
#5563 = EDGE_CURVE('',#5536,#5564,#5566,.T.);
#5564 = VERTEX_POINT('',#5565);
#5565 = CARTESIAN_POINT('',(1.45,1.,3.E-02));
#5566 = SURFACE_CURVE('',#5567,(#5571,#5578),.PCURVE_S1.);
#5567 = LINE('',#5568,#5569);
#5568 = CARTESIAN_POINT('',(1.45,0.694863,3.E-02));
#5569 = VECTOR('',#5570,1.);
#5570 = DIRECTION('',(1.932570076653E-32,1.,-1.065228634467E-16));
#5571 = PCURVE('',#4504,#5572);
#5572 = DEFINITIONAL_REPRESENTATION('',(#5573),#5577);
#5573 = LINE('',#5574,#5575);
#5574 = CARTESIAN_POINT('',(0.305137,-49.0525));
#5575 = VECTOR('',#5576,1.);
#5576 = DIRECTION('',(-1.,8.715763992105E-33));
#5577 = ( GEOMETRIC_REPRESENTATION_CONTEXT(2) 
PARAMETRIC_REPRESENTATION_CONTEXT() REPRESENTATION_CONTEXT('2D SPACE',''
  ) );
#5578 = PCURVE('',#5579,#5584);
#5579 = PLANE('',#5580);
#5580 = AXIS2_PLACEMENT_3D('',#5581,#5582,#5583);
#5581 = CARTESIAN_POINT('',(1.425,0.85,5.5E-02));
#5582 = DIRECTION('',(-0.707106781187,-7.532303909457E-17,
    -0.707106781187));
#5583 = DIRECTION('',(0.707106781187,6.231304445401E-16,-0.707106781187)
  );
#5584 = DEFINITIONAL_REPRESENTATION('',(#5585),#5589);
#5585 = LINE('',#5586,#5587);
#5586 = CARTESIAN_POINT('',(3.535533905933E-02,0.155137));
#5587 = VECTOR('',#5588,1.);
#5588 = DIRECTION('',(6.984534836347E-16,-1.));
#5589 = ( GEOMETRIC_REPRESENTATION_CONTEXT(2) 
PARAMETRIC_REPRESENTATION_CONTEXT() REPRESENTATION_CONTEXT('2D SPACE',''
  ) );
#5590 = ORIENTED_EDGE('',*,*,#5591,.T.);
#5591 = EDGE_CURVE('',#5564,#5592,#5594,.T.);
#5592 = VERTEX_POINT('',#5593);
#5593 = CARTESIAN_POINT('',(1.55,1.,3.E-02));
#5594 = SURFACE_CURVE('',#5595,(#5599,#5606),.PCURVE_S1.);
#5595 = LINE('',#5596,#5597);
#5596 = CARTESIAN_POINT('',(-14.,1.,3.E-02));
#5597 = VECTOR('',#5598,1.);
#5598 = DIRECTION('',(1.,-5.243344273594E-32,-2.289834988289E-16));
#5599 = PCURVE('',#4504,#5600);
#5600 = DEFINITIONAL_REPRESENTATION('',(#5601),#5605);
#5601 = LINE('',#5602,#5603);
#5602 = CARTESIAN_POINT('',(-9.992007221626E-16,-33.6025));
#5603 = VECTOR('',#5604,1.);
#5604 = DIRECTION('',(-9.031806508344E-47,-1.));
#5605 = ( GEOMETRIC_REPRESENTATION_CONTEXT(2) 
PARAMETRIC_REPRESENTATION_CONTEXT() REPRESENTATION_CONTEXT('2D SPACE',''
  ) );
#5606 = PCURVE('',#5607,#5612);
#5607 = PLANE('',#5608);
#5608 = AXIS2_PLACEMENT_3D('',#5609,#5610,#5611);
#5609 = CARTESIAN_POINT('',(1.825,1.,0.31));
#5610 = DIRECTION('',(2.804146475864E-32,1.,-1.065228634467E-16));
#5611 = DIRECTION('',(-2.289834988289E-16,-1.065228634467E-16,-1.));
#5612 = DEFINITIONAL_REPRESENTATION('',(#5613),#5617);
#5613 = LINE('',#5614,#5615);
#5614 = CARTESIAN_POINT('',(0.28,15.825));
#5615 = VECTOR('',#5616,1.);
#5616 = DIRECTION('',(0.,-1.));
#5617 = ( GEOMETRIC_REPRESENTATION_CONTEXT(2) 
PARAMETRIC_REPRESENTATION_CONTEXT() REPRESENTATION_CONTEXT('2D SPACE',''
  ) );
#5618 = ORIENTED_EDGE('',*,*,#5619,.T.);
#5619 = EDGE_CURVE('',#5592,#5620,#5622,.T.);
#5620 = VERTEX_POINT('',#5621);
#5621 = CARTESIAN_POINT('',(1.55,0.7,3.E-02));
#5622 = SURFACE_CURVE('',#5623,(#5627,#5634),.PCURVE_S1.);
#5623 = LINE('',#5624,#5625);
#5624 = CARTESIAN_POINT('',(1.55,0.694863,3.E-02));
#5625 = VECTOR('',#5626,1.);
#5626 = DIRECTION('',(-3.675722875075E-32,-1.,1.065228634467E-16));
#5627 = PCURVE('',#4504,#5628);
#5628 = DEFINITIONAL_REPRESENTATION('',(#5629),#5633);
#5629 = LINE('',#5630,#5631);
#5630 = CARTESIAN_POINT('',(0.305137,-49.1525));
#5631 = VECTOR('',#5632,1.);
#5632 = DIRECTION('',(1.,8.715763992105E-33));
#5633 = ( GEOMETRIC_REPRESENTATION_CONTEXT(2) 
PARAMETRIC_REPRESENTATION_CONTEXT() REPRESENTATION_CONTEXT('2D SPACE',''
  ) );
#5634 = PCURVE('',#5635,#5640);
#5635 = PLANE('',#5636);
#5636 = AXIS2_PLACEMENT_3D('',#5637,#5638,#5639);
#5637 = CARTESIAN_POINT('',(1.575,0.85,5.5E-02));
#5638 = DIRECTION('',(0.707106781187,-7.532303909457E-17,-0.707106781187
    ));
#5639 = DIRECTION('',(-0.707106781187,6.231304445401E-16,-0.707106781187
    ));
#5640 = DEFINITIONAL_REPRESENTATION('',(#5641),#5645);
#5641 = LINE('',#5642,#5643);
#5642 = CARTESIAN_POINT('',(3.535533905933E-02,-0.155137));
#5643 = VECTOR('',#5644,1.);
#5644 = DIRECTION('',(-6.984534836347E-16,-1.));
#5645 = ( GEOMETRIC_REPRESENTATION_CONTEXT(2) 
PARAMETRIC_REPRESENTATION_CONTEXT() REPRESENTATION_CONTEXT('2D SPACE',''
  ) );
#5646 = ORIENTED_EDGE('',*,*,#5647,.T.);
#5647 = EDGE_CURVE('',#5620,#5648,#5650,.T.);
#5648 = VERTEX_POINT('',#5649);
#5649 = CARTESIAN_POINT('',(1.95,0.7,3.E-02));
#5650 = SURFACE_CURVE('',#5651,(#5655,#5662),.PCURVE_S1.);
#5651 = LINE('',#5652,#5653);
#5652 = CARTESIAN_POINT('',(-14.,0.7,3.E-02));
#5653 = VECTOR('',#5654,1.);
#5654 = DIRECTION('',(1.,-5.243344273594E-32,-2.289834988289E-16));
#5655 = PCURVE('',#4504,#5656);
#5656 = DEFINITIONAL_REPRESENTATION('',(#5657),#5661);
#5657 = LINE('',#5658,#5659);
#5658 = CARTESIAN_POINT('',(0.3,-33.6025));
#5659 = VECTOR('',#5660,1.);
#5660 = DIRECTION('',(-9.031806508344E-47,-1.));
#5661 = ( GEOMETRIC_REPRESENTATION_CONTEXT(2) 
PARAMETRIC_REPRESENTATION_CONTEXT() REPRESENTATION_CONTEXT('2D SPACE',''
  ) );
#5662 = PCURVE('',#5663,#5668);
#5663 = PLANE('',#5664);
#5664 = AXIS2_PLACEMENT_3D('',#5665,#5666,#5667);
#5665 = CARTESIAN_POINT('',(1.6625,0.92,8.E-02));
#5666 = DIRECTION('',(-2.232893331422E-16,0.221621103589,-0.975132855791
    ));
#5667 = DIRECTION('',(-5.074757571413E-17,-0.975132855791,
    -0.221621103589));
#5668 = DEFINITIONAL_REPRESENTATION('',(#5669),#5673);
#5669 = LINE('',#5670,#5671);
#5670 = CARTESIAN_POINT('',(0.225610283454,15.6625));
#5671 = VECTOR('',#5672,1.);
#5672 = DIRECTION('',(1.848892746612E-31,-1.));
#5673 = ( GEOMETRIC_REPRESENTATION_CONTEXT(2) 
PARAMETRIC_REPRESENTATION_CONTEXT() REPRESENTATION_CONTEXT('2D SPACE',''
  ) );
#5674 = ORIENTED_EDGE('',*,*,#5675,.F.);
#5675 = EDGE_CURVE('',#5676,#5648,#5678,.T.);
#5676 = VERTEX_POINT('',#5677);
#5677 = CARTESIAN_POINT('',(1.95,1.,3.E-02));
#5678 = SURFACE_CURVE('',#5679,(#5683,#5690),.PCURVE_S1.);
#5679 = LINE('',#5680,#5681);
#5680 = CARTESIAN_POINT('',(1.95,0.694863,3.E-02));
#5681 = VECTOR('',#5682,1.);
#5682 = DIRECTION('',(-1.932570076653E-32,-1.,1.065228634467E-16));
#5683 = PCURVE('',#4504,#5684);
#5684 = DEFINITIONAL_REPRESENTATION('',(#5685),#5689);
#5685 = LINE('',#5686,#5687);
#5686 = CARTESIAN_POINT('',(0.305137,-49.5525));
#5687 = VECTOR('',#5688,1.);
#5688 = DIRECTION('',(1.,-8.715763992105E-33));
#5689 = ( GEOMETRIC_REPRESENTATION_CONTEXT(2) 
PARAMETRIC_REPRESENTATION_CONTEXT() REPRESENTATION_CONTEXT('2D SPACE',''
  ) );
#5690 = PCURVE('',#5691,#5696);
#5691 = PLANE('',#5692);
#5692 = AXIS2_PLACEMENT_3D('',#5693,#5694,#5695);
#5693 = CARTESIAN_POINT('',(1.925,0.85,5.5E-02));
#5694 = DIRECTION('',(0.707106781187,7.532303909457E-17,0.707106781187)
  );
#5695 = DIRECTION('',(-0.707106781187,1.619157848018E-16,0.707106781187)
  );
#5696 = DEFINITIONAL_REPRESENTATION('',(#5697),#5701);
#5697 = LINE('',#5698,#5699);
#5698 = CARTESIAN_POINT('',(-3.535533905933E-02,0.155137));
#5699 = VECTOR('',#5700,1.);
#5700 = DIRECTION('',(-8.659274570719E-17,1.));
#5701 = ( GEOMETRIC_REPRESENTATION_CONTEXT(2) 
PARAMETRIC_REPRESENTATION_CONTEXT() REPRESENTATION_CONTEXT('2D SPACE',''
  ) );
#5702 = ORIENTED_EDGE('',*,*,#5703,.T.);
#5703 = EDGE_CURVE('',#5676,#5704,#5706,.T.);
#5704 = VERTEX_POINT('',#5705);
#5705 = CARTESIAN_POINT('',(2.4525,1.,3.E-02));
#5706 = SURFACE_CURVE('',#5707,(#5711,#5718),.PCURVE_S1.);
#5707 = LINE('',#5708,#5709);
#5708 = CARTESIAN_POINT('',(-14.,1.,3.E-02));
#5709 = VECTOR('',#5710,1.);
#5710 = DIRECTION('',(1.,-5.243344273594E-32,-2.289834988289E-16));
#5711 = PCURVE('',#4504,#5712);
#5712 = DEFINITIONAL_REPRESENTATION('',(#5713),#5717);
#5713 = LINE('',#5714,#5715);
#5714 = CARTESIAN_POINT('',(-1.761981609759E-30,-33.6025));
#5715 = VECTOR('',#5716,1.);
#5716 = DIRECTION('',(-9.031806508344E-47,-1.));
#5717 = ( GEOMETRIC_REPRESENTATION_CONTEXT(2) 
PARAMETRIC_REPRESENTATION_CONTEXT() REPRESENTATION_CONTEXT('2D SPACE',''
  ) );
#5718 = PCURVE('',#3552,#5719);
#5719 = DEFINITIONAL_REPRESENTATION('',(#5720),#5724);
#5720 = LINE('',#5721,#5722);
#5721 = CARTESIAN_POINT('',(0.28,15.825));
#5722 = VECTOR('',#5723,1.);
#5723 = DIRECTION('',(0.,-1.));
#5724 = ( GEOMETRIC_REPRESENTATION_CONTEXT(2) 
PARAMETRIC_REPRESENTATION_CONTEXT() REPRESENTATION_CONTEXT('2D SPACE',''
  ) );
#5725 = ORIENTED_EDGE('',*,*,#5726,.T.);
#5726 = EDGE_CURVE('',#5704,#5727,#5729,.T.);
#5727 = VERTEX_POINT('',#5728);
#5728 = CARTESIAN_POINT('',(2.4525,-1.9,3.E-02));
#5729 = SURFACE_CURVE('',#5730,(#5734,#5741),.PCURVE_S1.);
#5730 = LINE('',#5731,#5732);
#5731 = CARTESIAN_POINT('',(2.4525,0.694863,3.E-02));
#5732 = VECTOR('',#5733,1.);
#5733 = DIRECTION('',(-2.804146475864E-32,-1.,1.065228634467E-16));
#5734 = PCURVE('',#4504,#5735);
#5735 = DEFINITIONAL_REPRESENTATION('',(#5736),#5740);
#5736 = LINE('',#5737,#5738);
#5737 = CARTESIAN_POINT('',(0.305137,-50.055));
#5738 = VECTOR('',#5739,1.);
#5739 = DIRECTION('',(1.,2.736911063134E-48));
#5740 = ( GEOMETRIC_REPRESENTATION_CONTEXT(2) 
PARAMETRIC_REPRESENTATION_CONTEXT() REPRESENTATION_CONTEXT('2D SPACE',''
  ) );
#5741 = PCURVE('',#5742,#5747);
#5742 = PLANE('',#5743);
#5743 = AXIS2_PLACEMENT_3D('',#5744,#5745,#5746);
#5744 = CARTESIAN_POINT('',(2.4525,-1.9,3.E-02));
#5745 = DIRECTION('',(1.,-5.243344273594E-32,-2.289834988289E-16));
#5746 = DIRECTION('',(-2.289834988289E-16,-1.065228634467E-16,-1.));
#5747 = DEFINITIONAL_REPRESENTATION('',(#5748),#5752);
#5748 = LINE('',#5749,#5750);
#5749 = CARTESIAN_POINT('',(-7.865376075054E-17,2.594863));
#5750 = VECTOR('',#5751,1.);
#5751 = DIRECTION('',(0.,-1.));
#5752 = ( GEOMETRIC_REPRESENTATION_CONTEXT(2) 
PARAMETRIC_REPRESENTATION_CONTEXT() REPRESENTATION_CONTEXT('2D SPACE',''
  ) );
#5753 = ORIENTED_EDGE('',*,*,#5754,.T.);
#5754 = EDGE_CURVE('',#5727,#5755,#5757,.T.);
#5755 = VERTEX_POINT('',#5756);
#5756 = CARTESIAN_POINT('',(-2.4525,-1.9,3.E-02));
#5757 = SURFACE_CURVE('',#5758,(#5762,#5769),.PCURVE_S1.);
#5758 = LINE('',#5759,#5760);
#5759 = CARTESIAN_POINT('',(0.5,-1.9,3.E-02));
#5760 = VECTOR('',#5761,1.);
#5761 = DIRECTION('',(-1.,5.243344273594E-32,2.289834988289E-16));
#5762 = PCURVE('',#4504,#5763);
#5763 = DEFINITIONAL_REPRESENTATION('',(#5764),#5768);
#5764 = LINE('',#5765,#5766);
#5765 = CARTESIAN_POINT('',(2.9,-48.1025));
#5766 = VECTOR('',#5767,1.);
#5767 = DIRECTION('',(9.031806508344E-47,1.));
#5768 = ( GEOMETRIC_REPRESENTATION_CONTEXT(2) 
PARAMETRIC_REPRESENTATION_CONTEXT() REPRESENTATION_CONTEXT('2D SPACE',''
  ) );
#5769 = PCURVE('',#4071,#5770);
#5770 = DEFINITIONAL_REPRESENTATION('',(#5771),#5775);
#5771 = LINE('',#5772,#5773);
#5772 = CARTESIAN_POINT('',(-23.885,1.02));
#5773 = VECTOR('',#5774,1.);
#5774 = DIRECTION('',(1.,0.));
#5775 = ( GEOMETRIC_REPRESENTATION_CONTEXT(2) 
PARAMETRIC_REPRESENTATION_CONTEXT() REPRESENTATION_CONTEXT('2D SPACE',''
  ) );
#5776 = ORIENTED_EDGE('',*,*,#5777,.F.);
#5777 = EDGE_CURVE('',#4489,#5755,#5778,.T.);
#5778 = SURFACE_CURVE('',#5779,(#5783,#5790),.PCURVE_S1.);
#5779 = LINE('',#5780,#5781);
#5780 = CARTESIAN_POINT('',(-2.4525,0.694863,3.E-02));
#5781 = VECTOR('',#5782,1.);
#5782 = DIRECTION('',(-2.804146475864E-32,-1.,1.065228634467E-16));
#5783 = PCURVE('',#4504,#5784);
#5784 = DEFINITIONAL_REPRESENTATION('',(#5785),#5789);
#5785 = LINE('',#5786,#5787);
#5786 = CARTESIAN_POINT('',(0.305137,-45.15));
#5787 = VECTOR('',#5788,1.);
#5788 = DIRECTION('',(1.,2.736911063134E-48));
#5789 = ( GEOMETRIC_REPRESENTATION_CONTEXT(2) 
PARAMETRIC_REPRESENTATION_CONTEXT() REPRESENTATION_CONTEXT('2D SPACE',''
  ) );
#5790 = PCURVE('',#4532,#5791);
#5791 = DEFINITIONAL_REPRESENTATION('',(#5792),#5796);
#5792 = LINE('',#5793,#5794);
#5793 = CARTESIAN_POINT('',(-1.757982754052E-16,2.594863));
#5794 = VECTOR('',#5795,1.);
#5795 = DIRECTION('',(0.,-1.));
#5796 = ( GEOMETRIC_REPRESENTATION_CONTEXT(2) 
PARAMETRIC_REPRESENTATION_CONTEXT() REPRESENTATION_CONTEXT('2D SPACE',''
  ) );
#5797 = ORIENTED_EDGE('',*,*,#4488,.F.);
#5798 = ORIENTED_EDGE('',*,*,#5799,.T.);
#5799 = EDGE_CURVE('',#4461,#5800,#5802,.T.);
#5800 = VERTEX_POINT('',#5801);
#5801 = CARTESIAN_POINT('',(-1.95,0.7,3.E-02));
#5802 = SURFACE_CURVE('',#5803,(#5807,#5814),.PCURVE_S1.);
#5803 = LINE('',#5804,#5805);
#5804 = CARTESIAN_POINT('',(-1.95,0.694863,3.E-02));
#5805 = VECTOR('',#5806,1.);
#5806 = DIRECTION('',(-3.675722875075E-32,-1.,1.065228634467E-16));
#5807 = PCURVE('',#4504,#5808);
#5808 = DEFINITIONAL_REPRESENTATION('',(#5809),#5813);
#5809 = LINE('',#5810,#5811);
#5810 = CARTESIAN_POINT('',(0.305137,-45.6525));
#5811 = VECTOR('',#5812,1.);
#5812 = DIRECTION('',(1.,8.715763992105E-33));
#5813 = ( GEOMETRIC_REPRESENTATION_CONTEXT(2) 
PARAMETRIC_REPRESENTATION_CONTEXT() REPRESENTATION_CONTEXT('2D SPACE',''
  ) );
#5814 = PCURVE('',#4476,#5815);
#5815 = DEFINITIONAL_REPRESENTATION('',(#5816),#5820);
#5816 = LINE('',#5817,#5818);
#5817 = CARTESIAN_POINT('',(-3.535533905933E-02,0.155137));
#5818 = VECTOR('',#5819,1.);
#5819 = DIRECTION('',(-8.659274570719E-17,1.));
#5820 = ( GEOMETRIC_REPRESENTATION_CONTEXT(2) 
PARAMETRIC_REPRESENTATION_CONTEXT() REPRESENTATION_CONTEXT('2D SPACE',''
  ) );
#5821 = ORIENTED_EDGE('',*,*,#5822,.F.);
#5822 = EDGE_CURVE('',#5823,#5800,#5825,.T.);
#5823 = VERTEX_POINT('',#5824);
#5824 = CARTESIAN_POINT('',(-1.55,0.7,3.E-02));
#5825 = SURFACE_CURVE('',#5826,(#5830,#5837),.PCURVE_S1.);
#5826 = LINE('',#5827,#5828);
#5827 = CARTESIAN_POINT('',(14.,0.7,3.E-02));
#5828 = VECTOR('',#5829,1.);
#5829 = DIRECTION('',(-1.,5.243344273594E-32,2.289834988289E-16));
#5830 = PCURVE('',#4504,#5831);
#5831 = DEFINITIONAL_REPRESENTATION('',(#5832),#5836);
#5832 = LINE('',#5833,#5834);
#5833 = CARTESIAN_POINT('',(0.3,-61.6025));
#5834 = VECTOR('',#5835,1.);
#5835 = DIRECTION('',(9.031806508344E-47,1.));
#5836 = ( GEOMETRIC_REPRESENTATION_CONTEXT(2) 
PARAMETRIC_REPRESENTATION_CONTEXT() REPRESENTATION_CONTEXT('2D SPACE',''
  ) );
#5837 = PCURVE('',#5838,#5843);
#5838 = PLANE('',#5839);
#5839 = AXIS2_PLACEMENT_3D('',#5840,#5841,#5842);
#5840 = CARTESIAN_POINT('',(-1.8375,0.92,8.E-02));
#5841 = DIRECTION('',(-2.232893331422E-16,0.221621103589,-0.975132855791
    ));
#5842 = DIRECTION('',(-5.074757571413E-17,-0.975132855791,
    -0.221621103589));
#5843 = DEFINITIONAL_REPRESENTATION('',(#5844),#5848);
#5844 = LINE('',#5845,#5846);
#5845 = CARTESIAN_POINT('',(0.225610283454,-15.8375));
#5846 = VECTOR('',#5847,1.);
#5847 = DIRECTION('',(-1.848892746612E-31,1.));
#5848 = ( GEOMETRIC_REPRESENTATION_CONTEXT(2) 
PARAMETRIC_REPRESENTATION_CONTEXT() REPRESENTATION_CONTEXT('2D SPACE',''
  ) );
#5849 = ORIENTED_EDGE('',*,*,#5850,.T.);
#5850 = EDGE_CURVE('',#5823,#5851,#5853,.T.);
#5851 = VERTEX_POINT('',#5852);
#5852 = CARTESIAN_POINT('',(-1.55,1.,3.E-02));
#5853 = SURFACE_CURVE('',#5854,(#5858,#5865),.PCURVE_S1.);
#5854 = LINE('',#5855,#5856);
#5855 = CARTESIAN_POINT('',(-1.55,0.694863,3.E-02));
#5856 = VECTOR('',#5857,1.);
#5857 = DIRECTION('',(1.932570076653E-32,1.,-1.065228634467E-16));
#5858 = PCURVE('',#4504,#5859);
#5859 = DEFINITIONAL_REPRESENTATION('',(#5860),#5864);
#5860 = LINE('',#5861,#5862);
#5861 = CARTESIAN_POINT('',(0.305137,-46.0525));
#5862 = VECTOR('',#5863,1.);
#5863 = DIRECTION('',(-1.,8.715763992105E-33));
#5864 = ( GEOMETRIC_REPRESENTATION_CONTEXT(2) 
PARAMETRIC_REPRESENTATION_CONTEXT() REPRESENTATION_CONTEXT('2D SPACE',''
  ) );
#5865 = PCURVE('',#5866,#5871);
#5866 = PLANE('',#5867);
#5867 = AXIS2_PLACEMENT_3D('',#5868,#5869,#5870);
#5868 = CARTESIAN_POINT('',(-1.575,0.85,5.5E-02));
#5869 = DIRECTION('',(-0.707106781187,-7.532303909457E-17,
    -0.707106781187));
#5870 = DIRECTION('',(0.707106781187,6.231304445401E-16,-0.707106781187)
  );
#5871 = DEFINITIONAL_REPRESENTATION('',(#5872),#5876);
#5872 = LINE('',#5873,#5874);
#5873 = CARTESIAN_POINT('',(3.535533905933E-02,0.155137));
#5874 = VECTOR('',#5875,1.);
#5875 = DIRECTION('',(6.984534836347E-16,-1.));
#5876 = ( GEOMETRIC_REPRESENTATION_CONTEXT(2) 
PARAMETRIC_REPRESENTATION_CONTEXT() REPRESENTATION_CONTEXT('2D SPACE',''
  ) );
#5877 = ORIENTED_EDGE('',*,*,#5878,.T.);
#5878 = EDGE_CURVE('',#5851,#5879,#5881,.T.);
#5879 = VERTEX_POINT('',#5880);
#5880 = CARTESIAN_POINT('',(-1.45,1.,3.E-02));
#5881 = SURFACE_CURVE('',#5882,(#5886,#5893),.PCURVE_S1.);
#5882 = LINE('',#5883,#5884);
#5883 = CARTESIAN_POINT('',(-17.,1.,3.E-02));
#5884 = VECTOR('',#5885,1.);
#5885 = DIRECTION('',(1.,-5.243344273594E-32,-2.289834988289E-16));
#5886 = PCURVE('',#4504,#5887);
#5887 = DEFINITIONAL_REPRESENTATION('',(#5888),#5892);
#5888 = LINE('',#5889,#5890);
#5889 = CARTESIAN_POINT('',(-1.604681281551E-30,-30.6025));
#5890 = VECTOR('',#5891,1.);
#5891 = DIRECTION('',(-9.031806508344E-47,-1.));
#5892 = ( GEOMETRIC_REPRESENTATION_CONTEXT(2) 
PARAMETRIC_REPRESENTATION_CONTEXT() REPRESENTATION_CONTEXT('2D SPACE',''
  ) );
#5893 = PCURVE('',#5894,#5899);
#5894 = PLANE('',#5895);
#5895 = AXIS2_PLACEMENT_3D('',#5896,#5897,#5898);
#5896 = CARTESIAN_POINT('',(3.325,1.,0.31));
#5897 = DIRECTION('',(2.804146475864E-32,1.,-1.065228634467E-16));
#5898 = DIRECTION('',(-2.289834988289E-16,-1.065228634467E-16,-1.));
#5899 = DEFINITIONAL_REPRESENTATION('',(#5900),#5904);
#5900 = LINE('',#5901,#5902);
#5901 = CARTESIAN_POINT('',(0.28,20.325));
#5902 = VECTOR('',#5903,1.);
#5903 = DIRECTION('',(0.,-1.));
#5904 = ( GEOMETRIC_REPRESENTATION_CONTEXT(2) 
PARAMETRIC_REPRESENTATION_CONTEXT() REPRESENTATION_CONTEXT('2D SPACE',''
  ) );
#5905 = ORIENTED_EDGE('',*,*,#5906,.T.);
#5906 = EDGE_CURVE('',#5879,#4976,#5907,.T.);
#5907 = SURFACE_CURVE('',#5908,(#5912,#5919),.PCURVE_S1.);
#5908 = LINE('',#5909,#5910);
#5909 = CARTESIAN_POINT('',(-1.45,0.694863,3.E-02));
#5910 = VECTOR('',#5911,1.);
#5911 = DIRECTION('',(-3.675722875075E-32,-1.,1.065228634467E-16));
#5912 = PCURVE('',#4504,#5913);
#5913 = DEFINITIONAL_REPRESENTATION('',(#5914),#5918);
#5914 = LINE('',#5915,#5916);
#5915 = CARTESIAN_POINT('',(0.305137,-46.1525));
#5916 = VECTOR('',#5917,1.);
#5917 = DIRECTION('',(1.,8.715763992105E-33));
#5918 = ( GEOMETRIC_REPRESENTATION_CONTEXT(2) 
PARAMETRIC_REPRESENTATION_CONTEXT() REPRESENTATION_CONTEXT('2D SPACE',''
  ) );
#5919 = PCURVE('',#5920,#5925);
#5920 = PLANE('',#5921);
#5921 = AXIS2_PLACEMENT_3D('',#5922,#5923,#5924);
#5922 = CARTESIAN_POINT('',(-1.425,0.85,5.5E-02));
#5923 = DIRECTION('',(0.707106781187,-7.532303909457E-17,-0.707106781187
    ));
#5924 = DIRECTION('',(-0.707106781187,6.231304445401E-16,-0.707106781187
    ));
#5925 = DEFINITIONAL_REPRESENTATION('',(#5926),#5930);
#5926 = LINE('',#5927,#5928);
#5927 = CARTESIAN_POINT('',(3.535533905933E-02,-0.155137));
#5928 = VECTOR('',#5929,1.);
#5929 = DIRECTION('',(-6.984534836347E-16,-1.));
#5930 = ( GEOMETRIC_REPRESENTATION_CONTEXT(2) 
PARAMETRIC_REPRESENTATION_CONTEXT() REPRESENTATION_CONTEXT('2D SPACE',''
  ) );
#5931 = ADVANCED_FACE('',(#5932),#4532,.F.);
#5932 = FACE_BOUND('',#5933,.T.);
#5933 = EDGE_LOOP('',(#5934,#5964,#5985,#5986,#5987,#5988));
#5934 = ORIENTED_EDGE('',*,*,#5935,.T.);
#5935 = EDGE_CURVE('',#5936,#5938,#5940,.T.);
#5936 = VERTEX_POINT('',#5937);
#5937 = CARTESIAN_POINT('',(-2.4525,-1.9,0.13));
#5938 = VERTEX_POINT('',#5939);
#5939 = CARTESIAN_POINT('',(-2.4525,-0.8,0.13));
#5940 = SURFACE_CURVE('',#5941,(#5945,#5952),.PCURVE_S1.);
#5941 = LINE('',#5942,#5943);
#5942 = CARTESIAN_POINT('',(-2.4525,7.493623042064E-02,0.13));
#5943 = VECTOR('',#5944,1.);
#5944 = DIRECTION('',(2.804146475864E-32,1.,-1.065228634467E-16));
#5945 = PCURVE('',#4532,#5946);
#5946 = DEFINITIONAL_REPRESENTATION('',(#5947),#5951);
#5947 = LINE('',#5948,#5949);
#5948 = CARTESIAN_POINT('',(-0.1,1.974936230421));
#5949 = VECTOR('',#5950,1.);
#5950 = DIRECTION('',(0.,1.));
#5951 = ( GEOMETRIC_REPRESENTATION_CONTEXT(2) 
PARAMETRIC_REPRESENTATION_CONTEXT() REPRESENTATION_CONTEXT('2D SPACE',''
  ) );
#5952 = PCURVE('',#5953,#5958);
#5953 = PLANE('',#5954);
#5954 = AXIS2_PLACEMENT_3D('',#5955,#5956,#5957);
#5955 = CARTESIAN_POINT('',(-2.4775,-1.35,0.155));
#5956 = DIRECTION('',(0.707106781187,7.532303909457E-17,0.707106781187)
  );
#5957 = DIRECTION('',(0.707106781187,-7.532303909457E-17,-0.707106781187
    ));
#5958 = DEFINITIONAL_REPRESENTATION('',(#5959),#5963);
#5959 = LINE('',#5960,#5961);
#5960 = CARTESIAN_POINT('',(3.535533905933E-02,1.424936230421));
#5961 = VECTOR('',#5962,1.);
#5962 = DIRECTION('',(6.162975822039E-32,1.));
#5963 = ( GEOMETRIC_REPRESENTATION_CONTEXT(2) 
PARAMETRIC_REPRESENTATION_CONTEXT() REPRESENTATION_CONTEXT('2D SPACE',''
  ) );
#5964 = ORIENTED_EDGE('',*,*,#5965,.F.);
#5965 = EDGE_CURVE('',#4927,#5938,#5966,.T.);
#5966 = SURFACE_CURVE('',#5967,(#5971,#5978),.PCURVE_S1.);
#5967 = LINE('',#5968,#5969);
#5968 = CARTESIAN_POINT('',(-2.4525,-0.8,0.402847335292));
#5969 = VECTOR('',#5970,1.);
#5970 = DIRECTION('',(2.289834988289E-16,1.065228634467E-16,1.));
#5971 = PCURVE('',#4532,#5972);
#5972 = DEFINITIONAL_REPRESENTATION('',(#5973),#5977);
#5973 = LINE('',#5974,#5975);
#5974 = CARTESIAN_POINT('',(-0.372847335292,1.1));
#5975 = VECTOR('',#5976,1.);
#5976 = DIRECTION('',(-1.,0.));
#5977 = ( GEOMETRIC_REPRESENTATION_CONTEXT(2) 
PARAMETRIC_REPRESENTATION_CONTEXT() REPRESENTATION_CONTEXT('2D SPACE',''
  ) );
#5978 = PCURVE('',#4859,#5979);
#5979 = DEFINITIONAL_REPRESENTATION('',(#5980),#5984);
#5980 = LINE('',#5981,#5982);
#5981 = CARTESIAN_POINT('',(0.153522180073,-1.882167131029E-02));
#5982 = VECTOR('',#5983,1.);
#5983 = DIRECTION('',(-1.,0.));
#5984 = ( GEOMETRIC_REPRESENTATION_CONTEXT(2) 
PARAMETRIC_REPRESENTATION_CONTEXT() REPRESENTATION_CONTEXT('2D SPACE',''
  ) );
#5985 = ORIENTED_EDGE('',*,*,#4926,.T.);
#5986 = ORIENTED_EDGE('',*,*,#4516,.T.);
#5987 = ORIENTED_EDGE('',*,*,#5777,.T.);
#5988 = ORIENTED_EDGE('',*,*,#5989,.T.);
#5989 = EDGE_CURVE('',#5755,#5936,#5990,.T.);
#5990 = SURFACE_CURVE('',#5991,(#5995,#6002),.PCURVE_S1.);
#5991 = LINE('',#5992,#5993);
#5992 = CARTESIAN_POINT('',(-2.4525,-1.9,0.402847335292));
#5993 = VECTOR('',#5994,1.);
#5994 = DIRECTION('',(2.289834988289E-16,1.065228634467E-16,1.));
#5995 = PCURVE('',#4532,#5996);
#5996 = DEFINITIONAL_REPRESENTATION('',(#5997),#6001);
#5997 = LINE('',#5998,#5999);
#5998 = CARTESIAN_POINT('',(-0.372847335292,-3.971676578378E-17));
#5999 = VECTOR('',#6000,1.);
#6000 = DIRECTION('',(-1.,0.));
#6001 = ( GEOMETRIC_REPRESENTATION_CONTEXT(2) 
PARAMETRIC_REPRESENTATION_CONTEXT() REPRESENTATION_CONTEXT('2D SPACE',''
  ) );
#6002 = PCURVE('',#4071,#6003);
#6003 = DEFINITIONAL_REPRESENTATION('',(#6004),#6008);
#6004 = LINE('',#6005,#6006);
#6005 = CARTESIAN_POINT('',(-20.9325,0.647152664708));
#6006 = VECTOR('',#6007,1.);
#6007 = DIRECTION('',(0.,-1.));
#6008 = ( GEOMETRIC_REPRESENTATION_CONTEXT(2) 
PARAMETRIC_REPRESENTATION_CONTEXT() REPRESENTATION_CONTEXT('2D SPACE',''
  ) );
#6009 = ADVANCED_FACE('',(#6010,#6107),#3987,.T.);
#6010 = FACE_BOUND('',#6011,.T.);
#6011 = EDGE_LOOP('',(#6012,#6042,#6064,#6087));
#6012 = ORIENTED_EDGE('',*,*,#6013,.F.);
#6013 = EDGE_CURVE('',#6014,#6016,#6018,.T.);
#6014 = VERTEX_POINT('',#6015);
#6015 = CARTESIAN_POINT('',(-2.615,-1.,0.51));
#6016 = VERTEX_POINT('',#6017);
#6017 = CARTESIAN_POINT('',(-2.615,-1.,0.82));
#6018 = SURFACE_CURVE('',#6019,(#6023,#6030),.PCURVE_S1.);
#6019 = LINE('',#6020,#6021);
#6020 = CARTESIAN_POINT('',(-2.615,-1.,0.841614));
#6021 = VECTOR('',#6022,1.);
#6022 = DIRECTION('',(2.289834988289E-16,1.065228634467E-16,1.));
#6023 = PCURVE('',#3987,#6024);
#6024 = DEFINITIONAL_REPRESENTATION('',(#6025),#6029);
#6025 = LINE('',#6026,#6027);
#6026 = CARTESIAN_POINT('',(0.511614,-0.185));
#6027 = VECTOR('',#6028,1.);
#6028 = DIRECTION('',(1.,0.));
#6029 = ( GEOMETRIC_REPRESENTATION_CONTEXT(2) 
PARAMETRIC_REPRESENTATION_CONTEXT() REPRESENTATION_CONTEXT('2D SPACE',''
  ) );
#6030 = PCURVE('',#6031,#6036);
#6031 = B_SPLINE_SURFACE_WITH_KNOTS('',1,1,(
    (#6032,#6033)
    ,(#6034,#6035
    )),.UNSPECIFIED.,.F.,.F.,.F.,(2,2),(2,2),(-0.331614,-2.1614E-02),(0.
    ,1.),.PIECEWISE_BEZIER_KNOTS.);
#6032 = CARTESIAN_POINT('',(-2.765,-1.,0.51));
#6033 = CARTESIAN_POINT('',(-2.615,-1.,0.51));
#6034 = CARTESIAN_POINT('',(-2.765,-1.,0.82));
#6035 = CARTESIAN_POINT('',(-2.615,-1.,0.82));
#6036 = DEFINITIONAL_REPRESENTATION('',(#6037),#6041);
#6037 = LINE('',#6038,#6039);
#6038 = CARTESIAN_POINT('',(0.,1.));
#6039 = VECTOR('',#6040,1.);
#6040 = DIRECTION('',(1.,0.));
#6041 = ( GEOMETRIC_REPRESENTATION_CONTEXT(2) 
PARAMETRIC_REPRESENTATION_CONTEXT() REPRESENTATION_CONTEXT('2D SPACE',''
  ) );
#6042 = ORIENTED_EDGE('',*,*,#6043,.F.);
#6043 = EDGE_CURVE('',#6044,#6014,#6046,.T.);
#6044 = VERTEX_POINT('',#6045);
#6045 = CARTESIAN_POINT('',(-2.765,-1.,0.51));
#6046 = SURFACE_CURVE('',#6047,(#6051,#6058),.PCURVE_S1.);
#6047 = LINE('',#6048,#6049);
#6048 = CARTESIAN_POINT('',(5.,-1.,0.51));
#6049 = VECTOR('',#6050,1.);
#6050 = DIRECTION('',(1.,-5.243344273594E-32,-2.289834988289E-16));
#6051 = PCURVE('',#3987,#6052);
#6052 = DEFINITIONAL_REPRESENTATION('',(#6053),#6057);
#6053 = LINE('',#6054,#6055);
#6054 = CARTESIAN_POINT('',(0.18,-7.8));
#6055 = VECTOR('',#6056,1.);
#6056 = DIRECTION('',(0.,-1.));
#6057 = ( GEOMETRIC_REPRESENTATION_CONTEXT(2) 
PARAMETRIC_REPRESENTATION_CONTEXT() REPRESENTATION_CONTEXT('2D SPACE',''
  ) );
#6058 = PCURVE('',#6031,#6059);
#6059 = DEFINITIONAL_REPRESENTATION('',(#6060),#6063);
#6060 = B_SPLINE_CURVE_WITH_KNOTS('',1,(#6061,#6062),.UNSPECIFIED.,.F.,
  .F.,(2,2),(-7.765,-7.615),.PIECEWISE_BEZIER_KNOTS.);
#6061 = CARTESIAN_POINT('',(-0.331614,0.));
#6062 = CARTESIAN_POINT('',(-0.331614,1.));
#6063 = ( GEOMETRIC_REPRESENTATION_CONTEXT(2) 
PARAMETRIC_REPRESENTATION_CONTEXT() REPRESENTATION_CONTEXT('2D SPACE',''
  ) );
#6064 = ORIENTED_EDGE('',*,*,#6065,.T.);
#6065 = EDGE_CURVE('',#6044,#6066,#6068,.T.);
#6066 = VERTEX_POINT('',#6067);
#6067 = CARTESIAN_POINT('',(-2.765,-1.,0.82));
#6068 = SURFACE_CURVE('',#6069,(#6073,#6080),.PCURVE_S1.);
#6069 = LINE('',#6070,#6071);
#6070 = CARTESIAN_POINT('',(-2.765,-1.,0.841614));
#6071 = VECTOR('',#6072,1.);
#6072 = DIRECTION('',(2.289834988289E-16,1.065228634467E-16,1.));
#6073 = PCURVE('',#3987,#6074);
#6074 = DEFINITIONAL_REPRESENTATION('',(#6075),#6079);
#6075 = LINE('',#6076,#6077);
#6076 = CARTESIAN_POINT('',(0.511614,-3.5E-02));
#6077 = VECTOR('',#6078,1.);
#6078 = DIRECTION('',(1.,0.));
#6079 = ( GEOMETRIC_REPRESENTATION_CONTEXT(2) 
PARAMETRIC_REPRESENTATION_CONTEXT() REPRESENTATION_CONTEXT('2D SPACE',''
  ) );
#6080 = PCURVE('',#6031,#6081);
#6081 = DEFINITIONAL_REPRESENTATION('',(#6082),#6086);
#6082 = LINE('',#6083,#6084);
#6083 = CARTESIAN_POINT('',(0.,0.));
#6084 = VECTOR('',#6085,1.);
#6085 = DIRECTION('',(1.,0.));
#6086 = ( GEOMETRIC_REPRESENTATION_CONTEXT(2) 
PARAMETRIC_REPRESENTATION_CONTEXT() REPRESENTATION_CONTEXT('2D SPACE',''
  ) );
#6087 = ORIENTED_EDGE('',*,*,#6088,.F.);
#6088 = EDGE_CURVE('',#6016,#6066,#6089,.T.);
#6089 = SURFACE_CURVE('',#6090,(#6094,#6101),.PCURVE_S1.);
#6090 = LINE('',#6091,#6092);
#6091 = CARTESIAN_POINT('',(5.,-1.,0.82));
#6092 = VECTOR('',#6093,1.);
#6093 = DIRECTION('',(-1.,5.243344273594E-32,2.289834988289E-16));
#6094 = PCURVE('',#3987,#6095);
#6095 = DEFINITIONAL_REPRESENTATION('',(#6096),#6100);
#6096 = LINE('',#6097,#6098);
#6097 = CARTESIAN_POINT('',(0.49,-7.8));
#6098 = VECTOR('',#6099,1.);
#6099 = DIRECTION('',(0.,1.));
#6100 = ( GEOMETRIC_REPRESENTATION_CONTEXT(2) 
PARAMETRIC_REPRESENTATION_CONTEXT() REPRESENTATION_CONTEXT('2D SPACE',''
  ) );
#6101 = PCURVE('',#6031,#6102);
#6102 = DEFINITIONAL_REPRESENTATION('',(#6103),#6106);
#6103 = B_SPLINE_CURVE_WITH_KNOTS('',1,(#6104,#6105),.UNSPECIFIED.,.F.,
  .F.,(2,2),(7.615,7.765),.PIECEWISE_BEZIER_KNOTS.);
#6104 = CARTESIAN_POINT('',(-2.1614E-02,1.));
#6105 = CARTESIAN_POINT('',(-2.1614E-02,0.));
#6106 = ( GEOMETRIC_REPRESENTATION_CONTEXT(2) 
PARAMETRIC_REPRESENTATION_CONTEXT() REPRESENTATION_CONTEXT('2D SPACE',''
  ) );
#6107 = FACE_BOUND('',#6108,.T.);
#6108 = EDGE_LOOP('',(#6109,#6110,#6111,#6134));
#6109 = ORIENTED_EDGE('',*,*,#3971,.F.);
#6110 = ORIENTED_EDGE('',*,*,#4899,.T.);
#6111 = ORIENTED_EDGE('',*,*,#6112,.T.);
#6112 = EDGE_CURVE('',#4872,#6113,#6115,.T.);
#6113 = VERTEX_POINT('',#6114);
#6114 = CARTESIAN_POINT('',(-2.6025,-1.,0.33));
#6115 = SURFACE_CURVE('',#6116,(#6120,#6127),.PCURVE_S1.);
#6116 = LINE('',#6117,#6118);
#6117 = CARTESIAN_POINT('',(-3.5,-1.,0.33));
#6118 = VECTOR('',#6119,1.);
#6119 = DIRECTION('',(1.,-5.243344273594E-32,-2.289834988289E-16));
#6120 = PCURVE('',#3987,#6121);
#6121 = DEFINITIONAL_REPRESENTATION('',(#6122),#6126);
#6122 = LINE('',#6123,#6124);
#6123 = CARTESIAN_POINT('',(-1.602884491803E-16,0.7));
#6124 = VECTOR('',#6125,1.);
#6125 = DIRECTION('',(0.,-1.));
#6126 = ( GEOMETRIC_REPRESENTATION_CONTEXT(2) 
PARAMETRIC_REPRESENTATION_CONTEXT() REPRESENTATION_CONTEXT('2D SPACE',''
  ) );
#6127 = PCURVE('',#4887,#6128);
#6128 = DEFINITIONAL_REPRESENTATION('',(#6129),#6133);
#6129 = LINE('',#6130,#6131);
#6130 = CARTESIAN_POINT('',(0.25,0.7));
#6131 = VECTOR('',#6132,1.);
#6132 = DIRECTION('',(-3.451266460342E-31,-1.));
#6133 = ( GEOMETRIC_REPRESENTATION_CONTEXT(2) 
PARAMETRIC_REPRESENTATION_CONTEXT() REPRESENTATION_CONTEXT('2D SPACE',''
  ) );
#6134 = ORIENTED_EDGE('',*,*,#6135,.F.);
#6135 = EDGE_CURVE('',#3972,#6113,#6136,.T.);
#6136 = SURFACE_CURVE('',#6137,(#6141,#6148),.PCURVE_S1.);
#6137 = LINE('',#6138,#6139);
#6138 = CARTESIAN_POINT('',(-2.6025,-1.,0.841614));
#6139 = VECTOR('',#6140,1.);
#6140 = DIRECTION('',(-2.289834988289E-16,-1.065228634467E-16,-1.));
#6141 = PCURVE('',#3987,#6142);
#6142 = DEFINITIONAL_REPRESENTATION('',(#6143),#6147);
#6143 = LINE('',#6144,#6145);
#6144 = CARTESIAN_POINT('',(0.511614,-0.1975));
#6145 = VECTOR('',#6146,1.);
#6146 = DIRECTION('',(-1.,0.));
#6147 = ( GEOMETRIC_REPRESENTATION_CONTEXT(2) 
PARAMETRIC_REPRESENTATION_CONTEXT() REPRESENTATION_CONTEXT('2D SPACE',''
  ) );
#6148 = PCURVE('',#4015,#6149);
#6149 = DEFINITIONAL_REPRESENTATION('',(#6150),#6154);
#6150 = LINE('',#6151,#6152);
#6151 = CARTESIAN_POINT('',(-1.074936230421,0.438766664708));
#6152 = VECTOR('',#6153,1.);
#6153 = DIRECTION('',(0.,-1.));
#6154 = ( GEOMETRIC_REPRESENTATION_CONTEXT(2) 
PARAMETRIC_REPRESENTATION_CONTEXT() REPRESENTATION_CONTEXT('2D SPACE',''
  ) );
#6155 = ADVANCED_FACE('',(#6156),#4859,.T.);
#6156 = FACE_BOUND('',#6157,.T.);
#6157 = EDGE_LOOP('',(#6158,#6188,#6209,#6210,#6211,#6212));
#6158 = ORIENTED_EDGE('',*,*,#6159,.T.);
#6159 = EDGE_CURVE('',#6160,#6162,#6164,.T.);
#6160 = VERTEX_POINT('',#6161);
#6161 = CARTESIAN_POINT('',(-2.5025,-0.8,0.18));
#6162 = VERTEX_POINT('',#6163);
#6163 = CARTESIAN_POINT('',(-2.6025,-0.8,0.18));
#6164 = SURFACE_CURVE('',#6165,(#6169,#6176),.PCURVE_S1.);
#6165 = LINE('',#6166,#6167);
#6166 = CARTESIAN_POINT('',(-2.6025,-0.8,0.18));
#6167 = VECTOR('',#6168,1.);
#6168 = DIRECTION('',(-1.,5.243344273594E-32,2.289834988289E-16));
#6169 = PCURVE('',#4859,#6170);
#6170 = DEFINITIONAL_REPRESENTATION('',(#6171),#6175);
#6171 = LINE('',#6172,#6173);
#6172 = CARTESIAN_POINT('',(0.376369515365,-0.16882167131));
#6173 = VECTOR('',#6174,1.);
#6174 = DIRECTION('',(0.,-1.));
#6175 = ( GEOMETRIC_REPRESENTATION_CONTEXT(2) 
PARAMETRIC_REPRESENTATION_CONTEXT() REPRESENTATION_CONTEXT('2D SPACE',''
  ) );
#6176 = PCURVE('',#6177,#6182);
#6177 = PLANE('',#6178);
#6178 = AXIS2_PLACEMENT_3D('',#6179,#6180,#6181);
#6179 = CARTESIAN_POINT('',(-2.4525,-1.9,0.18));
#6180 = DIRECTION('',(2.289834988289E-16,1.065228634467E-16,1.));
#6181 = DIRECTION('',(1.,-5.243344273594E-32,-2.289834988289E-16));
#6182 = DEFINITIONAL_REPRESENTATION('',(#6183),#6187);
#6183 = LINE('',#6184,#6185);
#6184 = CARTESIAN_POINT('',(-0.15,1.1));
#6185 = VECTOR('',#6186,1.);
#6186 = DIRECTION('',(-1.,-2.736911063134E-48));
#6187 = ( GEOMETRIC_REPRESENTATION_CONTEXT(2) 
PARAMETRIC_REPRESENTATION_CONTEXT() REPRESENTATION_CONTEXT('2D SPACE',''
  ) );
#6188 = ORIENTED_EDGE('',*,*,#6189,.F.);
#6189 = EDGE_CURVE('',#4844,#6162,#6190,.T.);
#6190 = SURFACE_CURVE('',#6191,(#6195,#6202),.PCURVE_S1.);
#6191 = LINE('',#6192,#6193);
#6192 = CARTESIAN_POINT('',(-3.,-0.8,0.18));
#6193 = VECTOR('',#6194,1.);
#6194 = DIRECTION('',(1.,-5.243344273594E-32,-2.289834988289E-16));
#6195 = PCURVE('',#4859,#6196);
#6196 = DEFINITIONAL_REPRESENTATION('',(#6197),#6201);
#6197 = LINE('',#6198,#6199);
#6198 = CARTESIAN_POINT('',(0.376369515365,-0.56632167131));
#6199 = VECTOR('',#6200,1.);
#6200 = DIRECTION('',(0.,1.));
#6201 = ( GEOMETRIC_REPRESENTATION_CONTEXT(2) 
PARAMETRIC_REPRESENTATION_CONTEXT() REPRESENTATION_CONTEXT('2D SPACE',''
  ) );
#6202 = PCURVE('',#4887,#6203);
#6203 = DEFINITIONAL_REPRESENTATION('',(#6204),#6208);
#6204 = LINE('',#6205,#6206);
#6205 = CARTESIAN_POINT('',(-1.08246744901E-17,0.2));
#6206 = VECTOR('',#6207,1.);
#6207 = DIRECTION('',(-3.451266460342E-31,-1.));
#6208 = ( GEOMETRIC_REPRESENTATION_CONTEXT(2) 
PARAMETRIC_REPRESENTATION_CONTEXT() REPRESENTATION_CONTEXT('2D SPACE',''
  ) );
#6209 = ORIENTED_EDGE('',*,*,#4843,.F.);
#6210 = ORIENTED_EDGE('',*,*,#4949,.F.);
#6211 = ORIENTED_EDGE('',*,*,#5965,.T.);
#6212 = ORIENTED_EDGE('',*,*,#6213,.F.);
#6213 = EDGE_CURVE('',#6160,#5938,#6214,.T.);
#6214 = SURFACE_CURVE('',#6215,(#6219,#6226),.PCURVE_S1.);
#6215 = LINE('',#6216,#6217);
#6216 = CARTESIAN_POINT('',(-2.6025,-0.8,0.28));
#6217 = VECTOR('',#6218,1.);
#6218 = DIRECTION('',(0.707106781187,-7.532303909457E-17,-0.707106781187
    ));
#6219 = PCURVE('',#4859,#6220);
#6220 = DEFINITIONAL_REPRESENTATION('',(#6221),#6225);
#6221 = LINE('',#6222,#6223);
#6222 = CARTESIAN_POINT('',(0.276369515365,-0.16882167131));
#6223 = VECTOR('',#6224,1.);
#6224 = DIRECTION('',(0.707106781187,0.707106781187));
#6225 = ( GEOMETRIC_REPRESENTATION_CONTEXT(2) 
PARAMETRIC_REPRESENTATION_CONTEXT() REPRESENTATION_CONTEXT('2D SPACE',''
  ) );
#6226 = PCURVE('',#5953,#6227);
#6227 = DEFINITIONAL_REPRESENTATION('',(#6228),#6232);
#6228 = LINE('',#6229,#6230);
#6229 = CARTESIAN_POINT('',(-0.176776695297,0.55));
#6230 = VECTOR('',#6231,1.);
#6231 = DIRECTION('',(1.,8.628166150855E-32));
#6232 = ( GEOMETRIC_REPRESENTATION_CONTEXT(2) 
PARAMETRIC_REPRESENTATION_CONTEXT() REPRESENTATION_CONTEXT('2D SPACE',''
  ) );
#6233 = ADVANCED_FACE('',(#6234),#4887,.T.);
#6234 = FACE_BOUND('',#6235,.T.);
#6235 = EDGE_LOOP('',(#6236,#6237,#6258,#6259));
#6236 = ORIENTED_EDGE('',*,*,#6189,.T.);
#6237 = ORIENTED_EDGE('',*,*,#6238,.T.);
#6238 = EDGE_CURVE('',#6162,#6113,#6239,.T.);
#6239 = SURFACE_CURVE('',#6240,(#6244,#6251),.PCURVE_S1.);
#6240 = LINE('',#6241,#6242);
#6241 = CARTESIAN_POINT('',(-2.6025,0.694863,-0.94114725));
#6242 = VECTOR('',#6243,1.);
#6243 = DIRECTION('',(1.373900992974E-16,-0.8,0.6));
#6244 = PCURVE('',#4887,#6245);
#6245 = DEFINITIONAL_REPRESENTATION('',(#6246),#6250);
#6246 = LINE('',#6247,#6248);
#6247 = CARTESIAN_POINT('',(-1.86857875,-0.1975));
#6248 = VECTOR('',#6249,1.);
#6249 = DIRECTION('',(1.,0.));
#6250 = ( GEOMETRIC_REPRESENTATION_CONTEXT(2) 
PARAMETRIC_REPRESENTATION_CONTEXT() REPRESENTATION_CONTEXT('2D SPACE',''
  ) );
#6251 = PCURVE('',#4015,#6252);
#6252 = DEFINITIONAL_REPRESENTATION('',(#6253),#6257);
#6253 = LINE('',#6254,#6255);
#6254 = CARTESIAN_POINT('',(0.619926769579,-1.343994585292));
#6255 = VECTOR('',#6256,1.);
#6256 = DIRECTION('',(-0.8,0.6));
#6257 = ( GEOMETRIC_REPRESENTATION_CONTEXT(2) 
PARAMETRIC_REPRESENTATION_CONTEXT() REPRESENTATION_CONTEXT('2D SPACE',''
  ) );
#6258 = ORIENTED_EDGE('',*,*,#6112,.F.);
#6259 = ORIENTED_EDGE('',*,*,#4871,.F.);
#6260 = ADVANCED_FACE('',(#6261),#4071,.T.);
#6261 = FACE_BOUND('',#6262,.T.);
#6262 = EDGE_LOOP('',(#6263,#6293,#6314,#6315,#6336,#6337,#6338,#6361,
    #6382,#6383));
#6263 = ORIENTED_EDGE('',*,*,#6264,.F.);
#6264 = EDGE_CURVE('',#6265,#6267,#6269,.T.);
#6265 = VERTEX_POINT('',#6266);
#6266 = CARTESIAN_POINT('',(-2.385,-1.9,0.1));
#6267 = VERTEX_POINT('',#6268);
#6268 = CARTESIAN_POINT('',(2.385,-1.9,1.E-01));
#6269 = SURFACE_CURVE('',#6270,(#6274,#6281),.PCURVE_S1.);
#6270 = LINE('',#6271,#6272);
#6271 = CARTESIAN_POINT('',(0.5,-1.9,1.E-01));
#6272 = VECTOR('',#6273,1.);
#6273 = DIRECTION('',(1.,-5.243344273594E-32,-2.289834988289E-16));
#6274 = PCURVE('',#4071,#6275);
#6275 = DEFINITIONAL_REPRESENTATION('',(#6276),#6280);
#6276 = LINE('',#6277,#6278);
#6277 = CARTESIAN_POINT('',(-23.885,0.95));
#6278 = VECTOR('',#6279,1.);
#6279 = DIRECTION('',(-1.,0.));
#6280 = ( GEOMETRIC_REPRESENTATION_CONTEXT(2) 
PARAMETRIC_REPRESENTATION_CONTEXT() REPRESENTATION_CONTEXT('2D SPACE',''
  ) );
#6281 = PCURVE('',#6282,#6287);
#6282 = PLANE('',#6283);
#6283 = AXIS2_PLACEMENT_3D('',#6284,#6285,#6286);
#6284 = CARTESIAN_POINT('',(7.265,-1.63,0.3));
#6285 = DIRECTION('',(-1.840013376412E-16,0.595227550626,-0.803557193345
    ));
#6286 = DIRECTION('',(1.362972871417E-16,0.803557193345,0.595227550626)
  );
#6287 = DEFINITIONAL_REPRESENTATION('',(#6288),#6292);
#6288 = LINE('',#6289,#6290);
#6289 = CARTESIAN_POINT('',(-0.336005952328,-6.765));
#6290 = VECTOR('',#6291,1.);
#6291 = DIRECTION('',(-6.902532920684E-31,1.));
#6292 = ( GEOMETRIC_REPRESENTATION_CONTEXT(2) 
PARAMETRIC_REPRESENTATION_CONTEXT() REPRESENTATION_CONTEXT('2D SPACE',''
  ) );
#6293 = ORIENTED_EDGE('',*,*,#6294,.T.);
#6294 = EDGE_CURVE('',#6265,#4056,#6295,.T.);
#6295 = SURFACE_CURVE('',#6296,(#6300,#6307),.PCURVE_S1.);
#6296 = LINE('',#6297,#6298);
#6297 = CARTESIAN_POINT('',(-2.385,-1.9,0.575));
#6298 = VECTOR('',#6299,1.);
#6299 = DIRECTION('',(2.289834988289E-16,2.289834988289E-16,1.));
#6300 = PCURVE('',#4071,#6301);
#6301 = DEFINITIONAL_REPRESENTATION('',(#6302),#6306);
#6302 = LINE('',#6303,#6304);
#6303 = CARTESIAN_POINT('',(-21.,0.475));
#6304 = VECTOR('',#6305,1.);
#6305 = DIRECTION('',(0.,-1.));
#6306 = ( GEOMETRIC_REPRESENTATION_CONTEXT(2) 
PARAMETRIC_REPRESENTATION_CONTEXT() REPRESENTATION_CONTEXT('2D SPACE',''
  ) );
#6307 = PCURVE('',#4099,#6308);
#6308 = DEFINITIONAL_REPRESENTATION('',(#6309),#6313);
#6309 = LINE('',#6310,#6311);
#6310 = CARTESIAN_POINT('',(7.071067811865E-02,-2.289834988289E-17));
#6311 = VECTOR('',#6312,1.);
#6312 = DIRECTION('',(-2.958228394579E-31,1.));
#6313 = ( GEOMETRIC_REPRESENTATION_CONTEXT(2) 
PARAMETRIC_REPRESENTATION_CONTEXT() REPRESENTATION_CONTEXT('2D SPACE',''
  ) );
#6314 = ORIENTED_EDGE('',*,*,#4055,.T.);
#6315 = ORIENTED_EDGE('',*,*,#6316,.F.);
#6316 = EDGE_CURVE('',#5936,#4028,#6317,.T.);
#6317 = SURFACE_CURVE('',#6318,(#6322,#6329),.PCURVE_S1.);
#6318 = LINE('',#6319,#6320);
#6319 = CARTESIAN_POINT('',(-2.4525,-1.9,0.615));
#6320 = VECTOR('',#6321,1.);
#6321 = DIRECTION('',(2.289834988289E-16,2.289834988289E-16,1.));
#6322 = PCURVE('',#4071,#6323);
#6323 = DEFINITIONAL_REPRESENTATION('',(#6324),#6328);
#6324 = LINE('',#6325,#6326);
#6325 = CARTESIAN_POINT('',(-20.9325,0.435));
#6326 = VECTOR('',#6327,1.);
#6327 = DIRECTION('',(0.,-1.));
#6328 = ( GEOMETRIC_REPRESENTATION_CONTEXT(2) 
PARAMETRIC_REPRESENTATION_CONTEXT() REPRESENTATION_CONTEXT('2D SPACE',''
  ) );
#6329 = PCURVE('',#4043,#6330);
#6330 = DEFINITIONAL_REPRESENTATION('',(#6331),#6335);
#6331 = LINE('',#6332,#6333);
#6332 = CARTESIAN_POINT('',(-0.106066017178,-1.879707625722E-31));
#6333 = VECTOR('',#6334,1.);
#6334 = DIRECTION('',(1.479114197289E-31,1.));
#6335 = ( GEOMETRIC_REPRESENTATION_CONTEXT(2) 
PARAMETRIC_REPRESENTATION_CONTEXT() REPRESENTATION_CONTEXT('2D SPACE',''
  ) );
#6336 = ORIENTED_EDGE('',*,*,#5989,.F.);
#6337 = ORIENTED_EDGE('',*,*,#5754,.F.);
#6338 = ORIENTED_EDGE('',*,*,#6339,.T.);
#6339 = EDGE_CURVE('',#5727,#6340,#6342,.T.);
#6340 = VERTEX_POINT('',#6341);
#6341 = CARTESIAN_POINT('',(2.4525,-1.9,0.13));
#6342 = SURFACE_CURVE('',#6343,(#6347,#6354),.PCURVE_S1.);
#6343 = LINE('',#6344,#6345);
#6344 = CARTESIAN_POINT('',(2.4525,-1.9,0.402847335292));
#6345 = VECTOR('',#6346,1.);
#6346 = DIRECTION('',(2.289834988289E-16,1.065228634467E-16,1.));
#6347 = PCURVE('',#4071,#6348);
#6348 = DEFINITIONAL_REPRESENTATION('',(#6349),#6353);
#6349 = LINE('',#6350,#6351);
#6350 = CARTESIAN_POINT('',(-25.8375,0.647152664708));
#6351 = VECTOR('',#6352,1.);
#6352 = DIRECTION('',(0.,-1.));
#6353 = ( GEOMETRIC_REPRESENTATION_CONTEXT(2) 
PARAMETRIC_REPRESENTATION_CONTEXT() REPRESENTATION_CONTEXT('2D SPACE',''
  ) );
#6354 = PCURVE('',#5742,#6355);
#6355 = DEFINITIONAL_REPRESENTATION('',(#6356),#6360);
#6356 = LINE('',#6357,#6358);
#6357 = CARTESIAN_POINT('',(-0.372847335292,-3.971676578378E-17));
#6358 = VECTOR('',#6359,1.);
#6359 = DIRECTION('',(-1.,0.));
#6360 = ( GEOMETRIC_REPRESENTATION_CONTEXT(2) 
PARAMETRIC_REPRESENTATION_CONTEXT() REPRESENTATION_CONTEXT('2D SPACE',''
  ) );
#6361 = ORIENTED_EDGE('',*,*,#6362,.T.);
#6362 = EDGE_CURVE('',#6340,#4168,#6363,.T.);
#6363 = SURFACE_CURVE('',#6364,(#6368,#6375),.PCURVE_S1.);
#6364 = LINE('',#6365,#6366);
#6365 = CARTESIAN_POINT('',(2.4525,-1.9,0.615));
#6366 = VECTOR('',#6367,1.);
#6367 = DIRECTION('',(2.289834988289E-16,2.289834988289E-16,1.));
#6368 = PCURVE('',#4071,#6369);
#6369 = DEFINITIONAL_REPRESENTATION('',(#6370),#6374);
#6370 = LINE('',#6371,#6372);
#6371 = CARTESIAN_POINT('',(-25.8375,0.435));
#6372 = VECTOR('',#6373,1.);
#6373 = DIRECTION('',(0.,-1.));
#6374 = ( GEOMETRIC_REPRESENTATION_CONTEXT(2) 
PARAMETRIC_REPRESENTATION_CONTEXT() REPRESENTATION_CONTEXT('2D SPACE',''
  ) );
#6375 = PCURVE('',#4206,#6376);
#6376 = DEFINITIONAL_REPRESENTATION('',(#6377),#6381);
#6377 = LINE('',#6378,#6379);
#6378 = CARTESIAN_POINT('',(-0.106066017178,-3.434752482434E-17));
#6379 = VECTOR('',#6380,1.);
#6380 = DIRECTION('',(1.972152263053E-31,1.));
#6381 = ( GEOMETRIC_REPRESENTATION_CONTEXT(2) 
PARAMETRIC_REPRESENTATION_CONTEXT() REPRESENTATION_CONTEXT('2D SPACE',''
  ) );
#6382 = ORIENTED_EDGE('',*,*,#4167,.F.);
#6383 = ORIENTED_EDGE('',*,*,#6384,.F.);
#6384 = EDGE_CURVE('',#6267,#4140,#6385,.T.);
#6385 = SURFACE_CURVE('',#6386,(#6390,#6397),.PCURVE_S1.);
#6386 = LINE('',#6387,#6388);
#6387 = CARTESIAN_POINT('',(2.385,-1.9,0.575));
#6388 = VECTOR('',#6389,1.);
#6389 = DIRECTION('',(2.289834988289E-16,2.289834988289E-16,1.));
#6390 = PCURVE('',#4071,#6391);
#6391 = DEFINITIONAL_REPRESENTATION('',(#6392),#6396);
#6392 = LINE('',#6393,#6394);
#6393 = CARTESIAN_POINT('',(-25.77,0.475));
#6394 = VECTOR('',#6395,1.);
#6395 = DIRECTION('',(0.,-1.));
#6396 = ( GEOMETRIC_REPRESENTATION_CONTEXT(2) 
PARAMETRIC_REPRESENTATION_CONTEXT() REPRESENTATION_CONTEXT('2D SPACE',''
  ) );
#6397 = PCURVE('',#4155,#6398);
#6398 = DEFINITIONAL_REPRESENTATION('',(#6399),#6403);
#6399 = LINE('',#6400,#6401);
#6400 = CARTESIAN_POINT('',(7.071067811865E-02,-3.08148791102E-33));
#6401 = VECTOR('',#6402,1.);
#6402 = DIRECTION('',(2.465190328816E-32,1.));
#6403 = ( GEOMETRIC_REPRESENTATION_CONTEXT(2) 
PARAMETRIC_REPRESENTATION_CONTEXT() REPRESENTATION_CONTEXT('2D SPACE',''
  ) );
#6404 = ADVANCED_FACE('',(#6405),#4043,.F.);
#6405 = FACE_BOUND('',#6406,.T.);
#6406 = EDGE_LOOP('',(#6407,#6408,#6431,#6454,#6475));
#6407 = ORIENTED_EDGE('',*,*,#4027,.F.);
#6408 = ORIENTED_EDGE('',*,*,#6409,.F.);
#6409 = EDGE_CURVE('',#6410,#4000,#6412,.T.);
#6410 = VERTEX_POINT('',#6411);
#6411 = CARTESIAN_POINT('',(-2.6025,-1.75,0.18));
#6412 = SURFACE_CURVE('',#6413,(#6417,#6424),.PCURVE_S1.);
#6413 = LINE('',#6414,#6415);
#6414 = CARTESIAN_POINT('',(-2.6025,-1.75,0.615));
#6415 = VECTOR('',#6416,1.);
#6416 = DIRECTION('',(2.289834988289E-16,2.289834988289E-16,1.));
#6417 = PCURVE('',#4043,#6418);
#6418 = DEFINITIONAL_REPRESENTATION('',(#6419),#6423);
#6419 = LINE('',#6420,#6421);
#6420 = CARTESIAN_POINT('',(0.106066017178,1.355854680849E-31));
#6421 = VECTOR('',#6422,1.);
#6422 = DIRECTION('',(1.479114197289E-31,1.));
#6423 = ( GEOMETRIC_REPRESENTATION_CONTEXT(2) 
PARAMETRIC_REPRESENTATION_CONTEXT() REPRESENTATION_CONTEXT('2D SPACE',''
  ) );
#6424 = PCURVE('',#4015,#6425);
#6425 = DEFINITIONAL_REPRESENTATION('',(#6426),#6430);
#6426 = LINE('',#6427,#6428);
#6427 = CARTESIAN_POINT('',(-1.824936230421,0.212152664708));
#6428 = VECTOR('',#6429,1.);
#6429 = DIRECTION('',(1.224606353822E-16,1.));
#6430 = ( GEOMETRIC_REPRESENTATION_CONTEXT(2) 
PARAMETRIC_REPRESENTATION_CONTEXT() REPRESENTATION_CONTEXT('2D SPACE',''
  ) );
#6431 = ORIENTED_EDGE('',*,*,#6432,.F.);
#6432 = EDGE_CURVE('',#6433,#6410,#6435,.T.);
#6433 = VERTEX_POINT('',#6434);
#6434 = CARTESIAN_POINT('',(-2.5025,-1.85,0.18));
#6435 = SURFACE_CURVE('',#6436,(#6440,#6447),.PCURVE_S1.);
#6436 = LINE('',#6437,#6438);
#6437 = CARTESIAN_POINT('',(-5.047363,0.694863,0.18));
#6438 = VECTOR('',#6439,1.);
#6439 = DIRECTION('',(-0.707106781187,0.707106781187,1.110223024625E-16)
  );
#6440 = PCURVE('',#4043,#6441);
#6441 = DEFINITIONAL_REPRESENTATION('',(#6442),#6446);
#6442 = LINE('',#6443,#6444);
#6443 = CARTESIAN_POINT('',(3.563624429922,-0.435));
#6444 = VECTOR('',#6445,1.);
#6445 = DIRECTION('',(1.,1.110223024625E-16));
#6446 = ( GEOMETRIC_REPRESENTATION_CONTEXT(2) 
PARAMETRIC_REPRESENTATION_CONTEXT() REPRESENTATION_CONTEXT('2D SPACE',''
  ) );
#6447 = PCURVE('',#6177,#6448);
#6448 = DEFINITIONAL_REPRESENTATION('',(#6449),#6453);
#6449 = LINE('',#6450,#6451);
#6450 = CARTESIAN_POINT('',(-2.594863,2.594863));
#6451 = VECTOR('',#6452,1.);
#6452 = DIRECTION('',(-0.707106781187,0.707106781187));
#6453 = ( GEOMETRIC_REPRESENTATION_CONTEXT(2) 
PARAMETRIC_REPRESENTATION_CONTEXT() REPRESENTATION_CONTEXT('2D SPACE',''
  ) );
#6454 = ORIENTED_EDGE('',*,*,#6455,.F.);
#6455 = EDGE_CURVE('',#5936,#6433,#6456,.T.);
#6456 = SURFACE_CURVE('',#6457,(#6461,#6468),.PCURVE_S1.);
#6457 = LINE('',#6458,#6459);
#6458 = CARTESIAN_POINT('',(-5.047363,0.694863,2.724863));
#6459 = VECTOR('',#6460,1.);
#6460 = DIRECTION('',(-0.57735026919,0.57735026919,0.57735026919));
#6461 = PCURVE('',#4043,#6462);
#6462 = DEFINITIONAL_REPRESENTATION('',(#6463),#6467);
#6463 = LINE('',#6464,#6465);
#6464 = CARTESIAN_POINT('',(3.563624429922,2.109863));
#6465 = VECTOR('',#6466,1.);
#6466 = DIRECTION('',(0.816496580928,0.57735026919));
#6467 = ( GEOMETRIC_REPRESENTATION_CONTEXT(2) 
PARAMETRIC_REPRESENTATION_CONTEXT() REPRESENTATION_CONTEXT('2D SPACE',''
  ) );
#6468 = PCURVE('',#5953,#6469);
#6469 = DEFINITIONAL_REPRESENTATION('',(#6470),#6474);
#6470 = LINE('',#6471,#6472);
#6471 = CARTESIAN_POINT('',(-3.634335108041,2.044863));
#6472 = VECTOR('',#6473,1.);
#6473 = DIRECTION('',(-0.816496580928,0.57735026919));
#6474 = ( GEOMETRIC_REPRESENTATION_CONTEXT(2) 
PARAMETRIC_REPRESENTATION_CONTEXT() REPRESENTATION_CONTEXT('2D SPACE',''
  ) );
#6475 = ORIENTED_EDGE('',*,*,#6316,.T.);
#6476 = ADVANCED_FACE('',(#6477),#4015,.F.);
#6477 = FACE_BOUND('',#6478,.T.);
#6478 = EDGE_LOOP('',(#6479,#6480,#6501,#6502,#6503));
#6479 = ORIENTED_EDGE('',*,*,#6238,.F.);
#6480 = ORIENTED_EDGE('',*,*,#6481,.F.);
#6481 = EDGE_CURVE('',#6410,#6162,#6482,.T.);
#6482 = SURFACE_CURVE('',#6483,(#6487,#6494),.PCURVE_S1.);
#6483 = LINE('',#6484,#6485);
#6484 = CARTESIAN_POINT('',(-2.6025,0.694863,0.18));
#6485 = VECTOR('',#6486,1.);
#6486 = DIRECTION('',(2.804146475864E-32,1.,-1.065228634467E-16));
#6487 = PCURVE('',#4015,#6488);
#6488 = DEFINITIONAL_REPRESENTATION('',(#6489),#6493);
#6489 = LINE('',#6490,#6491);
#6490 = CARTESIAN_POINT('',(0.619926769579,-0.222847335292));
#6491 = VECTOR('',#6492,1.);
#6492 = DIRECTION('',(1.,0.));
#6493 = ( GEOMETRIC_REPRESENTATION_CONTEXT(2) 
PARAMETRIC_REPRESENTATION_CONTEXT() REPRESENTATION_CONTEXT('2D SPACE',''
  ) );
#6494 = PCURVE('',#6177,#6495);
#6495 = DEFINITIONAL_REPRESENTATION('',(#6496),#6500);
#6496 = LINE('',#6497,#6498);
#6497 = CARTESIAN_POINT('',(-0.15,2.594863));
#6498 = VECTOR('',#6499,1.);
#6499 = DIRECTION('',(9.031806508344E-47,1.));
#6500 = ( GEOMETRIC_REPRESENTATION_CONTEXT(2) 
PARAMETRIC_REPRESENTATION_CONTEXT() REPRESENTATION_CONTEXT('2D SPACE',''
  ) );
#6501 = ORIENTED_EDGE('',*,*,#6409,.T.);
#6502 = ORIENTED_EDGE('',*,*,#3999,.T.);
#6503 = ORIENTED_EDGE('',*,*,#6135,.T.);
#6504 = ADVANCED_FACE('',(#6505),#6177,.F.);
#6505 = FACE_BOUND('',#6506,.T.);
#6506 = EDGE_LOOP('',(#6507,#6508,#6529,#6530));
#6507 = ORIENTED_EDGE('',*,*,#6159,.F.);
#6508 = ORIENTED_EDGE('',*,*,#6509,.T.);
#6509 = EDGE_CURVE('',#6160,#6433,#6510,.T.);
#6510 = SURFACE_CURVE('',#6511,(#6515,#6522),.PCURVE_S1.);
#6511 = LINE('',#6512,#6513);
#6512 = CARTESIAN_POINT('',(-2.5025,7.493623042064E-02,0.18));
#6513 = VECTOR('',#6514,1.);
#6514 = DIRECTION('',(-2.804146475864E-32,-1.,1.065228634467E-16));
#6515 = PCURVE('',#6177,#6516);
#6516 = DEFINITIONAL_REPRESENTATION('',(#6517),#6521);
#6517 = LINE('',#6518,#6519);
#6518 = CARTESIAN_POINT('',(-5.E-02,1.974936230421));
#6519 = VECTOR('',#6520,1.);
#6520 = DIRECTION('',(-9.031806508344E-47,-1.));
#6521 = ( GEOMETRIC_REPRESENTATION_CONTEXT(2) 
PARAMETRIC_REPRESENTATION_CONTEXT() REPRESENTATION_CONTEXT('2D SPACE',''
  ) );
#6522 = PCURVE('',#5953,#6523);
#6523 = DEFINITIONAL_REPRESENTATION('',(#6524),#6528);
#6524 = LINE('',#6525,#6526);
#6525 = CARTESIAN_POINT('',(-3.535533905933E-02,1.424936230421));
#6526 = VECTOR('',#6527,1.);
#6527 = DIRECTION('',(-6.162975822039E-32,-1.));
#6528 = ( GEOMETRIC_REPRESENTATION_CONTEXT(2) 
PARAMETRIC_REPRESENTATION_CONTEXT() REPRESENTATION_CONTEXT('2D SPACE',''
  ) );
#6529 = ORIENTED_EDGE('',*,*,#6432,.T.);
#6530 = ORIENTED_EDGE('',*,*,#6481,.T.);
#6531 = ADVANCED_FACE('',(#6532),#5953,.F.);
#6532 = FACE_BOUND('',#6533,.T.);
#6533 = EDGE_LOOP('',(#6534,#6535,#6536,#6537));
#6534 = ORIENTED_EDGE('',*,*,#6509,.F.);
#6535 = ORIENTED_EDGE('',*,*,#6213,.T.);
#6536 = ORIENTED_EDGE('',*,*,#5935,.F.);
#6537 = ORIENTED_EDGE('',*,*,#6455,.T.);
#6538 = ADVANCED_FACE('',(#6539),#3552,.T.);
#6539 = FACE_BOUND('',#6540,.T.);
#6540 = EDGE_LOOP('',(#6541,#6571,#6591,#6592,#6593,#6594,#6617,#6645,
    #6666,#6667,#6690));
#6541 = ORIENTED_EDGE('',*,*,#6542,.F.);
#6542 = EDGE_CURVE('',#6543,#6545,#6547,.T.);
#6543 = VERTEX_POINT('',#6544);
#6544 = CARTESIAN_POINT('',(1.825,1.,0.31));
#6545 = VERTEX_POINT('',#6546);
#6546 = CARTESIAN_POINT('',(1.825,1.,8.E-02));
#6547 = SURFACE_CURVE('',#6548,(#6552,#6559),.PCURVE_S1.);
#6548 = LINE('',#6549,#6550);
#6549 = CARTESIAN_POINT('',(1.825,1.,0.841614));
#6550 = VECTOR('',#6551,1.);
#6551 = DIRECTION('',(-2.289834988289E-16,-1.065228634467E-16,-1.));
#6552 = PCURVE('',#3552,#6553);
#6553 = DEFINITIONAL_REPRESENTATION('',(#6554),#6558);
#6554 = LINE('',#6555,#6556);
#6555 = CARTESIAN_POINT('',(-0.531614,1.217308337464E-16));
#6556 = VECTOR('',#6557,1.);
#6557 = DIRECTION('',(1.,0.));
#6558 = ( GEOMETRIC_REPRESENTATION_CONTEXT(2) 
PARAMETRIC_REPRESENTATION_CONTEXT() REPRESENTATION_CONTEXT('2D SPACE',''
  ) );
#6559 = PCURVE('',#6560,#6565);
#6560 = B_SPLINE_SURFACE_WITH_KNOTS('',1,1,(
    (#6561,#6562)
    ,(#6563,#6564
    )),.UNSPECIFIED.,.F.,.F.,.F.,(2,2),(2,2),(-0.761614,-0.531614),(0.,
    1.),.PIECEWISE_BEZIER_KNOTS.);
#6561 = CARTESIAN_POINT('',(1.825,1.,8.E-02));
#6562 = CARTESIAN_POINT('',(1.675,1.,8.E-02));
#6563 = CARTESIAN_POINT('',(1.825,1.,0.31));
#6564 = CARTESIAN_POINT('',(1.675,1.,0.31));
#6565 = DEFINITIONAL_REPRESENTATION('',(#6566),#6570);
#6566 = LINE('',#6567,#6568);
#6567 = CARTESIAN_POINT('',(0.,0.));
#6568 = VECTOR('',#6569,1.);
#6569 = DIRECTION('',(-1.,0.));
#6570 = ( GEOMETRIC_REPRESENTATION_CONTEXT(2) 
PARAMETRIC_REPRESENTATION_CONTEXT() REPRESENTATION_CONTEXT('2D SPACE',''
  ) );
#6571 = ORIENTED_EDGE('',*,*,#6572,.F.);
#6572 = EDGE_CURVE('',#3537,#6543,#6573,.T.);
#6573 = SURFACE_CURVE('',#6574,(#6578,#6585),.PCURVE_S1.);
#6574 = LINE('',#6575,#6576);
#6575 = CARTESIAN_POINT('',(3.5,1.,0.31));
#6576 = VECTOR('',#6577,1.);
#6577 = DIRECTION('',(-1.,5.243344273594E-32,2.289834988289E-16));
#6578 = PCURVE('',#3552,#6579);
#6579 = DEFINITIONAL_REPRESENTATION('',(#6580),#6584);
#6580 = LINE('',#6581,#6582);
#6581 = CARTESIAN_POINT('',(-3.835473605385E-16,-1.675));
#6582 = VECTOR('',#6583,1.);
#6583 = DIRECTION('',(0.,1.));
#6584 = ( GEOMETRIC_REPRESENTATION_CONTEXT(2) 
PARAMETRIC_REPRESENTATION_CONTEXT() REPRESENTATION_CONTEXT('2D SPACE',''
  ) );
#6585 = PCURVE('',#3580,#6586);
#6586 = DEFINITIONAL_REPRESENTATION('',(#6587),#6590);
#6587 = B_SPLINE_CURVE_WITH_KNOTS('',1,(#6588,#6589),.UNSPECIFIED.,.F.,
  .F.,(2,2),(0.73,1.675),.PIECEWISE_BEZIER_KNOTS.);
#6588 = CARTESIAN_POINT('',(-0.305137,0.));
#6589 = CARTESIAN_POINT('',(-0.305137,0.170577617329));
#6590 = ( GEOMETRIC_REPRESENTATION_CONTEXT(2) 
PARAMETRIC_REPRESENTATION_CONTEXT() REPRESENTATION_CONTEXT('2D SPACE',''
  ) );
#6591 = ORIENTED_EDGE('',*,*,#3536,.F.);
#6592 = ORIENTED_EDGE('',*,*,#3621,.F.);
#6593 = ORIENTED_EDGE('',*,*,#4302,.T.);
#6594 = ORIENTED_EDGE('',*,*,#6595,.T.);
#6595 = EDGE_CURVE('',#4275,#6596,#6598,.T.);
#6596 = VERTEX_POINT('',#6597);
#6597 = CARTESIAN_POINT('',(3.,1.,8.E-02));
#6598 = SURFACE_CURVE('',#6599,(#6603,#6610),.PCURVE_S1.);
#6599 = LINE('',#6600,#6601);
#6600 = CARTESIAN_POINT('',(3.,1.,0.841614));
#6601 = VECTOR('',#6602,1.);
#6602 = DIRECTION('',(-2.289834988289E-16,-1.065228634467E-16,-1.));
#6603 = PCURVE('',#3552,#6604);
#6604 = DEFINITIONAL_REPRESENTATION('',(#6605),#6609);
#6605 = LINE('',#6606,#6607);
#6606 = CARTESIAN_POINT('',(-0.531614,-1.175));
#6607 = VECTOR('',#6608,1.);
#6608 = DIRECTION('',(1.,0.));
#6609 = ( GEOMETRIC_REPRESENTATION_CONTEXT(2) 
PARAMETRIC_REPRESENTATION_CONTEXT() REPRESENTATION_CONTEXT('2D SPACE',''
  ) );
#6610 = PCURVE('',#4290,#6611);
#6611 = DEFINITIONAL_REPRESENTATION('',(#6612),#6616);
#6612 = LINE('',#6613,#6614);
#6613 = CARTESIAN_POINT('',(0.305137,3.250406698354E-17));
#6614 = VECTOR('',#6615,1.);
#6615 = DIRECTION('',(0.,-1.));
#6616 = ( GEOMETRIC_REPRESENTATION_CONTEXT(2) 
PARAMETRIC_REPRESENTATION_CONTEXT() REPRESENTATION_CONTEXT('2D SPACE',''
  ) );
#6617 = ORIENTED_EDGE('',*,*,#6618,.F.);
#6618 = EDGE_CURVE('',#6619,#6596,#6621,.T.);
#6619 = VERTEX_POINT('',#6620);
#6620 = CARTESIAN_POINT('',(2.4525,1.,8.E-02));
#6621 = SURFACE_CURVE('',#6622,(#6626,#6633),.PCURVE_S1.);
#6622 = LINE('',#6623,#6624);
#6623 = CARTESIAN_POINT('',(-14.,1.,8.E-02));
#6624 = VECTOR('',#6625,1.);
#6625 = DIRECTION('',(1.,-5.243344273594E-32,-2.289834988289E-16));
#6626 = PCURVE('',#3552,#6627);
#6627 = DEFINITIONAL_REPRESENTATION('',(#6628),#6632);
#6628 = LINE('',#6629,#6630);
#6629 = CARTESIAN_POINT('',(0.23,15.825));
#6630 = VECTOR('',#6631,1.);
#6631 = DIRECTION('',(0.,-1.));
#6632 = ( GEOMETRIC_REPRESENTATION_CONTEXT(2) 
PARAMETRIC_REPRESENTATION_CONTEXT() REPRESENTATION_CONTEXT('2D SPACE',''
  ) );
#6633 = PCURVE('',#6634,#6639);
#6634 = PLANE('',#6635);
#6635 = AXIS2_PLACEMENT_3D('',#6636,#6637,#6638);
#6636 = CARTESIAN_POINT('',(3.,1.,8.E-02));
#6637 = DIRECTION('',(2.289834988289E-16,1.065228634467E-16,1.));
#6638 = DIRECTION('',(-2.804146475864E-32,-1.,1.065228634467E-16));
#6639 = DEFINITIONAL_REPRESENTATION('',(#6640),#6644);
#6640 = LINE('',#6641,#6642);
#6641 = CARTESIAN_POINT('',(8.921076773588E-31,-17.));
#6642 = VECTOR('',#6643,1.);
#6643 = DIRECTION('',(-9.031806508344E-47,1.));
#6644 = ( GEOMETRIC_REPRESENTATION_CONTEXT(2) 
PARAMETRIC_REPRESENTATION_CONTEXT() REPRESENTATION_CONTEXT('2D SPACE',''
  ) );
#6645 = ORIENTED_EDGE('',*,*,#6646,.T.);
#6646 = EDGE_CURVE('',#6619,#5704,#6647,.T.);
#6647 = SURFACE_CURVE('',#6648,(#6652,#6659),.PCURVE_S1.);
#6648 = LINE('',#6649,#6650);
#6649 = CARTESIAN_POINT('',(2.4525,1.,0.841614));
#6650 = VECTOR('',#6651,1.);
#6651 = DIRECTION('',(-2.289834988289E-16,-1.065228634467E-16,-1.));
#6652 = PCURVE('',#3552,#6653);
#6653 = DEFINITIONAL_REPRESENTATION('',(#6654),#6658);
#6654 = LINE('',#6655,#6656);
#6655 = CARTESIAN_POINT('',(-0.531614,-0.6275));
#6656 = VECTOR('',#6657,1.);
#6657 = DIRECTION('',(1.,0.));
#6658 = ( GEOMETRIC_REPRESENTATION_CONTEXT(2) 
PARAMETRIC_REPRESENTATION_CONTEXT() REPRESENTATION_CONTEXT('2D SPACE',''
  ) );
#6659 = PCURVE('',#5742,#6660);
#6660 = DEFINITIONAL_REPRESENTATION('',(#6661),#6665);
#6661 = LINE('',#6662,#6663);
#6662 = CARTESIAN_POINT('',(-0.811614,2.9));
#6663 = VECTOR('',#6664,1.);
#6664 = DIRECTION('',(1.,0.));
#6665 = ( GEOMETRIC_REPRESENTATION_CONTEXT(2) 
PARAMETRIC_REPRESENTATION_CONTEXT() REPRESENTATION_CONTEXT('2D SPACE',''
  ) );
#6666 = ORIENTED_EDGE('',*,*,#5703,.F.);
#6667 = ORIENTED_EDGE('',*,*,#6668,.F.);
#6668 = EDGE_CURVE('',#6669,#5676,#6671,.T.);
#6669 = VERTEX_POINT('',#6670);
#6670 = CARTESIAN_POINT('',(1.9,1.,8.E-02));
#6671 = SURFACE_CURVE('',#6672,(#6676,#6683),.PCURVE_S1.);
#6672 = LINE('',#6673,#6674);
#6673 = CARTESIAN_POINT('',(-14.,1.,15.98));
#6674 = VECTOR('',#6675,1.);
#6675 = DIRECTION('',(0.707106781187,-1.064046335705E-16,-0.707106781187
    ));
#6676 = PCURVE('',#3552,#6677);
#6677 = DEFINITIONAL_REPRESENTATION('',(#6678),#6682);
#6678 = LINE('',#6679,#6680);
#6679 = CARTESIAN_POINT('',(-15.67,15.825));
#6680 = VECTOR('',#6681,1.);
#6681 = DIRECTION('',(0.707106781187,-0.707106781187));
#6682 = ( GEOMETRIC_REPRESENTATION_CONTEXT(2) 
PARAMETRIC_REPRESENTATION_CONTEXT() REPRESENTATION_CONTEXT('2D SPACE',''
  ) );
#6683 = PCURVE('',#5691,#6684);
#6684 = DEFINITIONAL_REPRESENTATION('',(#6685),#6689);
#6685 = LINE('',#6686,#6687);
#6686 = CARTESIAN_POINT('',(22.521350980791,-0.15));
#6687 = VECTOR('',#6688,1.);
#6688 = DIRECTION('',(-1.,-5.551115123126E-17));
#6689 = ( GEOMETRIC_REPRESENTATION_CONTEXT(2) 
PARAMETRIC_REPRESENTATION_CONTEXT() REPRESENTATION_CONTEXT('2D SPACE',''
  ) );
#6690 = ORIENTED_EDGE('',*,*,#6691,.F.);
#6691 = EDGE_CURVE('',#6545,#6669,#6692,.T.);
#6692 = SURFACE_CURVE('',#6693,(#6697,#6704),.PCURVE_S1.);
#6693 = LINE('',#6694,#6695);
#6694 = CARTESIAN_POINT('',(-14.,1.,8.E-02));
#6695 = VECTOR('',#6696,1.);
#6696 = DIRECTION('',(1.,-5.243344273594E-32,-2.289834988289E-16));
#6697 = PCURVE('',#3552,#6698);
#6698 = DEFINITIONAL_REPRESENTATION('',(#6699),#6703);
#6699 = LINE('',#6700,#6701);
#6700 = CARTESIAN_POINT('',(0.23,15.825));
#6701 = VECTOR('',#6702,1.);
#6702 = DIRECTION('',(0.,-1.));
#6703 = ( GEOMETRIC_REPRESENTATION_CONTEXT(2) 
PARAMETRIC_REPRESENTATION_CONTEXT() REPRESENTATION_CONTEXT('2D SPACE',''
  ) );
#6704 = PCURVE('',#6705,#6710);
#6705 = PLANE('',#6706);
#6706 = AXIS2_PLACEMENT_3D('',#6707,#6708,#6709);
#6707 = CARTESIAN_POINT('',(1.6625,1.,8.E-02));
#6708 = DIRECTION('',(-2.289834988289E-16,-2.289834988289E-16,-1.));
#6709 = DIRECTION('',(0.,-1.,2.289834988289E-16));
#6710 = DEFINITIONAL_REPRESENTATION('',(#6711),#6715);
#6711 = LINE('',#6712,#6713);
#6712 = CARTESIAN_POINT('',(8.198683773256E-31,15.6625));
#6713 = VECTOR('',#6714,1.);
#6714 = DIRECTION('',(-2.080052407982E-46,-1.));
#6715 = ( GEOMETRIC_REPRESENTATION_CONTEXT(2) 
PARAMETRIC_REPRESENTATION_CONTEXT() REPRESENTATION_CONTEXT('2D SPACE',''
  ) );
#6716 = ADVANCED_FACE('',(#6717),#3606,.T.);
#6717 = FACE_BOUND('',#6718,.T.);
#6718 = EDGE_LOOP('',(#6719,#6742,#6743,#6744));
#6719 = ORIENTED_EDGE('',*,*,#6720,.T.);
#6720 = EDGE_CURVE('',#6721,#3646,#6723,.T.);
#6721 = VERTEX_POINT('',#6722);
#6722 = CARTESIAN_POINT('',(2.77,0.9,0.84));
#6723 = SURFACE_CURVE('',#6724,(#6728,#6735),.PCURVE_S1.);
#6724 = LINE('',#6725,#6726);
#6725 = CARTESIAN_POINT('',(3.5,0.9,0.84));
#6726 = VECTOR('',#6727,1.);
#6727 = DIRECTION('',(1.,0.,-2.3E-16));
#6728 = PCURVE('',#3606,#6729);
#6729 = DEFINITIONAL_REPRESENTATION('',(#6730),#6734);
#6730 = LINE('',#6731,#6732);
#6731 = CARTESIAN_POINT('',(1.75,-0.55));
#6732 = VECTOR('',#6733,1.);
#6733 = DIRECTION('',(1.,0.));
#6734 = ( GEOMETRIC_REPRESENTATION_CONTEXT(2) 
PARAMETRIC_REPRESENTATION_CONTEXT() REPRESENTATION_CONTEXT('2D SPACE',''
  ) );
#6735 = PCURVE('',#4364,#6736);
#6736 = DEFINITIONAL_REPRESENTATION('',(#6737),#6741);
#6737 = LINE('',#6738,#6739);
#6738 = CARTESIAN_POINT('',(0.97,-8.325));
#6739 = VECTOR('',#6740,1.);
#6740 = DIRECTION('',(0.,-1.));
#6741 = ( GEOMETRIC_REPRESENTATION_CONTEXT(2) 
PARAMETRIC_REPRESENTATION_CONTEXT() REPRESENTATION_CONTEXT('2D SPACE',''
  ) );
#6742 = ORIENTED_EDGE('',*,*,#3645,.T.);
#6743 = ORIENTED_EDGE('',*,*,#3592,.F.);
#6744 = ORIENTED_EDGE('',*,*,#6745,.F.);
#6745 = EDGE_CURVE('',#6721,#3565,#6746,.T.);
#6746 = SURFACE_CURVE('',#6747,(#6751,#6758),.PCURVE_S1.);
#6747 = LINE('',#6748,#6749);
#6748 = CARTESIAN_POINT('',(2.77,0.9,0.841614));
#6749 = VECTOR('',#6750,1.);
#6750 = DIRECTION('',(-2.289834988289E-16,-1.065228634467E-16,-1.));
#6751 = PCURVE('',#3606,#6752);
#6752 = DEFINITIONAL_REPRESENTATION('',(#6753),#6757);
#6753 = LINE('',#6754,#6755);
#6754 = CARTESIAN_POINT('',(1.02,-0.551614));
#6755 = VECTOR('',#6756,1.);
#6756 = DIRECTION('',(0.,1.));
#6757 = ( GEOMETRIC_REPRESENTATION_CONTEXT(2) 
PARAMETRIC_REPRESENTATION_CONTEXT() REPRESENTATION_CONTEXT('2D SPACE',''
  ) );
#6758 = PCURVE('',#6759,#6764);
#6759 = PLANE('',#6760);
#6760 = AXIS2_PLACEMENT_3D('',#6761,#6762,#6763);
#6761 = CARTESIAN_POINT('',(2.77,0.46,0.84));
#6762 = DIRECTION('',(1.,0.,0.));
#6763 = DIRECTION('',(0.,1.,-1.1E-16));
#6764 = DEFINITIONAL_REPRESENTATION('',(#6765),#6769);
#6765 = LINE('',#6766,#6767);
#6766 = CARTESIAN_POINT('',(0.44,1.61399999999E-03));
#6767 = VECTOR('',#6768,1.);
#6768 = DIRECTION('',(-9.94760423821E-17,-1.));
#6769 = ( GEOMETRIC_REPRESENTATION_CONTEXT(2) 
PARAMETRIC_REPRESENTATION_CONTEXT() REPRESENTATION_CONTEXT('2D SPACE',''
  ) );
#6770 = ADVANCED_FACE('',(#6771),#5607,.T.);
#6771 = FACE_BOUND('',#6772,.T.);
#6772 = EDGE_LOOP('',(#6773,#6798,#6821,#6842,#6843,#6866,#6894,#6922));
#6773 = ORIENTED_EDGE('',*,*,#6774,.T.);
#6774 = EDGE_CURVE('',#6775,#6777,#6779,.T.);
#6775 = VERTEX_POINT('',#6776);
#6776 = CARTESIAN_POINT('',(1.675,1.,0.31));
#6777 = VERTEX_POINT('',#6778);
#6778 = CARTESIAN_POINT('',(1.675,1.,8.E-02));
#6779 = SURFACE_CURVE('',#6780,(#6784,#6791),.PCURVE_S1.);
#6780 = LINE('',#6781,#6782);
#6781 = CARTESIAN_POINT('',(1.675,1.,0.841614));
#6782 = VECTOR('',#6783,1.);
#6783 = DIRECTION('',(-2.289834988289E-16,-1.065228634467E-16,-1.));
#6784 = PCURVE('',#5607,#6785);
#6785 = DEFINITIONAL_REPRESENTATION('',(#6786),#6790);
#6786 = LINE('',#6787,#6788);
#6787 = CARTESIAN_POINT('',(-0.531614,0.15));
#6788 = VECTOR('',#6789,1.);
#6789 = DIRECTION('',(1.,0.));
#6790 = ( GEOMETRIC_REPRESENTATION_CONTEXT(2) 
PARAMETRIC_REPRESENTATION_CONTEXT() REPRESENTATION_CONTEXT('2D SPACE',''
  ) );
#6791 = PCURVE('',#6560,#6792);
#6792 = DEFINITIONAL_REPRESENTATION('',(#6793),#6797);
#6793 = LINE('',#6794,#6795);
#6794 = CARTESIAN_POINT('',(0.,1.));
#6795 = VECTOR('',#6796,1.);
#6796 = DIRECTION('',(-1.,0.));
#6797 = ( GEOMETRIC_REPRESENTATION_CONTEXT(2) 
PARAMETRIC_REPRESENTATION_CONTEXT() REPRESENTATION_CONTEXT('2D SPACE',''
  ) );
#6798 = ORIENTED_EDGE('',*,*,#6799,.F.);
#6799 = EDGE_CURVE('',#6800,#6777,#6802,.T.);
#6800 = VERTEX_POINT('',#6801);
#6801 = CARTESIAN_POINT('',(1.6,1.,8.E-02));
#6802 = SURFACE_CURVE('',#6803,(#6807,#6814),.PCURVE_S1.);
#6803 = LINE('',#6804,#6805);
#6804 = CARTESIAN_POINT('',(-14.,1.,8.E-02));
#6805 = VECTOR('',#6806,1.);
#6806 = DIRECTION('',(1.,-5.243344273594E-32,-2.289834988289E-16));
#6807 = PCURVE('',#5607,#6808);
#6808 = DEFINITIONAL_REPRESENTATION('',(#6809),#6813);
#6809 = LINE('',#6810,#6811);
#6810 = CARTESIAN_POINT('',(0.23,15.825));
#6811 = VECTOR('',#6812,1.);
#6812 = DIRECTION('',(0.,-1.));
#6813 = ( GEOMETRIC_REPRESENTATION_CONTEXT(2) 
PARAMETRIC_REPRESENTATION_CONTEXT() REPRESENTATION_CONTEXT('2D SPACE',''
  ) );
#6814 = PCURVE('',#6705,#6815);
#6815 = DEFINITIONAL_REPRESENTATION('',(#6816),#6820);
#6816 = LINE('',#6817,#6818);
#6817 = CARTESIAN_POINT('',(8.198683773256E-31,15.6625));
#6818 = VECTOR('',#6819,1.);
#6819 = DIRECTION('',(-2.080052407982E-46,-1.));
#6820 = ( GEOMETRIC_REPRESENTATION_CONTEXT(2) 
PARAMETRIC_REPRESENTATION_CONTEXT() REPRESENTATION_CONTEXT('2D SPACE',''
  ) );
#6821 = ORIENTED_EDGE('',*,*,#6822,.T.);
#6822 = EDGE_CURVE('',#6800,#5592,#6823,.T.);
#6823 = SURFACE_CURVE('',#6824,(#6828,#6835),.PCURVE_S1.);
#6824 = LINE('',#6825,#6826);
#6825 = CARTESIAN_POINT('',(-14.,1.,-15.52));
#6826 = VECTOR('',#6827,1.);
#6827 = DIRECTION('',(-0.707106781187,-1.064046335705E-16,
    -0.707106781187));
#6828 = PCURVE('',#5607,#6829);
#6829 = DEFINITIONAL_REPRESENTATION('',(#6830),#6834);
#6830 = LINE('',#6831,#6832);
#6831 = CARTESIAN_POINT('',(15.83,15.825));
#6832 = VECTOR('',#6833,1.);
#6833 = DIRECTION('',(0.707106781187,0.707106781187));
#6834 = ( GEOMETRIC_REPRESENTATION_CONTEXT(2) 
PARAMETRIC_REPRESENTATION_CONTEXT() REPRESENTATION_CONTEXT('2D SPACE',''
  ) );
#6835 = PCURVE('',#5635,#6836);
#6836 = DEFINITIONAL_REPRESENTATION('',(#6837),#6841);
#6837 = LINE('',#6838,#6839);
#6838 = CARTESIAN_POINT('',(22.026376233961,0.15));
#6839 = VECTOR('',#6840,1.);
#6840 = DIRECTION('',(1.,-7.295350781106E-16));
#6841 = ( GEOMETRIC_REPRESENTATION_CONTEXT(2) 
PARAMETRIC_REPRESENTATION_CONTEXT() REPRESENTATION_CONTEXT('2D SPACE',''
  ) );
#6842 = ORIENTED_EDGE('',*,*,#5591,.F.);
#6843 = ORIENTED_EDGE('',*,*,#6844,.T.);
#6844 = EDGE_CURVE('',#5564,#6845,#6847,.T.);
#6845 = VERTEX_POINT('',#6846);
#6846 = CARTESIAN_POINT('',(1.4,1.,8.E-02));
#6847 = SURFACE_CURVE('',#6848,(#6852,#6859),.PCURVE_S1.);
#6848 = LINE('',#6849,#6850);
#6849 = CARTESIAN_POINT('',(-14.,1.,15.48));
#6850 = VECTOR('',#6851,1.);
#6851 = DIRECTION('',(-0.707106781187,1.064046335705E-16,0.707106781187)
  );
#6852 = PCURVE('',#5607,#6853);
#6853 = DEFINITIONAL_REPRESENTATION('',(#6854),#6858);
#6854 = LINE('',#6855,#6856);
#6855 = CARTESIAN_POINT('',(-15.17,15.825));
#6856 = VECTOR('',#6857,1.);
#6857 = DIRECTION('',(-0.707106781187,0.707106781187));
#6858 = ( GEOMETRIC_REPRESENTATION_CONTEXT(2) 
PARAMETRIC_REPRESENTATION_CONTEXT() REPRESENTATION_CONTEXT('2D SPACE',''
  ) );
#6859 = PCURVE('',#5579,#6860);
#6860 = DEFINITIONAL_REPRESENTATION('',(#6861),#6865);
#6861 = LINE('',#6862,#6863);
#6862 = CARTESIAN_POINT('',(-21.8142441996,-0.15));
#6863 = VECTOR('',#6864,1.);
#6864 = DIRECTION('',(-1.,-7.295350781106E-16));
#6865 = ( GEOMETRIC_REPRESENTATION_CONTEXT(2) 
PARAMETRIC_REPRESENTATION_CONTEXT() REPRESENTATION_CONTEXT('2D SPACE',''
  ) );
#6866 = ORIENTED_EDGE('',*,*,#6867,.T.);
#6867 = EDGE_CURVE('',#6845,#6868,#6870,.T.);
#6868 = VERTEX_POINT('',#6869);
#6869 = CARTESIAN_POINT('',(1.325,1.,8.E-02));
#6870 = SURFACE_CURVE('',#6871,(#6875,#6882),.PCURVE_S1.);
#6871 = LINE('',#6872,#6873);
#6872 = CARTESIAN_POINT('',(-14.5,1.,8.E-02));
#6873 = VECTOR('',#6874,1.);
#6874 = DIRECTION('',(-1.,5.243344273594E-32,2.289834988289E-16));
#6875 = PCURVE('',#5607,#6876);
#6876 = DEFINITIONAL_REPRESENTATION('',(#6877),#6881);
#6877 = LINE('',#6878,#6879);
#6878 = CARTESIAN_POINT('',(0.23,16.325));
#6879 = VECTOR('',#6880,1.);
#6880 = DIRECTION('',(0.,1.));
#6881 = ( GEOMETRIC_REPRESENTATION_CONTEXT(2) 
PARAMETRIC_REPRESENTATION_CONTEXT() REPRESENTATION_CONTEXT('2D SPACE',''
  ) );
#6882 = PCURVE('',#6883,#6888);
#6883 = PLANE('',#6884);
#6884 = AXIS2_PLACEMENT_3D('',#6885,#6886,#6887);
#6885 = CARTESIAN_POINT('',(1.1625,1.,8.E-02));
#6886 = DIRECTION('',(-2.289834988289E-16,-2.289834988289E-16,-1.));
#6887 = DIRECTION('',(0.,-1.,2.289834988289E-16));
#6888 = DEFINITIONAL_REPRESENTATION('',(#6889),#6893);
#6889 = LINE('',#6890,#6891);
#6890 = CARTESIAN_POINT('',(-9.992007221626E-16,15.6625));
#6891 = VECTOR('',#6892,1.);
#6892 = DIRECTION('',(2.080052407982E-46,1.));
#6893 = ( GEOMETRIC_REPRESENTATION_CONTEXT(2) 
PARAMETRIC_REPRESENTATION_CONTEXT() REPRESENTATION_CONTEXT('2D SPACE',''
  ) );
#6894 = ORIENTED_EDGE('',*,*,#6895,.T.);
#6895 = EDGE_CURVE('',#6868,#6896,#6898,.T.);
#6896 = VERTEX_POINT('',#6897);
#6897 = CARTESIAN_POINT('',(1.325,1.,0.31));
#6898 = SURFACE_CURVE('',#6899,(#6903,#6910),.PCURVE_S1.);
#6899 = LINE('',#6900,#6901);
#6900 = CARTESIAN_POINT('',(1.325,1.,0.841614));
#6901 = VECTOR('',#6902,1.);
#6902 = DIRECTION('',(2.289834988289E-16,1.065228634467E-16,1.));
#6903 = PCURVE('',#5607,#6904);
#6904 = DEFINITIONAL_REPRESENTATION('',(#6905),#6909);
#6905 = LINE('',#6906,#6907);
#6906 = CARTESIAN_POINT('',(-0.531614,0.5));
#6907 = VECTOR('',#6908,1.);
#6908 = DIRECTION('',(-1.,0.));
#6909 = ( GEOMETRIC_REPRESENTATION_CONTEXT(2) 
PARAMETRIC_REPRESENTATION_CONTEXT() REPRESENTATION_CONTEXT('2D SPACE',''
  ) );
#6910 = PCURVE('',#6911,#6916);
#6911 = B_SPLINE_SURFACE_WITH_KNOTS('',1,1,(
    (#6912,#6913)
    ,(#6914,#6915
    )),.UNSPECIFIED.,.F.,.F.,.F.,(2,2),(2,2),(-0.761614,-0.531614),(0.,
    1.),.PIECEWISE_BEZIER_KNOTS.);
#6912 = CARTESIAN_POINT('',(1.325,1.,8.E-02));
#6913 = CARTESIAN_POINT('',(1.175,1.,8.E-02));
#6914 = CARTESIAN_POINT('',(1.325,1.,0.31));
#6915 = CARTESIAN_POINT('',(1.175,1.,0.31));
#6916 = DEFINITIONAL_REPRESENTATION('',(#6917),#6921);
#6917 = LINE('',#6918,#6919);
#6918 = CARTESIAN_POINT('',(0.,0.));
#6919 = VECTOR('',#6920,1.);
#6920 = DIRECTION('',(1.,0.));
#6921 = ( GEOMETRIC_REPRESENTATION_CONTEXT(2) 
PARAMETRIC_REPRESENTATION_CONTEXT() REPRESENTATION_CONTEXT('2D SPACE',''
  ) );
#6922 = ORIENTED_EDGE('',*,*,#6923,.F.);
#6923 = EDGE_CURVE('',#6775,#6896,#6924,.T.);
#6924 = SURFACE_CURVE('',#6925,(#6928,#6934),.PCURVE_S1.);
#6925 = B_SPLINE_CURVE_WITH_KNOTS('',1,(#6926,#6927),.UNSPECIFIED.,.F.,
  .F.,(2,2),(0.,1.),.PIECEWISE_BEZIER_KNOTS.);
#6926 = CARTESIAN_POINT('',(2.77,1.,0.31));
#6927 = CARTESIAN_POINT('',(-2.77,1.,0.31));
#6928 = PCURVE('',#5607,#6929);
#6929 = DEFINITIONAL_REPRESENTATION('',(#6930),#6933);
#6930 = B_SPLINE_CURVE_WITH_KNOTS('',1,(#6931,#6932),.UNSPECIFIED.,.F.,
  .F.,(2,2),(0.197653429603,0.26083032491),.PIECEWISE_BEZIER_KNOTS.);
#6931 = CARTESIAN_POINT('',(-3.835473605385E-16,0.15));
#6932 = CARTESIAN_POINT('',(-3.835473605385E-16,0.5));
#6933 = ( GEOMETRIC_REPRESENTATION_CONTEXT(2) 
PARAMETRIC_REPRESENTATION_CONTEXT() REPRESENTATION_CONTEXT('2D SPACE',''
  ) );
#6934 = PCURVE('',#3580,#6935);
#6935 = DEFINITIONAL_REPRESENTATION('',(#6936),#6940);
#6936 = LINE('',#6937,#6938);
#6937 = CARTESIAN_POINT('',(-0.305137,0.));
#6938 = VECTOR('',#6939,1.);
#6939 = DIRECTION('',(0.,1.));
#6940 = ( GEOMETRIC_REPRESENTATION_CONTEXT(2) 
PARAMETRIC_REPRESENTATION_CONTEXT() REPRESENTATION_CONTEXT('2D SPACE',''
  ) );
#6941 = ADVANCED_FACE('',(#6942),#5663,.T.);
#6942 = FACE_BOUND('',#6943,.T.);
#6943 = EDGE_LOOP('',(#6944,#6945,#6968,#6991));
#6944 = ORIENTED_EDGE('',*,*,#5647,.F.);
#6945 = ORIENTED_EDGE('',*,*,#6946,.F.);
#6946 = EDGE_CURVE('',#6947,#5620,#6949,.T.);
#6947 = VERTEX_POINT('',#6948);
#6948 = CARTESIAN_POINT('',(1.6,0.92,8.E-02));
#6949 = SURFACE_CURVE('',#6950,(#6954,#6961),.PCURVE_S1.);
#6950 = LINE('',#6951,#6952);
#6951 = CARTESIAN_POINT('',(1.5488325,0.694863,2.88325E-02));
#6952 = VECTOR('',#6953,1.);
#6953 = DIRECTION('',(-0.216371161204,-0.952033109297,-0.216371161204));
#6954 = PCURVE('',#5663,#6955);
#6955 = DEFINITIONAL_REPRESENTATION('',(#6956),#6960);
#6956 = LINE('',#6957,#6958);
#6957 = CARTESIAN_POINT('',(0.230878283572,0.1136675));
#6958 = VECTOR('',#6959,1.);
#6959 = DIRECTION('',(0.976311180208,0.216371161204));
#6960 = ( GEOMETRIC_REPRESENTATION_CONTEXT(2) 
PARAMETRIC_REPRESENTATION_CONTEXT() REPRESENTATION_CONTEXT('2D SPACE',''
  ) );
#6961 = PCURVE('',#5635,#6962);
#6962 = DEFINITIONAL_REPRESENTATION('',(#6963),#6967);
#6963 = LINE('',#6964,#6965);
#6964 = CARTESIAN_POINT('',(3.70064333934E-02,-0.155137));
#6965 = VECTOR('',#6966,1.);
#6966 = DIRECTION('',(0.305995030681,-0.952033109297));
#6967 = ( GEOMETRIC_REPRESENTATION_CONTEXT(2) 
PARAMETRIC_REPRESENTATION_CONTEXT() REPRESENTATION_CONTEXT('2D SPACE',''
  ) );
#6968 = ORIENTED_EDGE('',*,*,#6969,.F.);
#6969 = EDGE_CURVE('',#6970,#6947,#6972,.T.);
#6970 = VERTEX_POINT('',#6971);
#6971 = CARTESIAN_POINT('',(1.9,0.92,8.E-02));
#6972 = SURFACE_CURVE('',#6973,(#6977,#6984),.PCURVE_S1.);
#6973 = LINE('',#6974,#6975);
#6974 = CARTESIAN_POINT('',(-14.,0.92,8.E-02));
#6975 = VECTOR('',#6976,1.);
#6976 = DIRECTION('',(-1.,5.243344273594E-32,2.289834988289E-16));
#6977 = PCURVE('',#5663,#6978);
#6978 = DEFINITIONAL_REPRESENTATION('',(#6979),#6983);
#6979 = LINE('',#6980,#6981);
#6980 = CARTESIAN_POINT('',(-1.749253556813E-18,15.6625));
#6981 = VECTOR('',#6982,1.);
#6982 = DIRECTION('',(-1.848892746612E-31,1.));
#6983 = ( GEOMETRIC_REPRESENTATION_CONTEXT(2) 
PARAMETRIC_REPRESENTATION_CONTEXT() REPRESENTATION_CONTEXT('2D SPACE',''
  ) );
#6984 = PCURVE('',#6705,#6985);
#6985 = DEFINITIONAL_REPRESENTATION('',(#6986),#6990);
#6986 = LINE('',#6987,#6988);
#6987 = CARTESIAN_POINT('',(8.E-02,15.6625));
#6988 = VECTOR('',#6989,1.);
#6989 = DIRECTION('',(2.080052407982E-46,1.));
#6990 = ( GEOMETRIC_REPRESENTATION_CONTEXT(2) 
PARAMETRIC_REPRESENTATION_CONTEXT() REPRESENTATION_CONTEXT('2D SPACE',''
  ) );
#6991 = ORIENTED_EDGE('',*,*,#6992,.F.);
#6992 = EDGE_CURVE('',#5648,#6970,#6993,.T.);
#6993 = SURFACE_CURVE('',#6994,(#6998,#7005),.PCURVE_S1.);
#6994 = LINE('',#6995,#6996);
#6995 = CARTESIAN_POINT('',(1.9511675,0.694863,2.88325E-02));
#6996 = VECTOR('',#6997,1.);
#6997 = DIRECTION('',(-0.216371161204,0.952033109297,0.216371161204));
#6998 = PCURVE('',#5663,#6999);
#6999 = DEFINITIONAL_REPRESENTATION('',(#7000),#7004);
#7000 = LINE('',#7001,#7002);
#7001 = CARTESIAN_POINT('',(0.230878283572,-0.2886675));
#7002 = VECTOR('',#7003,1.);
#7003 = DIRECTION('',(-0.976311180208,0.216371161204));
#7004 = ( GEOMETRIC_REPRESENTATION_CONTEXT(2) 
PARAMETRIC_REPRESENTATION_CONTEXT() REPRESENTATION_CONTEXT('2D SPACE',''
  ) );
#7005 = PCURVE('',#5691,#7006);
#7006 = DEFINITIONAL_REPRESENTATION('',(#7007),#7011);
#7007 = LINE('',#7008,#7009);
#7008 = CARTESIAN_POINT('',(-3.70064333934E-02,0.155137));
#7009 = VECTOR('',#7010,1.);
#7010 = DIRECTION('',(0.305995030681,-0.952033109297));
#7011 = ( GEOMETRIC_REPRESENTATION_CONTEXT(2) 
PARAMETRIC_REPRESENTATION_CONTEXT() REPRESENTATION_CONTEXT('2D SPACE',''
  ) );
#7012 = ADVANCED_FACE('',(#7013),#5551,.T.);
#7013 = FACE_BOUND('',#7014,.T.);
#7014 = EDGE_LOOP('',(#7015,#7016,#7039,#7062));
#7015 = ORIENTED_EDGE('',*,*,#5535,.T.);
#7016 = ORIENTED_EDGE('',*,*,#7017,.F.);
#7017 = EDGE_CURVE('',#7018,#5508,#7020,.T.);
#7018 = VERTEX_POINT('',#7019);
#7019 = CARTESIAN_POINT('',(1.1,0.92,8.E-02));
#7020 = SURFACE_CURVE('',#7021,(#7025,#7032),.PCURVE_S1.);
#7021 = LINE('',#7022,#7023);
#7022 = CARTESIAN_POINT('',(1.0488325,0.694863,2.88325E-02));
#7023 = VECTOR('',#7024,1.);
#7024 = DIRECTION('',(-0.216371161204,-0.952033109297,-0.216371161204));
#7025 = PCURVE('',#5551,#7026);
#7026 = DEFINITIONAL_REPRESENTATION('',(#7027),#7031);
#7027 = LINE('',#7028,#7029);
#7028 = CARTESIAN_POINT('',(0.230878283572,0.1136675));
#7029 = VECTOR('',#7030,1.);
#7030 = DIRECTION('',(0.976311180208,0.216371161204));
#7031 = ( GEOMETRIC_REPRESENTATION_CONTEXT(2) 
PARAMETRIC_REPRESENTATION_CONTEXT() REPRESENTATION_CONTEXT('2D SPACE',''
  ) );
#7032 = PCURVE('',#5523,#7033);
#7033 = DEFINITIONAL_REPRESENTATION('',(#7034),#7038);
#7034 = LINE('',#7035,#7036);
#7035 = CARTESIAN_POINT('',(3.70064333934E-02,-0.155137));
#7036 = VECTOR('',#7037,1.);
#7037 = DIRECTION('',(0.305995030681,-0.952033109297));
#7038 = ( GEOMETRIC_REPRESENTATION_CONTEXT(2) 
PARAMETRIC_REPRESENTATION_CONTEXT() REPRESENTATION_CONTEXT('2D SPACE',''
  ) );
#7039 = ORIENTED_EDGE('',*,*,#7040,.F.);
#7040 = EDGE_CURVE('',#7041,#7018,#7043,.T.);
#7041 = VERTEX_POINT('',#7042);
#7042 = CARTESIAN_POINT('',(1.4,0.92,8.E-02));
#7043 = SURFACE_CURVE('',#7044,(#7048,#7055),.PCURVE_S1.);
#7044 = LINE('',#7045,#7046);
#7045 = CARTESIAN_POINT('',(-14.5,0.92,8.E-02));
#7046 = VECTOR('',#7047,1.);
#7047 = DIRECTION('',(-1.,5.243344273594E-32,2.289834988289E-16));
#7048 = PCURVE('',#5551,#7049);
#7049 = DEFINITIONAL_REPRESENTATION('',(#7050),#7054);
#7050 = LINE('',#7051,#7052);
#7051 = CARTESIAN_POINT('',(-1.749253556813E-18,15.6625));
#7052 = VECTOR('',#7053,1.);
#7053 = DIRECTION('',(-1.848892746612E-31,1.));
#7054 = ( GEOMETRIC_REPRESENTATION_CONTEXT(2) 
PARAMETRIC_REPRESENTATION_CONTEXT() REPRESENTATION_CONTEXT('2D SPACE',''
  ) );
#7055 = PCURVE('',#6883,#7056);
#7056 = DEFINITIONAL_REPRESENTATION('',(#7057),#7061);
#7057 = LINE('',#7058,#7059);
#7058 = CARTESIAN_POINT('',(8.E-02,15.6625));
#7059 = VECTOR('',#7060,1.);
#7060 = DIRECTION('',(2.080052407982E-46,1.));
#7061 = ( GEOMETRIC_REPRESENTATION_CONTEXT(2) 
PARAMETRIC_REPRESENTATION_CONTEXT() REPRESENTATION_CONTEXT('2D SPACE',''
  ) );
#7062 = ORIENTED_EDGE('',*,*,#7063,.F.);
#7063 = EDGE_CURVE('',#5536,#7041,#7064,.T.);
#7064 = SURFACE_CURVE('',#7065,(#7069,#7076),.PCURVE_S1.);
#7065 = LINE('',#7066,#7067);
#7066 = CARTESIAN_POINT('',(1.4511675,0.694863,2.88325E-02));
#7067 = VECTOR('',#7068,1.);
#7068 = DIRECTION('',(-0.216371161204,0.952033109297,0.216371161204));
#7069 = PCURVE('',#5551,#7070);
#7070 = DEFINITIONAL_REPRESENTATION('',(#7071),#7075);
#7071 = LINE('',#7072,#7073);
#7072 = CARTESIAN_POINT('',(0.230878283572,-0.2886675));
#7073 = VECTOR('',#7074,1.);
#7074 = DIRECTION('',(-0.976311180208,0.216371161204));
#7075 = ( GEOMETRIC_REPRESENTATION_CONTEXT(2) 
PARAMETRIC_REPRESENTATION_CONTEXT() REPRESENTATION_CONTEXT('2D SPACE',''
  ) );
#7076 = PCURVE('',#5579,#7077);
#7077 = DEFINITIONAL_REPRESENTATION('',(#7078),#7082);
#7078 = LINE('',#7079,#7080);
#7079 = CARTESIAN_POINT('',(3.70064333934E-02,0.155137));
#7080 = VECTOR('',#7081,1.);
#7081 = DIRECTION('',(-0.305995030681,-0.952033109297));
#7082 = ( GEOMETRIC_REPRESENTATION_CONTEXT(2) 
PARAMETRIC_REPRESENTATION_CONTEXT() REPRESENTATION_CONTEXT('2D SPACE',''
  ) );
#7083 = ADVANCED_FACE('',(#7084),#5495,.T.);
#7084 = FACE_BOUND('',#7085,.T.);
#7085 = EDGE_LOOP('',(#7086,#7111,#7134,#7155,#7156,#7179,#7207,#7235));
#7086 = ORIENTED_EDGE('',*,*,#7087,.T.);
#7087 = EDGE_CURVE('',#7088,#7090,#7092,.T.);
#7088 = VERTEX_POINT('',#7089);
#7089 = CARTESIAN_POINT('',(1.175,1.,0.31));
#7090 = VERTEX_POINT('',#7091);
#7091 = CARTESIAN_POINT('',(1.175,1.,8.E-02));
#7092 = SURFACE_CURVE('',#7093,(#7097,#7104),.PCURVE_S1.);
#7093 = LINE('',#7094,#7095);
#7094 = CARTESIAN_POINT('',(1.175,1.,0.841614));
#7095 = VECTOR('',#7096,1.);
#7096 = DIRECTION('',(-2.289834988289E-16,-1.065228634467E-16,-1.));
#7097 = PCURVE('',#5495,#7098);
#7098 = DEFINITIONAL_REPRESENTATION('',(#7099),#7103);
#7099 = LINE('',#7100,#7101);
#7100 = CARTESIAN_POINT('',(-0.531614,3.65));
#7101 = VECTOR('',#7102,1.);
#7102 = DIRECTION('',(1.,0.));
#7103 = ( GEOMETRIC_REPRESENTATION_CONTEXT(2) 
PARAMETRIC_REPRESENTATION_CONTEXT() REPRESENTATION_CONTEXT('2D SPACE',''
  ) );
#7104 = PCURVE('',#6911,#7105);
#7105 = DEFINITIONAL_REPRESENTATION('',(#7106),#7110);
#7106 = LINE('',#7107,#7108);
#7107 = CARTESIAN_POINT('',(0.,1.));
#7108 = VECTOR('',#7109,1.);
#7109 = DIRECTION('',(-1.,0.));
#7110 = ( GEOMETRIC_REPRESENTATION_CONTEXT(2) 
PARAMETRIC_REPRESENTATION_CONTEXT() REPRESENTATION_CONTEXT('2D SPACE',''
  ) );
#7111 = ORIENTED_EDGE('',*,*,#7112,.T.);
#7112 = EDGE_CURVE('',#7090,#7113,#7115,.T.);
#7113 = VERTEX_POINT('',#7114);
#7114 = CARTESIAN_POINT('',(1.1,1.,8.E-02));
#7115 = SURFACE_CURVE('',#7116,(#7120,#7127),.PCURVE_S1.);
#7116 = LINE('',#7117,#7118);
#7117 = CARTESIAN_POINT('',(-14.5,1.,8.E-02));
#7118 = VECTOR('',#7119,1.);
#7119 = DIRECTION('',(-1.,5.243344273594E-32,2.289834988289E-16));
#7120 = PCURVE('',#5495,#7121);
#7121 = DEFINITIONAL_REPRESENTATION('',(#7122),#7126);
#7122 = LINE('',#7123,#7124);
#7123 = CARTESIAN_POINT('',(0.23,19.325));
#7124 = VECTOR('',#7125,1.);
#7125 = DIRECTION('',(0.,1.));
#7126 = ( GEOMETRIC_REPRESENTATION_CONTEXT(2) 
PARAMETRIC_REPRESENTATION_CONTEXT() REPRESENTATION_CONTEXT('2D SPACE',''
  ) );
#7127 = PCURVE('',#6883,#7128);
#7128 = DEFINITIONAL_REPRESENTATION('',(#7129),#7133);
#7129 = LINE('',#7130,#7131);
#7130 = CARTESIAN_POINT('',(8.198683773256E-31,15.6625));
#7131 = VECTOR('',#7132,1.);
#7132 = DIRECTION('',(2.080052407982E-46,1.));
#7133 = ( GEOMETRIC_REPRESENTATION_CONTEXT(2) 
PARAMETRIC_REPRESENTATION_CONTEXT() REPRESENTATION_CONTEXT('2D SPACE',''
  ) );
#7134 = ORIENTED_EDGE('',*,*,#7135,.T.);
#7135 = EDGE_CURVE('',#7113,#5480,#7136,.T.);
#7136 = SURFACE_CURVE('',#7137,(#7141,#7148),.PCURVE_S1.);
#7137 = LINE('',#7138,#7139);
#7138 = CARTESIAN_POINT('',(-14.5,1.,-15.52));
#7139 = VECTOR('',#7140,1.);
#7140 = DIRECTION('',(-0.707106781187,-1.064046335705E-16,
    -0.707106781187));
#7141 = PCURVE('',#5495,#7142);
#7142 = DEFINITIONAL_REPRESENTATION('',(#7143),#7147);
#7143 = LINE('',#7144,#7145);
#7144 = CARTESIAN_POINT('',(15.83,19.325));
#7145 = VECTOR('',#7146,1.);
#7146 = DIRECTION('',(0.707106781187,0.707106781187));
#7147 = ( GEOMETRIC_REPRESENTATION_CONTEXT(2) 
PARAMETRIC_REPRESENTATION_CONTEXT() REPRESENTATION_CONTEXT('2D SPACE',''
  ) );
#7148 = PCURVE('',#5523,#7149);
#7149 = DEFINITIONAL_REPRESENTATION('',(#7150),#7154);
#7150 = LINE('',#7151,#7152);
#7151 = CARTESIAN_POINT('',(22.026376233961,0.15));
#7152 = VECTOR('',#7153,1.);
#7153 = DIRECTION('',(1.,-7.295350781106E-16));
#7154 = ( GEOMETRIC_REPRESENTATION_CONTEXT(2) 
PARAMETRIC_REPRESENTATION_CONTEXT() REPRESENTATION_CONTEXT('2D SPACE',''
  ) );
#7155 = ORIENTED_EDGE('',*,*,#5479,.F.);
#7156 = ORIENTED_EDGE('',*,*,#7157,.T.);
#7157 = EDGE_CURVE('',#5452,#7158,#7160,.T.);
#7158 = VERTEX_POINT('',#7159);
#7159 = CARTESIAN_POINT('',(0.9,1.,8.E-02));
#7160 = SURFACE_CURVE('',#7161,(#7165,#7172),.PCURVE_S1.);
#7161 = LINE('',#7162,#7163);
#7162 = CARTESIAN_POINT('',(-14.5,1.,15.48));
#7163 = VECTOR('',#7164,1.);
#7164 = DIRECTION('',(-0.707106781187,1.064046335705E-16,0.707106781187)
  );
#7165 = PCURVE('',#5495,#7166);
#7166 = DEFINITIONAL_REPRESENTATION('',(#7167),#7171);
#7167 = LINE('',#7168,#7169);
#7168 = CARTESIAN_POINT('',(-15.17,19.325));
#7169 = VECTOR('',#7170,1.);
#7170 = DIRECTION('',(-0.707106781187,0.707106781187));
#7171 = ( GEOMETRIC_REPRESENTATION_CONTEXT(2) 
PARAMETRIC_REPRESENTATION_CONTEXT() REPRESENTATION_CONTEXT('2D SPACE',''
  ) );
#7172 = PCURVE('',#5467,#7173);
#7173 = DEFINITIONAL_REPRESENTATION('',(#7174),#7178);
#7174 = LINE('',#7175,#7176);
#7175 = CARTESIAN_POINT('',(-21.8142441996,-0.15));
#7176 = VECTOR('',#7177,1.);
#7177 = DIRECTION('',(-1.,-7.295350781106E-16));
#7178 = ( GEOMETRIC_REPRESENTATION_CONTEXT(2) 
PARAMETRIC_REPRESENTATION_CONTEXT() REPRESENTATION_CONTEXT('2D SPACE',''
  ) );
#7179 = ORIENTED_EDGE('',*,*,#7180,.T.);
#7180 = EDGE_CURVE('',#7158,#7181,#7183,.T.);
#7181 = VERTEX_POINT('',#7182);
#7182 = CARTESIAN_POINT('',(0.825,1.,8.E-02));
#7183 = SURFACE_CURVE('',#7184,(#7188,#7195),.PCURVE_S1.);
#7184 = LINE('',#7185,#7186);
#7185 = CARTESIAN_POINT('',(-15.,1.,8.E-02));
#7186 = VECTOR('',#7187,1.);
#7187 = DIRECTION('',(-1.,5.243344273594E-32,2.289834988289E-16));
#7188 = PCURVE('',#5495,#7189);
#7189 = DEFINITIONAL_REPRESENTATION('',(#7190),#7194);
#7190 = LINE('',#7191,#7192);
#7191 = CARTESIAN_POINT('',(0.23,19.825));
#7192 = VECTOR('',#7193,1.);
#7193 = DIRECTION('',(0.,1.));
#7194 = ( GEOMETRIC_REPRESENTATION_CONTEXT(2) 
PARAMETRIC_REPRESENTATION_CONTEXT() REPRESENTATION_CONTEXT('2D SPACE',''
  ) );
#7195 = PCURVE('',#7196,#7201);
#7196 = PLANE('',#7197);
#7197 = AXIS2_PLACEMENT_3D('',#7198,#7199,#7200);
#7198 = CARTESIAN_POINT('',(0.6625,1.,8.E-02));
#7199 = DIRECTION('',(-2.289834988289E-16,-2.289834988289E-16,-1.));
#7200 = DIRECTION('',(0.,-1.,2.289834988289E-16));
#7201 = DEFINITIONAL_REPRESENTATION('',(#7202),#7206);
#7202 = LINE('',#7203,#7204);
#7203 = CARTESIAN_POINT('',(8.198683773256E-31,15.6625));
#7204 = VECTOR('',#7205,1.);
#7205 = DIRECTION('',(2.080052407982E-46,1.));
#7206 = ( GEOMETRIC_REPRESENTATION_CONTEXT(2) 
PARAMETRIC_REPRESENTATION_CONTEXT() REPRESENTATION_CONTEXT('2D SPACE',''
  ) );
#7207 = ORIENTED_EDGE('',*,*,#7208,.F.);
#7208 = EDGE_CURVE('',#7209,#7181,#7211,.T.);
#7209 = VERTEX_POINT('',#7210);
#7210 = CARTESIAN_POINT('',(0.825,1.,0.31));
#7211 = SURFACE_CURVE('',#7212,(#7216,#7223),.PCURVE_S1.);
#7212 = LINE('',#7213,#7214);
#7213 = CARTESIAN_POINT('',(0.825,1.,0.841614));
#7214 = VECTOR('',#7215,1.);
#7215 = DIRECTION('',(-2.289834988289E-16,-1.065228634467E-16,-1.));
#7216 = PCURVE('',#5495,#7217);
#7217 = DEFINITIONAL_REPRESENTATION('',(#7218),#7222);
#7218 = LINE('',#7219,#7220);
#7219 = CARTESIAN_POINT('',(-0.531614,4.));
#7220 = VECTOR('',#7221,1.);
#7221 = DIRECTION('',(1.,0.));
#7222 = ( GEOMETRIC_REPRESENTATION_CONTEXT(2) 
PARAMETRIC_REPRESENTATION_CONTEXT() REPRESENTATION_CONTEXT('2D SPACE',''
  ) );
#7223 = PCURVE('',#7224,#7229);
#7224 = B_SPLINE_SURFACE_WITH_KNOTS('',1,1,(
    (#7225,#7226)
    ,(#7227,#7228
    )),.UNSPECIFIED.,.F.,.F.,.F.,(2,2),(2,2),(-0.761614,-0.531614),(0.,
    1.),.PIECEWISE_BEZIER_KNOTS.);
#7225 = CARTESIAN_POINT('',(0.825,1.,8.E-02));
#7226 = CARTESIAN_POINT('',(0.675,1.,8.E-02));
#7227 = CARTESIAN_POINT('',(0.825,1.,0.31));
#7228 = CARTESIAN_POINT('',(0.675,1.,0.31));
#7229 = DEFINITIONAL_REPRESENTATION('',(#7230),#7234);
#7230 = LINE('',#7231,#7232);
#7231 = CARTESIAN_POINT('',(0.,0.));
#7232 = VECTOR('',#7233,1.);
#7233 = DIRECTION('',(-1.,0.));
#7234 = ( GEOMETRIC_REPRESENTATION_CONTEXT(2) 
PARAMETRIC_REPRESENTATION_CONTEXT() REPRESENTATION_CONTEXT('2D SPACE',''
  ) );
#7235 = ORIENTED_EDGE('',*,*,#7236,.F.);
#7236 = EDGE_CURVE('',#7088,#7209,#7237,.T.);
#7237 = SURFACE_CURVE('',#7238,(#7241,#7247),.PCURVE_S1.);
#7238 = B_SPLINE_CURVE_WITH_KNOTS('',1,(#7239,#7240),.UNSPECIFIED.,.F.,
  .F.,(2,2),(0.,1.),.PIECEWISE_BEZIER_KNOTS.);
#7239 = CARTESIAN_POINT('',(2.77,1.,0.31));
#7240 = CARTESIAN_POINT('',(-2.77,1.,0.31));
#7241 = PCURVE('',#5495,#7242);
#7242 = DEFINITIONAL_REPRESENTATION('',(#7243),#7246);
#7243 = B_SPLINE_CURVE_WITH_KNOTS('',1,(#7244,#7245),.UNSPECIFIED.,.F.,
  .F.,(2,2),(0.287906137184,0.351083032491),.PIECEWISE_BEZIER_KNOTS.);
#7244 = CARTESIAN_POINT('',(-3.835473605385E-16,3.65));
#7245 = CARTESIAN_POINT('',(-3.835473605385E-16,4.));
#7246 = ( GEOMETRIC_REPRESENTATION_CONTEXT(2) 
PARAMETRIC_REPRESENTATION_CONTEXT() REPRESENTATION_CONTEXT('2D SPACE',''
  ) );
#7247 = PCURVE('',#3580,#7248);
#7248 = DEFINITIONAL_REPRESENTATION('',(#7249),#7253);
#7249 = LINE('',#7250,#7251);
#7250 = CARTESIAN_POINT('',(-0.305137,0.));
#7251 = VECTOR('',#7252,1.);
#7252 = DIRECTION('',(0.,1.));
#7253 = ( GEOMETRIC_REPRESENTATION_CONTEXT(2) 
PARAMETRIC_REPRESENTATION_CONTEXT() REPRESENTATION_CONTEXT('2D SPACE',''
  ) );
#7254 = ADVANCED_FACE('',(#7255),#5439,.T.);
#7255 = FACE_BOUND('',#7256,.T.);
#7256 = EDGE_LOOP('',(#7257,#7258,#7281,#7304));
#7257 = ORIENTED_EDGE('',*,*,#5423,.T.);
#7258 = ORIENTED_EDGE('',*,*,#7259,.F.);
#7259 = EDGE_CURVE('',#7260,#5396,#7262,.T.);
#7260 = VERTEX_POINT('',#7261);
#7261 = CARTESIAN_POINT('',(0.6,0.92,8.E-02));
#7262 = SURFACE_CURVE('',#7263,(#7267,#7274),.PCURVE_S1.);
#7263 = LINE('',#7264,#7265);
#7264 = CARTESIAN_POINT('',(0.5488325,0.694863,2.88325E-02));
#7265 = VECTOR('',#7266,1.);
#7266 = DIRECTION('',(-0.216371161204,-0.952033109297,-0.216371161204));
#7267 = PCURVE('',#5439,#7268);
#7268 = DEFINITIONAL_REPRESENTATION('',(#7269),#7273);
#7269 = LINE('',#7270,#7271);
#7270 = CARTESIAN_POINT('',(0.230878283572,0.1136675));
#7271 = VECTOR('',#7272,1.);
#7272 = DIRECTION('',(0.976311180208,0.216371161204));
#7273 = ( GEOMETRIC_REPRESENTATION_CONTEXT(2) 
PARAMETRIC_REPRESENTATION_CONTEXT() REPRESENTATION_CONTEXT('2D SPACE',''
  ) );
#7274 = PCURVE('',#5411,#7275);
#7275 = DEFINITIONAL_REPRESENTATION('',(#7276),#7280);
#7276 = LINE('',#7277,#7278);
#7277 = CARTESIAN_POINT('',(3.70064333934E-02,-0.155137));
#7278 = VECTOR('',#7279,1.);
#7279 = DIRECTION('',(0.305995030681,-0.952033109297));
#7280 = ( GEOMETRIC_REPRESENTATION_CONTEXT(2) 
PARAMETRIC_REPRESENTATION_CONTEXT() REPRESENTATION_CONTEXT('2D SPACE',''
  ) );
#7281 = ORIENTED_EDGE('',*,*,#7282,.F.);
#7282 = EDGE_CURVE('',#7283,#7260,#7285,.T.);
#7283 = VERTEX_POINT('',#7284);
#7284 = CARTESIAN_POINT('',(0.9,0.92,8.E-02));
#7285 = SURFACE_CURVE('',#7286,(#7290,#7297),.PCURVE_S1.);
#7286 = LINE('',#7287,#7288);
#7287 = CARTESIAN_POINT('',(-15.,0.92,8.E-02));
#7288 = VECTOR('',#7289,1.);
#7289 = DIRECTION('',(-1.,5.243344273594E-32,2.289834988289E-16));
#7290 = PCURVE('',#5439,#7291);
#7291 = DEFINITIONAL_REPRESENTATION('',(#7292),#7296);
#7292 = LINE('',#7293,#7294);
#7293 = CARTESIAN_POINT('',(1.326357092528E-18,15.6625));
#7294 = VECTOR('',#7295,1.);
#7295 = DIRECTION('',(-1.848892746612E-31,1.));
#7296 = ( GEOMETRIC_REPRESENTATION_CONTEXT(2) 
PARAMETRIC_REPRESENTATION_CONTEXT() REPRESENTATION_CONTEXT('2D SPACE',''
  ) );
#7297 = PCURVE('',#7196,#7298);
#7298 = DEFINITIONAL_REPRESENTATION('',(#7299),#7303);
#7299 = LINE('',#7300,#7301);
#7300 = CARTESIAN_POINT('',(8.E-02,15.6625));
#7301 = VECTOR('',#7302,1.);
#7302 = DIRECTION('',(2.080052407982E-46,1.));
#7303 = ( GEOMETRIC_REPRESENTATION_CONTEXT(2) 
PARAMETRIC_REPRESENTATION_CONTEXT() REPRESENTATION_CONTEXT('2D SPACE',''
  ) );
#7304 = ORIENTED_EDGE('',*,*,#7305,.F.);
#7305 = EDGE_CURVE('',#5424,#7283,#7306,.T.);
#7306 = SURFACE_CURVE('',#7307,(#7311,#7318),.PCURVE_S1.);
#7307 = LINE('',#7308,#7309);
#7308 = CARTESIAN_POINT('',(0.9511675,0.694863,2.88325E-02));
#7309 = VECTOR('',#7310,1.);
#7310 = DIRECTION('',(-0.216371161204,0.952033109297,0.216371161204));
#7311 = PCURVE('',#5439,#7312);
#7312 = DEFINITIONAL_REPRESENTATION('',(#7313),#7317);
#7313 = LINE('',#7314,#7315);
#7314 = CARTESIAN_POINT('',(0.230878283572,-0.2886675));
#7315 = VECTOR('',#7316,1.);
#7316 = DIRECTION('',(-0.976311180208,0.216371161204));
#7317 = ( GEOMETRIC_REPRESENTATION_CONTEXT(2) 
PARAMETRIC_REPRESENTATION_CONTEXT() REPRESENTATION_CONTEXT('2D SPACE',''
  ) );
#7318 = PCURVE('',#5467,#7319);
#7319 = DEFINITIONAL_REPRESENTATION('',(#7320),#7324);
#7320 = LINE('',#7321,#7322);
#7321 = CARTESIAN_POINT('',(3.70064333934E-02,0.155137));
#7322 = VECTOR('',#7323,1.);
#7323 = DIRECTION('',(-0.305995030681,-0.952033109297));
#7324 = ( GEOMETRIC_REPRESENTATION_CONTEXT(2) 
PARAMETRIC_REPRESENTATION_CONTEXT() REPRESENTATION_CONTEXT('2D SPACE',''
  ) );
#7325 = ADVANCED_FACE('',(#7326),#5383,.T.);
#7326 = FACE_BOUND('',#7327,.T.);
#7327 = EDGE_LOOP('',(#7328,#7353,#7376,#7397,#7398,#7421,#7449,#7477));
#7328 = ORIENTED_EDGE('',*,*,#7329,.T.);
#7329 = EDGE_CURVE('',#7330,#7332,#7334,.T.);
#7330 = VERTEX_POINT('',#7331);
#7331 = CARTESIAN_POINT('',(0.675,1.,0.31));
#7332 = VERTEX_POINT('',#7333);
#7333 = CARTESIAN_POINT('',(0.675,1.,8.E-02));
#7334 = SURFACE_CURVE('',#7335,(#7339,#7346),.PCURVE_S1.);
#7335 = LINE('',#7336,#7337);
#7336 = CARTESIAN_POINT('',(0.675,1.,0.841614));
#7337 = VECTOR('',#7338,1.);
#7338 = DIRECTION('',(-2.289834988289E-16,-1.065228634467E-16,-1.));
#7339 = PCURVE('',#5383,#7340);
#7340 = DEFINITIONAL_REPRESENTATION('',(#7341),#7345);
#7341 = LINE('',#7342,#7343);
#7342 = CARTESIAN_POINT('',(-0.531614,3.65));
#7343 = VECTOR('',#7344,1.);
#7344 = DIRECTION('',(1.,0.));
#7345 = ( GEOMETRIC_REPRESENTATION_CONTEXT(2) 
PARAMETRIC_REPRESENTATION_CONTEXT() REPRESENTATION_CONTEXT('2D SPACE',''
  ) );
#7346 = PCURVE('',#7224,#7347);
#7347 = DEFINITIONAL_REPRESENTATION('',(#7348),#7352);
#7348 = LINE('',#7349,#7350);
#7349 = CARTESIAN_POINT('',(0.,1.));
#7350 = VECTOR('',#7351,1.);
#7351 = DIRECTION('',(-1.,0.));
#7352 = ( GEOMETRIC_REPRESENTATION_CONTEXT(2) 
PARAMETRIC_REPRESENTATION_CONTEXT() REPRESENTATION_CONTEXT('2D SPACE',''
  ) );
#7353 = ORIENTED_EDGE('',*,*,#7354,.T.);
#7354 = EDGE_CURVE('',#7332,#7355,#7357,.T.);
#7355 = VERTEX_POINT('',#7356);
#7356 = CARTESIAN_POINT('',(0.6,1.,8.E-02));
#7357 = SURFACE_CURVE('',#7358,(#7362,#7369),.PCURVE_S1.);
#7358 = LINE('',#7359,#7360);
#7359 = CARTESIAN_POINT('',(-15.,1.,8.E-02));
#7360 = VECTOR('',#7361,1.);
#7361 = DIRECTION('',(-1.,5.243344273594E-32,2.289834988289E-16));
#7362 = PCURVE('',#5383,#7363);
#7363 = DEFINITIONAL_REPRESENTATION('',(#7364),#7368);
#7364 = LINE('',#7365,#7366);
#7365 = CARTESIAN_POINT('',(0.23,19.325));
#7366 = VECTOR('',#7367,1.);
#7367 = DIRECTION('',(0.,1.));
#7368 = ( GEOMETRIC_REPRESENTATION_CONTEXT(2) 
PARAMETRIC_REPRESENTATION_CONTEXT() REPRESENTATION_CONTEXT('2D SPACE',''
  ) );
#7369 = PCURVE('',#7196,#7370);
#7370 = DEFINITIONAL_REPRESENTATION('',(#7371),#7375);
#7371 = LINE('',#7372,#7373);
#7372 = CARTESIAN_POINT('',(8.198683773256E-31,15.6625));
#7373 = VECTOR('',#7374,1.);
#7374 = DIRECTION('',(2.080052407982E-46,1.));
#7375 = ( GEOMETRIC_REPRESENTATION_CONTEXT(2) 
PARAMETRIC_REPRESENTATION_CONTEXT() REPRESENTATION_CONTEXT('2D SPACE',''
  ) );
#7376 = ORIENTED_EDGE('',*,*,#7377,.T.);
#7377 = EDGE_CURVE('',#7355,#5368,#7378,.T.);
#7378 = SURFACE_CURVE('',#7379,(#7383,#7390),.PCURVE_S1.);
#7379 = LINE('',#7380,#7381);
#7380 = CARTESIAN_POINT('',(-15.,1.,-15.52));
#7381 = VECTOR('',#7382,1.);
#7382 = DIRECTION('',(-0.707106781187,-1.064046335705E-16,
    -0.707106781187));
#7383 = PCURVE('',#5383,#7384);
#7384 = DEFINITIONAL_REPRESENTATION('',(#7385),#7389);
#7385 = LINE('',#7386,#7387);
#7386 = CARTESIAN_POINT('',(15.83,19.325));
#7387 = VECTOR('',#7388,1.);
#7388 = DIRECTION('',(0.707106781187,0.707106781187));
#7389 = ( GEOMETRIC_REPRESENTATION_CONTEXT(2) 
PARAMETRIC_REPRESENTATION_CONTEXT() REPRESENTATION_CONTEXT('2D SPACE',''
  ) );
#7390 = PCURVE('',#5411,#7391);
#7391 = DEFINITIONAL_REPRESENTATION('',(#7392),#7396);
#7392 = LINE('',#7393,#7394);
#7393 = CARTESIAN_POINT('',(22.026376233961,0.15));
#7394 = VECTOR('',#7395,1.);
#7395 = DIRECTION('',(1.,-7.295350781106E-16));
#7396 = ( GEOMETRIC_REPRESENTATION_CONTEXT(2) 
PARAMETRIC_REPRESENTATION_CONTEXT() REPRESENTATION_CONTEXT('2D SPACE',''
  ) );
#7397 = ORIENTED_EDGE('',*,*,#5367,.F.);
#7398 = ORIENTED_EDGE('',*,*,#7399,.T.);
#7399 = EDGE_CURVE('',#5340,#7400,#7402,.T.);
#7400 = VERTEX_POINT('',#7401);
#7401 = CARTESIAN_POINT('',(0.4,1.,8.E-02));
#7402 = SURFACE_CURVE('',#7403,(#7407,#7414),.PCURVE_S1.);
#7403 = LINE('',#7404,#7405);
#7404 = CARTESIAN_POINT('',(-15.,1.,15.48));
#7405 = VECTOR('',#7406,1.);
#7406 = DIRECTION('',(-0.707106781187,1.064046335705E-16,0.707106781187)
  );
#7407 = PCURVE('',#5383,#7408);
#7408 = DEFINITIONAL_REPRESENTATION('',(#7409),#7413);
#7409 = LINE('',#7410,#7411);
#7410 = CARTESIAN_POINT('',(-15.17,19.325));
#7411 = VECTOR('',#7412,1.);
#7412 = DIRECTION('',(-0.707106781187,0.707106781187));
#7413 = ( GEOMETRIC_REPRESENTATION_CONTEXT(2) 
PARAMETRIC_REPRESENTATION_CONTEXT() REPRESENTATION_CONTEXT('2D SPACE',''
  ) );
#7414 = PCURVE('',#5355,#7415);
#7415 = DEFINITIONAL_REPRESENTATION('',(#7416),#7420);
#7416 = LINE('',#7417,#7418);
#7417 = CARTESIAN_POINT('',(-21.8142441996,-0.15));
#7418 = VECTOR('',#7419,1.);
#7419 = DIRECTION('',(-1.,-7.295350781106E-16));
#7420 = ( GEOMETRIC_REPRESENTATION_CONTEXT(2) 
PARAMETRIC_REPRESENTATION_CONTEXT() REPRESENTATION_CONTEXT('2D SPACE',''
  ) );
#7421 = ORIENTED_EDGE('',*,*,#7422,.T.);
#7422 = EDGE_CURVE('',#7400,#7423,#7425,.T.);
#7423 = VERTEX_POINT('',#7424);
#7424 = CARTESIAN_POINT('',(0.325,1.,8.E-02));
#7425 = SURFACE_CURVE('',#7426,(#7430,#7437),.PCURVE_S1.);
#7426 = LINE('',#7427,#7428);
#7427 = CARTESIAN_POINT('',(-15.5,1.,8.E-02));
#7428 = VECTOR('',#7429,1.);
#7429 = DIRECTION('',(-1.,5.243344273594E-32,2.289834988289E-16));
#7430 = PCURVE('',#5383,#7431);
#7431 = DEFINITIONAL_REPRESENTATION('',(#7432),#7436);
#7432 = LINE('',#7433,#7434);
#7433 = CARTESIAN_POINT('',(0.23,19.825));
#7434 = VECTOR('',#7435,1.);
#7435 = DIRECTION('',(0.,1.));
#7436 = ( GEOMETRIC_REPRESENTATION_CONTEXT(2) 
PARAMETRIC_REPRESENTATION_CONTEXT() REPRESENTATION_CONTEXT('2D SPACE',''
  ) );
#7437 = PCURVE('',#7438,#7443);
#7438 = PLANE('',#7439);
#7439 = AXIS2_PLACEMENT_3D('',#7440,#7441,#7442);
#7440 = CARTESIAN_POINT('',(0.1625,1.,8.E-02));
#7441 = DIRECTION('',(-2.289834988289E-16,-2.289834988289E-16,-1.));
#7442 = DIRECTION('',(0.,-1.,2.289834988289E-16));
#7443 = DEFINITIONAL_REPRESENTATION('',(#7444),#7448);
#7444 = LINE('',#7445,#7446);
#7445 = CARTESIAN_POINT('',(8.198683773256E-31,15.6625));
#7446 = VECTOR('',#7447,1.);
#7447 = DIRECTION('',(2.080052407982E-46,1.));
#7448 = ( GEOMETRIC_REPRESENTATION_CONTEXT(2) 
PARAMETRIC_REPRESENTATION_CONTEXT() REPRESENTATION_CONTEXT('2D SPACE',''
  ) );
#7449 = ORIENTED_EDGE('',*,*,#7450,.F.);
#7450 = EDGE_CURVE('',#7451,#7423,#7453,.T.);
#7451 = VERTEX_POINT('',#7452);
#7452 = CARTESIAN_POINT('',(0.325,1.,0.31));
#7453 = SURFACE_CURVE('',#7454,(#7458,#7465),.PCURVE_S1.);
#7454 = LINE('',#7455,#7456);
#7455 = CARTESIAN_POINT('',(0.325,1.,0.841614));
#7456 = VECTOR('',#7457,1.);
#7457 = DIRECTION('',(-2.289834988289E-16,-1.065228634467E-16,-1.));
#7458 = PCURVE('',#5383,#7459);
#7459 = DEFINITIONAL_REPRESENTATION('',(#7460),#7464);
#7460 = LINE('',#7461,#7462);
#7461 = CARTESIAN_POINT('',(-0.531614,4.));
#7462 = VECTOR('',#7463,1.);
#7463 = DIRECTION('',(1.,0.));
#7464 = ( GEOMETRIC_REPRESENTATION_CONTEXT(2) 
PARAMETRIC_REPRESENTATION_CONTEXT() REPRESENTATION_CONTEXT('2D SPACE',''
  ) );
#7465 = PCURVE('',#7466,#7471);
#7466 = B_SPLINE_SURFACE_WITH_KNOTS('',1,1,(
    (#7467,#7468)
    ,(#7469,#7470
    )),.UNSPECIFIED.,.F.,.F.,.F.,(2,2),(2,2),(-0.761614,-0.531614),(0.,
    1.),.PIECEWISE_BEZIER_KNOTS.);
#7467 = CARTESIAN_POINT('',(0.325,1.,8.E-02));
#7468 = CARTESIAN_POINT('',(0.175,1.,8.E-02));
#7469 = CARTESIAN_POINT('',(0.325,1.,0.31));
#7470 = CARTESIAN_POINT('',(0.175,1.,0.31));
#7471 = DEFINITIONAL_REPRESENTATION('',(#7472),#7476);
#7472 = LINE('',#7473,#7474);
#7473 = CARTESIAN_POINT('',(0.,0.));
#7474 = VECTOR('',#7475,1.);
#7475 = DIRECTION('',(-1.,0.));
#7476 = ( GEOMETRIC_REPRESENTATION_CONTEXT(2) 
PARAMETRIC_REPRESENTATION_CONTEXT() REPRESENTATION_CONTEXT('2D SPACE',''
  ) );
#7477 = ORIENTED_EDGE('',*,*,#7478,.F.);
#7478 = EDGE_CURVE('',#7330,#7451,#7479,.T.);
#7479 = SURFACE_CURVE('',#7480,(#7483,#7489),.PCURVE_S1.);
#7480 = B_SPLINE_CURVE_WITH_KNOTS('',1,(#7481,#7482),.UNSPECIFIED.,.F.,
  .F.,(2,2),(0.,1.),.PIECEWISE_BEZIER_KNOTS.);
#7481 = CARTESIAN_POINT('',(2.77,1.,0.31));
#7482 = CARTESIAN_POINT('',(-2.77,1.,0.31));
#7483 = PCURVE('',#5383,#7484);
#7484 = DEFINITIONAL_REPRESENTATION('',(#7485),#7488);
#7485 = B_SPLINE_CURVE_WITH_KNOTS('',1,(#7486,#7487),.UNSPECIFIED.,.F.,
  .F.,(2,2),(0.378158844765,0.441335740072),.PIECEWISE_BEZIER_KNOTS.);
#7486 = CARTESIAN_POINT('',(6.156533616242E-16,3.65));
#7487 = CARTESIAN_POINT('',(6.156533616242E-16,4.));
#7488 = ( GEOMETRIC_REPRESENTATION_CONTEXT(2) 
PARAMETRIC_REPRESENTATION_CONTEXT() REPRESENTATION_CONTEXT('2D SPACE',''
  ) );
#7489 = PCURVE('',#3580,#7490);
#7490 = DEFINITIONAL_REPRESENTATION('',(#7491),#7495);
#7491 = LINE('',#7492,#7493);
#7492 = CARTESIAN_POINT('',(-0.305137,0.));
#7493 = VECTOR('',#7494,1.);
#7494 = DIRECTION('',(0.,1.));
#7495 = ( GEOMETRIC_REPRESENTATION_CONTEXT(2) 
PARAMETRIC_REPRESENTATION_CONTEXT() REPRESENTATION_CONTEXT('2D SPACE',''
  ) );
#7496 = ADVANCED_FACE('',(#7497),#5271,.T.);
#7497 = FACE_BOUND('',#7498,.T.);
#7498 = EDGE_LOOP('',(#7499,#7524,#7547,#7568,#7569,#7592,#7620,#7648));
#7499 = ORIENTED_EDGE('',*,*,#7500,.T.);
#7500 = EDGE_CURVE('',#7501,#7503,#7505,.T.);
#7501 = VERTEX_POINT('',#7502);
#7502 = CARTESIAN_POINT('',(0.175,1.,0.31));
#7503 = VERTEX_POINT('',#7504);
#7504 = CARTESIAN_POINT('',(0.175,1.,8.E-02));
#7505 = SURFACE_CURVE('',#7506,(#7510,#7517),.PCURVE_S1.);
#7506 = LINE('',#7507,#7508);
#7507 = CARTESIAN_POINT('',(0.175,1.,0.841614));
#7508 = VECTOR('',#7509,1.);
#7509 = DIRECTION('',(-2.289834988289E-16,-1.065228634467E-16,-1.));
#7510 = PCURVE('',#5271,#7511);
#7511 = DEFINITIONAL_REPRESENTATION('',(#7512),#7516);
#7512 = LINE('',#7513,#7514);
#7513 = CARTESIAN_POINT('',(-0.531614,3.65));
#7514 = VECTOR('',#7515,1.);
#7515 = DIRECTION('',(1.,0.));
#7516 = ( GEOMETRIC_REPRESENTATION_CONTEXT(2) 
PARAMETRIC_REPRESENTATION_CONTEXT() REPRESENTATION_CONTEXT('2D SPACE',''
  ) );
#7517 = PCURVE('',#7466,#7518);
#7518 = DEFINITIONAL_REPRESENTATION('',(#7519),#7523);
#7519 = LINE('',#7520,#7521);
#7520 = CARTESIAN_POINT('',(0.,1.));
#7521 = VECTOR('',#7522,1.);
#7522 = DIRECTION('',(-1.,0.));
#7523 = ( GEOMETRIC_REPRESENTATION_CONTEXT(2) 
PARAMETRIC_REPRESENTATION_CONTEXT() REPRESENTATION_CONTEXT('2D SPACE',''
  ) );
#7524 = ORIENTED_EDGE('',*,*,#7525,.T.);
#7525 = EDGE_CURVE('',#7503,#7526,#7528,.T.);
#7526 = VERTEX_POINT('',#7527);
#7527 = CARTESIAN_POINT('',(1.E-01,1.,8.E-02));
#7528 = SURFACE_CURVE('',#7529,(#7533,#7540),.PCURVE_S1.);
#7529 = LINE('',#7530,#7531);
#7530 = CARTESIAN_POINT('',(-15.5,1.,8.E-02));
#7531 = VECTOR('',#7532,1.);
#7532 = DIRECTION('',(-1.,5.243344273594E-32,2.289834988289E-16));
#7533 = PCURVE('',#5271,#7534);
#7534 = DEFINITIONAL_REPRESENTATION('',(#7535),#7539);
#7535 = LINE('',#7536,#7537);
#7536 = CARTESIAN_POINT('',(0.23,19.325));
#7537 = VECTOR('',#7538,1.);
#7538 = DIRECTION('',(0.,1.));
#7539 = ( GEOMETRIC_REPRESENTATION_CONTEXT(2) 
PARAMETRIC_REPRESENTATION_CONTEXT() REPRESENTATION_CONTEXT('2D SPACE',''
  ) );
#7540 = PCURVE('',#7438,#7541);
#7541 = DEFINITIONAL_REPRESENTATION('',(#7542),#7546);
#7542 = LINE('',#7543,#7544);
#7543 = CARTESIAN_POINT('',(8.198683773256E-31,15.6625));
#7544 = VECTOR('',#7545,1.);
#7545 = DIRECTION('',(2.080052407982E-46,1.));
#7546 = ( GEOMETRIC_REPRESENTATION_CONTEXT(2) 
PARAMETRIC_REPRESENTATION_CONTEXT() REPRESENTATION_CONTEXT('2D SPACE',''
  ) );
#7547 = ORIENTED_EDGE('',*,*,#7548,.T.);
#7548 = EDGE_CURVE('',#7526,#5256,#7549,.T.);
#7549 = SURFACE_CURVE('',#7550,(#7554,#7561),.PCURVE_S1.);
#7550 = LINE('',#7551,#7552);
#7551 = CARTESIAN_POINT('',(-15.5,1.,-15.52));
#7552 = VECTOR('',#7553,1.);
#7553 = DIRECTION('',(-0.707106781187,-1.064046335705E-16,
    -0.707106781187));
#7554 = PCURVE('',#5271,#7555);
#7555 = DEFINITIONAL_REPRESENTATION('',(#7556),#7560);
#7556 = LINE('',#7557,#7558);
#7557 = CARTESIAN_POINT('',(15.83,19.325));
#7558 = VECTOR('',#7559,1.);
#7559 = DIRECTION('',(0.707106781187,0.707106781187));
#7560 = ( GEOMETRIC_REPRESENTATION_CONTEXT(2) 
PARAMETRIC_REPRESENTATION_CONTEXT() REPRESENTATION_CONTEXT('2D SPACE',''
  ) );
#7561 = PCURVE('',#5299,#7562);
#7562 = DEFINITIONAL_REPRESENTATION('',(#7563),#7567);
#7563 = LINE('',#7564,#7565);
#7564 = CARTESIAN_POINT('',(22.026376233961,0.15));
#7565 = VECTOR('',#7566,1.);
#7566 = DIRECTION('',(1.,-7.295350781106E-16));
#7567 = ( GEOMETRIC_REPRESENTATION_CONTEXT(2) 
PARAMETRIC_REPRESENTATION_CONTEXT() REPRESENTATION_CONTEXT('2D SPACE',''
  ) );
#7568 = ORIENTED_EDGE('',*,*,#5255,.F.);
#7569 = ORIENTED_EDGE('',*,*,#7570,.T.);
#7570 = EDGE_CURVE('',#5228,#7571,#7573,.T.);
#7571 = VERTEX_POINT('',#7572);
#7572 = CARTESIAN_POINT('',(-1.E-01,1.,8.E-02));
#7573 = SURFACE_CURVE('',#7574,(#7578,#7585),.PCURVE_S1.);
#7574 = LINE('',#7575,#7576);
#7575 = CARTESIAN_POINT('',(-15.5,1.,15.48));
#7576 = VECTOR('',#7577,1.);
#7577 = DIRECTION('',(-0.707106781187,1.064046335705E-16,0.707106781187)
  );
#7578 = PCURVE('',#5271,#7579);
#7579 = DEFINITIONAL_REPRESENTATION('',(#7580),#7584);
#7580 = LINE('',#7581,#7582);
#7581 = CARTESIAN_POINT('',(-15.17,19.325));
#7582 = VECTOR('',#7583,1.);
#7583 = DIRECTION('',(-0.707106781187,0.707106781187));
#7584 = ( GEOMETRIC_REPRESENTATION_CONTEXT(2) 
PARAMETRIC_REPRESENTATION_CONTEXT() REPRESENTATION_CONTEXT('2D SPACE',''
  ) );
#7585 = PCURVE('',#5243,#7586);
#7586 = DEFINITIONAL_REPRESENTATION('',(#7587),#7591);
#7587 = LINE('',#7588,#7589);
#7588 = CARTESIAN_POINT('',(-21.8142441996,-0.15));
#7589 = VECTOR('',#7590,1.);
#7590 = DIRECTION('',(-1.,-7.295350781106E-16));
#7591 = ( GEOMETRIC_REPRESENTATION_CONTEXT(2) 
PARAMETRIC_REPRESENTATION_CONTEXT() REPRESENTATION_CONTEXT('2D SPACE',''
  ) );
#7592 = ORIENTED_EDGE('',*,*,#7593,.T.);
#7593 = EDGE_CURVE('',#7571,#7594,#7596,.T.);
#7594 = VERTEX_POINT('',#7595);
#7595 = CARTESIAN_POINT('',(-0.175,1.,8.E-02));
#7596 = SURFACE_CURVE('',#7597,(#7601,#7608),.PCURVE_S1.);
#7597 = LINE('',#7598,#7599);
#7598 = CARTESIAN_POINT('',(-16.,1.,8.E-02));
#7599 = VECTOR('',#7600,1.);
#7600 = DIRECTION('',(-1.,5.243344273594E-32,2.289834988289E-16));
#7601 = PCURVE('',#5271,#7602);
#7602 = DEFINITIONAL_REPRESENTATION('',(#7603),#7607);
#7603 = LINE('',#7604,#7605);
#7604 = CARTESIAN_POINT('',(0.23,19.825));
#7605 = VECTOR('',#7606,1.);
#7606 = DIRECTION('',(0.,1.));
#7607 = ( GEOMETRIC_REPRESENTATION_CONTEXT(2) 
PARAMETRIC_REPRESENTATION_CONTEXT() REPRESENTATION_CONTEXT('2D SPACE',''
  ) );
#7608 = PCURVE('',#7609,#7614);
#7609 = PLANE('',#7610);
#7610 = AXIS2_PLACEMENT_3D('',#7611,#7612,#7613);
#7611 = CARTESIAN_POINT('',(-0.3375,1.,8.E-02));
#7612 = DIRECTION('',(-2.289834988289E-16,-2.289834988289E-16,-1.));
#7613 = DIRECTION('',(0.,-1.,2.289834988289E-16));
#7614 = DEFINITIONAL_REPRESENTATION('',(#7615),#7619);
#7615 = LINE('',#7616,#7617);
#7616 = CARTESIAN_POINT('',(8.198683773256E-31,15.6625));
#7617 = VECTOR('',#7618,1.);
#7618 = DIRECTION('',(2.080052407982E-46,1.));
#7619 = ( GEOMETRIC_REPRESENTATION_CONTEXT(2) 
PARAMETRIC_REPRESENTATION_CONTEXT() REPRESENTATION_CONTEXT('2D SPACE',''
  ) );
#7620 = ORIENTED_EDGE('',*,*,#7621,.F.);
#7621 = EDGE_CURVE('',#7622,#7594,#7624,.T.);
#7622 = VERTEX_POINT('',#7623);
#7623 = CARTESIAN_POINT('',(-0.175,1.,0.31));
#7624 = SURFACE_CURVE('',#7625,(#7629,#7636),.PCURVE_S1.);
#7625 = LINE('',#7626,#7627);
#7626 = CARTESIAN_POINT('',(-0.175,1.,0.841614));
#7627 = VECTOR('',#7628,1.);
#7628 = DIRECTION('',(-2.289834988289E-16,-1.065228634467E-16,-1.));
#7629 = PCURVE('',#5271,#7630);
#7630 = DEFINITIONAL_REPRESENTATION('',(#7631),#7635);
#7631 = LINE('',#7632,#7633);
#7632 = CARTESIAN_POINT('',(-0.531614,4.));
#7633 = VECTOR('',#7634,1.);
#7634 = DIRECTION('',(1.,0.));
#7635 = ( GEOMETRIC_REPRESENTATION_CONTEXT(2) 
PARAMETRIC_REPRESENTATION_CONTEXT() REPRESENTATION_CONTEXT('2D SPACE',''
  ) );
#7636 = PCURVE('',#7637,#7642);
#7637 = B_SPLINE_SURFACE_WITH_KNOTS('',1,1,(
    (#7638,#7639)
    ,(#7640,#7641
    )),.UNSPECIFIED.,.F.,.F.,.F.,(2,2),(2,2),(-0.761614,-0.531614),(0.,
    1.),.PIECEWISE_BEZIER_KNOTS.);
#7638 = CARTESIAN_POINT('',(-0.175,1.,8.E-02));
#7639 = CARTESIAN_POINT('',(-0.325,1.,8.E-02));
#7640 = CARTESIAN_POINT('',(-0.175,1.,0.31));
#7641 = CARTESIAN_POINT('',(-0.325,1.,0.31));
#7642 = DEFINITIONAL_REPRESENTATION('',(#7643),#7647);
#7643 = LINE('',#7644,#7645);
#7644 = CARTESIAN_POINT('',(0.,0.));
#7645 = VECTOR('',#7646,1.);
#7646 = DIRECTION('',(-1.,0.));
#7647 = ( GEOMETRIC_REPRESENTATION_CONTEXT(2) 
PARAMETRIC_REPRESENTATION_CONTEXT() REPRESENTATION_CONTEXT('2D SPACE',''
  ) );
#7648 = ORIENTED_EDGE('',*,*,#7649,.F.);
#7649 = EDGE_CURVE('',#7501,#7622,#7650,.T.);
#7650 = SURFACE_CURVE('',#7651,(#7654,#7660),.PCURVE_S1.);
#7651 = B_SPLINE_CURVE_WITH_KNOTS('',1,(#7652,#7653),.UNSPECIFIED.,.F.,
  .F.,(2,2),(0.,1.),.PIECEWISE_BEZIER_KNOTS.);
#7652 = CARTESIAN_POINT('',(2.77,1.,0.31));
#7653 = CARTESIAN_POINT('',(-2.77,1.,0.31));
#7654 = PCURVE('',#5271,#7655);
#7655 = DEFINITIONAL_REPRESENTATION('',(#7656),#7659);
#7656 = B_SPLINE_CURVE_WITH_KNOTS('',1,(#7657,#7658),.UNSPECIFIED.,.F.,
  .F.,(2,2),(0.468411552347,0.531588447653),.PIECEWISE_BEZIER_KNOTS.);
#7657 = CARTESIAN_POINT('',(-3.835473605385E-16,3.65));
#7658 = CARTESIAN_POINT('',(-3.835473605385E-16,4.));
#7659 = ( GEOMETRIC_REPRESENTATION_CONTEXT(2) 
PARAMETRIC_REPRESENTATION_CONTEXT() REPRESENTATION_CONTEXT('2D SPACE',''
  ) );
#7660 = PCURVE('',#3580,#7661);
#7661 = DEFINITIONAL_REPRESENTATION('',(#7662),#7666);
#7662 = LINE('',#7663,#7664);
#7663 = CARTESIAN_POINT('',(-0.305137,0.));
#7664 = VECTOR('',#7665,1.);
#7665 = DIRECTION('',(0.,1.));
#7666 = ( GEOMETRIC_REPRESENTATION_CONTEXT(2) 
PARAMETRIC_REPRESENTATION_CONTEXT() REPRESENTATION_CONTEXT('2D SPACE',''
  ) );
#7667 = ADVANCED_FACE('',(#7668),#5327,.T.);
#7668 = FACE_BOUND('',#7669,.T.);
#7669 = EDGE_LOOP('',(#7670,#7671,#7694,#7717));
#7670 = ORIENTED_EDGE('',*,*,#5311,.T.);
#7671 = ORIENTED_EDGE('',*,*,#7672,.F.);
#7672 = EDGE_CURVE('',#7673,#5284,#7675,.T.);
#7673 = VERTEX_POINT('',#7674);
#7674 = CARTESIAN_POINT('',(0.1,0.92,8.E-02));
#7675 = SURFACE_CURVE('',#7676,(#7680,#7687),.PCURVE_S1.);
#7676 = LINE('',#7677,#7678);
#7677 = CARTESIAN_POINT('',(4.88325E-02,0.694863,2.88325E-02));
#7678 = VECTOR('',#7679,1.);
#7679 = DIRECTION('',(-0.216371161204,-0.952033109297,-0.216371161204));
#7680 = PCURVE('',#5327,#7681);
#7681 = DEFINITIONAL_REPRESENTATION('',(#7682),#7686);
#7682 = LINE('',#7683,#7684);
#7683 = CARTESIAN_POINT('',(0.230878283572,0.1136675));
#7684 = VECTOR('',#7685,1.);
#7685 = DIRECTION('',(0.976311180208,0.216371161204));
#7686 = ( GEOMETRIC_REPRESENTATION_CONTEXT(2) 
PARAMETRIC_REPRESENTATION_CONTEXT() REPRESENTATION_CONTEXT('2D SPACE',''
  ) );
#7687 = PCURVE('',#5299,#7688);
#7688 = DEFINITIONAL_REPRESENTATION('',(#7689),#7693);
#7689 = LINE('',#7690,#7691);
#7690 = CARTESIAN_POINT('',(3.70064333934E-02,-0.155137));
#7691 = VECTOR('',#7692,1.);
#7692 = DIRECTION('',(0.305995030681,-0.952033109297));
#7693 = ( GEOMETRIC_REPRESENTATION_CONTEXT(2) 
PARAMETRIC_REPRESENTATION_CONTEXT() REPRESENTATION_CONTEXT('2D SPACE',''
  ) );
#7694 = ORIENTED_EDGE('',*,*,#7695,.F.);
#7695 = EDGE_CURVE('',#7696,#7673,#7698,.T.);
#7696 = VERTEX_POINT('',#7697);
#7697 = CARTESIAN_POINT('',(0.4,0.92,8.E-02));
#7698 = SURFACE_CURVE('',#7699,(#7703,#7710),.PCURVE_S1.);
#7699 = LINE('',#7700,#7701);
#7700 = CARTESIAN_POINT('',(-15.5,0.92,8.E-02));
#7701 = VECTOR('',#7702,1.);
#7702 = DIRECTION('',(-1.,5.243344273594E-32,2.289834988289E-16));
#7703 = PCURVE('',#5327,#7704);
#7704 = DEFINITIONAL_REPRESENTATION('',(#7705),#7709);
#7705 = LINE('',#7706,#7707);
#7706 = CARTESIAN_POINT('',(1.326357092528E-18,15.6625));
#7707 = VECTOR('',#7708,1.);
#7708 = DIRECTION('',(-1.848892746612E-31,1.));
#7709 = ( GEOMETRIC_REPRESENTATION_CONTEXT(2) 
PARAMETRIC_REPRESENTATION_CONTEXT() REPRESENTATION_CONTEXT('2D SPACE',''
  ) );
#7710 = PCURVE('',#7438,#7711);
#7711 = DEFINITIONAL_REPRESENTATION('',(#7712),#7716);
#7712 = LINE('',#7713,#7714);
#7713 = CARTESIAN_POINT('',(8.E-02,15.6625));
#7714 = VECTOR('',#7715,1.);
#7715 = DIRECTION('',(2.080052407982E-46,1.));
#7716 = ( GEOMETRIC_REPRESENTATION_CONTEXT(2) 
PARAMETRIC_REPRESENTATION_CONTEXT() REPRESENTATION_CONTEXT('2D SPACE',''
  ) );
#7717 = ORIENTED_EDGE('',*,*,#7718,.F.);
#7718 = EDGE_CURVE('',#5312,#7696,#7719,.T.);
#7719 = SURFACE_CURVE('',#7720,(#7724,#7731),.PCURVE_S1.);
#7720 = LINE('',#7721,#7722);
#7721 = CARTESIAN_POINT('',(0.4511675,0.694863,2.88325E-02));
#7722 = VECTOR('',#7723,1.);
#7723 = DIRECTION('',(-0.216371161204,0.952033109297,0.216371161204));
#7724 = PCURVE('',#5327,#7725);
#7725 = DEFINITIONAL_REPRESENTATION('',(#7726),#7730);
#7726 = LINE('',#7727,#7728);
#7727 = CARTESIAN_POINT('',(0.230878283572,-0.2886675));
#7728 = VECTOR('',#7729,1.);
#7729 = DIRECTION('',(-0.976311180208,0.216371161204));
#7730 = ( GEOMETRIC_REPRESENTATION_CONTEXT(2) 
PARAMETRIC_REPRESENTATION_CONTEXT() REPRESENTATION_CONTEXT('2D SPACE',''
  ) );
#7731 = PCURVE('',#5355,#7732);
#7732 = DEFINITIONAL_REPRESENTATION('',(#7733),#7737);
#7733 = LINE('',#7734,#7735);
#7734 = CARTESIAN_POINT('',(3.70064333934E-02,0.155137));
#7735 = VECTOR('',#7736,1.);
#7736 = DIRECTION('',(-0.305995030681,-0.952033109297));
#7737 = ( GEOMETRIC_REPRESENTATION_CONTEXT(2) 
PARAMETRIC_REPRESENTATION_CONTEXT() REPRESENTATION_CONTEXT('2D SPACE',''
  ) );
#7738 = ADVANCED_FACE('',(#7739),#5691,.F.);
#7739 = FACE_BOUND('',#7740,.T.);
#7740 = EDGE_LOOP('',(#7741,#7742,#7743,#7764));
#7741 = ORIENTED_EDGE('',*,*,#5675,.T.);
#7742 = ORIENTED_EDGE('',*,*,#6992,.T.);
#7743 = ORIENTED_EDGE('',*,*,#7744,.T.);
#7744 = EDGE_CURVE('',#6970,#6669,#7745,.T.);
#7745 = SURFACE_CURVE('',#7746,(#7750,#7757),.PCURVE_S1.);
#7746 = LINE('',#7747,#7748);
#7747 = CARTESIAN_POINT('',(1.9,0.694863,8.E-02));
#7748 = VECTOR('',#7749,1.);
#7749 = DIRECTION('',(1.224606353822E-16,1.,-2.289834988289E-16));
#7750 = PCURVE('',#5691,#7751);
#7751 = DEFINITIONAL_REPRESENTATION('',(#7752),#7756);
#7752 = LINE('',#7753,#7754);
#7753 = CARTESIAN_POINT('',(3.535533905933E-02,0.155137));
#7754 = VECTOR('',#7755,1.);
#7755 = DIRECTION('',(-8.65927457072E-17,-1.));
#7756 = ( GEOMETRIC_REPRESENTATION_CONTEXT(2) 
PARAMETRIC_REPRESENTATION_CONTEXT() REPRESENTATION_CONTEXT('2D SPACE',''
  ) );
#7757 = PCURVE('',#6705,#7758);
#7758 = DEFINITIONAL_REPRESENTATION('',(#7759),#7763);
#7759 = LINE('',#7760,#7761);
#7760 = CARTESIAN_POINT('',(0.305137,-0.2375));
#7761 = VECTOR('',#7762,1.);
#7762 = DIRECTION('',(-1.,-1.224606353822E-16));
#7763 = ( GEOMETRIC_REPRESENTATION_CONTEXT(2) 
PARAMETRIC_REPRESENTATION_CONTEXT() REPRESENTATION_CONTEXT('2D SPACE',''
  ) );
#7764 = ORIENTED_EDGE('',*,*,#6668,.T.);
#7765 = ADVANCED_FACE('',(#7766),#6705,.T.);
#7766 = FACE_BOUND('',#7767,.T.);
#7767 = EDGE_LOOP('',(#7768,#7769,#7790,#7791,#7811,#7812));
#7768 = ORIENTED_EDGE('',*,*,#6969,.T.);
#7769 = ORIENTED_EDGE('',*,*,#7770,.T.);
#7770 = EDGE_CURVE('',#6947,#6800,#7771,.T.);
#7771 = SURFACE_CURVE('',#7772,(#7776,#7783),.PCURVE_S1.);
#7772 = LINE('',#7773,#7774);
#7773 = CARTESIAN_POINT('',(1.6,0.694863,8.E-02));
#7774 = VECTOR('',#7775,1.);
#7775 = DIRECTION('',(-1.224606353822E-16,1.,-2.289834988289E-16));
#7776 = PCURVE('',#6705,#7777);
#7777 = DEFINITIONAL_REPRESENTATION('',(#7778),#7782);
#7778 = LINE('',#7779,#7780);
#7779 = CARTESIAN_POINT('',(0.305137,6.25E-02));
#7780 = VECTOR('',#7781,1.);
#7781 = DIRECTION('',(-1.,1.224606353822E-16));
#7782 = ( GEOMETRIC_REPRESENTATION_CONTEXT(2) 
PARAMETRIC_REPRESENTATION_CONTEXT() REPRESENTATION_CONTEXT('2D SPACE',''
  ) );
#7783 = PCURVE('',#5635,#7784);
#7784 = DEFINITIONAL_REPRESENTATION('',(#7785),#7789);
#7785 = LINE('',#7786,#7787);
#7786 = CARTESIAN_POINT('',(-3.535533905933E-02,-0.155137));
#7787 = VECTOR('',#7788,1.);
#7788 = DIRECTION('',(8.716389750491E-16,1.));
#7789 = ( GEOMETRIC_REPRESENTATION_CONTEXT(2) 
PARAMETRIC_REPRESENTATION_CONTEXT() REPRESENTATION_CONTEXT('2D SPACE',''
  ) );
#7790 = ORIENTED_EDGE('',*,*,#6799,.T.);
#7791 = ORIENTED_EDGE('',*,*,#7792,.T.);
#7792 = EDGE_CURVE('',#6777,#6545,#7793,.T.);
#7793 = SURFACE_CURVE('',#7794,(#7798,#7805),.PCURVE_S1.);
#7794 = LINE('',#7795,#7796);
#7795 = CARTESIAN_POINT('',(3.5,1.,8.E-02));
#7796 = VECTOR('',#7797,1.);
#7797 = DIRECTION('',(1.,-5.243344273594E-32,-2.289834988289E-16));
#7798 = PCURVE('',#6705,#7799);
#7799 = DEFINITIONAL_REPRESENTATION('',(#7800),#7804);
#7800 = LINE('',#7801,#7802);
#7801 = CARTESIAN_POINT('',(-9.533353224717E-32,-1.8375));
#7802 = VECTOR('',#7803,1.);
#7803 = DIRECTION('',(-2.080052407982E-46,-1.));
#7804 = ( GEOMETRIC_REPRESENTATION_CONTEXT(2) 
PARAMETRIC_REPRESENTATION_CONTEXT() REPRESENTATION_CONTEXT('2D SPACE',''
  ) );
#7805 = PCURVE('',#6560,#7806);
#7806 = DEFINITIONAL_REPRESENTATION('',(#7807),#7810);
#7807 = B_SPLINE_CURVE_WITH_KNOTS('',1,(#7808,#7809),.UNSPECIFIED.,.F.,
  .F.,(2,2),(-1.825,-1.675),.PIECEWISE_BEZIER_KNOTS.);
#7808 = CARTESIAN_POINT('',(-0.761614,1.));
#7809 = CARTESIAN_POINT('',(-0.761614,0.));
#7810 = ( GEOMETRIC_REPRESENTATION_CONTEXT(2) 
PARAMETRIC_REPRESENTATION_CONTEXT() REPRESENTATION_CONTEXT('2D SPACE',''
  ) );
#7811 = ORIENTED_EDGE('',*,*,#6691,.T.);
#7812 = ORIENTED_EDGE('',*,*,#7744,.F.);
#7813 = ADVANCED_FACE('',(#7814),#5635,.T.);
#7814 = FACE_BOUND('',#7815,.T.);
#7815 = EDGE_LOOP('',(#7816,#7817,#7818,#7819));
#7816 = ORIENTED_EDGE('',*,*,#7770,.F.);
#7817 = ORIENTED_EDGE('',*,*,#6946,.T.);
#7818 = ORIENTED_EDGE('',*,*,#5619,.F.);
#7819 = ORIENTED_EDGE('',*,*,#6822,.F.);
#7820 = ADVANCED_FACE('',(#7821),#5579,.T.);
#7821 = FACE_BOUND('',#7822,.T.);
#7822 = EDGE_LOOP('',(#7823,#7844,#7845,#7846));
#7823 = ORIENTED_EDGE('',*,*,#7824,.F.);
#7824 = EDGE_CURVE('',#6845,#7041,#7825,.T.);
#7825 = SURFACE_CURVE('',#7826,(#7830,#7837),.PCURVE_S1.);
#7826 = LINE('',#7827,#7828);
#7827 = CARTESIAN_POINT('',(1.4,0.694863,8.E-02));
#7828 = VECTOR('',#7829,1.);
#7829 = DIRECTION('',(-1.224606353822E-16,-1.,2.289834988289E-16));
#7830 = PCURVE('',#5579,#7831);
#7831 = DEFINITIONAL_REPRESENTATION('',(#7832),#7836);
#7832 = LINE('',#7833,#7834);
#7833 = CARTESIAN_POINT('',(-3.535533905933E-02,0.155137));
#7834 = VECTOR('',#7835,1.);
#7835 = DIRECTION('',(-8.716389750491E-16,1.));
#7836 = ( GEOMETRIC_REPRESENTATION_CONTEXT(2) 
PARAMETRIC_REPRESENTATION_CONTEXT() REPRESENTATION_CONTEXT('2D SPACE',''
  ) );
#7837 = PCURVE('',#6883,#7838);
#7838 = DEFINITIONAL_REPRESENTATION('',(#7839),#7843);
#7839 = LINE('',#7840,#7841);
#7840 = CARTESIAN_POINT('',(0.305137,-0.2375));
#7841 = VECTOR('',#7842,1.);
#7842 = DIRECTION('',(1.,1.224606353822E-16));
#7843 = ( GEOMETRIC_REPRESENTATION_CONTEXT(2) 
PARAMETRIC_REPRESENTATION_CONTEXT() REPRESENTATION_CONTEXT('2D SPACE',''
  ) );
#7844 = ORIENTED_EDGE('',*,*,#6844,.F.);
#7845 = ORIENTED_EDGE('',*,*,#5563,.F.);
#7846 = ORIENTED_EDGE('',*,*,#7063,.T.);
#7847 = ADVANCED_FACE('',(#7848),#6883,.T.);
#7848 = FACE_BOUND('',#7849,.T.);
#7849 = EDGE_LOOP('',(#7850,#7851,#7872,#7873,#7893,#7894));
#7850 = ORIENTED_EDGE('',*,*,#7040,.T.);
#7851 = ORIENTED_EDGE('',*,*,#7852,.T.);
#7852 = EDGE_CURVE('',#7018,#7113,#7853,.T.);
#7853 = SURFACE_CURVE('',#7854,(#7858,#7865),.PCURVE_S1.);
#7854 = LINE('',#7855,#7856);
#7855 = CARTESIAN_POINT('',(1.1,0.694863,8.E-02));
#7856 = VECTOR('',#7857,1.);
#7857 = DIRECTION('',(-1.224606353822E-16,1.,-2.289834988289E-16));
#7858 = PCURVE('',#6883,#7859);
#7859 = DEFINITIONAL_REPRESENTATION('',(#7860),#7864);
#7860 = LINE('',#7861,#7862);
#7861 = CARTESIAN_POINT('',(0.305137,6.25E-02));
#7862 = VECTOR('',#7863,1.);
#7863 = DIRECTION('',(-1.,1.224606353822E-16));
#7864 = ( GEOMETRIC_REPRESENTATION_CONTEXT(2) 
PARAMETRIC_REPRESENTATION_CONTEXT() REPRESENTATION_CONTEXT('2D SPACE',''
  ) );
#7865 = PCURVE('',#5523,#7866);
#7866 = DEFINITIONAL_REPRESENTATION('',(#7867),#7871);
#7867 = LINE('',#7868,#7869);
#7868 = CARTESIAN_POINT('',(-3.535533905933E-02,-0.155137));
#7869 = VECTOR('',#7870,1.);
#7870 = DIRECTION('',(8.716389750491E-16,1.));
#7871 = ( GEOMETRIC_REPRESENTATION_CONTEXT(2) 
PARAMETRIC_REPRESENTATION_CONTEXT() REPRESENTATION_CONTEXT('2D SPACE',''
  ) );
#7872 = ORIENTED_EDGE('',*,*,#7112,.F.);
#7873 = ORIENTED_EDGE('',*,*,#7874,.T.);
#7874 = EDGE_CURVE('',#7090,#6868,#7875,.T.);
#7875 = SURFACE_CURVE('',#7876,(#7880,#7887),.PCURVE_S1.);
#7876 = LINE('',#7877,#7878);
#7877 = CARTESIAN_POINT('',(6.5,1.,8.E-02));
#7878 = VECTOR('',#7879,1.);
#7879 = DIRECTION('',(1.,-5.243344273594E-32,-2.289834988289E-16));
#7880 = PCURVE('',#6883,#7881);
#7881 = DEFINITIONAL_REPRESENTATION('',(#7882),#7886);
#7882 = LINE('',#7883,#7884);
#7883 = CARTESIAN_POINT('',(-2.79645027925E-31,-5.3375));
#7884 = VECTOR('',#7885,1.);
#7885 = DIRECTION('',(-2.080052407982E-46,-1.));
#7886 = ( GEOMETRIC_REPRESENTATION_CONTEXT(2) 
PARAMETRIC_REPRESENTATION_CONTEXT() REPRESENTATION_CONTEXT('2D SPACE',''
  ) );
#7887 = PCURVE('',#6911,#7888);
#7888 = DEFINITIONAL_REPRESENTATION('',(#7889),#7892);
#7889 = B_SPLINE_CURVE_WITH_KNOTS('',1,(#7890,#7891),.UNSPECIFIED.,.F.,
  .F.,(2,2),(-5.325,-5.175),.PIECEWISE_BEZIER_KNOTS.);
#7890 = CARTESIAN_POINT('',(-0.761614,1.));
#7891 = CARTESIAN_POINT('',(-0.761614,0.));
#7892 = ( GEOMETRIC_REPRESENTATION_CONTEXT(2) 
PARAMETRIC_REPRESENTATION_CONTEXT() REPRESENTATION_CONTEXT('2D SPACE',''
  ) );
#7893 = ORIENTED_EDGE('',*,*,#6867,.F.);
#7894 = ORIENTED_EDGE('',*,*,#7824,.T.);
#7895 = ADVANCED_FACE('',(#7896),#5523,.T.);
#7896 = FACE_BOUND('',#7897,.T.);
#7897 = EDGE_LOOP('',(#7898,#7899,#7900,#7901));
#7898 = ORIENTED_EDGE('',*,*,#7852,.F.);
#7899 = ORIENTED_EDGE('',*,*,#7017,.T.);
#7900 = ORIENTED_EDGE('',*,*,#5507,.F.);
#7901 = ORIENTED_EDGE('',*,*,#7135,.F.);
#7902 = ADVANCED_FACE('',(#7903),#5467,.T.);
#7903 = FACE_BOUND('',#7904,.T.);
#7904 = EDGE_LOOP('',(#7905,#7926,#7927,#7928));
#7905 = ORIENTED_EDGE('',*,*,#7906,.F.);
#7906 = EDGE_CURVE('',#7158,#7283,#7907,.T.);
#7907 = SURFACE_CURVE('',#7908,(#7912,#7919),.PCURVE_S1.);
#7908 = LINE('',#7909,#7910);
#7909 = CARTESIAN_POINT('',(0.9,0.694863,8.E-02));
#7910 = VECTOR('',#7911,1.);
#7911 = DIRECTION('',(-1.224606353822E-16,-1.,2.289834988289E-16));
#7912 = PCURVE('',#5467,#7913);
#7913 = DEFINITIONAL_REPRESENTATION('',(#7914),#7918);
#7914 = LINE('',#7915,#7916);
#7915 = CARTESIAN_POINT('',(-3.535533905933E-02,0.155137));
#7916 = VECTOR('',#7917,1.);
#7917 = DIRECTION('',(-8.716389750491E-16,1.));
#7918 = ( GEOMETRIC_REPRESENTATION_CONTEXT(2) 
PARAMETRIC_REPRESENTATION_CONTEXT() REPRESENTATION_CONTEXT('2D SPACE',''
  ) );
#7919 = PCURVE('',#7196,#7920);
#7920 = DEFINITIONAL_REPRESENTATION('',(#7921),#7925);
#7921 = LINE('',#7922,#7923);
#7922 = CARTESIAN_POINT('',(0.305137,-0.2375));
#7923 = VECTOR('',#7924,1.);
#7924 = DIRECTION('',(1.,1.224606353822E-16));
#7925 = ( GEOMETRIC_REPRESENTATION_CONTEXT(2) 
PARAMETRIC_REPRESENTATION_CONTEXT() REPRESENTATION_CONTEXT('2D SPACE',''
  ) );
#7926 = ORIENTED_EDGE('',*,*,#7157,.F.);
#7927 = ORIENTED_EDGE('',*,*,#5451,.F.);
#7928 = ORIENTED_EDGE('',*,*,#7305,.T.);
#7929 = ADVANCED_FACE('',(#7930),#7196,.T.);
#7930 = FACE_BOUND('',#7931,.T.);
#7931 = EDGE_LOOP('',(#7932,#7933,#7954,#7955,#7975,#7976));
#7932 = ORIENTED_EDGE('',*,*,#7282,.T.);
#7933 = ORIENTED_EDGE('',*,*,#7934,.T.);
#7934 = EDGE_CURVE('',#7260,#7355,#7935,.T.);
#7935 = SURFACE_CURVE('',#7936,(#7940,#7947),.PCURVE_S1.);
#7936 = LINE('',#7937,#7938);
#7937 = CARTESIAN_POINT('',(0.6,0.694863,8.E-02));
#7938 = VECTOR('',#7939,1.);
#7939 = DIRECTION('',(-1.224606353822E-16,1.,-2.289834988289E-16));
#7940 = PCURVE('',#7196,#7941);
#7941 = DEFINITIONAL_REPRESENTATION('',(#7942),#7946);
#7942 = LINE('',#7943,#7944);
#7943 = CARTESIAN_POINT('',(0.305137,6.25E-02));
#7944 = VECTOR('',#7945,1.);
#7945 = DIRECTION('',(-1.,1.224606353822E-16));
#7946 = ( GEOMETRIC_REPRESENTATION_CONTEXT(2) 
PARAMETRIC_REPRESENTATION_CONTEXT() REPRESENTATION_CONTEXT('2D SPACE',''
  ) );
#7947 = PCURVE('',#5411,#7948);
#7948 = DEFINITIONAL_REPRESENTATION('',(#7949),#7953);
#7949 = LINE('',#7950,#7951);
#7950 = CARTESIAN_POINT('',(-3.535533905933E-02,-0.155137));
#7951 = VECTOR('',#7952,1.);
#7952 = DIRECTION('',(8.716389750491E-16,1.));
#7953 = ( GEOMETRIC_REPRESENTATION_CONTEXT(2) 
PARAMETRIC_REPRESENTATION_CONTEXT() REPRESENTATION_CONTEXT('2D SPACE',''
  ) );
#7954 = ORIENTED_EDGE('',*,*,#7354,.F.);
#7955 = ORIENTED_EDGE('',*,*,#7956,.T.);
#7956 = EDGE_CURVE('',#7332,#7181,#7957,.T.);
#7957 = SURFACE_CURVE('',#7958,(#7962,#7969),.PCURVE_S1.);
#7958 = LINE('',#7959,#7960);
#7959 = CARTESIAN_POINT('',(6.,1.,8.E-02));
#7960 = VECTOR('',#7961,1.);
#7961 = DIRECTION('',(1.,-5.243344273594E-32,-2.289834988289E-16));
#7962 = PCURVE('',#7196,#7963);
#7963 = DEFINITIONAL_REPRESENTATION('',(#7964),#7968);
#7964 = LINE('',#7965,#7966);
#7965 = CARTESIAN_POINT('',(-2.79645027925E-31,-5.3375));
#7966 = VECTOR('',#7967,1.);
#7967 = DIRECTION('',(-2.080052407982E-46,-1.));
#7968 = ( GEOMETRIC_REPRESENTATION_CONTEXT(2) 
PARAMETRIC_REPRESENTATION_CONTEXT() REPRESENTATION_CONTEXT('2D SPACE',''
  ) );
#7969 = PCURVE('',#7224,#7970);
#7970 = DEFINITIONAL_REPRESENTATION('',(#7971),#7974);
#7971 = B_SPLINE_CURVE_WITH_KNOTS('',1,(#7972,#7973),.UNSPECIFIED.,.F.,
  .F.,(2,2),(-5.325,-5.175),.PIECEWISE_BEZIER_KNOTS.);
#7972 = CARTESIAN_POINT('',(-0.761614,1.));
#7973 = CARTESIAN_POINT('',(-0.761614,0.));
#7974 = ( GEOMETRIC_REPRESENTATION_CONTEXT(2) 
PARAMETRIC_REPRESENTATION_CONTEXT() REPRESENTATION_CONTEXT('2D SPACE',''
  ) );
#7975 = ORIENTED_EDGE('',*,*,#7180,.F.);
#7976 = ORIENTED_EDGE('',*,*,#7906,.T.);
#7977 = ADVANCED_FACE('',(#7978),#5411,.T.);
#7978 = FACE_BOUND('',#7979,.T.);
#7979 = EDGE_LOOP('',(#7980,#7981,#7982,#7983));
#7980 = ORIENTED_EDGE('',*,*,#7934,.F.);
#7981 = ORIENTED_EDGE('',*,*,#7259,.T.);
#7982 = ORIENTED_EDGE('',*,*,#5395,.F.);
#7983 = ORIENTED_EDGE('',*,*,#7377,.F.);
#7984 = ADVANCED_FACE('',(#7985),#5355,.T.);
#7985 = FACE_BOUND('',#7986,.T.);
#7986 = EDGE_LOOP('',(#7987,#8008,#8009,#8010));
#7987 = ORIENTED_EDGE('',*,*,#7988,.F.);
#7988 = EDGE_CURVE('',#7400,#7696,#7989,.T.);
#7989 = SURFACE_CURVE('',#7990,(#7994,#8001),.PCURVE_S1.);
#7990 = LINE('',#7991,#7992);
#7991 = CARTESIAN_POINT('',(0.4,0.694863,8.E-02));
#7992 = VECTOR('',#7993,1.);
#7993 = DIRECTION('',(-1.224606353822E-16,-1.,2.289834988289E-16));
#7994 = PCURVE('',#5355,#7995);
#7995 = DEFINITIONAL_REPRESENTATION('',(#7996),#8000);
#7996 = LINE('',#7997,#7998);
#7997 = CARTESIAN_POINT('',(-3.535533905933E-02,0.155137));
#7998 = VECTOR('',#7999,1.);
#7999 = DIRECTION('',(-8.716389750491E-16,1.));
#8000 = ( GEOMETRIC_REPRESENTATION_CONTEXT(2) 
PARAMETRIC_REPRESENTATION_CONTEXT() REPRESENTATION_CONTEXT('2D SPACE',''
  ) );
#8001 = PCURVE('',#7438,#8002);
#8002 = DEFINITIONAL_REPRESENTATION('',(#8003),#8007);
#8003 = LINE('',#8004,#8005);
#8004 = CARTESIAN_POINT('',(0.305137,-0.2375));
#8005 = VECTOR('',#8006,1.);
#8006 = DIRECTION('',(1.,1.224606353822E-16));
#8007 = ( GEOMETRIC_REPRESENTATION_CONTEXT(2) 
PARAMETRIC_REPRESENTATION_CONTEXT() REPRESENTATION_CONTEXT('2D SPACE',''
  ) );
#8008 = ORIENTED_EDGE('',*,*,#7399,.F.);
#8009 = ORIENTED_EDGE('',*,*,#5339,.F.);
#8010 = ORIENTED_EDGE('',*,*,#7718,.T.);
#8011 = ADVANCED_FACE('',(#8012),#7438,.T.);
#8012 = FACE_BOUND('',#8013,.T.);
#8013 = EDGE_LOOP('',(#8014,#8015,#8036,#8037,#8057,#8058));
#8014 = ORIENTED_EDGE('',*,*,#7695,.T.);
#8015 = ORIENTED_EDGE('',*,*,#8016,.T.);
#8016 = EDGE_CURVE('',#7673,#7526,#8017,.T.);
#8017 = SURFACE_CURVE('',#8018,(#8022,#8029),.PCURVE_S1.);
#8018 = LINE('',#8019,#8020);
#8019 = CARTESIAN_POINT('',(0.1,0.694863,8.E-02));
#8020 = VECTOR('',#8021,1.);
#8021 = DIRECTION('',(-1.224606353822E-16,1.,-2.289834988289E-16));
#8022 = PCURVE('',#7438,#8023);
#8023 = DEFINITIONAL_REPRESENTATION('',(#8024),#8028);
#8024 = LINE('',#8025,#8026);
#8025 = CARTESIAN_POINT('',(0.305137,6.25E-02));
#8026 = VECTOR('',#8027,1.);
#8027 = DIRECTION('',(-1.,1.224606353822E-16));
#8028 = ( GEOMETRIC_REPRESENTATION_CONTEXT(2) 
PARAMETRIC_REPRESENTATION_CONTEXT() REPRESENTATION_CONTEXT('2D SPACE',''
  ) );
#8029 = PCURVE('',#5299,#8030);
#8030 = DEFINITIONAL_REPRESENTATION('',(#8031),#8035);
#8031 = LINE('',#8032,#8033);
#8032 = CARTESIAN_POINT('',(-3.535533905933E-02,-0.155137));
#8033 = VECTOR('',#8034,1.);
#8034 = DIRECTION('',(8.716389750491E-16,1.));
#8035 = ( GEOMETRIC_REPRESENTATION_CONTEXT(2) 
PARAMETRIC_REPRESENTATION_CONTEXT() REPRESENTATION_CONTEXT('2D SPACE',''
  ) );
#8036 = ORIENTED_EDGE('',*,*,#7525,.F.);
#8037 = ORIENTED_EDGE('',*,*,#8038,.T.);
#8038 = EDGE_CURVE('',#7503,#7423,#8039,.T.);
#8039 = SURFACE_CURVE('',#8040,(#8044,#8051),.PCURVE_S1.);
#8040 = LINE('',#8041,#8042);
#8041 = CARTESIAN_POINT('',(5.5,1.,8.E-02));
#8042 = VECTOR('',#8043,1.);
#8043 = DIRECTION('',(1.,-5.243344273594E-32,-2.289834988289E-16));
#8044 = PCURVE('',#7438,#8045);
#8045 = DEFINITIONAL_REPRESENTATION('',(#8046),#8050);
#8046 = LINE('',#8047,#8048);
#8047 = CARTESIAN_POINT('',(-2.79645027925E-31,-5.3375));
#8048 = VECTOR('',#8049,1.);
#8049 = DIRECTION('',(-2.080052407982E-46,-1.));
#8050 = ( GEOMETRIC_REPRESENTATION_CONTEXT(2) 
PARAMETRIC_REPRESENTATION_CONTEXT() REPRESENTATION_CONTEXT('2D SPACE',''
  ) );
#8051 = PCURVE('',#7466,#8052);
#8052 = DEFINITIONAL_REPRESENTATION('',(#8053),#8056);
#8053 = B_SPLINE_CURVE_WITH_KNOTS('',1,(#8054,#8055),.UNSPECIFIED.,.F.,
  .F.,(2,2),(-5.325,-5.175),.PIECEWISE_BEZIER_KNOTS.);
#8054 = CARTESIAN_POINT('',(-0.761614,1.));
#8055 = CARTESIAN_POINT('',(-0.761614,0.));
#8056 = ( GEOMETRIC_REPRESENTATION_CONTEXT(2) 
PARAMETRIC_REPRESENTATION_CONTEXT() REPRESENTATION_CONTEXT('2D SPACE',''
  ) );
#8057 = ORIENTED_EDGE('',*,*,#7422,.F.);
#8058 = ORIENTED_EDGE('',*,*,#7988,.T.);
#8059 = ADVANCED_FACE('',(#8060),#5299,.T.);
#8060 = FACE_BOUND('',#8061,.T.);
#8061 = EDGE_LOOP('',(#8062,#8063,#8064,#8065));
#8062 = ORIENTED_EDGE('',*,*,#8016,.F.);
#8063 = ORIENTED_EDGE('',*,*,#7672,.T.);
#8064 = ORIENTED_EDGE('',*,*,#5283,.F.);
#8065 = ORIENTED_EDGE('',*,*,#7548,.F.);
#8066 = ADVANCED_FACE('',(#8067),#5243,.T.);
#8067 = FACE_BOUND('',#8068,.T.);
#8068 = EDGE_LOOP('',(#8069,#8092,#8093,#8094));
#8069 = ORIENTED_EDGE('',*,*,#8070,.F.);
#8070 = EDGE_CURVE('',#7571,#8071,#8073,.T.);
#8071 = VERTEX_POINT('',#8072);
#8072 = CARTESIAN_POINT('',(-1.E-01,0.92,8.E-02));
#8073 = SURFACE_CURVE('',#8074,(#8078,#8085),.PCURVE_S1.);
#8074 = LINE('',#8075,#8076);
#8075 = CARTESIAN_POINT('',(-1.E-01,0.694863,8.E-02));
#8076 = VECTOR('',#8077,1.);
#8077 = DIRECTION('',(-1.224606353822E-16,-1.,2.289834988289E-16));
#8078 = PCURVE('',#5243,#8079);
#8079 = DEFINITIONAL_REPRESENTATION('',(#8080),#8084);
#8080 = LINE('',#8081,#8082);
#8081 = CARTESIAN_POINT('',(-3.535533905933E-02,0.155137));
#8082 = VECTOR('',#8083,1.);
#8083 = DIRECTION('',(-8.716389750491E-16,1.));
#8084 = ( GEOMETRIC_REPRESENTATION_CONTEXT(2) 
PARAMETRIC_REPRESENTATION_CONTEXT() REPRESENTATION_CONTEXT('2D SPACE',''
  ) );
#8085 = PCURVE('',#7609,#8086);
#8086 = DEFINITIONAL_REPRESENTATION('',(#8087),#8091);
#8087 = LINE('',#8088,#8089);
#8088 = CARTESIAN_POINT('',(0.305137,-0.2375));
#8089 = VECTOR('',#8090,1.);
#8090 = DIRECTION('',(1.,1.224606353822E-16));
#8091 = ( GEOMETRIC_REPRESENTATION_CONTEXT(2) 
PARAMETRIC_REPRESENTATION_CONTEXT() REPRESENTATION_CONTEXT('2D SPACE',''
  ) );
#8092 = ORIENTED_EDGE('',*,*,#7570,.F.);
#8093 = ORIENTED_EDGE('',*,*,#5227,.F.);
#8094 = ORIENTED_EDGE('',*,*,#8095,.T.);
#8095 = EDGE_CURVE('',#5200,#8071,#8096,.T.);
#8096 = SURFACE_CURVE('',#8097,(#8101,#8108),.PCURVE_S1.);
#8097 = LINE('',#8098,#8099);
#8098 = CARTESIAN_POINT('',(-4.88325E-02,0.694863,2.88325E-02));
#8099 = VECTOR('',#8100,1.);
#8100 = DIRECTION('',(-0.216371161204,0.952033109297,0.216371161204));
#8101 = PCURVE('',#5243,#8102);
#8102 = DEFINITIONAL_REPRESENTATION('',(#8103),#8107);
#8103 = LINE('',#8104,#8105);
#8104 = CARTESIAN_POINT('',(3.70064333934E-02,0.155137));
#8105 = VECTOR('',#8106,1.);
#8106 = DIRECTION('',(-0.305995030681,-0.952033109297));
#8107 = ( GEOMETRIC_REPRESENTATION_CONTEXT(2) 
PARAMETRIC_REPRESENTATION_CONTEXT() REPRESENTATION_CONTEXT('2D SPACE',''
  ) );
#8108 = PCURVE('',#5215,#8109);
#8109 = DEFINITIONAL_REPRESENTATION('',(#8110),#8114);
#8110 = LINE('',#8111,#8112);
#8111 = CARTESIAN_POINT('',(0.230878283572,-0.2886675));
#8112 = VECTOR('',#8113,1.);
#8113 = DIRECTION('',(-0.976311180208,0.216371161204));
#8114 = ( GEOMETRIC_REPRESENTATION_CONTEXT(2) 
PARAMETRIC_REPRESENTATION_CONTEXT() REPRESENTATION_CONTEXT('2D SPACE',''
  ) );
#8115 = ADVANCED_FACE('',(#8116),#5215,.T.);
#8116 = FACE_BOUND('',#8117,.T.);
#8117 = EDGE_LOOP('',(#8118,#8119,#8142,#8163));
#8118 = ORIENTED_EDGE('',*,*,#5199,.T.);
#8119 = ORIENTED_EDGE('',*,*,#8120,.F.);
#8120 = EDGE_CURVE('',#8121,#5172,#8123,.T.);
#8121 = VERTEX_POINT('',#8122);
#8122 = CARTESIAN_POINT('',(-0.4,0.92,8.E-02));
#8123 = SURFACE_CURVE('',#8124,(#8128,#8135),.PCURVE_S1.);
#8124 = LINE('',#8125,#8126);
#8125 = CARTESIAN_POINT('',(-0.4511675,0.694863,2.88325E-02));
#8126 = VECTOR('',#8127,1.);
#8127 = DIRECTION('',(-0.216371161204,-0.952033109297,-0.216371161204));
#8128 = PCURVE('',#5215,#8129);
#8129 = DEFINITIONAL_REPRESENTATION('',(#8130),#8134);
#8130 = LINE('',#8131,#8132);
#8131 = CARTESIAN_POINT('',(0.230878283572,0.1136675));
#8132 = VECTOR('',#8133,1.);
#8133 = DIRECTION('',(0.976311180208,0.216371161204));
#8134 = ( GEOMETRIC_REPRESENTATION_CONTEXT(2) 
PARAMETRIC_REPRESENTATION_CONTEXT() REPRESENTATION_CONTEXT('2D SPACE',''
  ) );
#8135 = PCURVE('',#5187,#8136);
#8136 = DEFINITIONAL_REPRESENTATION('',(#8137),#8141);
#8137 = LINE('',#8138,#8139);
#8138 = CARTESIAN_POINT('',(3.70064333934E-02,-0.155137));
#8139 = VECTOR('',#8140,1.);
#8140 = DIRECTION('',(0.305995030681,-0.952033109297));
#8141 = ( GEOMETRIC_REPRESENTATION_CONTEXT(2) 
PARAMETRIC_REPRESENTATION_CONTEXT() REPRESENTATION_CONTEXT('2D SPACE',''
  ) );
#8142 = ORIENTED_EDGE('',*,*,#8143,.F.);
#8143 = EDGE_CURVE('',#8071,#8121,#8144,.T.);
#8144 = SURFACE_CURVE('',#8145,(#8149,#8156),.PCURVE_S1.);
#8145 = LINE('',#8146,#8147);
#8146 = CARTESIAN_POINT('',(-16.,0.92,8.E-02));
#8147 = VECTOR('',#8148,1.);
#8148 = DIRECTION('',(-1.,5.243344273594E-32,2.289834988289E-16));
#8149 = PCURVE('',#5215,#8150);
#8150 = DEFINITIONAL_REPRESENTATION('',(#8151),#8155);
#8151 = LINE('',#8152,#8153);
#8152 = CARTESIAN_POINT('',(-1.749253556813E-18,15.6625));
#8153 = VECTOR('',#8154,1.);
#8154 = DIRECTION('',(-1.848892746612E-31,1.));
#8155 = ( GEOMETRIC_REPRESENTATION_CONTEXT(2) 
PARAMETRIC_REPRESENTATION_CONTEXT() REPRESENTATION_CONTEXT('2D SPACE',''
  ) );
#8156 = PCURVE('',#7609,#8157);
#8157 = DEFINITIONAL_REPRESENTATION('',(#8158),#8162);
#8158 = LINE('',#8159,#8160);
#8159 = CARTESIAN_POINT('',(8.E-02,15.6625));
#8160 = VECTOR('',#8161,1.);
#8161 = DIRECTION('',(2.080052407982E-46,1.));
#8162 = ( GEOMETRIC_REPRESENTATION_CONTEXT(2) 
PARAMETRIC_REPRESENTATION_CONTEXT() REPRESENTATION_CONTEXT('2D SPACE',''
  ) );
#8163 = ORIENTED_EDGE('',*,*,#8095,.F.);
#8164 = ADVANCED_FACE('',(#8165),#7609,.T.);
#8165 = FACE_BOUND('',#8166,.T.);
#8166 = EDGE_LOOP('',(#8167,#8168,#8191,#8214,#8234,#8235));
#8167 = ORIENTED_EDGE('',*,*,#8143,.T.);
#8168 = ORIENTED_EDGE('',*,*,#8169,.T.);
#8169 = EDGE_CURVE('',#8121,#8170,#8172,.T.);
#8170 = VERTEX_POINT('',#8171);
#8171 = CARTESIAN_POINT('',(-0.4,1.,8.E-02));
#8172 = SURFACE_CURVE('',#8173,(#8177,#8184),.PCURVE_S1.);
#8173 = LINE('',#8174,#8175);
#8174 = CARTESIAN_POINT('',(-0.4,0.694863,8.E-02));
#8175 = VECTOR('',#8176,1.);
#8176 = DIRECTION('',(-1.224606353822E-16,1.,-2.289834988289E-16));
#8177 = PCURVE('',#7609,#8178);
#8178 = DEFINITIONAL_REPRESENTATION('',(#8179),#8183);
#8179 = LINE('',#8180,#8181);
#8180 = CARTESIAN_POINT('',(0.305137,6.25E-02));
#8181 = VECTOR('',#8182,1.);
#8182 = DIRECTION('',(-1.,1.224606353822E-16));
#8183 = ( GEOMETRIC_REPRESENTATION_CONTEXT(2) 
PARAMETRIC_REPRESENTATION_CONTEXT() REPRESENTATION_CONTEXT('2D SPACE',''
  ) );
#8184 = PCURVE('',#5187,#8185);
#8185 = DEFINITIONAL_REPRESENTATION('',(#8186),#8190);
#8186 = LINE('',#8187,#8188);
#8187 = CARTESIAN_POINT('',(-3.535533905933E-02,-0.155137));
#8188 = VECTOR('',#8189,1.);
#8189 = DIRECTION('',(8.716389750491E-16,1.));
#8190 = ( GEOMETRIC_REPRESENTATION_CONTEXT(2) 
PARAMETRIC_REPRESENTATION_CONTEXT() REPRESENTATION_CONTEXT('2D SPACE',''
  ) );
#8191 = ORIENTED_EDGE('',*,*,#8192,.F.);
#8192 = EDGE_CURVE('',#8193,#8170,#8195,.T.);
#8193 = VERTEX_POINT('',#8194);
#8194 = CARTESIAN_POINT('',(-0.325,1.,8.E-02));
#8195 = SURFACE_CURVE('',#8196,(#8200,#8207),.PCURVE_S1.);
#8196 = LINE('',#8197,#8198);
#8197 = CARTESIAN_POINT('',(-16.,1.,8.E-02));
#8198 = VECTOR('',#8199,1.);
#8199 = DIRECTION('',(-1.,5.243344273594E-32,2.289834988289E-16));
#8200 = PCURVE('',#7609,#8201);
#8201 = DEFINITIONAL_REPRESENTATION('',(#8202),#8206);
#8202 = LINE('',#8203,#8204);
#8203 = CARTESIAN_POINT('',(8.198683773256E-31,15.6625));
#8204 = VECTOR('',#8205,1.);
#8205 = DIRECTION('',(2.080052407982E-46,1.));
#8206 = ( GEOMETRIC_REPRESENTATION_CONTEXT(2) 
PARAMETRIC_REPRESENTATION_CONTEXT() REPRESENTATION_CONTEXT('2D SPACE',''
  ) );
#8207 = PCURVE('',#5159,#8208);
#8208 = DEFINITIONAL_REPRESENTATION('',(#8209),#8213);
#8209 = LINE('',#8210,#8211);
#8210 = CARTESIAN_POINT('',(0.23,19.325));
#8211 = VECTOR('',#8212,1.);
#8212 = DIRECTION('',(0.,1.));
#8213 = ( GEOMETRIC_REPRESENTATION_CONTEXT(2) 
PARAMETRIC_REPRESENTATION_CONTEXT() REPRESENTATION_CONTEXT('2D SPACE',''
  ) );
#8214 = ORIENTED_EDGE('',*,*,#8215,.T.);
#8215 = EDGE_CURVE('',#8193,#7594,#8216,.T.);
#8216 = SURFACE_CURVE('',#8217,(#8221,#8228),.PCURVE_S1.);
#8217 = LINE('',#8218,#8219);
#8218 = CARTESIAN_POINT('',(5.,1.,8.E-02));
#8219 = VECTOR('',#8220,1.);
#8220 = DIRECTION('',(1.,-5.243344273594E-32,-2.289834988289E-16));
#8221 = PCURVE('',#7609,#8222);
#8222 = DEFINITIONAL_REPRESENTATION('',(#8223),#8227);
#8223 = LINE('',#8224,#8225);
#8224 = CARTESIAN_POINT('',(-2.79645027925E-31,-5.3375));
#8225 = VECTOR('',#8226,1.);
#8226 = DIRECTION('',(-2.080052407982E-46,-1.));
#8227 = ( GEOMETRIC_REPRESENTATION_CONTEXT(2) 
PARAMETRIC_REPRESENTATION_CONTEXT() REPRESENTATION_CONTEXT('2D SPACE',''
  ) );
#8228 = PCURVE('',#7637,#8229);
#8229 = DEFINITIONAL_REPRESENTATION('',(#8230),#8233);
#8230 = B_SPLINE_CURVE_WITH_KNOTS('',1,(#8231,#8232),.UNSPECIFIED.,.F.,
  .F.,(2,2),(-5.325,-5.175),.PIECEWISE_BEZIER_KNOTS.);
#8231 = CARTESIAN_POINT('',(-0.761614,1.));
#8232 = CARTESIAN_POINT('',(-0.761614,0.));
#8233 = ( GEOMETRIC_REPRESENTATION_CONTEXT(2) 
PARAMETRIC_REPRESENTATION_CONTEXT() REPRESENTATION_CONTEXT('2D SPACE',''
  ) );
#8234 = ORIENTED_EDGE('',*,*,#7593,.F.);
#8235 = ORIENTED_EDGE('',*,*,#8070,.T.);
#8236 = ADVANCED_FACE('',(#8237),#5187,.T.);
#8237 = FACE_BOUND('',#8238,.T.);
#8238 = EDGE_LOOP('',(#8239,#8240,#8241,#8242));
#8239 = ORIENTED_EDGE('',*,*,#8169,.F.);
#8240 = ORIENTED_EDGE('',*,*,#8120,.T.);
#8241 = ORIENTED_EDGE('',*,*,#5171,.F.);
#8242 = ORIENTED_EDGE('',*,*,#8243,.F.);
#8243 = EDGE_CURVE('',#8170,#5144,#8244,.T.);
#8244 = SURFACE_CURVE('',#8245,(#8249,#8256),.PCURVE_S1.);
#8245 = LINE('',#8246,#8247);
#8246 = CARTESIAN_POINT('',(-16.,1.,-15.52));
#8247 = VECTOR('',#8248,1.);
#8248 = DIRECTION('',(-0.707106781187,-1.064046335705E-16,
    -0.707106781187));
#8249 = PCURVE('',#5187,#8250);
#8250 = DEFINITIONAL_REPRESENTATION('',(#8251),#8255);
#8251 = LINE('',#8252,#8253);
#8252 = CARTESIAN_POINT('',(22.026376233961,0.15));
#8253 = VECTOR('',#8254,1.);
#8254 = DIRECTION('',(1.,-7.295350781106E-16));
#8255 = ( GEOMETRIC_REPRESENTATION_CONTEXT(2) 
PARAMETRIC_REPRESENTATION_CONTEXT() REPRESENTATION_CONTEXT('2D SPACE',''
  ) );
#8256 = PCURVE('',#5159,#8257);
#8257 = DEFINITIONAL_REPRESENTATION('',(#8258),#8262);
#8258 = LINE('',#8259,#8260);
#8259 = CARTESIAN_POINT('',(15.83,19.325));
#8260 = VECTOR('',#8261,1.);
#8261 = DIRECTION('',(0.707106781187,0.707106781187));
#8262 = ( GEOMETRIC_REPRESENTATION_CONTEXT(2) 
PARAMETRIC_REPRESENTATION_CONTEXT() REPRESENTATION_CONTEXT('2D SPACE',''
  ) );
#8263 = ADVANCED_FACE('',(#8264),#5159,.T.);
#8264 = FACE_BOUND('',#8265,.T.);
#8265 = EDGE_LOOP('',(#8266,#8289,#8290,#8291,#8292,#8315,#8343,#8371));
#8266 = ORIENTED_EDGE('',*,*,#8267,.T.);
#8267 = EDGE_CURVE('',#8268,#8193,#8270,.T.);
#8268 = VERTEX_POINT('',#8269);
#8269 = CARTESIAN_POINT('',(-0.325,1.,0.31));
#8270 = SURFACE_CURVE('',#8271,(#8275,#8282),.PCURVE_S1.);
#8271 = LINE('',#8272,#8273);
#8272 = CARTESIAN_POINT('',(-0.325,1.,0.841614));
#8273 = VECTOR('',#8274,1.);
#8274 = DIRECTION('',(-2.289834988289E-16,-1.065228634467E-16,-1.));
#8275 = PCURVE('',#5159,#8276);
#8276 = DEFINITIONAL_REPRESENTATION('',(#8277),#8281);
#8277 = LINE('',#8278,#8279);
#8278 = CARTESIAN_POINT('',(-0.531614,3.65));
#8279 = VECTOR('',#8280,1.);
#8280 = DIRECTION('',(1.,0.));
#8281 = ( GEOMETRIC_REPRESENTATION_CONTEXT(2) 
PARAMETRIC_REPRESENTATION_CONTEXT() REPRESENTATION_CONTEXT('2D SPACE',''
  ) );
#8282 = PCURVE('',#7637,#8283);
#8283 = DEFINITIONAL_REPRESENTATION('',(#8284),#8288);
#8284 = LINE('',#8285,#8286);
#8285 = CARTESIAN_POINT('',(0.,1.));
#8286 = VECTOR('',#8287,1.);
#8287 = DIRECTION('',(-1.,0.));
#8288 = ( GEOMETRIC_REPRESENTATION_CONTEXT(2) 
PARAMETRIC_REPRESENTATION_CONTEXT() REPRESENTATION_CONTEXT('2D SPACE',''
  ) );
#8289 = ORIENTED_EDGE('',*,*,#8192,.T.);
#8290 = ORIENTED_EDGE('',*,*,#8243,.T.);
#8291 = ORIENTED_EDGE('',*,*,#5143,.F.);
#8292 = ORIENTED_EDGE('',*,*,#8293,.T.);
#8293 = EDGE_CURVE('',#5116,#8294,#8296,.T.);
#8294 = VERTEX_POINT('',#8295);
#8295 = CARTESIAN_POINT('',(-0.6,1.,8.E-02));
#8296 = SURFACE_CURVE('',#8297,(#8301,#8308),.PCURVE_S1.);
#8297 = LINE('',#8298,#8299);
#8298 = CARTESIAN_POINT('',(-16.,1.,15.48));
#8299 = VECTOR('',#8300,1.);
#8300 = DIRECTION('',(-0.707106781187,1.064046335705E-16,0.707106781187)
  );
#8301 = PCURVE('',#5159,#8302);
#8302 = DEFINITIONAL_REPRESENTATION('',(#8303),#8307);
#8303 = LINE('',#8304,#8305);
#8304 = CARTESIAN_POINT('',(-15.17,19.325));
#8305 = VECTOR('',#8306,1.);
#8306 = DIRECTION('',(-0.707106781187,0.707106781187));
#8307 = ( GEOMETRIC_REPRESENTATION_CONTEXT(2) 
PARAMETRIC_REPRESENTATION_CONTEXT() REPRESENTATION_CONTEXT('2D SPACE',''
  ) );
#8308 = PCURVE('',#5131,#8309);
#8309 = DEFINITIONAL_REPRESENTATION('',(#8310),#8314);
#8310 = LINE('',#8311,#8312);
#8311 = CARTESIAN_POINT('',(-21.8142441996,-0.15));
#8312 = VECTOR('',#8313,1.);
#8313 = DIRECTION('',(-1.,-7.295350781106E-16));
#8314 = ( GEOMETRIC_REPRESENTATION_CONTEXT(2) 
PARAMETRIC_REPRESENTATION_CONTEXT() REPRESENTATION_CONTEXT('2D SPACE',''
  ) );
#8315 = ORIENTED_EDGE('',*,*,#8316,.T.);
#8316 = EDGE_CURVE('',#8294,#8317,#8319,.T.);
#8317 = VERTEX_POINT('',#8318);
#8318 = CARTESIAN_POINT('',(-0.675,1.,8.E-02));
#8319 = SURFACE_CURVE('',#8320,(#8324,#8331),.PCURVE_S1.);
#8320 = LINE('',#8321,#8322);
#8321 = CARTESIAN_POINT('',(-16.5,1.,8.E-02));
#8322 = VECTOR('',#8323,1.);
#8323 = DIRECTION('',(-1.,5.243344273594E-32,2.289834988289E-16));
#8324 = PCURVE('',#5159,#8325);
#8325 = DEFINITIONAL_REPRESENTATION('',(#8326),#8330);
#8326 = LINE('',#8327,#8328);
#8327 = CARTESIAN_POINT('',(0.23,19.825));
#8328 = VECTOR('',#8329,1.);
#8329 = DIRECTION('',(0.,1.));
#8330 = ( GEOMETRIC_REPRESENTATION_CONTEXT(2) 
PARAMETRIC_REPRESENTATION_CONTEXT() REPRESENTATION_CONTEXT('2D SPACE',''
  ) );
#8331 = PCURVE('',#8332,#8337);
#8332 = PLANE('',#8333);
#8333 = AXIS2_PLACEMENT_3D('',#8334,#8335,#8336);
#8334 = CARTESIAN_POINT('',(-0.8375,1.,8.E-02));
#8335 = DIRECTION('',(-2.289834988289E-16,-2.289834988289E-16,-1.));
#8336 = DIRECTION('',(0.,-1.,2.289834988289E-16));
#8337 = DEFINITIONAL_REPRESENTATION('',(#8338),#8342);
#8338 = LINE('',#8339,#8340);
#8339 = CARTESIAN_POINT('',(8.198683773256E-31,15.6625));
#8340 = VECTOR('',#8341,1.);
#8341 = DIRECTION('',(2.080052407982E-46,1.));
#8342 = ( GEOMETRIC_REPRESENTATION_CONTEXT(2) 
PARAMETRIC_REPRESENTATION_CONTEXT() REPRESENTATION_CONTEXT('2D SPACE',''
  ) );
#8343 = ORIENTED_EDGE('',*,*,#8344,.T.);
#8344 = EDGE_CURVE('',#8317,#8345,#8347,.T.);
#8345 = VERTEX_POINT('',#8346);
#8346 = CARTESIAN_POINT('',(-0.675,1.,0.31));
#8347 = SURFACE_CURVE('',#8348,(#8352,#8359),.PCURVE_S1.);
#8348 = LINE('',#8349,#8350);
#8349 = CARTESIAN_POINT('',(-0.675,1.,0.841614));
#8350 = VECTOR('',#8351,1.);
#8351 = DIRECTION('',(2.289834988289E-16,1.065228634467E-16,1.));
#8352 = PCURVE('',#5159,#8353);
#8353 = DEFINITIONAL_REPRESENTATION('',(#8354),#8358);
#8354 = LINE('',#8355,#8356);
#8355 = CARTESIAN_POINT('',(-0.531614,4.));
#8356 = VECTOR('',#8357,1.);
#8357 = DIRECTION('',(-1.,0.));
#8358 = ( GEOMETRIC_REPRESENTATION_CONTEXT(2) 
PARAMETRIC_REPRESENTATION_CONTEXT() REPRESENTATION_CONTEXT('2D SPACE',''
  ) );
#8359 = PCURVE('',#8360,#8365);
#8360 = B_SPLINE_SURFACE_WITH_KNOTS('',1,1,(
    (#8361,#8362)
    ,(#8363,#8364
    )),.UNSPECIFIED.,.F.,.F.,.F.,(2,2),(2,2),(-0.761614,-0.531614),(0.,
    1.),.PIECEWISE_BEZIER_KNOTS.);
#8361 = CARTESIAN_POINT('',(-0.675,1.,8.E-02));
#8362 = CARTESIAN_POINT('',(-0.825,1.,8.E-02));
#8363 = CARTESIAN_POINT('',(-0.675,1.,0.31));
#8364 = CARTESIAN_POINT('',(-0.825,1.,0.31));
#8365 = DEFINITIONAL_REPRESENTATION('',(#8366),#8370);
#8366 = LINE('',#8367,#8368);
#8367 = CARTESIAN_POINT('',(0.,0.));
#8368 = VECTOR('',#8369,1.);
#8369 = DIRECTION('',(1.,0.));
#8370 = ( GEOMETRIC_REPRESENTATION_CONTEXT(2) 
PARAMETRIC_REPRESENTATION_CONTEXT() REPRESENTATION_CONTEXT('2D SPACE',''
  ) );
#8371 = ORIENTED_EDGE('',*,*,#8372,.F.);
#8372 = EDGE_CURVE('',#8268,#8345,#8373,.T.);
#8373 = SURFACE_CURVE('',#8374,(#8377,#8383),.PCURVE_S1.);
#8374 = B_SPLINE_CURVE_WITH_KNOTS('',1,(#8375,#8376),.UNSPECIFIED.,.F.,
  .F.,(2,2),(0.,1.),.PIECEWISE_BEZIER_KNOTS.);
#8375 = CARTESIAN_POINT('',(2.77,1.,0.31));
#8376 = CARTESIAN_POINT('',(-2.77,1.,0.31));
#8377 = PCURVE('',#5159,#8378);
#8378 = DEFINITIONAL_REPRESENTATION('',(#8379),#8382);
#8379 = B_SPLINE_CURVE_WITH_KNOTS('',1,(#8380,#8381),.UNSPECIFIED.,.F.,
  .F.,(2,2),(0.558664259928,0.621841155235),.PIECEWISE_BEZIER_KNOTS.);
#8380 = CARTESIAN_POINT('',(-3.835473605385E-16,3.65));
#8381 = CARTESIAN_POINT('',(-3.835473605385E-16,4.));
#8382 = ( GEOMETRIC_REPRESENTATION_CONTEXT(2) 
PARAMETRIC_REPRESENTATION_CONTEXT() REPRESENTATION_CONTEXT('2D SPACE',''
  ) );
#8383 = PCURVE('',#3580,#8384);
#8384 = DEFINITIONAL_REPRESENTATION('',(#8385),#8389);
#8385 = LINE('',#8386,#8387);
#8386 = CARTESIAN_POINT('',(-0.305137,0.));
#8387 = VECTOR('',#8388,1.);
#8388 = DIRECTION('',(0.,1.));
#8389 = ( GEOMETRIC_REPRESENTATION_CONTEXT(2) 
PARAMETRIC_REPRESENTATION_CONTEXT() REPRESENTATION_CONTEXT('2D SPACE',''
  ) );
#8390 = ADVANCED_FACE('',(#8391),#5131,.T.);
#8391 = FACE_BOUND('',#8392,.T.);
#8392 = EDGE_LOOP('',(#8393,#8416,#8417,#8418));
#8393 = ORIENTED_EDGE('',*,*,#8394,.F.);
#8394 = EDGE_CURVE('',#8294,#8395,#8397,.T.);
#8395 = VERTEX_POINT('',#8396);
#8396 = CARTESIAN_POINT('',(-0.6,0.92,8.E-02));
#8397 = SURFACE_CURVE('',#8398,(#8402,#8409),.PCURVE_S1.);
#8398 = LINE('',#8399,#8400);
#8399 = CARTESIAN_POINT('',(-0.6,0.694863,8.E-02));
#8400 = VECTOR('',#8401,1.);
#8401 = DIRECTION('',(-1.224606353822E-16,-1.,2.289834988289E-16));
#8402 = PCURVE('',#5131,#8403);
#8403 = DEFINITIONAL_REPRESENTATION('',(#8404),#8408);
#8404 = LINE('',#8405,#8406);
#8405 = CARTESIAN_POINT('',(-3.535533905933E-02,0.155137));
#8406 = VECTOR('',#8407,1.);
#8407 = DIRECTION('',(-8.716389750491E-16,1.));
#8408 = ( GEOMETRIC_REPRESENTATION_CONTEXT(2) 
PARAMETRIC_REPRESENTATION_CONTEXT() REPRESENTATION_CONTEXT('2D SPACE',''
  ) );
#8409 = PCURVE('',#8332,#8410);
#8410 = DEFINITIONAL_REPRESENTATION('',(#8411),#8415);
#8411 = LINE('',#8412,#8413);
#8412 = CARTESIAN_POINT('',(0.305137,-0.2375));
#8413 = VECTOR('',#8414,1.);
#8414 = DIRECTION('',(1.,1.224606353822E-16));
#8415 = ( GEOMETRIC_REPRESENTATION_CONTEXT(2) 
PARAMETRIC_REPRESENTATION_CONTEXT() REPRESENTATION_CONTEXT('2D SPACE',''
  ) );
#8416 = ORIENTED_EDGE('',*,*,#8293,.F.);
#8417 = ORIENTED_EDGE('',*,*,#5115,.F.);
#8418 = ORIENTED_EDGE('',*,*,#8419,.T.);
#8419 = EDGE_CURVE('',#5088,#8395,#8420,.T.);
#8420 = SURFACE_CURVE('',#8421,(#8425,#8432),.PCURVE_S1.);
#8421 = LINE('',#8422,#8423);
#8422 = CARTESIAN_POINT('',(-0.5488325,0.694863,2.88325E-02));
#8423 = VECTOR('',#8424,1.);
#8424 = DIRECTION('',(-0.216371161204,0.952033109297,0.216371161204));
#8425 = PCURVE('',#5131,#8426);
#8426 = DEFINITIONAL_REPRESENTATION('',(#8427),#8431);
#8427 = LINE('',#8428,#8429);
#8428 = CARTESIAN_POINT('',(3.70064333934E-02,0.155137));
#8429 = VECTOR('',#8430,1.);
#8430 = DIRECTION('',(-0.305995030681,-0.952033109297));
#8431 = ( GEOMETRIC_REPRESENTATION_CONTEXT(2) 
PARAMETRIC_REPRESENTATION_CONTEXT() REPRESENTATION_CONTEXT('2D SPACE',''
  ) );
#8432 = PCURVE('',#5103,#8433);
#8433 = DEFINITIONAL_REPRESENTATION('',(#8434),#8438);
#8434 = LINE('',#8435,#8436);
#8435 = CARTESIAN_POINT('',(0.230878283572,-0.2886675));
#8436 = VECTOR('',#8437,1.);
#8437 = DIRECTION('',(-0.976311180208,0.216371161204));
#8438 = ( GEOMETRIC_REPRESENTATION_CONTEXT(2) 
PARAMETRIC_REPRESENTATION_CONTEXT() REPRESENTATION_CONTEXT('2D SPACE',''
  ) );
#8439 = ADVANCED_FACE('',(#8440),#8332,.T.);
#8440 = FACE_BOUND('',#8441,.T.);
#8441 = EDGE_LOOP('',(#8442,#8465,#8488,#8511,#8530,#8531));
#8442 = ORIENTED_EDGE('',*,*,#8443,.T.);
#8443 = EDGE_CURVE('',#8395,#8444,#8446,.T.);
#8444 = VERTEX_POINT('',#8445);
#8445 = CARTESIAN_POINT('',(-0.9,0.92,8.E-02));
#8446 = SURFACE_CURVE('',#8447,(#8451,#8458),.PCURVE_S1.);
#8447 = LINE('',#8448,#8449);
#8448 = CARTESIAN_POINT('',(-16.5,0.92,8.E-02));
#8449 = VECTOR('',#8450,1.);
#8450 = DIRECTION('',(-1.,5.243344273594E-32,2.289834988289E-16));
#8451 = PCURVE('',#8332,#8452);
#8452 = DEFINITIONAL_REPRESENTATION('',(#8453),#8457);
#8453 = LINE('',#8454,#8455);
#8454 = CARTESIAN_POINT('',(8.E-02,15.6625));
#8455 = VECTOR('',#8456,1.);
#8456 = DIRECTION('',(2.080052407982E-46,1.));
#8457 = ( GEOMETRIC_REPRESENTATION_CONTEXT(2) 
PARAMETRIC_REPRESENTATION_CONTEXT() REPRESENTATION_CONTEXT('2D SPACE',''
  ) );
#8458 = PCURVE('',#5103,#8459);
#8459 = DEFINITIONAL_REPRESENTATION('',(#8460),#8464);
#8460 = LINE('',#8461,#8462);
#8461 = CARTESIAN_POINT('',(-1.749253556813E-18,15.6625));
#8462 = VECTOR('',#8463,1.);
#8463 = DIRECTION('',(-1.848892746612E-31,1.));
#8464 = ( GEOMETRIC_REPRESENTATION_CONTEXT(2) 
PARAMETRIC_REPRESENTATION_CONTEXT() REPRESENTATION_CONTEXT('2D SPACE',''
  ) );
#8465 = ORIENTED_EDGE('',*,*,#8466,.T.);
#8466 = EDGE_CURVE('',#8444,#8467,#8469,.T.);
#8467 = VERTEX_POINT('',#8468);
#8468 = CARTESIAN_POINT('',(-0.9,1.,8.E-02));
#8469 = SURFACE_CURVE('',#8470,(#8474,#8481),.PCURVE_S1.);
#8470 = LINE('',#8471,#8472);
#8471 = CARTESIAN_POINT('',(-0.9,0.694863,8.E-02));
#8472 = VECTOR('',#8473,1.);
#8473 = DIRECTION('',(-1.224606353822E-16,1.,-2.289834988289E-16));
#8474 = PCURVE('',#8332,#8475);
#8475 = DEFINITIONAL_REPRESENTATION('',(#8476),#8480);
#8476 = LINE('',#8477,#8478);
#8477 = CARTESIAN_POINT('',(0.305137,6.25E-02));
#8478 = VECTOR('',#8479,1.);
#8479 = DIRECTION('',(-1.,1.224606353822E-16));
#8480 = ( GEOMETRIC_REPRESENTATION_CONTEXT(2) 
PARAMETRIC_REPRESENTATION_CONTEXT() REPRESENTATION_CONTEXT('2D SPACE',''
  ) );
#8481 = PCURVE('',#5075,#8482);
#8482 = DEFINITIONAL_REPRESENTATION('',(#8483),#8487);
#8483 = LINE('',#8484,#8485);
#8484 = CARTESIAN_POINT('',(-3.535533905933E-02,-0.155137));
#8485 = VECTOR('',#8486,1.);
#8486 = DIRECTION('',(8.716389750491E-16,1.));
#8487 = ( GEOMETRIC_REPRESENTATION_CONTEXT(2) 
PARAMETRIC_REPRESENTATION_CONTEXT() REPRESENTATION_CONTEXT('2D SPACE',''
  ) );
#8488 = ORIENTED_EDGE('',*,*,#8489,.F.);
#8489 = EDGE_CURVE('',#8490,#8467,#8492,.T.);
#8490 = VERTEX_POINT('',#8491);
#8491 = CARTESIAN_POINT('',(-0.825,1.,8.E-02));
#8492 = SURFACE_CURVE('',#8493,(#8497,#8504),.PCURVE_S1.);
#8493 = LINE('',#8494,#8495);
#8494 = CARTESIAN_POINT('',(-16.5,1.,8.E-02));
#8495 = VECTOR('',#8496,1.);
#8496 = DIRECTION('',(-1.,5.243344273594E-32,2.289834988289E-16));
#8497 = PCURVE('',#8332,#8498);
#8498 = DEFINITIONAL_REPRESENTATION('',(#8499),#8503);
#8499 = LINE('',#8500,#8501);
#8500 = CARTESIAN_POINT('',(8.198683773256E-31,15.6625));
#8501 = VECTOR('',#8502,1.);
#8502 = DIRECTION('',(2.080052407982E-46,1.));
#8503 = ( GEOMETRIC_REPRESENTATION_CONTEXT(2) 
PARAMETRIC_REPRESENTATION_CONTEXT() REPRESENTATION_CONTEXT('2D SPACE',''
  ) );
#8504 = PCURVE('',#5047,#8505);
#8505 = DEFINITIONAL_REPRESENTATION('',(#8506),#8510);
#8506 = LINE('',#8507,#8508);
#8507 = CARTESIAN_POINT('',(0.23,19.325));
#8508 = VECTOR('',#8509,1.);
#8509 = DIRECTION('',(0.,1.));
#8510 = ( GEOMETRIC_REPRESENTATION_CONTEXT(2) 
PARAMETRIC_REPRESENTATION_CONTEXT() REPRESENTATION_CONTEXT('2D SPACE',''
  ) );
#8511 = ORIENTED_EDGE('',*,*,#8512,.F.);
#8512 = EDGE_CURVE('',#8317,#8490,#8513,.T.);
#8513 = SURFACE_CURVE('',#8514,(#8517,#8523),.PCURVE_S1.);
#8514 = B_SPLINE_CURVE_WITH_KNOTS('',1,(#8515,#8516),.UNSPECIFIED.,.F.,
  .F.,(2,2),(0.,1.),.PIECEWISE_BEZIER_KNOTS.);
#8515 = CARTESIAN_POINT('',(-0.675,1.,8.E-02));
#8516 = CARTESIAN_POINT('',(-0.825,1.,8.E-02));
#8517 = PCURVE('',#8332,#8518);
#8518 = DEFINITIONAL_REPRESENTATION('',(#8519),#8522);
#8519 = B_SPLINE_CURVE_WITH_KNOTS('',1,(#8520,#8521),.UNSPECIFIED.,.F.,
  .F.,(2,2),(0.,1.),.PIECEWISE_BEZIER_KNOTS.);
#8520 = CARTESIAN_POINT('',(-2.79645027925E-31,-0.1625));
#8521 = CARTESIAN_POINT('',(-2.79645027925E-31,-1.25E-02));
#8522 = ( GEOMETRIC_REPRESENTATION_CONTEXT(2) 
PARAMETRIC_REPRESENTATION_CONTEXT() REPRESENTATION_CONTEXT('2D SPACE',''
  ) );
#8523 = PCURVE('',#8360,#8524);
#8524 = DEFINITIONAL_REPRESENTATION('',(#8525),#8529);
#8525 = LINE('',#8526,#8527);
#8526 = CARTESIAN_POINT('',(-0.761614,0.));
#8527 = VECTOR('',#8528,1.);
#8528 = DIRECTION('',(0.,1.));
#8529 = ( GEOMETRIC_REPRESENTATION_CONTEXT(2) 
PARAMETRIC_REPRESENTATION_CONTEXT() REPRESENTATION_CONTEXT('2D SPACE',''
  ) );
#8530 = ORIENTED_EDGE('',*,*,#8316,.F.);
#8531 = ORIENTED_EDGE('',*,*,#8394,.T.);
#8532 = ADVANCED_FACE('',(#8533),#5103,.T.);
#8533 = FACE_BOUND('',#8534,.T.);
#8534 = EDGE_LOOP('',(#8535,#8536,#8557,#8558));
#8535 = ORIENTED_EDGE('',*,*,#5087,.T.);
#8536 = ORIENTED_EDGE('',*,*,#8537,.F.);
#8537 = EDGE_CURVE('',#8444,#5060,#8538,.T.);
#8538 = SURFACE_CURVE('',#8539,(#8543,#8550),.PCURVE_S1.);
#8539 = LINE('',#8540,#8541);
#8540 = CARTESIAN_POINT('',(-0.9511675,0.694863,2.88325E-02));
#8541 = VECTOR('',#8542,1.);
#8542 = DIRECTION('',(-0.216371161204,-0.952033109297,-0.216371161204));
#8543 = PCURVE('',#5103,#8544);
#8544 = DEFINITIONAL_REPRESENTATION('',(#8545),#8549);
#8545 = LINE('',#8546,#8547);
#8546 = CARTESIAN_POINT('',(0.230878283572,0.1136675));
#8547 = VECTOR('',#8548,1.);
#8548 = DIRECTION('',(0.976311180208,0.216371161204));
#8549 = ( GEOMETRIC_REPRESENTATION_CONTEXT(2) 
PARAMETRIC_REPRESENTATION_CONTEXT() REPRESENTATION_CONTEXT('2D SPACE',''
  ) );
#8550 = PCURVE('',#5075,#8551);
#8551 = DEFINITIONAL_REPRESENTATION('',(#8552),#8556);
#8552 = LINE('',#8553,#8554);
#8553 = CARTESIAN_POINT('',(3.70064333934E-02,-0.155137));
#8554 = VECTOR('',#8555,1.);
#8555 = DIRECTION('',(0.305995030681,-0.952033109297));
#8556 = ( GEOMETRIC_REPRESENTATION_CONTEXT(2) 
PARAMETRIC_REPRESENTATION_CONTEXT() REPRESENTATION_CONTEXT('2D SPACE',''
  ) );
#8557 = ORIENTED_EDGE('',*,*,#8443,.F.);
#8558 = ORIENTED_EDGE('',*,*,#8419,.F.);
#8559 = ADVANCED_FACE('',(#8560),#5047,.T.);
#8560 = FACE_BOUND('',#8561,.T.);
#8561 = EDGE_LOOP('',(#8562,#8585,#8586,#8607,#8608,#8631,#8659,#8687));
#8562 = ORIENTED_EDGE('',*,*,#8563,.T.);
#8563 = EDGE_CURVE('',#8564,#8490,#8566,.T.);
#8564 = VERTEX_POINT('',#8565);
#8565 = CARTESIAN_POINT('',(-0.825,1.,0.31));
#8566 = SURFACE_CURVE('',#8567,(#8571,#8578),.PCURVE_S1.);
#8567 = LINE('',#8568,#8569);
#8568 = CARTESIAN_POINT('',(-0.825,1.,0.841614));
#8569 = VECTOR('',#8570,1.);
#8570 = DIRECTION('',(-2.289834988289E-16,-1.065228634467E-16,-1.));
#8571 = PCURVE('',#5047,#8572);
#8572 = DEFINITIONAL_REPRESENTATION('',(#8573),#8577);
#8573 = LINE('',#8574,#8575);
#8574 = CARTESIAN_POINT('',(-0.531614,3.65));
#8575 = VECTOR('',#8576,1.);
#8576 = DIRECTION('',(1.,0.));
#8577 = ( GEOMETRIC_REPRESENTATION_CONTEXT(2) 
PARAMETRIC_REPRESENTATION_CONTEXT() REPRESENTATION_CONTEXT('2D SPACE',''
  ) );
#8578 = PCURVE('',#8360,#8579);
#8579 = DEFINITIONAL_REPRESENTATION('',(#8580),#8584);
#8580 = LINE('',#8581,#8582);
#8581 = CARTESIAN_POINT('',(0.,1.));
#8582 = VECTOR('',#8583,1.);
#8583 = DIRECTION('',(-1.,0.));
#8584 = ( GEOMETRIC_REPRESENTATION_CONTEXT(2) 
PARAMETRIC_REPRESENTATION_CONTEXT() REPRESENTATION_CONTEXT('2D SPACE',''
  ) );
#8585 = ORIENTED_EDGE('',*,*,#8489,.T.);
#8586 = ORIENTED_EDGE('',*,*,#8587,.T.);
#8587 = EDGE_CURVE('',#8467,#5032,#8588,.T.);
#8588 = SURFACE_CURVE('',#8589,(#8593,#8600),.PCURVE_S1.);
#8589 = LINE('',#8590,#8591);
#8590 = CARTESIAN_POINT('',(-16.5,1.,-15.52));
#8591 = VECTOR('',#8592,1.);
#8592 = DIRECTION('',(-0.707106781187,-1.064046335705E-16,
    -0.707106781187));
#8593 = PCURVE('',#5047,#8594);
#8594 = DEFINITIONAL_REPRESENTATION('',(#8595),#8599);
#8595 = LINE('',#8596,#8597);
#8596 = CARTESIAN_POINT('',(15.83,19.325));
#8597 = VECTOR('',#8598,1.);
#8598 = DIRECTION('',(0.707106781187,0.707106781187));
#8599 = ( GEOMETRIC_REPRESENTATION_CONTEXT(2) 
PARAMETRIC_REPRESENTATION_CONTEXT() REPRESENTATION_CONTEXT('2D SPACE',''
  ) );
#8600 = PCURVE('',#5075,#8601);
#8601 = DEFINITIONAL_REPRESENTATION('',(#8602),#8606);
#8602 = LINE('',#8603,#8604);
#8603 = CARTESIAN_POINT('',(22.026376233961,0.15));
#8604 = VECTOR('',#8605,1.);
#8605 = DIRECTION('',(1.,-7.295350781106E-16));
#8606 = ( GEOMETRIC_REPRESENTATION_CONTEXT(2) 
PARAMETRIC_REPRESENTATION_CONTEXT() REPRESENTATION_CONTEXT('2D SPACE',''
  ) );
#8607 = ORIENTED_EDGE('',*,*,#5031,.F.);
#8608 = ORIENTED_EDGE('',*,*,#8609,.T.);
#8609 = EDGE_CURVE('',#5004,#8610,#8612,.T.);
#8610 = VERTEX_POINT('',#8611);
#8611 = CARTESIAN_POINT('',(-1.1,1.,8.E-02));
#8612 = SURFACE_CURVE('',#8613,(#8617,#8624),.PCURVE_S1.);
#8613 = LINE('',#8614,#8615);
#8614 = CARTESIAN_POINT('',(-16.5,1.,15.48));
#8615 = VECTOR('',#8616,1.);
#8616 = DIRECTION('',(-0.707106781187,1.064046335705E-16,0.707106781187)
  );
#8617 = PCURVE('',#5047,#8618);
#8618 = DEFINITIONAL_REPRESENTATION('',(#8619),#8623);
#8619 = LINE('',#8620,#8621);
#8620 = CARTESIAN_POINT('',(-15.17,19.325));
#8621 = VECTOR('',#8622,1.);
#8622 = DIRECTION('',(-0.707106781187,0.707106781187));
#8623 = ( GEOMETRIC_REPRESENTATION_CONTEXT(2) 
PARAMETRIC_REPRESENTATION_CONTEXT() REPRESENTATION_CONTEXT('2D SPACE',''
  ) );
#8624 = PCURVE('',#5019,#8625);
#8625 = DEFINITIONAL_REPRESENTATION('',(#8626),#8630);
#8626 = LINE('',#8627,#8628);
#8627 = CARTESIAN_POINT('',(-21.8142441996,-0.15));
#8628 = VECTOR('',#8629,1.);
#8629 = DIRECTION('',(-1.,-7.295350781106E-16));
#8630 = ( GEOMETRIC_REPRESENTATION_CONTEXT(2) 
PARAMETRIC_REPRESENTATION_CONTEXT() REPRESENTATION_CONTEXT('2D SPACE',''
  ) );
#8631 = ORIENTED_EDGE('',*,*,#8632,.T.);
#8632 = EDGE_CURVE('',#8610,#8633,#8635,.T.);
#8633 = VERTEX_POINT('',#8634);
#8634 = CARTESIAN_POINT('',(-1.175,1.,8.E-02));
#8635 = SURFACE_CURVE('',#8636,(#8640,#8647),.PCURVE_S1.);
#8636 = LINE('',#8637,#8638);
#8637 = CARTESIAN_POINT('',(-17.,1.,8.E-02));
#8638 = VECTOR('',#8639,1.);
#8639 = DIRECTION('',(-1.,5.243344273594E-32,2.289834988289E-16));
#8640 = PCURVE('',#5047,#8641);
#8641 = DEFINITIONAL_REPRESENTATION('',(#8642),#8646);
#8642 = LINE('',#8643,#8644);
#8643 = CARTESIAN_POINT('',(0.23,19.825));
#8644 = VECTOR('',#8645,1.);
#8645 = DIRECTION('',(0.,1.));
#8646 = ( GEOMETRIC_REPRESENTATION_CONTEXT(2) 
PARAMETRIC_REPRESENTATION_CONTEXT() REPRESENTATION_CONTEXT('2D SPACE',''
  ) );
#8647 = PCURVE('',#8648,#8653);
#8648 = PLANE('',#8649);
#8649 = AXIS2_PLACEMENT_3D('',#8650,#8651,#8652);
#8650 = CARTESIAN_POINT('',(-1.3375,1.,8.E-02));
#8651 = DIRECTION('',(-2.289834988289E-16,-2.289834988289E-16,-1.));
#8652 = DIRECTION('',(0.,-1.,2.289834988289E-16));
#8653 = DEFINITIONAL_REPRESENTATION('',(#8654),#8658);
#8654 = LINE('',#8655,#8656);
#8655 = CARTESIAN_POINT('',(8.198683773256E-31,15.6625));
#8656 = VECTOR('',#8657,1.);
#8657 = DIRECTION('',(2.080052407982E-46,1.));
#8658 = ( GEOMETRIC_REPRESENTATION_CONTEXT(2) 
PARAMETRIC_REPRESENTATION_CONTEXT() REPRESENTATION_CONTEXT('2D SPACE',''
  ) );
#8659 = ORIENTED_EDGE('',*,*,#8660,.F.);
#8660 = EDGE_CURVE('',#8661,#8633,#8663,.T.);
#8661 = VERTEX_POINT('',#8662);
#8662 = CARTESIAN_POINT('',(-1.175,1.,0.31));
#8663 = SURFACE_CURVE('',#8664,(#8668,#8675),.PCURVE_S1.);
#8664 = LINE('',#8665,#8666);
#8665 = CARTESIAN_POINT('',(-1.175,1.,0.841614));
#8666 = VECTOR('',#8667,1.);
#8667 = DIRECTION('',(-2.289834988289E-16,-1.065228634467E-16,-1.));
#8668 = PCURVE('',#5047,#8669);
#8669 = DEFINITIONAL_REPRESENTATION('',(#8670),#8674);
#8670 = LINE('',#8671,#8672);
#8671 = CARTESIAN_POINT('',(-0.531614,4.));
#8672 = VECTOR('',#8673,1.);
#8673 = DIRECTION('',(1.,0.));
#8674 = ( GEOMETRIC_REPRESENTATION_CONTEXT(2) 
PARAMETRIC_REPRESENTATION_CONTEXT() REPRESENTATION_CONTEXT('2D SPACE',''
  ) );
#8675 = PCURVE('',#8676,#8681);
#8676 = B_SPLINE_SURFACE_WITH_KNOTS('',1,1,(
    (#8677,#8678)
    ,(#8679,#8680
    )),.UNSPECIFIED.,.F.,.F.,.F.,(2,2),(2,2),(-0.761614,-0.531614),(0.,
    1.),.PIECEWISE_BEZIER_KNOTS.);
#8677 = CARTESIAN_POINT('',(-1.175,1.,8.E-02));
#8678 = CARTESIAN_POINT('',(-1.325,1.,8.E-02));
#8679 = CARTESIAN_POINT('',(-1.175,1.,0.31));
#8680 = CARTESIAN_POINT('',(-1.325,1.,0.31));
#8681 = DEFINITIONAL_REPRESENTATION('',(#8682),#8686);
#8682 = LINE('',#8683,#8684);
#8683 = CARTESIAN_POINT('',(0.,0.));
#8684 = VECTOR('',#8685,1.);
#8685 = DIRECTION('',(-1.,0.));
#8686 = ( GEOMETRIC_REPRESENTATION_CONTEXT(2) 
PARAMETRIC_REPRESENTATION_CONTEXT() REPRESENTATION_CONTEXT('2D SPACE',''
  ) );
#8687 = ORIENTED_EDGE('',*,*,#8688,.F.);
#8688 = EDGE_CURVE('',#8564,#8661,#8689,.T.);
#8689 = SURFACE_CURVE('',#8690,(#8693,#8699),.PCURVE_S1.);
#8690 = B_SPLINE_CURVE_WITH_KNOTS('',1,(#8691,#8692),.UNSPECIFIED.,.F.,
  .F.,(2,2),(0.,1.),.PIECEWISE_BEZIER_KNOTS.);
#8691 = CARTESIAN_POINT('',(2.77,1.,0.31));
#8692 = CARTESIAN_POINT('',(-2.77,1.,0.31));
#8693 = PCURVE('',#5047,#8694);
#8694 = DEFINITIONAL_REPRESENTATION('',(#8695),#8698);
#8695 = B_SPLINE_CURVE_WITH_KNOTS('',1,(#8696,#8697),.UNSPECIFIED.,.F.,
  .F.,(2,2),(0.648916967509,0.712093862816),.PIECEWISE_BEZIER_KNOTS.);
#8696 = CARTESIAN_POINT('',(-3.835473605385E-16,3.65));
#8697 = CARTESIAN_POINT('',(-3.835473605385E-16,4.));
#8698 = ( GEOMETRIC_REPRESENTATION_CONTEXT(2) 
PARAMETRIC_REPRESENTATION_CONTEXT() REPRESENTATION_CONTEXT('2D SPACE',''
  ) );
#8699 = PCURVE('',#3580,#8700);
#8700 = DEFINITIONAL_REPRESENTATION('',(#8701),#8705);
#8701 = LINE('',#8702,#8703);
#8702 = CARTESIAN_POINT('',(-0.305137,0.));
#8703 = VECTOR('',#8704,1.);
#8704 = DIRECTION('',(0.,1.));
#8705 = ( GEOMETRIC_REPRESENTATION_CONTEXT(2) 
PARAMETRIC_REPRESENTATION_CONTEXT() REPRESENTATION_CONTEXT('2D SPACE',''
  ) );
#8706 = ADVANCED_FACE('',(#8707),#5019,.T.);
#8707 = FACE_BOUND('',#8708,.T.);
#8708 = EDGE_LOOP('',(#8709,#8732,#8733,#8734));
#8709 = ORIENTED_EDGE('',*,*,#8710,.F.);
#8710 = EDGE_CURVE('',#8610,#8711,#8713,.T.);
#8711 = VERTEX_POINT('',#8712);
#8712 = CARTESIAN_POINT('',(-1.1,0.92,8.E-02));
#8713 = SURFACE_CURVE('',#8714,(#8718,#8725),.PCURVE_S1.);
#8714 = LINE('',#8715,#8716);
#8715 = CARTESIAN_POINT('',(-1.1,0.694863,8.E-02));
#8716 = VECTOR('',#8717,1.);
#8717 = DIRECTION('',(-1.224606353822E-16,-1.,2.289834988289E-16));
#8718 = PCURVE('',#5019,#8719);
#8719 = DEFINITIONAL_REPRESENTATION('',(#8720),#8724);
#8720 = LINE('',#8721,#8722);
#8721 = CARTESIAN_POINT('',(-3.535533905933E-02,0.155137));
#8722 = VECTOR('',#8723,1.);
#8723 = DIRECTION('',(-8.716389750491E-16,1.));
#8724 = ( GEOMETRIC_REPRESENTATION_CONTEXT(2) 
PARAMETRIC_REPRESENTATION_CONTEXT() REPRESENTATION_CONTEXT('2D SPACE',''
  ) );
#8725 = PCURVE('',#8648,#8726);
#8726 = DEFINITIONAL_REPRESENTATION('',(#8727),#8731);
#8727 = LINE('',#8728,#8729);
#8728 = CARTESIAN_POINT('',(0.305137,-0.2375));
#8729 = VECTOR('',#8730,1.);
#8730 = DIRECTION('',(1.,1.224606353822E-16));
#8731 = ( GEOMETRIC_REPRESENTATION_CONTEXT(2) 
PARAMETRIC_REPRESENTATION_CONTEXT() REPRESENTATION_CONTEXT('2D SPACE',''
  ) );
#8732 = ORIENTED_EDGE('',*,*,#8609,.F.);
#8733 = ORIENTED_EDGE('',*,*,#5003,.F.);
#8734 = ORIENTED_EDGE('',*,*,#8735,.T.);
#8735 = EDGE_CURVE('',#4974,#8711,#8736,.T.);
#8736 = SURFACE_CURVE('',#8737,(#8741,#8748),.PCURVE_S1.);
#8737 = LINE('',#8738,#8739);
#8738 = CARTESIAN_POINT('',(-1.0488325,0.694863,2.88325E-02));
#8739 = VECTOR('',#8740,1.);
#8740 = DIRECTION('',(-0.216371161204,0.952033109297,0.216371161204));
#8741 = PCURVE('',#5019,#8742);
#8742 = DEFINITIONAL_REPRESENTATION('',(#8743),#8747);
#8743 = LINE('',#8744,#8745);
#8744 = CARTESIAN_POINT('',(3.70064333934E-02,0.155137));
#8745 = VECTOR('',#8746,1.);
#8746 = DIRECTION('',(-0.305995030681,-0.952033109297));
#8747 = ( GEOMETRIC_REPRESENTATION_CONTEXT(2) 
PARAMETRIC_REPRESENTATION_CONTEXT() REPRESENTATION_CONTEXT('2D SPACE',''
  ) );
#8748 = PCURVE('',#4991,#8749);
#8749 = DEFINITIONAL_REPRESENTATION('',(#8750),#8754);
#8750 = LINE('',#8751,#8752);
#8751 = CARTESIAN_POINT('',(0.230878283572,-0.2886675));
#8752 = VECTOR('',#8753,1.);
#8753 = DIRECTION('',(-0.976311180208,0.216371161204));
#8754 = ( GEOMETRIC_REPRESENTATION_CONTEXT(2) 
PARAMETRIC_REPRESENTATION_CONTEXT() REPRESENTATION_CONTEXT('2D SPACE',''
  ) );
#8755 = ADVANCED_FACE('',(#8756),#5075,.T.);
#8756 = FACE_BOUND('',#8757,.T.);
#8757 = EDGE_LOOP('',(#8758,#8759,#8760,#8761));
#8758 = ORIENTED_EDGE('',*,*,#8466,.F.);
#8759 = ORIENTED_EDGE('',*,*,#8537,.T.);
#8760 = ORIENTED_EDGE('',*,*,#5059,.F.);
#8761 = ORIENTED_EDGE('',*,*,#8587,.F.);
#8762 = ADVANCED_FACE('',(#8763),#8648,.T.);
#8763 = FACE_BOUND('',#8764,.T.);
#8764 = EDGE_LOOP('',(#8765,#8787,#8788,#8789,#8812,#8835));
#8765 = ORIENTED_EDGE('',*,*,#8766,.T.);
#8766 = EDGE_CURVE('',#8767,#8633,#8769,.T.);
#8767 = VERTEX_POINT('',#8768);
#8768 = CARTESIAN_POINT('',(-1.325,1.,8.E-02));
#8769 = SURFACE_CURVE('',#8770,(#8774,#8781),.PCURVE_S1.);
#8770 = LINE('',#8771,#8772);
#8771 = CARTESIAN_POINT('',(4.,1.,8.E-02));
#8772 = VECTOR('',#8773,1.);
#8773 = DIRECTION('',(1.,-5.243344273594E-32,-2.289834988289E-16));
#8774 = PCURVE('',#8648,#8775);
#8775 = DEFINITIONAL_REPRESENTATION('',(#8776),#8780);
#8776 = LINE('',#8777,#8778);
#8777 = CARTESIAN_POINT('',(-2.79645027925E-31,-5.3375));
#8778 = VECTOR('',#8779,1.);
#8779 = DIRECTION('',(-2.080052407982E-46,-1.));
#8780 = ( GEOMETRIC_REPRESENTATION_CONTEXT(2) 
PARAMETRIC_REPRESENTATION_CONTEXT() REPRESENTATION_CONTEXT('2D SPACE',''
  ) );
#8781 = PCURVE('',#8676,#8782);
#8782 = DEFINITIONAL_REPRESENTATION('',(#8783),#8786);
#8783 = B_SPLINE_CURVE_WITH_KNOTS('',1,(#8784,#8785),.UNSPECIFIED.,.F.,
  .F.,(2,2),(-5.325,-5.175),.PIECEWISE_BEZIER_KNOTS.);
#8784 = CARTESIAN_POINT('',(-0.761614,1.));
#8785 = CARTESIAN_POINT('',(-0.761614,0.));
#8786 = ( GEOMETRIC_REPRESENTATION_CONTEXT(2) 
PARAMETRIC_REPRESENTATION_CONTEXT() REPRESENTATION_CONTEXT('2D SPACE',''
  ) );
#8787 = ORIENTED_EDGE('',*,*,#8632,.F.);
#8788 = ORIENTED_EDGE('',*,*,#8710,.T.);
#8789 = ORIENTED_EDGE('',*,*,#8790,.T.);
#8790 = EDGE_CURVE('',#8711,#8791,#8793,.T.);
#8791 = VERTEX_POINT('',#8792);
#8792 = CARTESIAN_POINT('',(-1.4,0.92,8.E-02));
#8793 = SURFACE_CURVE('',#8794,(#8798,#8805),.PCURVE_S1.);
#8794 = LINE('',#8795,#8796);
#8795 = CARTESIAN_POINT('',(-17.,0.92,8.E-02));
#8796 = VECTOR('',#8797,1.);
#8797 = DIRECTION('',(-1.,5.243344273594E-32,2.289834988289E-16));
#8798 = PCURVE('',#8648,#8799);
#8799 = DEFINITIONAL_REPRESENTATION('',(#8800),#8804);
#8800 = LINE('',#8801,#8802);
#8801 = CARTESIAN_POINT('',(8.E-02,15.6625));
#8802 = VECTOR('',#8803,1.);
#8803 = DIRECTION('',(2.080052407982E-46,1.));
#8804 = ( GEOMETRIC_REPRESENTATION_CONTEXT(2) 
PARAMETRIC_REPRESENTATION_CONTEXT() REPRESENTATION_CONTEXT('2D SPACE',''
  ) );
#8805 = PCURVE('',#4991,#8806);
#8806 = DEFINITIONAL_REPRESENTATION('',(#8807),#8811);
#8807 = LINE('',#8808,#8809);
#8808 = CARTESIAN_POINT('',(-1.749253556813E-18,15.6625));
#8809 = VECTOR('',#8810,1.);
#8810 = DIRECTION('',(-1.848892746612E-31,1.));
#8811 = ( GEOMETRIC_REPRESENTATION_CONTEXT(2) 
PARAMETRIC_REPRESENTATION_CONTEXT() REPRESENTATION_CONTEXT('2D SPACE',''
  ) );
#8812 = ORIENTED_EDGE('',*,*,#8813,.T.);
#8813 = EDGE_CURVE('',#8791,#8814,#8816,.T.);
#8814 = VERTEX_POINT('',#8815);
#8815 = CARTESIAN_POINT('',(-1.4,1.,8.E-02));
#8816 = SURFACE_CURVE('',#8817,(#8821,#8828),.PCURVE_S1.);
#8817 = LINE('',#8818,#8819);
#8818 = CARTESIAN_POINT('',(-1.4,0.694863,8.E-02));
#8819 = VECTOR('',#8820,1.);
#8820 = DIRECTION('',(-1.224606353822E-16,1.,-2.289834988289E-16));
#8821 = PCURVE('',#8648,#8822);
#8822 = DEFINITIONAL_REPRESENTATION('',(#8823),#8827);
#8823 = LINE('',#8824,#8825);
#8824 = CARTESIAN_POINT('',(0.305137,6.25E-02));
#8825 = VECTOR('',#8826,1.);
#8826 = DIRECTION('',(-1.,1.224606353822E-16));
#8827 = ( GEOMETRIC_REPRESENTATION_CONTEXT(2) 
PARAMETRIC_REPRESENTATION_CONTEXT() REPRESENTATION_CONTEXT('2D SPACE',''
  ) );
#8828 = PCURVE('',#5920,#8829);
#8829 = DEFINITIONAL_REPRESENTATION('',(#8830),#8834);
#8830 = LINE('',#8831,#8832);
#8831 = CARTESIAN_POINT('',(-3.535533905933E-02,-0.155137));
#8832 = VECTOR('',#8833,1.);
#8833 = DIRECTION('',(8.716389750491E-16,1.));
#8834 = ( GEOMETRIC_REPRESENTATION_CONTEXT(2) 
PARAMETRIC_REPRESENTATION_CONTEXT() REPRESENTATION_CONTEXT('2D SPACE',''
  ) );
#8835 = ORIENTED_EDGE('',*,*,#8836,.F.);
#8836 = EDGE_CURVE('',#8767,#8814,#8837,.T.);
#8837 = SURFACE_CURVE('',#8838,(#8842,#8849),.PCURVE_S1.);
#8838 = LINE('',#8839,#8840);
#8839 = CARTESIAN_POINT('',(-17.,1.,8.E-02));
#8840 = VECTOR('',#8841,1.);
#8841 = DIRECTION('',(-1.,5.243344273594E-32,2.289834988289E-16));
#8842 = PCURVE('',#8648,#8843);
#8843 = DEFINITIONAL_REPRESENTATION('',(#8844),#8848);
#8844 = LINE('',#8845,#8846);
#8845 = CARTESIAN_POINT('',(8.198683773256E-31,15.6625));
#8846 = VECTOR('',#8847,1.);
#8847 = DIRECTION('',(2.080052407982E-46,1.));
#8848 = ( GEOMETRIC_REPRESENTATION_CONTEXT(2) 
PARAMETRIC_REPRESENTATION_CONTEXT() REPRESENTATION_CONTEXT('2D SPACE',''
  ) );
#8849 = PCURVE('',#5894,#8850);
#8850 = DEFINITIONAL_REPRESENTATION('',(#8851),#8855);
#8851 = LINE('',#8852,#8853);
#8852 = CARTESIAN_POINT('',(0.23,20.325));
#8853 = VECTOR('',#8854,1.);
#8854 = DIRECTION('',(0.,1.));
#8855 = ( GEOMETRIC_REPRESENTATION_CONTEXT(2) 
PARAMETRIC_REPRESENTATION_CONTEXT() REPRESENTATION_CONTEXT('2D SPACE',''
  ) );
#8856 = ADVANCED_FACE('',(#8857),#4991,.T.);
#8857 = FACE_BOUND('',#8858,.T.);
#8858 = EDGE_LOOP('',(#8859,#8860,#8861,#8862));
#8859 = ORIENTED_EDGE('',*,*,#8790,.F.);
#8860 = ORIENTED_EDGE('',*,*,#8735,.F.);
#8861 = ORIENTED_EDGE('',*,*,#4973,.T.);
#8862 = ORIENTED_EDGE('',*,*,#8863,.F.);
#8863 = EDGE_CURVE('',#8791,#4976,#8864,.T.);
#8864 = SURFACE_CURVE('',#8865,(#8869,#8876),.PCURVE_S1.);
#8865 = LINE('',#8866,#8867);
#8866 = CARTESIAN_POINT('',(-1.4511675,0.694863,2.88325E-02));
#8867 = VECTOR('',#8868,1.);
#8868 = DIRECTION('',(-0.216371161204,-0.952033109297,-0.216371161204));
#8869 = PCURVE('',#4991,#8870);
#8870 = DEFINITIONAL_REPRESENTATION('',(#8871),#8875);
#8871 = LINE('',#8872,#8873);
#8872 = CARTESIAN_POINT('',(0.230878283572,0.1136675));
#8873 = VECTOR('',#8874,1.);
#8874 = DIRECTION('',(0.976311180208,0.216371161204));
#8875 = ( GEOMETRIC_REPRESENTATION_CONTEXT(2) 
PARAMETRIC_REPRESENTATION_CONTEXT() REPRESENTATION_CONTEXT('2D SPACE',''
  ) );
#8876 = PCURVE('',#5920,#8877);
#8877 = DEFINITIONAL_REPRESENTATION('',(#8878),#8882);
#8878 = LINE('',#8879,#8880);
#8879 = CARTESIAN_POINT('',(3.70064333934E-02,-0.155137));
#8880 = VECTOR('',#8881,1.);
#8881 = DIRECTION('',(0.305995030681,-0.952033109297));
#8882 = ( GEOMETRIC_REPRESENTATION_CONTEXT(2) 
PARAMETRIC_REPRESENTATION_CONTEXT() REPRESENTATION_CONTEXT('2D SPACE',''
  ) );
#8883 = ADVANCED_FACE('',(#8884),#5920,.T.);
#8884 = FACE_BOUND('',#8885,.T.);
#8885 = EDGE_LOOP('',(#8886,#8887,#8888,#8889));
#8886 = ORIENTED_EDGE('',*,*,#8813,.F.);
#8887 = ORIENTED_EDGE('',*,*,#8863,.T.);
#8888 = ORIENTED_EDGE('',*,*,#5906,.F.);
#8889 = ORIENTED_EDGE('',*,*,#8890,.F.);
#8890 = EDGE_CURVE('',#8814,#5879,#8891,.T.);
#8891 = SURFACE_CURVE('',#8892,(#8896,#8903),.PCURVE_S1.);
#8892 = LINE('',#8893,#8894);
#8893 = CARTESIAN_POINT('',(-17.,1.,-15.52));
#8894 = VECTOR('',#8895,1.);
#8895 = DIRECTION('',(-0.707106781187,-1.064046335705E-16,
    -0.707106781187));
#8896 = PCURVE('',#5920,#8897);
#8897 = DEFINITIONAL_REPRESENTATION('',(#8898),#8902);
#8898 = LINE('',#8899,#8900);
#8899 = CARTESIAN_POINT('',(22.026376233961,0.15));
#8900 = VECTOR('',#8901,1.);
#8901 = DIRECTION('',(1.,-7.295350781106E-16));
#8902 = ( GEOMETRIC_REPRESENTATION_CONTEXT(2) 
PARAMETRIC_REPRESENTATION_CONTEXT() REPRESENTATION_CONTEXT('2D SPACE',''
  ) );
#8903 = PCURVE('',#5894,#8904);
#8904 = DEFINITIONAL_REPRESENTATION('',(#8905),#8909);
#8905 = LINE('',#8906,#8907);
#8906 = CARTESIAN_POINT('',(15.83,20.325));
#8907 = VECTOR('',#8908,1.);
#8908 = DIRECTION('',(0.707106781187,0.707106781187));
#8909 = ( GEOMETRIC_REPRESENTATION_CONTEXT(2) 
PARAMETRIC_REPRESENTATION_CONTEXT() REPRESENTATION_CONTEXT('2D SPACE',''
  ) );
#8910 = ADVANCED_FACE('',(#8911),#5894,.T.);
#8911 = FACE_BOUND('',#8912,.T.);
#8912 = EDGE_LOOP('',(#8913,#8936,#8937,#8938,#8939,#8962,#8985,#9008));
#8913 = ORIENTED_EDGE('',*,*,#8914,.T.);
#8914 = EDGE_CURVE('',#8915,#8767,#8917,.T.);
#8915 = VERTEX_POINT('',#8916);
#8916 = CARTESIAN_POINT('',(-1.325,1.,0.31));
#8917 = SURFACE_CURVE('',#8918,(#8922,#8929),.PCURVE_S1.);
#8918 = LINE('',#8919,#8920);
#8919 = CARTESIAN_POINT('',(-1.325,1.,0.841614));
#8920 = VECTOR('',#8921,1.);
#8921 = DIRECTION('',(-2.289834988289E-16,-1.065228634467E-16,-1.));
#8922 = PCURVE('',#5894,#8923);
#8923 = DEFINITIONAL_REPRESENTATION('',(#8924),#8928);
#8924 = LINE('',#8925,#8926);
#8925 = CARTESIAN_POINT('',(-0.531614,4.65));
#8926 = VECTOR('',#8927,1.);
#8927 = DIRECTION('',(1.,0.));
#8928 = ( GEOMETRIC_REPRESENTATION_CONTEXT(2) 
PARAMETRIC_REPRESENTATION_CONTEXT() REPRESENTATION_CONTEXT('2D SPACE',''
  ) );
#8929 = PCURVE('',#8676,#8930);
#8930 = DEFINITIONAL_REPRESENTATION('',(#8931),#8935);
#8931 = LINE('',#8932,#8933);
#8932 = CARTESIAN_POINT('',(0.,1.));
#8933 = VECTOR('',#8934,1.);
#8934 = DIRECTION('',(-1.,0.));
#8935 = ( GEOMETRIC_REPRESENTATION_CONTEXT(2) 
PARAMETRIC_REPRESENTATION_CONTEXT() REPRESENTATION_CONTEXT('2D SPACE',''
  ) );
#8936 = ORIENTED_EDGE('',*,*,#8836,.T.);
#8937 = ORIENTED_EDGE('',*,*,#8890,.T.);
#8938 = ORIENTED_EDGE('',*,*,#5878,.F.);
#8939 = ORIENTED_EDGE('',*,*,#8940,.T.);
#8940 = EDGE_CURVE('',#5851,#8941,#8943,.T.);
#8941 = VERTEX_POINT('',#8942);
#8942 = CARTESIAN_POINT('',(-1.6,1.,8.E-02));
#8943 = SURFACE_CURVE('',#8944,(#8948,#8955),.PCURVE_S1.);
#8944 = LINE('',#8945,#8946);
#8945 = CARTESIAN_POINT('',(-17.,1.,15.48));
#8946 = VECTOR('',#8947,1.);
#8947 = DIRECTION('',(-0.707106781187,1.064046335705E-16,0.707106781187)
  );
#8948 = PCURVE('',#5894,#8949);
#8949 = DEFINITIONAL_REPRESENTATION('',(#8950),#8954);
#8950 = LINE('',#8951,#8952);
#8951 = CARTESIAN_POINT('',(-15.17,20.325));
#8952 = VECTOR('',#8953,1.);
#8953 = DIRECTION('',(-0.707106781187,0.707106781187));
#8954 = ( GEOMETRIC_REPRESENTATION_CONTEXT(2) 
PARAMETRIC_REPRESENTATION_CONTEXT() REPRESENTATION_CONTEXT('2D SPACE',''
  ) );
#8955 = PCURVE('',#5866,#8956);
#8956 = DEFINITIONAL_REPRESENTATION('',(#8957),#8961);
#8957 = LINE('',#8958,#8959);
#8958 = CARTESIAN_POINT('',(-21.8142441996,-0.15));
#8959 = VECTOR('',#8960,1.);
#8960 = DIRECTION('',(-1.,-7.295350781106E-16));
#8961 = ( GEOMETRIC_REPRESENTATION_CONTEXT(2) 
PARAMETRIC_REPRESENTATION_CONTEXT() REPRESENTATION_CONTEXT('2D SPACE',''
  ) );
#8962 = ORIENTED_EDGE('',*,*,#8963,.T.);
#8963 = EDGE_CURVE('',#8941,#8964,#8966,.T.);
#8964 = VERTEX_POINT('',#8965);
#8965 = CARTESIAN_POINT('',(-1.675,1.,8.E-02));
#8966 = SURFACE_CURVE('',#8967,(#8971,#8978),.PCURVE_S1.);
#8967 = LINE('',#8968,#8969);
#8968 = CARTESIAN_POINT('',(14.,1.,8.E-02));
#8969 = VECTOR('',#8970,1.);
#8970 = DIRECTION('',(-1.,5.243344273594E-32,2.289834988289E-16));
#8971 = PCURVE('',#5894,#8972);
#8972 = DEFINITIONAL_REPRESENTATION('',(#8973),#8977);
#8973 = LINE('',#8974,#8975);
#8974 = CARTESIAN_POINT('',(0.23,-10.675));
#8975 = VECTOR('',#8976,1.);
#8976 = DIRECTION('',(0.,1.));
#8977 = ( GEOMETRIC_REPRESENTATION_CONTEXT(2) 
PARAMETRIC_REPRESENTATION_CONTEXT() REPRESENTATION_CONTEXT('2D SPACE',''
  ) );
#8978 = PCURVE('',#4448,#8979);
#8979 = DEFINITIONAL_REPRESENTATION('',(#8980),#8984);
#8980 = LINE('',#8981,#8982);
#8981 = CARTESIAN_POINT('',(-8.198683773256E-31,15.6625));
#8982 = VECTOR('',#8983,1.);
#8983 = DIRECTION('',(2.080052407982E-46,-1.));
#8984 = ( GEOMETRIC_REPRESENTATION_CONTEXT(2) 
PARAMETRIC_REPRESENTATION_CONTEXT() REPRESENTATION_CONTEXT('2D SPACE',''
  ) );
#8985 = ORIENTED_EDGE('',*,*,#8986,.F.);
#8986 = EDGE_CURVE('',#8987,#8964,#8989,.T.);
#8987 = VERTEX_POINT('',#8988);
#8988 = CARTESIAN_POINT('',(-1.675,1.,0.31));
#8989 = SURFACE_CURVE('',#8990,(#8994,#9001),.PCURVE_S1.);
#8990 = LINE('',#8991,#8992);
#8991 = CARTESIAN_POINT('',(-1.675,1.,0.841614));
#8992 = VECTOR('',#8993,1.);
#8993 = DIRECTION('',(-2.289834988289E-16,-1.065228634467E-16,-1.));
#8994 = PCURVE('',#5894,#8995);
#8995 = DEFINITIONAL_REPRESENTATION('',(#8996),#9000);
#8996 = LINE('',#8997,#8998);
#8997 = CARTESIAN_POINT('',(-0.531614,5.));
#8998 = VECTOR('',#8999,1.);
#8999 = DIRECTION('',(1.,0.));
#9000 = ( GEOMETRIC_REPRESENTATION_CONTEXT(2) 
PARAMETRIC_REPRESENTATION_CONTEXT() REPRESENTATION_CONTEXT('2D SPACE',''
  ) );
#9001 = PCURVE('',#4420,#9002);
#9002 = DEFINITIONAL_REPRESENTATION('',(#9003),#9007);
#9003 = LINE('',#9004,#9005);
#9004 = CARTESIAN_POINT('',(0.,0.));
#9005 = VECTOR('',#9006,1.);
#9006 = DIRECTION('',(-1.,0.));
#9007 = ( GEOMETRIC_REPRESENTATION_CONTEXT(2) 
PARAMETRIC_REPRESENTATION_CONTEXT() REPRESENTATION_CONTEXT('2D SPACE',''
  ) );
#9008 = ORIENTED_EDGE('',*,*,#9009,.F.);
#9009 = EDGE_CURVE('',#8915,#8987,#9010,.T.);
#9010 = SURFACE_CURVE('',#9011,(#9014,#9020),.PCURVE_S1.);
#9011 = B_SPLINE_CURVE_WITH_KNOTS('',1,(#9012,#9013),.UNSPECIFIED.,.F.,
  .F.,(2,2),(0.,1.),.PIECEWISE_BEZIER_KNOTS.);
#9012 = CARTESIAN_POINT('',(2.77,1.,0.31));
#9013 = CARTESIAN_POINT('',(-2.77,1.,0.31));
#9014 = PCURVE('',#5894,#9015);
#9015 = DEFINITIONAL_REPRESENTATION('',(#9016),#9019);
#9016 = B_SPLINE_CURVE_WITH_KNOTS('',1,(#9017,#9018),.UNSPECIFIED.,.F.,
  .F.,(2,2),(0.73916967509,0.802346570397),.PIECEWISE_BEZIER_KNOTS.);
#9017 = CARTESIAN_POINT('',(-3.835473605385E-16,4.65));
#9018 = CARTESIAN_POINT('',(-3.835473605385E-16,5.));
#9019 = ( GEOMETRIC_REPRESENTATION_CONTEXT(2) 
PARAMETRIC_REPRESENTATION_CONTEXT() REPRESENTATION_CONTEXT('2D SPACE',''
  ) );
#9020 = PCURVE('',#3580,#9021);
#9021 = DEFINITIONAL_REPRESENTATION('',(#9022),#9026);
#9022 = LINE('',#9023,#9024);
#9023 = CARTESIAN_POINT('',(-0.305137,0.));
#9024 = VECTOR('',#9025,1.);
#9025 = DIRECTION('',(0.,1.));
#9026 = ( GEOMETRIC_REPRESENTATION_CONTEXT(2) 
PARAMETRIC_REPRESENTATION_CONTEXT() REPRESENTATION_CONTEXT('2D SPACE',''
  ) );
#9027 = ADVANCED_FACE('',(#9028),#5838,.T.);
#9028 = FACE_BOUND('',#9029,.T.);
#9029 = EDGE_LOOP('',(#9030,#9055,#9076,#9077));
#9030 = ORIENTED_EDGE('',*,*,#9031,.F.);
#9031 = EDGE_CURVE('',#9032,#9034,#9036,.T.);
#9032 = VERTEX_POINT('',#9033);
#9033 = CARTESIAN_POINT('',(-1.6,0.92,8.E-02));
#9034 = VERTEX_POINT('',#9035);
#9035 = CARTESIAN_POINT('',(-1.9,0.92,8.E-02));
#9036 = SURFACE_CURVE('',#9037,(#9041,#9048),.PCURVE_S1.);
#9037 = LINE('',#9038,#9039);
#9038 = CARTESIAN_POINT('',(-17.5,0.92,8.E-02));
#9039 = VECTOR('',#9040,1.);
#9040 = DIRECTION('',(-1.,5.243344273594E-32,2.289834988289E-16));
#9041 = PCURVE('',#5838,#9042);
#9042 = DEFINITIONAL_REPRESENTATION('',(#9043),#9047);
#9043 = LINE('',#9044,#9045);
#9044 = CARTESIAN_POINT('',(-1.749253556813E-18,15.6625));
#9045 = VECTOR('',#9046,1.);
#9046 = DIRECTION('',(-1.848892746612E-31,1.));
#9047 = ( GEOMETRIC_REPRESENTATION_CONTEXT(2) 
PARAMETRIC_REPRESENTATION_CONTEXT() REPRESENTATION_CONTEXT('2D SPACE',''
  ) );
#9048 = PCURVE('',#4448,#9049);
#9049 = DEFINITIONAL_REPRESENTATION('',(#9050),#9054);
#9050 = LINE('',#9051,#9052);
#9051 = CARTESIAN_POINT('',(8.E-02,-15.8375));
#9052 = VECTOR('',#9053,1.);
#9053 = DIRECTION('',(2.080052407982E-46,-1.));
#9054 = ( GEOMETRIC_REPRESENTATION_CONTEXT(2) 
PARAMETRIC_REPRESENTATION_CONTEXT() REPRESENTATION_CONTEXT('2D SPACE',''
  ) );
#9055 = ORIENTED_EDGE('',*,*,#9056,.F.);
#9056 = EDGE_CURVE('',#5823,#9032,#9057,.T.);
#9057 = SURFACE_CURVE('',#9058,(#9062,#9069),.PCURVE_S1.);
#9058 = LINE('',#9059,#9060);
#9059 = CARTESIAN_POINT('',(-1.5488325,0.694863,2.88325E-02));
#9060 = VECTOR('',#9061,1.);
#9061 = DIRECTION('',(-0.216371161204,0.952033109297,0.216371161204));
#9062 = PCURVE('',#5838,#9063);
#9063 = DEFINITIONAL_REPRESENTATION('',(#9064),#9068);
#9064 = LINE('',#9065,#9066);
#9065 = CARTESIAN_POINT('',(0.230878283572,-0.2886675));
#9066 = VECTOR('',#9067,1.);
#9067 = DIRECTION('',(-0.976311180208,0.216371161204));
#9068 = ( GEOMETRIC_REPRESENTATION_CONTEXT(2) 
PARAMETRIC_REPRESENTATION_CONTEXT() REPRESENTATION_CONTEXT('2D SPACE',''
  ) );
#9069 = PCURVE('',#5866,#9070);
#9070 = DEFINITIONAL_REPRESENTATION('',(#9071),#9075);
#9071 = LINE('',#9072,#9073);
#9072 = CARTESIAN_POINT('',(3.70064333934E-02,0.155137));
#9073 = VECTOR('',#9074,1.);
#9074 = DIRECTION('',(-0.305995030681,-0.952033109297));
#9075 = ( GEOMETRIC_REPRESENTATION_CONTEXT(2) 
PARAMETRIC_REPRESENTATION_CONTEXT() REPRESENTATION_CONTEXT('2D SPACE',''
  ) );
#9076 = ORIENTED_EDGE('',*,*,#5822,.T.);
#9077 = ORIENTED_EDGE('',*,*,#9078,.T.);
#9078 = EDGE_CURVE('',#5800,#9034,#9079,.T.);
#9079 = SURFACE_CURVE('',#9080,(#9084,#9091),.PCURVE_S1.);
#9080 = LINE('',#9081,#9082);
#9081 = CARTESIAN_POINT('',(-1.9511675,0.694863,2.88325E-02));
#9082 = VECTOR('',#9083,1.);
#9083 = DIRECTION('',(0.216371161204,0.952033109297,0.216371161204));
#9084 = PCURVE('',#5838,#9085);
#9085 = DEFINITIONAL_REPRESENTATION('',(#9086),#9090);
#9086 = LINE('',#9087,#9088);
#9087 = CARTESIAN_POINT('',(0.230878283572,0.1136675));
#9088 = VECTOR('',#9089,1.);
#9089 = DIRECTION('',(-0.976311180208,-0.216371161204));
#9090 = ( GEOMETRIC_REPRESENTATION_CONTEXT(2) 
PARAMETRIC_REPRESENTATION_CONTEXT() REPRESENTATION_CONTEXT('2D SPACE',''
  ) );
#9091 = PCURVE('',#4476,#9092);
#9092 = DEFINITIONAL_REPRESENTATION('',(#9093),#9097);
#9093 = LINE('',#9094,#9095);
#9094 = CARTESIAN_POINT('',(-3.70064333934E-02,0.155137));
#9095 = VECTOR('',#9096,1.);
#9096 = DIRECTION('',(0.305995030681,-0.952033109297));
#9097 = ( GEOMETRIC_REPRESENTATION_CONTEXT(2) 
PARAMETRIC_REPRESENTATION_CONTEXT() REPRESENTATION_CONTEXT('2D SPACE',''
  ) );
#9098 = ADVANCED_FACE('',(#9099),#4448,.F.);
#9099 = FACE_BOUND('',#9100,.T.);
#9100 = EDGE_LOOP('',(#9101,#9102,#9123,#9124,#9144,#9145));
#9101 = ORIENTED_EDGE('',*,*,#9031,.T.);
#9102 = ORIENTED_EDGE('',*,*,#9103,.T.);
#9103 = EDGE_CURVE('',#9034,#4433,#9104,.T.);
#9104 = SURFACE_CURVE('',#9105,(#9109,#9116),.PCURVE_S1.);
#9105 = LINE('',#9106,#9107);
#9106 = CARTESIAN_POINT('',(-1.9,0.694863,8.E-02));
#9107 = VECTOR('',#9108,1.);
#9108 = DIRECTION('',(-1.224606353822E-16,1.,-2.289834988289E-16));
#9109 = PCURVE('',#4448,#9110);
#9110 = DEFINITIONAL_REPRESENTATION('',(#9111),#9115);
#9111 = LINE('',#9112,#9113);
#9112 = CARTESIAN_POINT('',(0.305137,-0.2375));
#9113 = VECTOR('',#9114,1.);
#9114 = DIRECTION('',(-1.,-1.224606353822E-16));
#9115 = ( GEOMETRIC_REPRESENTATION_CONTEXT(2) 
PARAMETRIC_REPRESENTATION_CONTEXT() REPRESENTATION_CONTEXT('2D SPACE',''
  ) );
#9116 = PCURVE('',#4476,#9117);
#9117 = DEFINITIONAL_REPRESENTATION('',(#9118),#9122);
#9118 = LINE('',#9119,#9120);
#9119 = CARTESIAN_POINT('',(3.535533905933E-02,0.155137));
#9120 = VECTOR('',#9121,1.);
#9121 = DIRECTION('',(-8.659274570719E-17,-1.));
#9122 = ( GEOMETRIC_REPRESENTATION_CONTEXT(2) 
PARAMETRIC_REPRESENTATION_CONTEXT() REPRESENTATION_CONTEXT('2D SPACE',''
  ) );
#9123 = ORIENTED_EDGE('',*,*,#4432,.F.);
#9124 = ORIENTED_EDGE('',*,*,#9125,.F.);
#9125 = EDGE_CURVE('',#8964,#4405,#9126,.T.);
#9126 = SURFACE_CURVE('',#9127,(#9131,#9138),.PCURVE_S1.);
#9127 = LINE('',#9128,#9129);
#9128 = CARTESIAN_POINT('',(5.,1.,8.E-02));
#9129 = VECTOR('',#9130,1.);
#9130 = DIRECTION('',(-1.,5.243344273594E-32,2.289834988289E-16));
#9131 = PCURVE('',#4448,#9132);
#9132 = DEFINITIONAL_REPRESENTATION('',(#9133),#9137);
#9133 = LINE('',#9134,#9135);
#9134 = CARTESIAN_POINT('',(-3.495562849063E-31,6.6625));
#9135 = VECTOR('',#9136,1.);
#9136 = DIRECTION('',(2.080052407982E-46,-1.));
#9137 = ( GEOMETRIC_REPRESENTATION_CONTEXT(2) 
PARAMETRIC_REPRESENTATION_CONTEXT() REPRESENTATION_CONTEXT('2D SPACE',''
  ) );
#9138 = PCURVE('',#4420,#9139);
#9139 = DEFINITIONAL_REPRESENTATION('',(#9140),#9143);
#9140 = B_SPLINE_CURVE_WITH_KNOTS('',1,(#9141,#9142),.UNSPECIFIED.,.F.,
  .F.,(2,2),(6.675,6.825),.PIECEWISE_BEZIER_KNOTS.);
#9141 = CARTESIAN_POINT('',(-0.761614,0.));
#9142 = CARTESIAN_POINT('',(-0.761614,1.));
#9143 = ( GEOMETRIC_REPRESENTATION_CONTEXT(2) 
PARAMETRIC_REPRESENTATION_CONTEXT() REPRESENTATION_CONTEXT('2D SPACE',''
  ) );
#9144 = ORIENTED_EDGE('',*,*,#8963,.F.);
#9145 = ORIENTED_EDGE('',*,*,#9146,.T.);
#9146 = EDGE_CURVE('',#8941,#9032,#9147,.T.);
#9147 = SURFACE_CURVE('',#9148,(#9152,#9159),.PCURVE_S1.);
#9148 = LINE('',#9149,#9150);
#9149 = CARTESIAN_POINT('',(-1.6,0.694863,8.E-02));
#9150 = VECTOR('',#9151,1.);
#9151 = DIRECTION('',(-1.224606353822E-16,-1.,2.289834988289E-16));
#9152 = PCURVE('',#4448,#9153);
#9153 = DEFINITIONAL_REPRESENTATION('',(#9154),#9158);
#9154 = LINE('',#9155,#9156);
#9155 = CARTESIAN_POINT('',(0.305137,6.25E-02));
#9156 = VECTOR('',#9157,1.);
#9157 = DIRECTION('',(1.,-1.224606353822E-16));
#9158 = ( GEOMETRIC_REPRESENTATION_CONTEXT(2) 
PARAMETRIC_REPRESENTATION_CONTEXT() REPRESENTATION_CONTEXT('2D SPACE',''
  ) );
#9159 = PCURVE('',#5866,#9160);
#9160 = DEFINITIONAL_REPRESENTATION('',(#9161),#9165);
#9161 = LINE('',#9162,#9163);
#9162 = CARTESIAN_POINT('',(-3.535533905933E-02,0.155137));
#9163 = VECTOR('',#9164,1.);
#9164 = DIRECTION('',(-8.716389750491E-16,1.));
#9165 = ( GEOMETRIC_REPRESENTATION_CONTEXT(2) 
PARAMETRIC_REPRESENTATION_CONTEXT() REPRESENTATION_CONTEXT('2D SPACE',''
  ) );
#9166 = ADVANCED_FACE('',(#9167),#5866,.T.);
#9167 = FACE_BOUND('',#9168,.T.);
#9168 = EDGE_LOOP('',(#9169,#9170,#9171,#9172));
#9169 = ORIENTED_EDGE('',*,*,#9146,.F.);
#9170 = ORIENTED_EDGE('',*,*,#8940,.F.);
#9171 = ORIENTED_EDGE('',*,*,#5850,.F.);
#9172 = ORIENTED_EDGE('',*,*,#9056,.T.);
#9173 = ADVANCED_FACE('',(#9174),#4476,.T.);
#9174 = FACE_BOUND('',#9175,.T.);
#9175 = EDGE_LOOP('',(#9176,#9177,#9178,#9179));
#9176 = ORIENTED_EDGE('',*,*,#4460,.F.);
#9177 = ORIENTED_EDGE('',*,*,#9103,.F.);
#9178 = ORIENTED_EDGE('',*,*,#9078,.F.);
#9179 = ORIENTED_EDGE('',*,*,#5799,.F.);
#9180 = ADVANCED_FACE('',(#9181),#4290,.T.);
#9181 = FACE_BOUND('',#9182,.T.);
#9182 = EDGE_LOOP('',(#9183,#9184,#9207,#9235,#9263,#9284));
#9183 = ORIENTED_EDGE('',*,*,#4274,.F.);
#9184 = ORIENTED_EDGE('',*,*,#9185,.T.);
#9185 = EDGE_CURVE('',#4247,#9186,#9188,.T.);
#9186 = VERTEX_POINT('',#9187);
#9187 = CARTESIAN_POINT('',(3.,-1.,0.33));
#9188 = SURFACE_CURVE('',#9189,(#9193,#9200),.PCURVE_S1.);
#9189 = LINE('',#9190,#9191);
#9190 = CARTESIAN_POINT('',(3.,-1.,0.841614));
#9191 = VECTOR('',#9192,1.);
#9192 = DIRECTION('',(-2.289834988289E-16,-1.065228634467E-16,-1.));
#9193 = PCURVE('',#4290,#9194);
#9194 = DEFINITIONAL_REPRESENTATION('',(#9195),#9199);
#9195 = LINE('',#9196,#9197);
#9196 = CARTESIAN_POINT('',(-1.694863,-1.805416599099E-16));
#9197 = VECTOR('',#9198,1.);
#9198 = DIRECTION('',(0.,-1.));
#9199 = ( GEOMETRIC_REPRESENTATION_CONTEXT(2) 
PARAMETRIC_REPRESENTATION_CONTEXT() REPRESENTATION_CONTEXT('2D SPACE',''
  ) );
#9200 = PCURVE('',#4262,#9201);
#9201 = DEFINITIONAL_REPRESENTATION('',(#9202),#9206);
#9202 = LINE('',#9203,#9204);
#9203 = CARTESIAN_POINT('',(0.511614,0.2));
#9204 = VECTOR('',#9205,1.);
#9205 = DIRECTION('',(-1.,0.));
#9206 = ( GEOMETRIC_REPRESENTATION_CONTEXT(2) 
PARAMETRIC_REPRESENTATION_CONTEXT() REPRESENTATION_CONTEXT('2D SPACE',''
  ) );
#9207 = ORIENTED_EDGE('',*,*,#9208,.F.);
#9208 = EDGE_CURVE('',#9209,#9186,#9211,.T.);
#9209 = VERTEX_POINT('',#9210);
#9210 = CARTESIAN_POINT('',(3.,-0.8,0.18));
#9211 = SURFACE_CURVE('',#9212,(#9216,#9223),.PCURVE_S1.);
#9212 = LINE('',#9213,#9214);
#9213 = CARTESIAN_POINT('',(3.,-0.8,0.18));
#9214 = VECTOR('',#9215,1.);
#9215 = DIRECTION('',(1.373900992974E-16,-0.8,0.6));
#9216 = PCURVE('',#4290,#9217);
#9217 = DEFINITIONAL_REPRESENTATION('',(#9218),#9222);
#9218 = LINE('',#9219,#9220);
#9219 = CARTESIAN_POINT('',(-1.494863,-0.661614));
#9220 = VECTOR('',#9221,1.);
#9221 = DIRECTION('',(-0.8,0.6));
#9222 = ( GEOMETRIC_REPRESENTATION_CONTEXT(2) 
PARAMETRIC_REPRESENTATION_CONTEXT() REPRESENTATION_CONTEXT('2D SPACE',''
  ) );
#9223 = PCURVE('',#9224,#9229);
#9224 = PLANE('',#9225);
#9225 = AXIS2_PLACEMENT_3D('',#9226,#9227,#9228);
#9226 = CARTESIAN_POINT('',(2.8,-0.8,0.18));
#9227 = DIRECTION('',(1.831867990632E-16,0.6,0.8));
#9228 = DIRECTION('',(1.373900992974E-16,-0.8,0.6));
#9229 = DEFINITIONAL_REPRESENTATION('',(#9230),#9234);
#9230 = LINE('',#9231,#9232);
#9231 = CARTESIAN_POINT('',(1.08246744901E-17,0.2));
#9232 = VECTOR('',#9233,1.);
#9233 = DIRECTION('',(1.,0.));
#9234 = ( GEOMETRIC_REPRESENTATION_CONTEXT(2) 
PARAMETRIC_REPRESENTATION_CONTEXT() REPRESENTATION_CONTEXT('2D SPACE',''
  ) );
#9235 = ORIENTED_EDGE('',*,*,#9236,.F.);
#9236 = EDGE_CURVE('',#9237,#9209,#9239,.T.);
#9237 = VERTEX_POINT('',#9238);
#9238 = CARTESIAN_POINT('',(3.,-0.8,8.E-02));
#9239 = SURFACE_CURVE('',#9240,(#9244,#9251),.PCURVE_S1.);
#9240 = LINE('',#9241,#9242);
#9241 = CARTESIAN_POINT('',(3.,-0.8,1.258386));
#9242 = VECTOR('',#9243,1.);
#9243 = DIRECTION('',(2.289834988289E-16,1.065228634467E-16,1.));
#9244 = PCURVE('',#4290,#9245);
#9245 = DEFINITIONAL_REPRESENTATION('',(#9246),#9250);
#9246 = LINE('',#9247,#9248);
#9247 = CARTESIAN_POINT('',(-1.494863,0.416772));
#9248 = VECTOR('',#9249,1.);
#9249 = DIRECTION('',(0.,1.));
#9250 = ( GEOMETRIC_REPRESENTATION_CONTEXT(2) 
PARAMETRIC_REPRESENTATION_CONTEXT() REPRESENTATION_CONTEXT('2D SPACE',''
  ) );
#9251 = PCURVE('',#9252,#9257);
#9252 = PLANE('',#9253);
#9253 = AXIS2_PLACEMENT_3D('',#9254,#9255,#9256);
#9254 = CARTESIAN_POINT('',(2.43367832869,-0.8,0.556369515365));
#9255 = DIRECTION('',(2.804146475864E-32,1.,-1.065228634467E-16));
#9256 = DIRECTION('',(-2.289834988289E-16,-1.065228634467E-16,-1.));
#9257 = DEFINITIONAL_REPRESENTATION('',(#9258),#9262);
#9258 = LINE('',#9259,#9260);
#9259 = CARTESIAN_POINT('',(-0.702016484635,-0.56632167131));
#9260 = VECTOR('',#9261,1.);
#9261 = DIRECTION('',(-1.,0.));
#9262 = ( GEOMETRIC_REPRESENTATION_CONTEXT(2) 
PARAMETRIC_REPRESENTATION_CONTEXT() REPRESENTATION_CONTEXT('2D SPACE',''
  ) );
#9263 = ORIENTED_EDGE('',*,*,#9264,.T.);
#9264 = EDGE_CURVE('',#9237,#6596,#9265,.T.);
#9265 = SURFACE_CURVE('',#9266,(#9270,#9277),.PCURVE_S1.);
#9266 = LINE('',#9267,#9268);
#9267 = CARTESIAN_POINT('',(3.,1.744235,8.E-02));
#9268 = VECTOR('',#9269,1.);
#9269 = DIRECTION('',(2.804146475864E-32,1.,-1.065228634467E-16));
#9270 = PCURVE('',#4290,#9271);
#9271 = DEFINITIONAL_REPRESENTATION('',(#9272),#9276);
#9272 = LINE('',#9273,#9274);
#9273 = CARTESIAN_POINT('',(1.049372,-0.761614));
#9274 = VECTOR('',#9275,1.);
#9275 = DIRECTION('',(1.,0.));
#9276 = ( GEOMETRIC_REPRESENTATION_CONTEXT(2) 
PARAMETRIC_REPRESENTATION_CONTEXT() REPRESENTATION_CONTEXT('2D SPACE',''
  ) );
#9277 = PCURVE('',#6634,#9278);
#9278 = DEFINITIONAL_REPRESENTATION('',(#9279),#9283);
#9279 = LINE('',#9280,#9281);
#9280 = CARTESIAN_POINT('',(-0.744235,-1.995609680515E-32));
#9281 = VECTOR('',#9282,1.);
#9282 = DIRECTION('',(-1.,2.736911063134E-48));
#9283 = ( GEOMETRIC_REPRESENTATION_CONTEXT(2) 
PARAMETRIC_REPRESENTATION_CONTEXT() REPRESENTATION_CONTEXT('2D SPACE',''
  ) );
#9284 = ORIENTED_EDGE('',*,*,#6595,.F.);
#9285 = ADVANCED_FACE('',(#9286),#6634,.F.);
#9286 = FACE_BOUND('',#9287,.T.);
#9287 = EDGE_LOOP('',(#9288,#9311,#9332,#9333));
#9288 = ORIENTED_EDGE('',*,*,#9289,.F.);
#9289 = EDGE_CURVE('',#9290,#9237,#9292,.T.);
#9290 = VERTEX_POINT('',#9291);
#9291 = CARTESIAN_POINT('',(2.4525,-0.8,8.E-02));
#9292 = SURFACE_CURVE('',#9293,(#9297,#9304),.PCURVE_S1.);
#9293 = LINE('',#9294,#9295);
#9294 = CARTESIAN_POINT('',(2.6025,-0.8,8.E-02));
#9295 = VECTOR('',#9296,1.);
#9296 = DIRECTION('',(1.,-5.243344273594E-32,-2.289834988289E-16));
#9297 = PCURVE('',#6634,#9298);
#9298 = DEFINITIONAL_REPRESENTATION('',(#9299),#9303);
#9299 = LINE('',#9300,#9301);
#9300 = CARTESIAN_POINT('',(1.8,-0.3975));
#9301 = VECTOR('',#9302,1.);
#9302 = DIRECTION('',(-9.031806508344E-47,1.));
#9303 = ( GEOMETRIC_REPRESENTATION_CONTEXT(2) 
PARAMETRIC_REPRESENTATION_CONTEXT() REPRESENTATION_CONTEXT('2D SPACE',''
  ) );
#9304 = PCURVE('',#9252,#9305);
#9305 = DEFINITIONAL_REPRESENTATION('',(#9306),#9310);
#9306 = LINE('',#9307,#9308);
#9307 = CARTESIAN_POINT('',(0.476369515365,-0.16882167131));
#9308 = VECTOR('',#9309,1.);
#9309 = DIRECTION('',(0.,-1.));
#9310 = ( GEOMETRIC_REPRESENTATION_CONTEXT(2) 
PARAMETRIC_REPRESENTATION_CONTEXT() REPRESENTATION_CONTEXT('2D SPACE',''
  ) );
#9311 = ORIENTED_EDGE('',*,*,#9312,.T.);
#9312 = EDGE_CURVE('',#9290,#6619,#9313,.T.);
#9313 = SURFACE_CURVE('',#9314,(#9318,#9325),.PCURVE_S1.);
#9314 = LINE('',#9315,#9316);
#9315 = CARTESIAN_POINT('',(2.4525,-1.9,8.E-02));
#9316 = VECTOR('',#9317,1.);
#9317 = DIRECTION('',(2.804146475864E-32,1.,-1.065228634467E-16));
#9318 = PCURVE('',#6634,#9319);
#9319 = DEFINITIONAL_REPRESENTATION('',(#9320),#9324);
#9320 = LINE('',#9321,#9322);
#9321 = CARTESIAN_POINT('',(2.9,-0.5475));
#9322 = VECTOR('',#9323,1.);
#9323 = DIRECTION('',(-1.,2.736911063134E-48));
#9324 = ( GEOMETRIC_REPRESENTATION_CONTEXT(2) 
PARAMETRIC_REPRESENTATION_CONTEXT() REPRESENTATION_CONTEXT('2D SPACE',''
  ) );
#9325 = PCURVE('',#5742,#9326);
#9326 = DEFINITIONAL_REPRESENTATION('',(#9327),#9331);
#9327 = LINE('',#9328,#9329);
#9328 = CARTESIAN_POINT('',(-5.E-02,-5.326143172335E-18));
#9329 = VECTOR('',#9330,1.);
#9330 = DIRECTION('',(0.,1.));
#9331 = ( GEOMETRIC_REPRESENTATION_CONTEXT(2) 
PARAMETRIC_REPRESENTATION_CONTEXT() REPRESENTATION_CONTEXT('2D SPACE',''
  ) );
#9332 = ORIENTED_EDGE('',*,*,#6618,.T.);
#9333 = ORIENTED_EDGE('',*,*,#9264,.F.);
#9334 = ADVANCED_FACE('',(#9335),#5742,.T.);
#9335 = FACE_BOUND('',#9336,.T.);
#9336 = EDGE_LOOP('',(#9337,#9338,#9339,#9340,#9341,#9364));
#9337 = ORIENTED_EDGE('',*,*,#6339,.F.);
#9338 = ORIENTED_EDGE('',*,*,#5726,.F.);
#9339 = ORIENTED_EDGE('',*,*,#6646,.F.);
#9340 = ORIENTED_EDGE('',*,*,#9312,.F.);
#9341 = ORIENTED_EDGE('',*,*,#9342,.T.);
#9342 = EDGE_CURVE('',#9290,#9343,#9345,.T.);
#9343 = VERTEX_POINT('',#9344);
#9344 = CARTESIAN_POINT('',(2.4525,-0.8,0.13));
#9345 = SURFACE_CURVE('',#9346,(#9350,#9357),.PCURVE_S1.);
#9346 = LINE('',#9347,#9348);
#9347 = CARTESIAN_POINT('',(2.4525,-0.8,0.402847335292));
#9348 = VECTOR('',#9349,1.);
#9349 = DIRECTION('',(2.289834988289E-16,1.065228634467E-16,1.));
#9350 = PCURVE('',#5742,#9351);
#9351 = DEFINITIONAL_REPRESENTATION('',(#9352),#9356);
#9352 = LINE('',#9353,#9354);
#9353 = CARTESIAN_POINT('',(-0.372847335292,1.1));
#9354 = VECTOR('',#9355,1.);
#9355 = DIRECTION('',(-1.,0.));
#9356 = ( GEOMETRIC_REPRESENTATION_CONTEXT(2) 
PARAMETRIC_REPRESENTATION_CONTEXT() REPRESENTATION_CONTEXT('2D SPACE',''
  ) );
#9357 = PCURVE('',#9252,#9358);
#9358 = DEFINITIONAL_REPRESENTATION('',(#9359),#9363);
#9359 = LINE('',#9360,#9361);
#9360 = CARTESIAN_POINT('',(0.153522180073,-1.882167131029E-02));
#9361 = VECTOR('',#9362,1.);
#9362 = DIRECTION('',(-1.,0.));
#9363 = ( GEOMETRIC_REPRESENTATION_CONTEXT(2) 
PARAMETRIC_REPRESENTATION_CONTEXT() REPRESENTATION_CONTEXT('2D SPACE',''
  ) );
#9364 = ORIENTED_EDGE('',*,*,#9365,.F.);
#9365 = EDGE_CURVE('',#6340,#9343,#9366,.T.);
#9366 = SURFACE_CURVE('',#9367,(#9371,#9378),.PCURVE_S1.);
#9367 = LINE('',#9368,#9369);
#9368 = CARTESIAN_POINT('',(2.4525,7.493623042064E-02,0.13));
#9369 = VECTOR('',#9370,1.);
#9370 = DIRECTION('',(2.804146475864E-32,1.,-1.065228634467E-16));
#9371 = PCURVE('',#5742,#9372);
#9372 = DEFINITIONAL_REPRESENTATION('',(#9373),#9377);
#9373 = LINE('',#9374,#9375);
#9374 = CARTESIAN_POINT('',(-1.E-01,1.974936230421));
#9375 = VECTOR('',#9376,1.);
#9376 = DIRECTION('',(0.,1.));
#9377 = ( GEOMETRIC_REPRESENTATION_CONTEXT(2) 
PARAMETRIC_REPRESENTATION_CONTEXT() REPRESENTATION_CONTEXT('2D SPACE',''
  ) );
#9378 = PCURVE('',#9379,#9384);
#9379 = PLANE('',#9380);
#9380 = AXIS2_PLACEMENT_3D('',#9381,#9382,#9383);
#9381 = CARTESIAN_POINT('',(2.4775,-1.35,0.155));
#9382 = DIRECTION('',(0.707106781187,-7.532303909457E-17,-0.707106781187
    ));
#9383 = DIRECTION('',(-0.707106781187,-7.532303909457E-17,
    -0.707106781187));
#9384 = DEFINITIONAL_REPRESENTATION('',(#9385),#9389);
#9385 = LINE('',#9386,#9387);
#9386 = CARTESIAN_POINT('',(3.535533905933E-02,1.424936230421));
#9387 = VECTOR('',#9388,1.);
#9388 = DIRECTION('',(1.109335647967E-31,1.));
#9389 = ( GEOMETRIC_REPRESENTATION_CONTEXT(2) 
PARAMETRIC_REPRESENTATION_CONTEXT() REPRESENTATION_CONTEXT('2D SPACE',''
  ) );
#9390 = ADVANCED_FACE('',(#9391),#9379,.T.);
#9391 = FACE_BOUND('',#9392,.T.);
#9392 = EDGE_LOOP('',(#9393,#9416,#9417,#9440));
#9393 = ORIENTED_EDGE('',*,*,#9394,.F.);
#9394 = EDGE_CURVE('',#6340,#9395,#9397,.T.);
#9395 = VERTEX_POINT('',#9396);
#9396 = CARTESIAN_POINT('',(2.5025,-1.85,0.18));
#9397 = SURFACE_CURVE('',#9398,(#9402,#9409),.PCURVE_S1.);
#9398 = LINE('',#9399,#9400);
#9399 = CARTESIAN_POINT('',(5.047363,0.694863,2.724863));
#9400 = VECTOR('',#9401,1.);
#9401 = DIRECTION('',(0.57735026919,0.57735026919,0.57735026919));
#9402 = PCURVE('',#9379,#9403);
#9403 = DEFINITIONAL_REPRESENTATION('',(#9404),#9408);
#9404 = LINE('',#9405,#9406);
#9405 = CARTESIAN_POINT('',(-3.634335108041,2.044863));
#9406 = VECTOR('',#9407,1.);
#9407 = DIRECTION('',(-0.816496580928,0.57735026919));
#9408 = ( GEOMETRIC_REPRESENTATION_CONTEXT(2) 
PARAMETRIC_REPRESENTATION_CONTEXT() REPRESENTATION_CONTEXT('2D SPACE',''
  ) );
#9409 = PCURVE('',#4206,#9410);
#9410 = DEFINITIONAL_REPRESENTATION('',(#9411),#9415);
#9411 = LINE('',#9412,#9413);
#9412 = CARTESIAN_POINT('',(3.563624429922,2.109863));
#9413 = VECTOR('',#9414,1.);
#9414 = DIRECTION('',(0.816496580928,0.57735026919));
#9415 = ( GEOMETRIC_REPRESENTATION_CONTEXT(2) 
PARAMETRIC_REPRESENTATION_CONTEXT() REPRESENTATION_CONTEXT('2D SPACE',''
  ) );
#9416 = ORIENTED_EDGE('',*,*,#9365,.T.);
#9417 = ORIENTED_EDGE('',*,*,#9418,.F.);
#9418 = EDGE_CURVE('',#9419,#9343,#9421,.T.);
#9419 = VERTEX_POINT('',#9420);
#9420 = CARTESIAN_POINT('',(2.5025,-0.8,0.18));
#9421 = SURFACE_CURVE('',#9422,(#9426,#9433),.PCURVE_S1.);
#9422 = LINE('',#9423,#9424);
#9423 = CARTESIAN_POINT('',(2.6025,-0.8,0.28));
#9424 = VECTOR('',#9425,1.);
#9425 = DIRECTION('',(-0.707106781187,-7.532303909457E-17,
    -0.707106781187));
#9426 = PCURVE('',#9379,#9427);
#9427 = DEFINITIONAL_REPRESENTATION('',(#9428),#9432);
#9428 = LINE('',#9429,#9430);
#9429 = CARTESIAN_POINT('',(-0.176776695297,0.55));
#9430 = VECTOR('',#9431,1.);
#9431 = DIRECTION('',(1.,0.));
#9432 = ( GEOMETRIC_REPRESENTATION_CONTEXT(2) 
PARAMETRIC_REPRESENTATION_CONTEXT() REPRESENTATION_CONTEXT('2D SPACE',''
  ) );
#9433 = PCURVE('',#9252,#9434);
#9434 = DEFINITIONAL_REPRESENTATION('',(#9435),#9439);
#9435 = LINE('',#9436,#9437);
#9436 = CARTESIAN_POINT('',(0.276369515365,-0.16882167131));
#9437 = VECTOR('',#9438,1.);
#9438 = DIRECTION('',(0.707106781187,0.707106781187));
#9439 = ( GEOMETRIC_REPRESENTATION_CONTEXT(2) 
PARAMETRIC_REPRESENTATION_CONTEXT() REPRESENTATION_CONTEXT('2D SPACE',''
  ) );
#9440 = ORIENTED_EDGE('',*,*,#9441,.T.);
#9441 = EDGE_CURVE('',#9419,#9395,#9442,.T.);
#9442 = SURFACE_CURVE('',#9443,(#9447,#9454),.PCURVE_S1.);
#9443 = LINE('',#9444,#9445);
#9444 = CARTESIAN_POINT('',(2.5025,7.493623042064E-02,0.18));
#9445 = VECTOR('',#9446,1.);
#9446 = DIRECTION('',(-2.804146475864E-32,-1.,1.065228634467E-16));
#9447 = PCURVE('',#9379,#9448);
#9448 = DEFINITIONAL_REPRESENTATION('',(#9449),#9453);
#9449 = LINE('',#9450,#9451);
#9450 = CARTESIAN_POINT('',(-3.535533905933E-02,1.424936230421));
#9451 = VECTOR('',#9452,1.);
#9452 = DIRECTION('',(-1.109335647967E-31,-1.));
#9453 = ( GEOMETRIC_REPRESENTATION_CONTEXT(2) 
PARAMETRIC_REPRESENTATION_CONTEXT() REPRESENTATION_CONTEXT('2D SPACE',''
  ) );
#9454 = PCURVE('',#9455,#9460);
#9455 = PLANE('',#9456);
#9456 = AXIS2_PLACEMENT_3D('',#9457,#9458,#9459);
#9457 = CARTESIAN_POINT('',(2.4525,-1.9,0.18));
#9458 = DIRECTION('',(-2.289834988289E-16,-1.065228634467E-16,-1.));
#9459 = DIRECTION('',(-1.,5.243344273594E-32,2.289834988289E-16));
#9460 = DEFINITIONAL_REPRESENTATION('',(#9461),#9465);
#9461 = LINE('',#9462,#9463);
#9462 = CARTESIAN_POINT('',(-5.E-02,1.974936230421));
#9463 = VECTOR('',#9464,1.);
#9464 = DIRECTION('',(9.031806508344E-47,-1.));
#9465 = ( GEOMETRIC_REPRESENTATION_CONTEXT(2) 
PARAMETRIC_REPRESENTATION_CONTEXT() REPRESENTATION_CONTEXT('2D SPACE',''
  ) );
#9466 = ADVANCED_FACE('',(#9467),#9224,.F.);
#9467 = FACE_BOUND('',#9468,.T.);
#9468 = EDGE_LOOP('',(#9469,#9470,#9493,#9516));
#9469 = ORIENTED_EDGE('',*,*,#9208,.T.);
#9470 = ORIENTED_EDGE('',*,*,#9471,.T.);
#9471 = EDGE_CURVE('',#9186,#9472,#9474,.T.);
#9472 = VERTEX_POINT('',#9473);
#9473 = CARTESIAN_POINT('',(2.6025,-1.,0.33));
#9474 = SURFACE_CURVE('',#9475,(#9479,#9486),.PCURVE_S1.);
#9475 = LINE('',#9476,#9477);
#9476 = CARTESIAN_POINT('',(3.5,-1.,0.33));
#9477 = VECTOR('',#9478,1.);
#9478 = DIRECTION('',(-1.,5.243344273594E-32,2.289834988289E-16));
#9479 = PCURVE('',#9224,#9480);
#9480 = DEFINITIONAL_REPRESENTATION('',(#9481),#9485);
#9481 = LINE('',#9482,#9483);
#9482 = CARTESIAN_POINT('',(0.25,0.7));
#9483 = VECTOR('',#9484,1.);
#9484 = DIRECTION('',(3.451266460342E-31,-1.));
#9485 = ( GEOMETRIC_REPRESENTATION_CONTEXT(2) 
PARAMETRIC_REPRESENTATION_CONTEXT() REPRESENTATION_CONTEXT('2D SPACE',''
  ) );
#9486 = PCURVE('',#4262,#9487);
#9487 = DEFINITIONAL_REPRESENTATION('',(#9488),#9492);
#9488 = LINE('',#9489,#9490);
#9489 = CARTESIAN_POINT('',(1.602884491803E-16,0.7));
#9490 = VECTOR('',#9491,1.);
#9491 = DIRECTION('',(0.,-1.));
#9492 = ( GEOMETRIC_REPRESENTATION_CONTEXT(2) 
PARAMETRIC_REPRESENTATION_CONTEXT() REPRESENTATION_CONTEXT('2D SPACE',''
  ) );
#9493 = ORIENTED_EDGE('',*,*,#9494,.F.);
#9494 = EDGE_CURVE('',#9495,#9472,#9497,.T.);
#9495 = VERTEX_POINT('',#9496);
#9496 = CARTESIAN_POINT('',(2.6025,-0.8,0.18));
#9497 = SURFACE_CURVE('',#9498,(#9502,#9509),.PCURVE_S1.);
#9498 = LINE('',#9499,#9500);
#9499 = CARTESIAN_POINT('',(2.6025,0.694863,-0.94114725));
#9500 = VECTOR('',#9501,1.);
#9501 = DIRECTION('',(1.373900992974E-16,-0.8,0.6));
#9502 = PCURVE('',#9224,#9503);
#9503 = DEFINITIONAL_REPRESENTATION('',(#9504),#9508);
#9504 = LINE('',#9505,#9506);
#9505 = CARTESIAN_POINT('',(-1.86857875,-0.1975));
#9506 = VECTOR('',#9507,1.);
#9507 = DIRECTION('',(1.,0.));
#9508 = ( GEOMETRIC_REPRESENTATION_CONTEXT(2) 
PARAMETRIC_REPRESENTATION_CONTEXT() REPRESENTATION_CONTEXT('2D SPACE',''
  ) );
#9509 = PCURVE('',#4234,#9510);
#9510 = DEFINITIONAL_REPRESENTATION('',(#9511),#9515);
#9511 = LINE('',#9512,#9513);
#9512 = CARTESIAN_POINT('',(0.619926769579,-1.343994585292));
#9513 = VECTOR('',#9514,1.);
#9514 = DIRECTION('',(-0.8,0.6));
#9515 = ( GEOMETRIC_REPRESENTATION_CONTEXT(2) 
PARAMETRIC_REPRESENTATION_CONTEXT() REPRESENTATION_CONTEXT('2D SPACE',''
  ) );
#9516 = ORIENTED_EDGE('',*,*,#9517,.F.);
#9517 = EDGE_CURVE('',#9209,#9495,#9518,.T.);
#9518 = SURFACE_CURVE('',#9519,(#9523,#9530),.PCURVE_S1.);
#9519 = LINE('',#9520,#9521);
#9520 = CARTESIAN_POINT('',(3.,-0.8,0.18));
#9521 = VECTOR('',#9522,1.);
#9522 = DIRECTION('',(-1.,5.243344273594E-32,2.289834988289E-16));
#9523 = PCURVE('',#9224,#9524);
#9524 = DEFINITIONAL_REPRESENTATION('',(#9525),#9529);
#9525 = LINE('',#9526,#9527);
#9526 = CARTESIAN_POINT('',(1.08246744901E-17,0.2));
#9527 = VECTOR('',#9528,1.);
#9528 = DIRECTION('',(3.451266460342E-31,-1.));
#9529 = ( GEOMETRIC_REPRESENTATION_CONTEXT(2) 
PARAMETRIC_REPRESENTATION_CONTEXT() REPRESENTATION_CONTEXT('2D SPACE',''
  ) );
#9530 = PCURVE('',#9252,#9531);
#9531 = DEFINITIONAL_REPRESENTATION('',(#9532),#9536);
#9532 = LINE('',#9533,#9534);
#9533 = CARTESIAN_POINT('',(0.376369515365,-0.56632167131));
#9534 = VECTOR('',#9535,1.);
#9535 = DIRECTION('',(0.,1.));
#9536 = ( GEOMETRIC_REPRESENTATION_CONTEXT(2) 
PARAMETRIC_REPRESENTATION_CONTEXT() REPRESENTATION_CONTEXT('2D SPACE',''
  ) );
#9537 = ADVANCED_FACE('',(#9538),#9252,.F.);
#9538 = FACE_BOUND('',#9539,.T.);
#9539 = EDGE_LOOP('',(#9540,#9541,#9542,#9543,#9544,#9545));
#9540 = ORIENTED_EDGE('',*,*,#9418,.T.);
#9541 = ORIENTED_EDGE('',*,*,#9342,.F.);
#9542 = ORIENTED_EDGE('',*,*,#9289,.T.);
#9543 = ORIENTED_EDGE('',*,*,#9236,.T.);
#9544 = ORIENTED_EDGE('',*,*,#9517,.T.);
#9545 = ORIENTED_EDGE('',*,*,#9546,.F.);
#9546 = EDGE_CURVE('',#9419,#9495,#9547,.T.);
#9547 = SURFACE_CURVE('',#9548,(#9552,#9559),.PCURVE_S1.);
#9548 = LINE('',#9549,#9550);
#9549 = CARTESIAN_POINT('',(2.6025,-0.8,0.18));
#9550 = VECTOR('',#9551,1.);
#9551 = DIRECTION('',(1.,-5.243344273594E-32,-2.289834988289E-16));
#9552 = PCURVE('',#9252,#9553);
#9553 = DEFINITIONAL_REPRESENTATION('',(#9554),#9558);
#9554 = LINE('',#9555,#9556);
#9555 = CARTESIAN_POINT('',(0.376369515365,-0.16882167131));
#9556 = VECTOR('',#9557,1.);
#9557 = DIRECTION('',(0.,-1.));
#9558 = ( GEOMETRIC_REPRESENTATION_CONTEXT(2) 
PARAMETRIC_REPRESENTATION_CONTEXT() REPRESENTATION_CONTEXT('2D SPACE',''
  ) );
#9559 = PCURVE('',#9455,#9560);
#9560 = DEFINITIONAL_REPRESENTATION('',(#9561),#9565);
#9561 = LINE('',#9562,#9563);
#9562 = CARTESIAN_POINT('',(-0.15,1.1));
#9563 = VECTOR('',#9564,1.);
#9564 = DIRECTION('',(-1.,2.736911063134E-48));
#9565 = ( GEOMETRIC_REPRESENTATION_CONTEXT(2) 
PARAMETRIC_REPRESENTATION_CONTEXT() REPRESENTATION_CONTEXT('2D SPACE',''
  ) );
#9566 = ADVANCED_FACE('',(#9567,#9664),#4262,.F.);
#9567 = FACE_BOUND('',#9568,.T.);
#9568 = EDGE_LOOP('',(#9569,#9598,#9621,#9643));
#9569 = ORIENTED_EDGE('',*,*,#9570,.F.);
#9570 = EDGE_CURVE('',#9571,#9573,#9575,.T.);
#9571 = VERTEX_POINT('',#9572);
#9572 = CARTESIAN_POINT('',(2.765,-1.,0.82));
#9573 = VERTEX_POINT('',#9574);
#9574 = CARTESIAN_POINT('',(2.615,-1.,0.82));
#9575 = SURFACE_CURVE('',#9576,(#9580,#9587),.PCURVE_S1.);
#9576 = LINE('',#9577,#9578);
#9577 = CARTESIAN_POINT('',(3.5,-1.,0.82));
#9578 = VECTOR('',#9579,1.);
#9579 = DIRECTION('',(-1.,5.243344273594E-32,2.289834988289E-16));
#9580 = PCURVE('',#4262,#9581);
#9581 = DEFINITIONAL_REPRESENTATION('',(#9582),#9586);
#9582 = LINE('',#9583,#9584);
#9583 = CARTESIAN_POINT('',(0.49,0.7));
#9584 = VECTOR('',#9585,1.);
#9585 = DIRECTION('',(0.,-1.));
#9586 = ( GEOMETRIC_REPRESENTATION_CONTEXT(2) 
PARAMETRIC_REPRESENTATION_CONTEXT() REPRESENTATION_CONTEXT('2D SPACE',''
  ) );
#9587 = PCURVE('',#9588,#9593);
#9588 = B_SPLINE_SURFACE_WITH_KNOTS('',1,1,(
    (#9589,#9590)
    ,(#9591,#9592
    )),.UNSPECIFIED.,.F.,.F.,.F.,(2,2),(2,2),(-0.331614,-2.1614E-02),(0.
    ,1.),.PIECEWISE_BEZIER_KNOTS.);
#9589 = CARTESIAN_POINT('',(2.615,-1.,0.51));
#9590 = CARTESIAN_POINT('',(2.765,-1.,0.51));
#9591 = CARTESIAN_POINT('',(2.615,-1.,0.82));
#9592 = CARTESIAN_POINT('',(2.765,-1.,0.82));
#9593 = DEFINITIONAL_REPRESENTATION('',(#9594),#9597);
#9594 = B_SPLINE_CURVE_WITH_KNOTS('',1,(#9595,#9596),.UNSPECIFIED.,.F.,
  .F.,(2,2),(0.735,0.885),.PIECEWISE_BEZIER_KNOTS.);
#9595 = CARTESIAN_POINT('',(-2.1614E-02,1.));
#9596 = CARTESIAN_POINT('',(-2.1614E-02,0.));
#9597 = ( GEOMETRIC_REPRESENTATION_CONTEXT(2) 
PARAMETRIC_REPRESENTATION_CONTEXT() REPRESENTATION_CONTEXT('2D SPACE',''
  ) );
#9598 = ORIENTED_EDGE('',*,*,#9599,.T.);
#9599 = EDGE_CURVE('',#9571,#9600,#9602,.T.);
#9600 = VERTEX_POINT('',#9601);
#9601 = CARTESIAN_POINT('',(2.765,-1.,0.51));
#9602 = SURFACE_CURVE('',#9603,(#9607,#9614),.PCURVE_S1.);
#9603 = LINE('',#9604,#9605);
#9604 = CARTESIAN_POINT('',(2.765,-1.,0.841614));
#9605 = VECTOR('',#9606,1.);
#9606 = DIRECTION('',(-2.289834988289E-16,-1.065228634467E-16,-1.));
#9607 = PCURVE('',#4262,#9608);
#9608 = DEFINITIONAL_REPRESENTATION('',(#9609),#9613);
#9609 = LINE('',#9610,#9611);
#9610 = CARTESIAN_POINT('',(0.511614,-3.5E-02));
#9611 = VECTOR('',#9612,1.);
#9612 = DIRECTION('',(-1.,0.));
#9613 = ( GEOMETRIC_REPRESENTATION_CONTEXT(2) 
PARAMETRIC_REPRESENTATION_CONTEXT() REPRESENTATION_CONTEXT('2D SPACE',''
  ) );
#9614 = PCURVE('',#9588,#9615);
#9615 = DEFINITIONAL_REPRESENTATION('',(#9616),#9620);
#9616 = LINE('',#9617,#9618);
#9617 = CARTESIAN_POINT('',(0.,1.));
#9618 = VECTOR('',#9619,1.);
#9619 = DIRECTION('',(-1.,0.));
#9620 = ( GEOMETRIC_REPRESENTATION_CONTEXT(2) 
PARAMETRIC_REPRESENTATION_CONTEXT() REPRESENTATION_CONTEXT('2D SPACE',''
  ) );
#9621 = ORIENTED_EDGE('',*,*,#9622,.F.);
#9622 = EDGE_CURVE('',#9623,#9600,#9625,.T.);
#9623 = VERTEX_POINT('',#9624);
#9624 = CARTESIAN_POINT('',(2.615,-1.,0.51));
#9625 = SURFACE_CURVE('',#9626,(#9630,#9637),.PCURVE_S1.);
#9626 = LINE('',#9627,#9628);
#9627 = CARTESIAN_POINT('',(3.5,-1.,0.51));
#9628 = VECTOR('',#9629,1.);
#9629 = DIRECTION('',(1.,-5.243344273594E-32,-2.289834988289E-16));
#9630 = PCURVE('',#4262,#9631);
#9631 = DEFINITIONAL_REPRESENTATION('',(#9632),#9636);
#9632 = LINE('',#9633,#9634);
#9633 = CARTESIAN_POINT('',(0.18,0.7));
#9634 = VECTOR('',#9635,1.);
#9635 = DIRECTION('',(0.,1.));
#9636 = ( GEOMETRIC_REPRESENTATION_CONTEXT(2) 
PARAMETRIC_REPRESENTATION_CONTEXT() REPRESENTATION_CONTEXT('2D SPACE',''
  ) );
#9637 = PCURVE('',#9588,#9638);
#9638 = DEFINITIONAL_REPRESENTATION('',(#9639),#9642);
#9639 = B_SPLINE_CURVE_WITH_KNOTS('',1,(#9640,#9641),.UNSPECIFIED.,.F.,
  .F.,(2,2),(-0.885,-0.735),.PIECEWISE_BEZIER_KNOTS.);
#9640 = CARTESIAN_POINT('',(-0.331614,0.));
#9641 = CARTESIAN_POINT('',(-0.331614,1.));
#9642 = ( GEOMETRIC_REPRESENTATION_CONTEXT(2) 
PARAMETRIC_REPRESENTATION_CONTEXT() REPRESENTATION_CONTEXT('2D SPACE',''
  ) );
#9643 = ORIENTED_EDGE('',*,*,#9644,.F.);
#9644 = EDGE_CURVE('',#9573,#9623,#9645,.T.);
#9645 = SURFACE_CURVE('',#9646,(#9650,#9657),.PCURVE_S1.);
#9646 = LINE('',#9647,#9648);
#9647 = CARTESIAN_POINT('',(2.615,-1.,0.841614));
#9648 = VECTOR('',#9649,1.);
#9649 = DIRECTION('',(-2.289834988289E-16,-1.065228634467E-16,-1.));
#9650 = PCURVE('',#4262,#9651);
#9651 = DEFINITIONAL_REPRESENTATION('',(#9652),#9656);
#9652 = LINE('',#9653,#9654);
#9653 = CARTESIAN_POINT('',(0.511614,-0.185));
#9654 = VECTOR('',#9655,1.);
#9655 = DIRECTION('',(-1.,0.));
#9656 = ( GEOMETRIC_REPRESENTATION_CONTEXT(2) 
PARAMETRIC_REPRESENTATION_CONTEXT() REPRESENTATION_CONTEXT('2D SPACE',''
  ) );
#9657 = PCURVE('',#9588,#9658);
#9658 = DEFINITIONAL_REPRESENTATION('',(#9659),#9663);
#9659 = LINE('',#9660,#9661);
#9660 = CARTESIAN_POINT('',(0.,0.));
#9661 = VECTOR('',#9662,1.);
#9662 = DIRECTION('',(-1.,0.));
#9663 = ( GEOMETRIC_REPRESENTATION_CONTEXT(2) 
PARAMETRIC_REPRESENTATION_CONTEXT() REPRESENTATION_CONTEXT('2D SPACE',''
  ) );
#9664 = FACE_BOUND('',#9665,.T.);
#9665 = EDGE_LOOP('',(#9666,#9687,#9688,#9689));
#9666 = ORIENTED_EDGE('',*,*,#9667,.T.);
#9667 = EDGE_CURVE('',#4219,#9472,#9668,.T.);
#9668 = SURFACE_CURVE('',#9669,(#9673,#9680),.PCURVE_S1.);
#9669 = LINE('',#9670,#9671);
#9670 = CARTESIAN_POINT('',(2.6025,-1.,0.841614));
#9671 = VECTOR('',#9672,1.);
#9672 = DIRECTION('',(-2.289834988289E-16,-1.065228634467E-16,-1.));
#9673 = PCURVE('',#4262,#9674);
#9674 = DEFINITIONAL_REPRESENTATION('',(#9675),#9679);
#9675 = LINE('',#9676,#9677);
#9676 = CARTESIAN_POINT('',(0.511614,-0.1975));
#9677 = VECTOR('',#9678,1.);
#9678 = DIRECTION('',(-1.,0.));
#9679 = ( GEOMETRIC_REPRESENTATION_CONTEXT(2) 
PARAMETRIC_REPRESENTATION_CONTEXT() REPRESENTATION_CONTEXT('2D SPACE',''
  ) );
#9680 = PCURVE('',#4234,#9681);
#9681 = DEFINITIONAL_REPRESENTATION('',(#9682),#9686);
#9682 = LINE('',#9683,#9684);
#9683 = CARTESIAN_POINT('',(-1.074936230421,0.438766664708));
#9684 = VECTOR('',#9685,1.);
#9685 = DIRECTION('',(0.,-1.));
#9686 = ( GEOMETRIC_REPRESENTATION_CONTEXT(2) 
PARAMETRIC_REPRESENTATION_CONTEXT() REPRESENTATION_CONTEXT('2D SPACE',''
  ) );
#9687 = ORIENTED_EDGE('',*,*,#9471,.F.);
#9688 = ORIENTED_EDGE('',*,*,#9185,.F.);
#9689 = ORIENTED_EDGE('',*,*,#4246,.T.);
#9690 = ADVANCED_FACE('',(#9691),#4206,.T.);
#9691 = FACE_BOUND('',#9692,.T.);
#9692 = EDGE_LOOP('',(#9693,#9694,#9695,#9718,#9739));
#9693 = ORIENTED_EDGE('',*,*,#6362,.F.);
#9694 = ORIENTED_EDGE('',*,*,#9394,.T.);
#9695 = ORIENTED_EDGE('',*,*,#9696,.T.);
#9696 = EDGE_CURVE('',#9395,#9697,#9699,.T.);
#9697 = VERTEX_POINT('',#9698);
#9698 = CARTESIAN_POINT('',(2.6025,-1.75,0.18));
#9699 = SURFACE_CURVE('',#9700,(#9704,#9711),.PCURVE_S1.);
#9700 = LINE('',#9701,#9702);
#9701 = CARTESIAN_POINT('',(5.047363,0.694863,0.18));
#9702 = VECTOR('',#9703,1.);
#9703 = DIRECTION('',(0.707106781187,0.707106781187,-2.12809267141E-16)
  );
#9704 = PCURVE('',#4206,#9705);
#9705 = DEFINITIONAL_REPRESENTATION('',(#9706),#9710);
#9706 = LINE('',#9707,#9708);
#9707 = CARTESIAN_POINT('',(3.563624429922,-0.435));
#9708 = VECTOR('',#9709,1.);
#9709 = DIRECTION('',(1.,1.110223024625E-16));
#9710 = ( GEOMETRIC_REPRESENTATION_CONTEXT(2) 
PARAMETRIC_REPRESENTATION_CONTEXT() REPRESENTATION_CONTEXT('2D SPACE',''
  ) );
#9711 = PCURVE('',#9455,#9712);
#9712 = DEFINITIONAL_REPRESENTATION('',(#9713),#9717);
#9713 = LINE('',#9714,#9715);
#9714 = CARTESIAN_POINT('',(-2.594863,2.594863));
#9715 = VECTOR('',#9716,1.);
#9716 = DIRECTION('',(-0.707106781187,0.707106781187));
#9717 = ( GEOMETRIC_REPRESENTATION_CONTEXT(2) 
PARAMETRIC_REPRESENTATION_CONTEXT() REPRESENTATION_CONTEXT('2D SPACE',''
  ) );
#9718 = ORIENTED_EDGE('',*,*,#9719,.T.);
#9719 = EDGE_CURVE('',#9697,#4191,#9720,.T.);
#9720 = SURFACE_CURVE('',#9721,(#9725,#9732),.PCURVE_S1.);
#9721 = LINE('',#9722,#9723);
#9722 = CARTESIAN_POINT('',(2.6025,-1.75,0.615));
#9723 = VECTOR('',#9724,1.);
#9724 = DIRECTION('',(2.289834988289E-16,2.289834988289E-16,1.));
#9725 = PCURVE('',#4206,#9726);
#9726 = DEFINITIONAL_REPRESENTATION('',(#9727),#9731);
#9727 = LINE('',#9728,#9729);
#9728 = CARTESIAN_POINT('',(0.106066017178,3.434752482434E-17));
#9729 = VECTOR('',#9730,1.);
#9730 = DIRECTION('',(1.972152263053E-31,1.));
#9731 = ( GEOMETRIC_REPRESENTATION_CONTEXT(2) 
PARAMETRIC_REPRESENTATION_CONTEXT() REPRESENTATION_CONTEXT('2D SPACE',''
  ) );
#9732 = PCURVE('',#4234,#9733);
#9733 = DEFINITIONAL_REPRESENTATION('',(#9734),#9738);
#9734 = LINE('',#9735,#9736);
#9735 = CARTESIAN_POINT('',(-1.824936230421,0.212152664708));
#9736 = VECTOR('',#9737,1.);
#9737 = DIRECTION('',(1.224606353822E-16,1.));
#9738 = ( GEOMETRIC_REPRESENTATION_CONTEXT(2) 
PARAMETRIC_REPRESENTATION_CONTEXT() REPRESENTATION_CONTEXT('2D SPACE',''
  ) );
#9739 = ORIENTED_EDGE('',*,*,#4190,.T.);
#9740 = ADVANCED_FACE('',(#9741),#9455,.T.);
#9741 = FACE_BOUND('',#9742,.T.);
#9742 = EDGE_LOOP('',(#9743,#9764,#9765,#9766));
#9743 = ORIENTED_EDGE('',*,*,#9744,.F.);
#9744 = EDGE_CURVE('',#9697,#9495,#9745,.T.);
#9745 = SURFACE_CURVE('',#9746,(#9750,#9757),.PCURVE_S1.);
#9746 = LINE('',#9747,#9748);
#9747 = CARTESIAN_POINT('',(2.6025,0.694863,0.18));
#9748 = VECTOR('',#9749,1.);
#9749 = DIRECTION('',(2.804146475864E-32,1.,-1.065228634467E-16));
#9750 = PCURVE('',#9455,#9751);
#9751 = DEFINITIONAL_REPRESENTATION('',(#9752),#9756);
#9752 = LINE('',#9753,#9754);
#9753 = CARTESIAN_POINT('',(-0.15,2.594863));
#9754 = VECTOR('',#9755,1.);
#9755 = DIRECTION('',(-9.031806508344E-47,1.));
#9756 = ( GEOMETRIC_REPRESENTATION_CONTEXT(2) 
PARAMETRIC_REPRESENTATION_CONTEXT() REPRESENTATION_CONTEXT('2D SPACE',''
  ) );
#9757 = PCURVE('',#4234,#9758);
#9758 = DEFINITIONAL_REPRESENTATION('',(#9759),#9763);
#9759 = LINE('',#9760,#9761);
#9760 = CARTESIAN_POINT('',(0.619926769579,-0.222847335292));
#9761 = VECTOR('',#9762,1.);
#9762 = DIRECTION('',(1.,0.));
#9763 = ( GEOMETRIC_REPRESENTATION_CONTEXT(2) 
PARAMETRIC_REPRESENTATION_CONTEXT() REPRESENTATION_CONTEXT('2D SPACE',''
  ) );
#9764 = ORIENTED_EDGE('',*,*,#9696,.F.);
#9765 = ORIENTED_EDGE('',*,*,#9441,.F.);
#9766 = ORIENTED_EDGE('',*,*,#9546,.T.);
#9767 = ADVANCED_FACE('',(#9768),#4234,.T.);
#9768 = FACE_BOUND('',#9769,.T.);
#9769 = EDGE_LOOP('',(#9770,#9771,#9772,#9773,#9774));
#9770 = ORIENTED_EDGE('',*,*,#9667,.F.);
#9771 = ORIENTED_EDGE('',*,*,#4218,.F.);
#9772 = ORIENTED_EDGE('',*,*,#9719,.F.);
#9773 = ORIENTED_EDGE('',*,*,#9744,.T.);
#9774 = ORIENTED_EDGE('',*,*,#9494,.T.);
#9775 = ADVANCED_FACE('',(#9776),#6282,.F.);
#9776 = FACE_BOUND('',#9777,.T.);
#9777 = EDGE_LOOP('',(#9778,#9808,#9836,#9857,#9858,#9881));
#9778 = ORIENTED_EDGE('',*,*,#9779,.T.);
#9779 = EDGE_CURVE('',#9780,#9782,#9784,.T.);
#9780 = VERTEX_POINT('',#9781);
#9781 = CARTESIAN_POINT('',(2.265,-1.63,0.3));
#9782 = VERTEX_POINT('',#9783);
#9783 = CARTESIAN_POINT('',(-2.265,-1.63,0.3));
#9784 = SURFACE_CURVE('',#9785,(#9789,#9796),.PCURVE_S1.);
#9785 = LINE('',#9786,#9787);
#9786 = CARTESIAN_POINT('',(-1.735,-1.63,0.3));
#9787 = VECTOR('',#9788,1.);
#9788 = DIRECTION('',(-1.,5.243344273594E-32,2.289834988289E-16));
#9789 = PCURVE('',#6282,#9790);
#9790 = DEFINITIONAL_REPRESENTATION('',(#9791),#9795);
#9791 = LINE('',#9792,#9793);
#9792 = CARTESIAN_POINT('',(-4.130220822471E-18,-9.));
#9793 = VECTOR('',#9794,1.);
#9794 = DIRECTION('',(6.902532920684E-31,-1.));
#9795 = ( GEOMETRIC_REPRESENTATION_CONTEXT(2) 
PARAMETRIC_REPRESENTATION_CONTEXT() REPRESENTATION_CONTEXT('2D SPACE',''
  ) );
#9796 = PCURVE('',#9797,#9802);
#9797 = PLANE('',#9798);
#9798 = AXIS2_PLACEMENT_3D('',#9799,#9800,#9801);
#9799 = CARTESIAN_POINT('',(6.3375,-7.E-02,0.3));
#9800 = DIRECTION('',(-2.289834988289E-16,-2.289834988289E-16,-1.));
#9801 = DIRECTION('',(0.,-1.,2.289834988289E-16));
#9802 = DEFINITIONAL_REPRESENTATION('',(#9803),#9807);
#9803 = LINE('',#9804,#9805);
#9804 = CARTESIAN_POINT('',(1.56,8.0725));
#9805 = VECTOR('',#9806,1.);
#9806 = DIRECTION('',(2.080052407982E-46,1.));
#9807 = ( GEOMETRIC_REPRESENTATION_CONTEXT(2) 
PARAMETRIC_REPRESENTATION_CONTEXT() REPRESENTATION_CONTEXT('2D SPACE',''
  ) );
#9808 = ORIENTED_EDGE('',*,*,#9809,.F.);
#9809 = EDGE_CURVE('',#9810,#9782,#9812,.T.);
#9810 = VERTEX_POINT('',#9811);
#9811 = CARTESIAN_POINT('',(-2.265,-1.78,0.188888888889));
#9812 = SURFACE_CURVE('',#9813,(#9817,#9824),.PCURVE_S1.);
#9813 = LINE('',#9814,#9815);
#9814 = CARTESIAN_POINT('',(-2.265,0.694863,2.022120740741));
#9815 = VECTOR('',#9816,1.);
#9816 = DIRECTION('',(1.362972871417E-16,0.803557193345,0.595227550626)
  );
#9817 = PCURVE('',#6282,#9818);
#9818 = DEFINITIONAL_REPRESENTATION('',(#9819),#9823);
#9819 = LINE('',#9820,#9821);
#9820 = CARTESIAN_POINT('',(2.893214097584,-9.53));
#9821 = VECTOR('',#9822,1.);
#9822 = DIRECTION('',(1.,0.));
#9823 = ( GEOMETRIC_REPRESENTATION_CONTEXT(2) 
PARAMETRIC_REPRESENTATION_CONTEXT() REPRESENTATION_CONTEXT('2D SPACE',''
  ) );
#9824 = PCURVE('',#9825,#9830);
#9825 = PLANE('',#9826);
#9826 = AXIS2_PLACEMENT_3D('',#9827,#9828,#9829);
#9827 = CARTESIAN_POINT('',(-2.265,-1.8,1.05));
#9828 = DIRECTION('',(-1.,5.243344273594E-32,2.289834988289E-16));
#9829 = DIRECTION('',(-2.080052407982E-46,1.,-2.289834988289E-16));
#9830 = DEFINITIONAL_REPRESENTATION('',(#9831),#9835);
#9831 = LINE('',#9832,#9833);
#9832 = CARTESIAN_POINT('',(2.494863,-0.972120740741));
#9833 = VECTOR('',#9834,1.);
#9834 = DIRECTION('',(0.803557193345,-0.595227550626));
#9835 = ( GEOMETRIC_REPRESENTATION_CONTEXT(2) 
PARAMETRIC_REPRESENTATION_CONTEXT() REPRESENTATION_CONTEXT('2D SPACE',''
  ) );
#9836 = ORIENTED_EDGE('',*,*,#9837,.F.);
#9837 = EDGE_CURVE('',#6265,#9810,#9838,.T.);
#9838 = SURFACE_CURVE('',#9839,(#9843,#9850),.PCURVE_S1.);
#9839 = LINE('',#9840,#9841);
#9840 = CARTESIAN_POINT('',(0.209863,0.694863,2.022120740741));
#9841 = VECTOR('',#9842,1.);
#9842 = DIRECTION('',(0.626384365641,0.626384365641,0.463988418994));
#9843 = PCURVE('',#6282,#9844);
#9844 = DEFINITIONAL_REPRESENTATION('',(#9845),#9849);
#9845 = LINE('',#9846,#9847);
#9846 = CARTESIAN_POINT('',(2.893214097584,-7.055137));
#9847 = VECTOR('',#9848,1.);
#9848 = DIRECTION('',(0.779514352966,0.626384365641));
#9849 = ( GEOMETRIC_REPRESENTATION_CONTEXT(2) 
PARAMETRIC_REPRESENTATION_CONTEXT() REPRESENTATION_CONTEXT('2D SPACE',''
  ) );
#9850 = PCURVE('',#4099,#9851);
#9851 = DEFINITIONAL_REPRESENTATION('',(#9852),#9856);
#9852 = LINE('',#9853,#9854);
#9853 = CARTESIAN_POINT('',(-3.598979768981,1.447120740741));
#9854 = VECTOR('',#9855,1.);
#9855 = DIRECTION('',(-0.885841265148,0.463988418994));
#9856 = ( GEOMETRIC_REPRESENTATION_CONTEXT(2) 
PARAMETRIC_REPRESENTATION_CONTEXT() REPRESENTATION_CONTEXT('2D SPACE',''
  ) );
#9857 = ORIENTED_EDGE('',*,*,#6264,.T.);
#9858 = ORIENTED_EDGE('',*,*,#9859,.F.);
#9859 = EDGE_CURVE('',#9860,#6267,#9862,.T.);
#9860 = VERTEX_POINT('',#9861);
#9861 = CARTESIAN_POINT('',(2.265,-1.78,0.188888888889));
#9862 = SURFACE_CURVE('',#9863,(#9867,#9874),.PCURVE_S1.);
#9863 = LINE('',#9864,#9865);
#9864 = CARTESIAN_POINT('',(-0.209863,0.694863,2.022120740741));
#9865 = VECTOR('',#9866,1.);
#9866 = DIRECTION('',(0.626384365641,-0.626384365641,-0.463988418994));
#9867 = PCURVE('',#6282,#9868);
#9868 = DEFINITIONAL_REPRESENTATION('',(#9869),#9873);
#9869 = LINE('',#9870,#9871);
#9870 = CARTESIAN_POINT('',(2.893214097584,-7.474863));
#9871 = VECTOR('',#9872,1.);
#9872 = DIRECTION('',(-0.779514352966,0.626384365641));
#9873 = ( GEOMETRIC_REPRESENTATION_CONTEXT(2) 
PARAMETRIC_REPRESENTATION_CONTEXT() REPRESENTATION_CONTEXT('2D SPACE',''
  ) );
#9874 = PCURVE('',#4155,#9875);
#9875 = DEFINITIONAL_REPRESENTATION('',(#9876),#9880);
#9876 = LINE('',#9877,#9878);
#9877 = CARTESIAN_POINT('',(-3.598979768981,1.447120740741));
#9878 = VECTOR('',#9879,1.);
#9879 = DIRECTION('',(0.885841265148,-0.463988418994));
#9880 = ( GEOMETRIC_REPRESENTATION_CONTEXT(2) 
PARAMETRIC_REPRESENTATION_CONTEXT() REPRESENTATION_CONTEXT('2D SPACE',''
  ) );
#9881 = ORIENTED_EDGE('',*,*,#9882,.T.);
#9882 = EDGE_CURVE('',#9860,#9780,#9883,.T.);
#9883 = SURFACE_CURVE('',#9884,(#9888,#9895),.PCURVE_S1.);
#9884 = LINE('',#9885,#9886);
#9885 = CARTESIAN_POINT('',(2.265,0.694863,2.022120740741));
#9886 = VECTOR('',#9887,1.);
#9887 = DIRECTION('',(1.362972871417E-16,0.803557193345,0.595227550626)
  );
#9888 = PCURVE('',#6282,#9889);
#9889 = DEFINITIONAL_REPRESENTATION('',(#9890),#9894);
#9890 = LINE('',#9891,#9892);
#9891 = CARTESIAN_POINT('',(2.893214097584,-5.));
#9892 = VECTOR('',#9893,1.);
#9893 = DIRECTION('',(1.,0.));
#9894 = ( GEOMETRIC_REPRESENTATION_CONTEXT(2) 
PARAMETRIC_REPRESENTATION_CONTEXT() REPRESENTATION_CONTEXT('2D SPACE',''
  ) );
#9895 = PCURVE('',#9896,#9901);
#9896 = PLANE('',#9897);
#9897 = AXIS2_PLACEMENT_3D('',#9898,#9899,#9900);
#9898 = CARTESIAN_POINT('',(2.265,-1.8,1.05));
#9899 = DIRECTION('',(-1.,5.243344273594E-32,2.289834988289E-16));
#9900 = DIRECTION('',(-2.080052407982E-46,1.,-2.289834988289E-16));
#9901 = DEFINITIONAL_REPRESENTATION('',(#9902),#9906);
#9902 = LINE('',#9903,#9904);
#9903 = CARTESIAN_POINT('',(2.494863,-0.972120740741));
#9904 = VECTOR('',#9905,1.);
#9905 = DIRECTION('',(0.803557193345,-0.595227550626));
#9906 = ( GEOMETRIC_REPRESENTATION_CONTEXT(2) 
PARAMETRIC_REPRESENTATION_CONTEXT() REPRESENTATION_CONTEXT('2D SPACE',''
  ) );
#9907 = ADVANCED_FACE('',(#9908),#9797,.F.);
#9908 = FACE_BOUND('',#9909,.T.);
#9909 = EDGE_LOOP('',(#9910,#9911,#9934,#9962));
#9910 = ORIENTED_EDGE('',*,*,#9779,.F.);
#9911 = ORIENTED_EDGE('',*,*,#9912,.T.);
#9912 = EDGE_CURVE('',#9780,#9913,#9915,.T.);
#9913 = VERTEX_POINT('',#9914);
#9914 = CARTESIAN_POINT('',(2.265,-1.2,0.3));
#9915 = SURFACE_CURVE('',#9916,(#9920,#9927),.PCURVE_S1.);
#9916 = LINE('',#9917,#9918);
#9917 = CARTESIAN_POINT('',(2.265,0.694863,0.3));
#9918 = VECTOR('',#9919,1.);
#9919 = DIRECTION('',(5.243344273594E-32,1.,0.));
#9920 = PCURVE('',#9797,#9921);
#9921 = DEFINITIONAL_REPRESENTATION('',(#9922),#9926);
#9922 = LINE('',#9923,#9924);
#9923 = CARTESIAN_POINT('',(-0.764863,4.0725));
#9924 = VECTOR('',#9925,1.);
#9925 = DIRECTION('',(-1.,2.080052407982E-46));
#9926 = ( GEOMETRIC_REPRESENTATION_CONTEXT(2) 
PARAMETRIC_REPRESENTATION_CONTEXT() REPRESENTATION_CONTEXT('2D SPACE',''
  ) );
#9927 = PCURVE('',#9896,#9928);
#9928 = DEFINITIONAL_REPRESENTATION('',(#9929),#9933);
#9929 = LINE('',#9930,#9931);
#9930 = CARTESIAN_POINT('',(2.494863,0.75));
#9931 = VECTOR('',#9932,1.);
#9932 = DIRECTION('',(1.,-2.289834988289E-16));
#9933 = ( GEOMETRIC_REPRESENTATION_CONTEXT(2) 
PARAMETRIC_REPRESENTATION_CONTEXT() REPRESENTATION_CONTEXT('2D SPACE',''
  ) );
#9934 = ORIENTED_EDGE('',*,*,#9935,.T.);
#9935 = EDGE_CURVE('',#9913,#9936,#9938,.T.);
#9936 = VERTEX_POINT('',#9937);
#9937 = CARTESIAN_POINT('',(-2.265,-1.2,0.3));
#9938 = SURFACE_CURVE('',#9939,(#9943,#9950),.PCURVE_S1.);
#9939 = LINE('',#9940,#9941);
#9940 = CARTESIAN_POINT('',(-15.5,-1.2,0.3));
#9941 = VECTOR('',#9942,1.);
#9942 = DIRECTION('',(-1.,5.243344273594E-32,2.289834988289E-16));
#9943 = PCURVE('',#9797,#9944);
#9944 = DEFINITIONAL_REPRESENTATION('',(#9945),#9949);
#9945 = LINE('',#9946,#9947);
#9946 = CARTESIAN_POINT('',(1.13,21.8375));
#9947 = VECTOR('',#9948,1.);
#9948 = DIRECTION('',(2.080052407982E-46,1.));
#9949 = ( GEOMETRIC_REPRESENTATION_CONTEXT(2) 
PARAMETRIC_REPRESENTATION_CONTEXT() REPRESENTATION_CONTEXT('2D SPACE',''
  ) );
#9950 = PCURVE('',#9951,#9956);
#9951 = PLANE('',#9952);
#9952 = AXIS2_PLACEMENT_3D('',#9953,#9954,#9955);
#9953 = CARTESIAN_POINT('',(7.285,-1.2,0.3));
#9954 = DIRECTION('',(-2.285724380628E-16,5.989229072795E-02,
    -0.998204845466));
#9955 = DIRECTION('',(1.371434628377E-17,0.998204845466,
    5.989229072795E-02));
#9956 = DEFINITIONAL_REPRESENTATION('',(#9957),#9961);
#9957 = LINE('',#9958,#9959);
#9958 = CARTESIAN_POINT('',(-1.001060213395E-14,-22.785));
#9959 = VECTOR('',#9960,1.);
#9960 = DIRECTION('',(4.622231866529E-33,-1.));
#9961 = ( GEOMETRIC_REPRESENTATION_CONTEXT(2) 
PARAMETRIC_REPRESENTATION_CONTEXT() REPRESENTATION_CONTEXT('2D SPACE',''
  ) );
#9962 = ORIENTED_EDGE('',*,*,#9963,.F.);
#9963 = EDGE_CURVE('',#9782,#9936,#9964,.T.);
#9964 = SURFACE_CURVE('',#9965,(#9969,#9976),.PCURVE_S1.);
#9965 = LINE('',#9966,#9967);
#9966 = CARTESIAN_POINT('',(-2.265,0.694863,0.3));
#9967 = VECTOR('',#9968,1.);
#9968 = DIRECTION('',(5.243344273594E-32,1.,0.));
#9969 = PCURVE('',#9797,#9970);
#9970 = DEFINITIONAL_REPRESENTATION('',(#9971),#9975);
#9971 = LINE('',#9972,#9973);
#9972 = CARTESIAN_POINT('',(-0.764863,8.6025));
#9973 = VECTOR('',#9974,1.);
#9974 = DIRECTION('',(-1.,2.080052407982E-46));
#9975 = ( GEOMETRIC_REPRESENTATION_CONTEXT(2) 
PARAMETRIC_REPRESENTATION_CONTEXT() REPRESENTATION_CONTEXT('2D SPACE',''
  ) );
#9976 = PCURVE('',#9825,#9977);
#9977 = DEFINITIONAL_REPRESENTATION('',(#9978),#9982);
#9978 = LINE('',#9979,#9980);
#9979 = CARTESIAN_POINT('',(2.494863,0.75));
#9980 = VECTOR('',#9981,1.);
#9981 = DIRECTION('',(1.,-2.289834988289E-16));
#9982 = ( GEOMETRIC_REPRESENTATION_CONTEXT(2) 
PARAMETRIC_REPRESENTATION_CONTEXT() REPRESENTATION_CONTEXT('2D SPACE',''
  ) );
#9983 = ADVANCED_FACE('',(#9984),#4155,.T.);
#9984 = FACE_BOUND('',#9985,.T.);
#9985 = EDGE_LOOP('',(#9986,#10016,#10037,#10038,#10039,#10040));
#9986 = ORIENTED_EDGE('',*,*,#9987,.T.);
#9987 = EDGE_CURVE('',#9988,#9990,#9992,.T.);
#9988 = VERTEX_POINT('',#9989);
#9989 = CARTESIAN_POINT('',(2.285,-1.8,0.92));
#9990 = VERTEX_POINT('',#9991);
#9991 = CARTESIAN_POINT('',(2.265,-1.78,0.893333333333));
#9992 = SURFACE_CURVE('',#9993,(#9997,#10004),.PCURVE_S1.);
#9993 = LINE('',#9994,#9995);
#9994 = CARTESIAN_POINT('',(2.2262105,-1.7412105,0.841614));
#9995 = VECTOR('',#9996,1.);
#9996 = DIRECTION('',(-0.514495755428,0.514495755428,-0.68599434057));
#9997 = PCURVE('',#4155,#9998);
#9998 = DEFINITIONAL_REPRESENTATION('',(#9999),#10003);
#9999 = LINE('',#10000,#10001);
#10000 = CARTESIAN_POINT('',(-0.153851586344,0.266614));
#10001 = VECTOR('',#10002,1.);
#10002 = DIRECTION('',(-0.727606875109,-0.68599434057));
#10003 = ( GEOMETRIC_REPRESENTATION_CONTEXT(2) 
PARAMETRIC_REPRESENTATION_CONTEXT() REPRESENTATION_CONTEXT('2D SPACE',''
  ) );
#10004 = PCURVE('',#10005,#10010);
#10005 = PLANE('',#10006);
#10006 = AXIS2_PLACEMENT_3D('',#10007,#10008,#10009);
#10007 = CARTESIAN_POINT('',(7.285,-1.65,0.72));
#10008 = DIRECTION('',(1.373900992974E-16,0.8,0.6));
#10009 = DIRECTION('',(1.831867990632E-16,-0.6,0.8));
#10010 = DEFINITIONAL_REPRESENTATION('',(#10011),#10015);
#10011 = LINE('',#10012,#10013);
#10012 = CARTESIAN_POINT('',(0.1520175,-5.0587895));
#10013 = VECTOR('',#10014,1.);
#10014 = DIRECTION('',(-0.857492925713,-0.514495755428));
#10015 = ( GEOMETRIC_REPRESENTATION_CONTEXT(2) 
PARAMETRIC_REPRESENTATION_CONTEXT() REPRESENTATION_CONTEXT('2D SPACE',''
  ) );
#10016 = ORIENTED_EDGE('',*,*,#10017,.T.);
#10017 = EDGE_CURVE('',#9990,#9860,#10018,.T.);
#10018 = SURFACE_CURVE('',#10019,(#10023,#10030),.PCURVE_S1.);
#10019 = LINE('',#10020,#10021);
#10020 = CARTESIAN_POINT('',(2.265,-1.78,0.841614));
#10021 = VECTOR('',#10022,1.);
#10022 = DIRECTION('',(-2.289834988289E-16,-2.289834988289E-16,-1.));
#10023 = PCURVE('',#4155,#10024);
#10024 = DEFINITIONAL_REPRESENTATION('',(#10025),#10029);
#10025 = LINE('',#10026,#10027);
#10026 = CARTESIAN_POINT('',(-9.899494936612E-02,0.266614));
#10027 = VECTOR('',#10028,1.);
#10028 = DIRECTION('',(-2.465190328816E-32,-1.));
#10029 = ( GEOMETRIC_REPRESENTATION_CONTEXT(2) 
PARAMETRIC_REPRESENTATION_CONTEXT() REPRESENTATION_CONTEXT('2D SPACE',''
  ) );
#10030 = PCURVE('',#9896,#10031);
#10031 = DEFINITIONAL_REPRESENTATION('',(#10032),#10036);
#10032 = LINE('',#10033,#10034);
#10033 = CARTESIAN_POINT('',(2.E-02,0.208386));
#10034 = VECTOR('',#10035,1.);
#10035 = DIRECTION('',(0.,1.));
#10036 = ( GEOMETRIC_REPRESENTATION_CONTEXT(2) 
PARAMETRIC_REPRESENTATION_CONTEXT() REPRESENTATION_CONTEXT('2D SPACE',''
  ) );
#10037 = ORIENTED_EDGE('',*,*,#9859,.T.);
#10038 = ORIENTED_EDGE('',*,*,#6384,.T.);
#10039 = ORIENTED_EDGE('',*,*,#4139,.T.);
#10040 = ORIENTED_EDGE('',*,*,#10041,.F.);
#10041 = EDGE_CURVE('',#9988,#4112,#10042,.T.);
#10042 = SURFACE_CURVE('',#10043,(#10047,#10054),.PCURVE_S1.);
#10043 = LINE('',#10044,#10045);
#10044 = CARTESIAN_POINT('',(2.285,-1.8,0.841614));
#10045 = VECTOR('',#10046,1.);
#10046 = DIRECTION('',(3.514441342112E-16,1.065228634467E-16,1.));
#10047 = PCURVE('',#4155,#10048);
#10048 = DEFINITIONAL_REPRESENTATION('',(#10049),#10053);
#10049 = LINE('',#10050,#10051);
#10050 = CARTESIAN_POINT('',(-7.071067811865E-02,0.266614));
#10051 = VECTOR('',#10052,1.);
#10052 = DIRECTION('',(1.731854914144E-16,1.));
#10053 = ( GEOMETRIC_REPRESENTATION_CONTEXT(2) 
PARAMETRIC_REPRESENTATION_CONTEXT() REPRESENTATION_CONTEXT('2D SPACE',''
  ) );
#10054 = PCURVE('',#4127,#10055);
#10055 = DEFINITIONAL_REPRESENTATION('',(#10056),#10060);
#10056 = LINE('',#10057,#10058);
#10057 = CARTESIAN_POINT('',(-7.8386E-02,-19.5));
#10058 = VECTOR('',#10059,1.);
#10059 = DIRECTION('',(1.,1.224606353822E-16));
#10060 = ( GEOMETRIC_REPRESENTATION_CONTEXT(2) 
PARAMETRIC_REPRESENTATION_CONTEXT() REPRESENTATION_CONTEXT('2D SPACE',''
  ) );
#10061 = ADVANCED_FACE('',(#10062),#10005,.F.);
#10062 = FACE_BOUND('',#10063,.T.);
#10063 = EDGE_LOOP('',(#10064,#10087,#10110,#10133,#10161,#10182));
#10064 = ORIENTED_EDGE('',*,*,#10065,.T.);
#10065 = EDGE_CURVE('',#9988,#10066,#10068,.T.);
#10066 = VERTEX_POINT('',#10067);
#10067 = CARTESIAN_POINT('',(-2.285,-1.8,0.92));
#10068 = SURFACE_CURVE('',#10069,(#10073,#10080),.PCURVE_S1.);
#10069 = LINE('',#10070,#10071);
#10070 = CARTESIAN_POINT('',(1.5,-1.8,0.92));
#10071 = VECTOR('',#10072,1.);
#10072 = DIRECTION('',(-1.,5.243344273594E-32,2.289834988289E-16));
#10073 = PCURVE('',#10005,#10074);
#10074 = DEFINITIONAL_REPRESENTATION('',(#10075),#10079);
#10075 = LINE('',#10076,#10077);
#10076 = CARTESIAN_POINT('',(0.25,-5.785));
#10077 = VECTOR('',#10078,1.);
#10078 = DIRECTION('',(1.972152263053E-31,-1.));
#10079 = ( GEOMETRIC_REPRESENTATION_CONTEXT(2) 
PARAMETRIC_REPRESENTATION_CONTEXT() REPRESENTATION_CONTEXT('2D SPACE',''
  ) );
#10080 = PCURVE('',#4127,#10081);
#10081 = DEFINITIONAL_REPRESENTATION('',(#10082),#10086);
#10082 = LINE('',#10083,#10084);
#10083 = CARTESIAN_POINT('',(-6.481273850945E-16,-20.285));
#10084 = VECTOR('',#10085,1.);
#10085 = DIRECTION('',(0.,-1.));
#10086 = ( GEOMETRIC_REPRESENTATION_CONTEXT(2) 
PARAMETRIC_REPRESENTATION_CONTEXT() REPRESENTATION_CONTEXT('2D SPACE',''
  ) );
#10087 = ORIENTED_EDGE('',*,*,#10088,.T.);
#10088 = EDGE_CURVE('',#10066,#10089,#10091,.T.);
#10089 = VERTEX_POINT('',#10090);
#10090 = CARTESIAN_POINT('',(-2.265,-1.78,0.893333333333));
#10091 = SURFACE_CURVE('',#10092,(#10096,#10103),.PCURVE_S1.);
#10092 = LINE('',#10093,#10094);
#10093 = CARTESIAN_POINT('',(-2.2262105,-1.7412105,0.841614));
#10094 = VECTOR('',#10095,1.);
#10095 = DIRECTION('',(0.514495755428,0.514495755428,-0.68599434057));
#10096 = PCURVE('',#10005,#10097);
#10097 = DEFINITIONAL_REPRESENTATION('',(#10098),#10102);
#10098 = LINE('',#10099,#10100);
#10099 = CARTESIAN_POINT('',(0.1520175,-9.5112105));
#10100 = VECTOR('',#10101,1.);
#10101 = DIRECTION('',(-0.857492925713,0.514495755428));
#10102 = ( GEOMETRIC_REPRESENTATION_CONTEXT(2) 
PARAMETRIC_REPRESENTATION_CONTEXT() REPRESENTATION_CONTEXT('2D SPACE',''
  ) );
#10103 = PCURVE('',#4099,#10104);
#10104 = DEFINITIONAL_REPRESENTATION('',(#10105),#10109);
#10105 = LINE('',#10106,#10107);
#10106 = CARTESIAN_POINT('',(-0.153851586344,0.266614));
#10107 = VECTOR('',#10108,1.);
#10108 = DIRECTION('',(-0.727606875109,-0.68599434057));
#10109 = ( GEOMETRIC_REPRESENTATION_CONTEXT(2) 
PARAMETRIC_REPRESENTATION_CONTEXT() REPRESENTATION_CONTEXT('2D SPACE',''
  ) );
#10110 = ORIENTED_EDGE('',*,*,#10111,.F.);
#10111 = EDGE_CURVE('',#10112,#10089,#10114,.T.);
#10112 = VERTEX_POINT('',#10113);
#10113 = CARTESIAN_POINT('',(-2.265,-1.65,0.72));
#10114 = SURFACE_CURVE('',#10115,(#10119,#10126),.PCURVE_S1.);
#10115 = LINE('',#10116,#10117);
#10116 = CARTESIAN_POINT('',(-2.265,-1.7412105,0.841614));
#10117 = VECTOR('',#10118,1.);
#10118 = DIRECTION('',(1.831867990632E-16,-0.6,0.8));
#10119 = PCURVE('',#10005,#10120);
#10120 = DEFINITIONAL_REPRESENTATION('',(#10121),#10125);
#10121 = LINE('',#10122,#10123);
#10122 = CARTESIAN_POINT('',(0.1520175,-9.55));
#10123 = VECTOR('',#10124,1.);
#10124 = DIRECTION('',(1.,2.465190328816E-32));
#10125 = ( GEOMETRIC_REPRESENTATION_CONTEXT(2) 
PARAMETRIC_REPRESENTATION_CONTEXT() REPRESENTATION_CONTEXT('2D SPACE',''
  ) );
#10126 = PCURVE('',#9825,#10127);
#10127 = DEFINITIONAL_REPRESENTATION('',(#10128),#10132);
#10128 = LINE('',#10129,#10130);
#10129 = CARTESIAN_POINT('',(5.87895E-02,0.208386));
#10130 = VECTOR('',#10131,1.);
#10131 = DIRECTION('',(-0.6,-0.8));
#10132 = ( GEOMETRIC_REPRESENTATION_CONTEXT(2) 
PARAMETRIC_REPRESENTATION_CONTEXT() REPRESENTATION_CONTEXT('2D SPACE',''
  ) );
#10133 = ORIENTED_EDGE('',*,*,#10134,.T.);
#10134 = EDGE_CURVE('',#10112,#10135,#10137,.T.);
#10135 = VERTEX_POINT('',#10136);
#10136 = CARTESIAN_POINT('',(2.265,-1.65,0.72));
#10137 = SURFACE_CURVE('',#10138,(#10142,#10149),.PCURVE_S1.);
#10138 = LINE('',#10139,#10140);
#10139 = CARTESIAN_POINT('',(-16.5,-1.65,0.72));
#10140 = VECTOR('',#10141,1.);
#10141 = DIRECTION('',(1.,-5.243344273594E-32,-2.289834988289E-16));
#10142 = PCURVE('',#10005,#10143);
#10143 = DEFINITIONAL_REPRESENTATION('',(#10144),#10148);
#10144 = LINE('',#10145,#10146);
#10145 = CARTESIAN_POINT('',(3.946565296786E-16,-23.785));
#10146 = VECTOR('',#10147,1.);
#10147 = DIRECTION('',(-1.972152263053E-31,1.));
#10148 = ( GEOMETRIC_REPRESENTATION_CONTEXT(2) 
PARAMETRIC_REPRESENTATION_CONTEXT() REPRESENTATION_CONTEXT('2D SPACE',''
  ) );
#10149 = PCURVE('',#10150,#10155);
#10150 = PLANE('',#10151);
#10151 = AXIS2_PLACEMENT_3D('',#10152,#10153,#10154);
#10152 = CARTESIAN_POINT('',(-7.285,-1.2,0.72));
#10153 = DIRECTION('',(-2.289834988289E-16,-1.065228634467E-16,-1.));
#10154 = DIRECTION('',(-2.804146475864E-32,-1.,1.065228634467E-16));
#10155 = DEFINITIONAL_REPRESENTATION('',(#10156),#10160);
#10156 = LINE('',#10157,#10158);
#10157 = CARTESIAN_POINT('',(0.45,9.215));
#10158 = VECTOR('',#10159,1.);
#10159 = DIRECTION('',(-9.031806508344E-47,-1.));
#10160 = ( GEOMETRIC_REPRESENTATION_CONTEXT(2) 
PARAMETRIC_REPRESENTATION_CONTEXT() REPRESENTATION_CONTEXT('2D SPACE',''
  ) );
#10161 = ORIENTED_EDGE('',*,*,#10162,.T.);
#10162 = EDGE_CURVE('',#10135,#9990,#10163,.T.);
#10163 = SURFACE_CURVE('',#10164,(#10168,#10175),.PCURVE_S1.);
#10164 = LINE('',#10165,#10166);
#10165 = CARTESIAN_POINT('',(2.265,-1.7412105,0.841614));
#10166 = VECTOR('',#10167,1.);
#10167 = DIRECTION('',(1.831867990632E-16,-0.6,0.8));
#10168 = PCURVE('',#10005,#10169);
#10169 = DEFINITIONAL_REPRESENTATION('',(#10170),#10174);
#10170 = LINE('',#10171,#10172);
#10171 = CARTESIAN_POINT('',(0.1520175,-5.02));
#10172 = VECTOR('',#10173,1.);
#10173 = DIRECTION('',(1.,2.465190328816E-32));
#10174 = ( GEOMETRIC_REPRESENTATION_CONTEXT(2) 
PARAMETRIC_REPRESENTATION_CONTEXT() REPRESENTATION_CONTEXT('2D SPACE',''
  ) );
#10175 = PCURVE('',#9896,#10176);
#10176 = DEFINITIONAL_REPRESENTATION('',(#10177),#10181);
#10177 = LINE('',#10178,#10179);
#10178 = CARTESIAN_POINT('',(5.87895E-02,0.208386));
#10179 = VECTOR('',#10180,1.);
#10180 = DIRECTION('',(-0.6,-0.8));
#10181 = ( GEOMETRIC_REPRESENTATION_CONTEXT(2) 
PARAMETRIC_REPRESENTATION_CONTEXT() REPRESENTATION_CONTEXT('2D SPACE',''
  ) );
#10182 = ORIENTED_EDGE('',*,*,#9987,.F.);
#10183 = ADVANCED_FACE('',(#10184),#4127,.F.);
#10184 = FACE_BOUND('',#10185,.T.);
#10185 = EDGE_LOOP('',(#10186,#10187,#10208,#10209));
#10186 = ORIENTED_EDGE('',*,*,#4111,.F.);
#10187 = ORIENTED_EDGE('',*,*,#10188,.F.);
#10188 = EDGE_CURVE('',#10066,#4084,#10189,.T.);
#10189 = SURFACE_CURVE('',#10190,(#10194,#10201),.PCURVE_S1.);
#10190 = LINE('',#10191,#10192);
#10191 = CARTESIAN_POINT('',(-2.285,-1.8,0.841614));
#10192 = VECTOR('',#10193,1.);
#10193 = DIRECTION('',(1.065228634467E-16,1.065228634467E-16,1.));
#10194 = PCURVE('',#4127,#10195);
#10195 = DEFINITIONAL_REPRESENTATION('',(#10196),#10200);
#10196 = LINE('',#10197,#10198);
#10197 = CARTESIAN_POINT('',(-7.8386E-02,-24.07));
#10198 = VECTOR('',#10199,1.);
#10199 = DIRECTION('',(1.,-1.224606353822E-16));
#10200 = ( GEOMETRIC_REPRESENTATION_CONTEXT(2) 
PARAMETRIC_REPRESENTATION_CONTEXT() REPRESENTATION_CONTEXT('2D SPACE',''
  ) );
#10201 = PCURVE('',#4099,#10202);
#10202 = DEFINITIONAL_REPRESENTATION('',(#10203),#10207);
#10203 = LINE('',#10204,#10205);
#10204 = CARTESIAN_POINT('',(-7.071067811865E-02,0.266614));
#10205 = VECTOR('',#10206,1.);
#10206 = DIRECTION('',(1.731854914144E-16,1.));
#10207 = ( GEOMETRIC_REPRESENTATION_CONTEXT(2) 
PARAMETRIC_REPRESENTATION_CONTEXT() REPRESENTATION_CONTEXT('2D SPACE',''
  ) );
#10208 = ORIENTED_EDGE('',*,*,#10065,.F.);
#10209 = ORIENTED_EDGE('',*,*,#10041,.T.);
#10210 = ADVANCED_FACE('',(#10211),#9951,.F.);
#10211 = FACE_BOUND('',#10212,.T.);
#10212 = EDGE_LOOP('',(#10213,#10214,#10237,#10265));
#10213 = ORIENTED_EDGE('',*,*,#9935,.F.);
#10214 = ORIENTED_EDGE('',*,*,#10215,.F.);
#10215 = EDGE_CURVE('',#10216,#9913,#10218,.T.);
#10216 = VERTEX_POINT('',#10217);
#10217 = CARTESIAN_POINT('',(2.265,-0.7,0.33));
#10218 = SURFACE_CURVE('',#10219,(#10223,#10230),.PCURVE_S1.);
#10219 = LINE('',#10220,#10221);
#10220 = CARTESIAN_POINT('',(2.265,0.694863,0.41369178));
#10221 = VECTOR('',#10222,1.);
#10222 = DIRECTION('',(-1.371434628377E-17,-0.998204845466,
    -5.989229072795E-02));
#10223 = PCURVE('',#9951,#10224);
#10224 = DEFINITIONAL_REPRESENTATION('',(#10225),#10229);
#10225 = LINE('',#10226,#10227);
#10226 = CARTESIAN_POINT('',(1.898270689235,-5.02));
#10227 = VECTOR('',#10228,1.);
#10228 = DIRECTION('',(-1.,4.622231866529E-33));
#10229 = ( GEOMETRIC_REPRESENTATION_CONTEXT(2) 
PARAMETRIC_REPRESENTATION_CONTEXT() REPRESENTATION_CONTEXT('2D SPACE',''
  ) );
#10230 = PCURVE('',#9896,#10231);
#10231 = DEFINITIONAL_REPRESENTATION('',(#10232),#10236);
#10232 = LINE('',#10233,#10234);
#10233 = CARTESIAN_POINT('',(2.494863,0.63630822));
#10234 = VECTOR('',#10235,1.);
#10235 = DIRECTION('',(-0.998204845466,5.989229072795E-02));
#10236 = ( GEOMETRIC_REPRESENTATION_CONTEXT(2) 
PARAMETRIC_REPRESENTATION_CONTEXT() REPRESENTATION_CONTEXT('2D SPACE',''
  ) );
#10237 = ORIENTED_EDGE('',*,*,#10238,.T.);
#10238 = EDGE_CURVE('',#10216,#10239,#10241,.T.);
#10239 = VERTEX_POINT('',#10240);
#10240 = CARTESIAN_POINT('',(-2.265,-0.7,0.33));
#10241 = SURFACE_CURVE('',#10242,(#10246,#10253),.PCURVE_S1.);
#10242 = LINE('',#10243,#10244);
#10243 = CARTESIAN_POINT('',(3.285,-0.7,0.33));
#10244 = VECTOR('',#10245,1.);
#10245 = DIRECTION('',(-1.,5.243344273594E-32,2.289834988289E-16));
#10246 = PCURVE('',#9951,#10247);
#10247 = DEFINITIONAL_REPRESENTATION('',(#10248),#10252);
#10248 = LINE('',#10249,#10250);
#10249 = CARTESIAN_POINT('',(0.500899191455,-4.));
#10250 = VECTOR('',#10251,1.);
#10251 = DIRECTION('',(4.622231866529E-33,-1.));
#10252 = ( GEOMETRIC_REPRESENTATION_CONTEXT(2) 
PARAMETRIC_REPRESENTATION_CONTEXT() REPRESENTATION_CONTEXT('2D SPACE',''
  ) );
#10253 = PCURVE('',#10254,#10259);
#10254 = PLANE('',#10255);
#10255 = AXIS2_PLACEMENT_3D('',#10256,#10257,#10258);
#10256 = CARTESIAN_POINT('',(7.085,-0.6,0.33));
#10257 = DIRECTION('',(-2.289834988289E-16,-1.065228634467E-16,-1.));
#10258 = DIRECTION('',(-1.,5.243344273594E-32,2.289834988289E-16));
#10259 = DEFINITIONAL_REPRESENTATION('',(#10260),#10264);
#10260 = LINE('',#10261,#10262);
#10261 = CARTESIAN_POINT('',(3.8,-0.1));
#10262 = VECTOR('',#10263,1.);
#10263 = DIRECTION('',(1.,-2.736911063134E-48));
#10264 = ( GEOMETRIC_REPRESENTATION_CONTEXT(2) 
PARAMETRIC_REPRESENTATION_CONTEXT() REPRESENTATION_CONTEXT('2D SPACE',''
  ) );
#10265 = ORIENTED_EDGE('',*,*,#10266,.T.);
#10266 = EDGE_CURVE('',#10239,#9936,#10267,.T.);
#10267 = SURFACE_CURVE('',#10268,(#10272,#10279),.PCURVE_S1.);
#10268 = LINE('',#10269,#10270);
#10269 = CARTESIAN_POINT('',(-2.265,0.694863,0.41369178));
#10270 = VECTOR('',#10271,1.);
#10271 = DIRECTION('',(-1.371434628377E-17,-0.998204845466,
    -5.989229072795E-02));
#10272 = PCURVE('',#9951,#10273);
#10273 = DEFINITIONAL_REPRESENTATION('',(#10274),#10278);
#10274 = LINE('',#10275,#10276);
#10275 = CARTESIAN_POINT('',(1.898270689235,-9.55));
#10276 = VECTOR('',#10277,1.);
#10277 = DIRECTION('',(-1.,4.622231866529E-33));
#10278 = ( GEOMETRIC_REPRESENTATION_CONTEXT(2) 
PARAMETRIC_REPRESENTATION_CONTEXT() REPRESENTATION_CONTEXT('2D SPACE',''
  ) );
#10279 = PCURVE('',#9825,#10280);
#10280 = DEFINITIONAL_REPRESENTATION('',(#10281),#10285);
#10281 = LINE('',#10282,#10283);
#10282 = CARTESIAN_POINT('',(2.494863,0.63630822));
#10283 = VECTOR('',#10284,1.);
#10284 = DIRECTION('',(-0.998204845466,5.989229072795E-02));
#10285 = ( GEOMETRIC_REPRESENTATION_CONTEXT(2) 
PARAMETRIC_REPRESENTATION_CONTEXT() REPRESENTATION_CONTEXT('2D SPACE',''
  ) );
#10286 = ADVANCED_FACE('',(#10287),#9825,.F.);
#10287 = FACE_BOUND('',#10288,.T.);
#10288 = EDGE_LOOP('',(#10289,#10310,#10311,#10312,#10313,#10336,#10364,
    #10392,#10420,#10441));
#10289 = ORIENTED_EDGE('',*,*,#10290,.F.);
#10290 = EDGE_CURVE('',#9810,#10089,#10291,.T.);
#10291 = SURFACE_CURVE('',#10292,(#10296,#10303),.PCURVE_S1.);
#10292 = LINE('',#10293,#10294);
#10293 = CARTESIAN_POINT('',(-2.265,-1.78,0.841614));
#10294 = VECTOR('',#10295,1.);
#10295 = DIRECTION('',(2.289834988289E-16,2.289834988289E-16,1.));
#10296 = PCURVE('',#9825,#10297);
#10297 = DEFINITIONAL_REPRESENTATION('',(#10298),#10302);
#10298 = LINE('',#10299,#10300);
#10299 = CARTESIAN_POINT('',(2.E-02,0.208386));
#10300 = VECTOR('',#10301,1.);
#10301 = DIRECTION('',(0.,-1.));
#10302 = ( GEOMETRIC_REPRESENTATION_CONTEXT(2) 
PARAMETRIC_REPRESENTATION_CONTEXT() REPRESENTATION_CONTEXT('2D SPACE',''
  ) );
#10303 = PCURVE('',#4099,#10304);
#10304 = DEFINITIONAL_REPRESENTATION('',(#10305),#10309);
#10305 = LINE('',#10306,#10307);
#10306 = CARTESIAN_POINT('',(-9.899494936612E-02,0.266614));
#10307 = VECTOR('',#10308,1.);
#10308 = DIRECTION('',(-2.958228394579E-31,1.));
#10309 = ( GEOMETRIC_REPRESENTATION_CONTEXT(2) 
PARAMETRIC_REPRESENTATION_CONTEXT() REPRESENTATION_CONTEXT('2D SPACE',''
  ) );
#10310 = ORIENTED_EDGE('',*,*,#9809,.T.);
#10311 = ORIENTED_EDGE('',*,*,#9963,.T.);
#10312 = ORIENTED_EDGE('',*,*,#10266,.F.);
#10313 = ORIENTED_EDGE('',*,*,#10314,.F.);
#10314 = EDGE_CURVE('',#10315,#10239,#10317,.T.);
#10315 = VERTEX_POINT('',#10316);
#10316 = CARTESIAN_POINT('',(-2.265,-0.6,0.33));
#10317 = SURFACE_CURVE('',#10318,(#10322,#10329),.PCURVE_S1.);
#10318 = LINE('',#10319,#10320);
#10319 = CARTESIAN_POINT('',(-2.265,0.694863,0.33));
#10320 = VECTOR('',#10321,1.);
#10321 = DIRECTION('',(-2.804146475864E-32,-1.,1.065228634467E-16));
#10322 = PCURVE('',#9825,#10323);
#10323 = DEFINITIONAL_REPRESENTATION('',(#10324),#10328);
#10324 = LINE('',#10325,#10326);
#10325 = CARTESIAN_POINT('',(2.494863,0.72));
#10326 = VECTOR('',#10327,1.);
#10327 = DIRECTION('',(-1.,1.224606353822E-16));
#10328 = ( GEOMETRIC_REPRESENTATION_CONTEXT(2) 
PARAMETRIC_REPRESENTATION_CONTEXT() REPRESENTATION_CONTEXT('2D SPACE',''
  ) );
#10329 = PCURVE('',#10254,#10330);
#10330 = DEFINITIONAL_REPRESENTATION('',(#10331),#10335);
#10331 = LINE('',#10332,#10333);
#10332 = CARTESIAN_POINT('',(9.35,1.294863));
#10333 = VECTOR('',#10334,1.);
#10334 = DIRECTION('',(9.031806508344E-47,-1.));
#10335 = ( GEOMETRIC_REPRESENTATION_CONTEXT(2) 
PARAMETRIC_REPRESENTATION_CONTEXT() REPRESENTATION_CONTEXT('2D SPACE',''
  ) );
#10336 = ORIENTED_EDGE('',*,*,#10337,.F.);
#10337 = EDGE_CURVE('',#10338,#10315,#10340,.T.);
#10338 = VERTEX_POINT('',#10339);
#10339 = CARTESIAN_POINT('',(-2.265,-0.6,0.69));
#10340 = SURFACE_CURVE('',#10341,(#10345,#10352),.PCURVE_S1.);
#10341 = LINE('',#10342,#10343);
#10342 = CARTESIAN_POINT('',(-2.265,-0.6,0.402847335292));
#10343 = VECTOR('',#10344,1.);
#10344 = DIRECTION('',(-2.289834988289E-16,-1.065228634467E-16,-1.));
#10345 = PCURVE('',#9825,#10346);
#10346 = DEFINITIONAL_REPRESENTATION('',(#10347),#10351);
#10347 = LINE('',#10348,#10349);
#10348 = CARTESIAN_POINT('',(1.2,0.647152664708));
#10349 = VECTOR('',#10350,1.);
#10350 = DIRECTION('',(1.224606353822E-16,1.));
#10351 = ( GEOMETRIC_REPRESENTATION_CONTEXT(2) 
PARAMETRIC_REPRESENTATION_CONTEXT() REPRESENTATION_CONTEXT('2D SPACE',''
  ) );
#10352 = PCURVE('',#10353,#10358);
#10353 = PLANE('',#10354);
#10354 = AXIS2_PLACEMENT_3D('',#10355,#10356,#10357);
#10355 = CARTESIAN_POINT('',(-19.12071951488,-0.6,0.48745549758));
#10356 = DIRECTION('',(-2.804146475864E-32,-1.,1.065228634467E-16));
#10357 = DIRECTION('',(-2.289834988289E-16,-1.065228634467E-16,-1.));
#10358 = DEFINITIONAL_REPRESENTATION('',(#10359),#10363);
#10359 = LINE('',#10360,#10361);
#10360 = CARTESIAN_POINT('',(8.460816228835E-02,16.855719514881));
#10361 = VECTOR('',#10362,1.);
#10362 = DIRECTION('',(1.,0.));
#10363 = ( GEOMETRIC_REPRESENTATION_CONTEXT(2) 
PARAMETRIC_REPRESENTATION_CONTEXT() REPRESENTATION_CONTEXT('2D SPACE',''
  ) );
#10364 = ORIENTED_EDGE('',*,*,#10365,.F.);
#10365 = EDGE_CURVE('',#10366,#10338,#10368,.T.);
#10366 = VERTEX_POINT('',#10367);
#10367 = CARTESIAN_POINT('',(-2.265,-0.7,0.69));
#10368 = SURFACE_CURVE('',#10369,(#10373,#10380),.PCURVE_S1.);
#10369 = LINE('',#10370,#10371);
#10370 = CARTESIAN_POINT('',(-2.265,7.493623042064E-02,0.69));
#10371 = VECTOR('',#10372,1.);
#10372 = DIRECTION('',(3.757481798336E-32,1.,-6.488950002326E-17));
#10373 = PCURVE('',#9825,#10374);
#10374 = DEFINITIONAL_REPRESENTATION('',(#10375),#10379);
#10375 = LINE('',#10376,#10377);
#10376 = CARTESIAN_POINT('',(1.874936230421,0.36));
#10377 = VECTOR('',#10378,1.);
#10378 = DIRECTION('',(1.,-1.640939988057E-16));
#10379 = ( GEOMETRIC_REPRESENTATION_CONTEXT(2) 
PARAMETRIC_REPRESENTATION_CONTEXT() REPRESENTATION_CONTEXT('2D SPACE',''
  ) );
#10380 = PCURVE('',#10381,#10386);
#10381 = PLANE('',#10382);
#10382 = AXIS2_PLACEMENT_3D('',#10383,#10384,#10385);
#10383 = CARTESIAN_POINT('',(-7.285,-0.6,0.69));
#10384 = DIRECTION('',(-2.289834988289E-16,-6.488950002326E-17,-1.));
#10385 = DIRECTION('',(-3.757481798336E-32,-1.,6.488950002326E-17));
#10386 = DEFINITIONAL_REPRESENTATION('',(#10387),#10391);
#10387 = LINE('',#10388,#10389);
#10388 = CARTESIAN_POINT('',(-0.674936230421,-5.02));
#10389 = VECTOR('',#10390,1.);
#10390 = DIRECTION('',(-1.,-2.736911063134E-48));
#10391 = ( GEOMETRIC_REPRESENTATION_CONTEXT(2) 
PARAMETRIC_REPRESENTATION_CONTEXT() REPRESENTATION_CONTEXT('2D SPACE',''
  ) );
#10392 = ORIENTED_EDGE('',*,*,#10393,.T.);
#10393 = EDGE_CURVE('',#10366,#10394,#10396,.T.);
#10394 = VERTEX_POINT('',#10395);
#10395 = CARTESIAN_POINT('',(-2.265,-1.1,0.72));
#10396 = SURFACE_CURVE('',#10397,(#10401,#10408),.PCURVE_S1.);
#10397 = LINE('',#10398,#10399);
#10398 = CARTESIAN_POINT('',(-2.265,-0.7,0.69));
#10399 = VECTOR('',#10400,1.);
#10400 = DIRECTION('',(1.71256640256E-17,-0.997199309888,
    7.478994824163E-02));
#10401 = PCURVE('',#9825,#10402);
#10402 = DEFINITIONAL_REPRESENTATION('',(#10403),#10407);
#10403 = LINE('',#10404,#10405);
#10404 = CARTESIAN_POINT('',(1.1,0.36));
#10405 = VECTOR('',#10406,1.);
#10406 = DIRECTION('',(-0.997199309888,-7.478994824163E-02));
#10407 = ( GEOMETRIC_REPRESENTATION_CONTEXT(2) 
PARAMETRIC_REPRESENTATION_CONTEXT() REPRESENTATION_CONTEXT('2D SPACE',''
  ) );
#10408 = PCURVE('',#10409,#10414);
#10409 = PLANE('',#10410);
#10410 = AXIS2_PLACEMENT_3D('',#10411,#10412,#10413);
#10411 = CARTESIAN_POINT('',(7.265,-0.7,0.69));
#10412 = DIRECTION('',(2.283421870081E-16,7.478994824163E-02,
    0.997199309888));
#10413 = DIRECTION('',(1.71256640256E-17,-0.997199309888,
    7.478994824163E-02));
#10414 = DEFINITIONAL_REPRESENTATION('',(#10415),#10419);
#10415 = LINE('',#10416,#10417);
#10416 = CARTESIAN_POINT('',(1.135708303306E-16,-9.53));
#10417 = VECTOR('',#10418,1.);
#10418 = DIRECTION('',(1.,-9.244463733059E-33));
#10419 = ( GEOMETRIC_REPRESENTATION_CONTEXT(2) 
PARAMETRIC_REPRESENTATION_CONTEXT() REPRESENTATION_CONTEXT('2D SPACE',''
  ) );
#10420 = ORIENTED_EDGE('',*,*,#10421,.T.);
#10421 = EDGE_CURVE('',#10394,#10112,#10422,.T.);
#10422 = SURFACE_CURVE('',#10423,(#10427,#10434),.PCURVE_S1.);
#10423 = LINE('',#10424,#10425);
#10424 = CARTESIAN_POINT('',(-2.265,-1.2,0.72));
#10425 = VECTOR('',#10426,1.);
#10426 = DIRECTION('',(-5.243344273594E-32,-1.,0.));
#10427 = PCURVE('',#9825,#10428);
#10428 = DEFINITIONAL_REPRESENTATION('',(#10429),#10433);
#10429 = LINE('',#10430,#10431);
#10430 = CARTESIAN_POINT('',(0.6,0.33));
#10431 = VECTOR('',#10432,1.);
#10432 = DIRECTION('',(-1.,2.289834988289E-16));
#10433 = ( GEOMETRIC_REPRESENTATION_CONTEXT(2) 
PARAMETRIC_REPRESENTATION_CONTEXT() REPRESENTATION_CONTEXT('2D SPACE',''
  ) );
#10434 = PCURVE('',#10150,#10435);
#10435 = DEFINITIONAL_REPRESENTATION('',(#10436),#10440);
#10436 = LINE('',#10437,#10438);
#10437 = CARTESIAN_POINT('',(-2.590322887359E-31,-5.02));
#10438 = VECTOR('',#10439,1.);
#10439 = DIRECTION('',(1.,-8.484424295717E-47));
#10440 = ( GEOMETRIC_REPRESENTATION_CONTEXT(2) 
PARAMETRIC_REPRESENTATION_CONTEXT() REPRESENTATION_CONTEXT('2D SPACE',''
  ) );
#10441 = ORIENTED_EDGE('',*,*,#10111,.T.);
#10442 = ADVANCED_FACE('',(#10443),#10353,.T.);
#10443 = FACE_BOUND('',#10444,.T.);
#10444 = EDGE_LOOP('',(#10445,#10468,#10491,#10512));
#10445 = ORIENTED_EDGE('',*,*,#10446,.F.);
#10446 = EDGE_CURVE('',#10447,#10315,#10449,.T.);
#10447 = VERTEX_POINT('',#10448);
#10448 = CARTESIAN_POINT('',(2.265,-0.6,0.33));
#10449 = SURFACE_CURVE('',#10450,(#10454,#10461),.PCURVE_S1.);
#10450 = LINE('',#10451,#10452);
#10451 = CARTESIAN_POINT('',(8.881784197001E-16,-0.6,0.33));
#10452 = VECTOR('',#10453,1.);
#10453 = DIRECTION('',(-1.,5.243344273594E-32,2.289834988289E-16));
#10454 = PCURVE('',#10353,#10455);
#10455 = DEFINITIONAL_REPRESENTATION('',(#10456),#10460);
#10456 = LINE('',#10457,#10458);
#10457 = CARTESIAN_POINT('',(0.15745549758,19.120719514881));
#10458 = VECTOR('',#10459,1.);
#10459 = DIRECTION('',(0.,-1.));
#10460 = ( GEOMETRIC_REPRESENTATION_CONTEXT(2) 
PARAMETRIC_REPRESENTATION_CONTEXT() REPRESENTATION_CONTEXT('2D SPACE',''
  ) );
#10461 = PCURVE('',#10254,#10462);
#10462 = DEFINITIONAL_REPRESENTATION('',(#10463),#10467);
#10463 = LINE('',#10464,#10465);
#10464 = CARTESIAN_POINT('',(7.085,-3.701567745039E-31));
#10465 = VECTOR('',#10466,1.);
#10466 = DIRECTION('',(1.,-2.736911063134E-48));
#10467 = ( GEOMETRIC_REPRESENTATION_CONTEXT(2) 
PARAMETRIC_REPRESENTATION_CONTEXT() REPRESENTATION_CONTEXT('2D SPACE',''
  ) );
#10468 = ORIENTED_EDGE('',*,*,#10469,.F.);
#10469 = EDGE_CURVE('',#10470,#10447,#10472,.T.);
#10470 = VERTEX_POINT('',#10471);
#10471 = CARTESIAN_POINT('',(2.265,-0.6,0.69));
#10472 = SURFACE_CURVE('',#10473,(#10477,#10484),.PCURVE_S1.);
#10473 = LINE('',#10474,#10475);
#10474 = CARTESIAN_POINT('',(2.265,-0.6,0.402847335292));
#10475 = VECTOR('',#10476,1.);
#10476 = DIRECTION('',(-2.289834988289E-16,-1.065228634467E-16,-1.));
#10477 = PCURVE('',#10353,#10478);
#10478 = DEFINITIONAL_REPRESENTATION('',(#10479),#10483);
#10479 = LINE('',#10480,#10481);
#10480 = CARTESIAN_POINT('',(8.460816228835E-02,21.385719514881));
#10481 = VECTOR('',#10482,1.);
#10482 = DIRECTION('',(1.,0.));
#10483 = ( GEOMETRIC_REPRESENTATION_CONTEXT(2) 
PARAMETRIC_REPRESENTATION_CONTEXT() REPRESENTATION_CONTEXT('2D SPACE',''
  ) );
#10484 = PCURVE('',#9896,#10485);
#10485 = DEFINITIONAL_REPRESENTATION('',(#10486),#10490);
#10486 = LINE('',#10487,#10488);
#10487 = CARTESIAN_POINT('',(1.2,0.647152664708));
#10488 = VECTOR('',#10489,1.);
#10489 = DIRECTION('',(1.224606353822E-16,1.));
#10490 = ( GEOMETRIC_REPRESENTATION_CONTEXT(2) 
PARAMETRIC_REPRESENTATION_CONTEXT() REPRESENTATION_CONTEXT('2D SPACE',''
  ) );
#10491 = ORIENTED_EDGE('',*,*,#10492,.T.);
#10492 = EDGE_CURVE('',#10470,#10338,#10493,.T.);
#10493 = SURFACE_CURVE('',#10494,(#10498,#10505),.PCURVE_S1.);
#10494 = LINE('',#10495,#10496);
#10495 = CARTESIAN_POINT('',(5.785,-0.6,0.69));
#10496 = VECTOR('',#10497,1.);
#10497 = DIRECTION('',(-1.,5.243344273594E-32,2.289834988289E-16));
#10498 = PCURVE('',#10353,#10499);
#10499 = DEFINITIONAL_REPRESENTATION('',(#10500),#10504);
#10500 = LINE('',#10501,#10502);
#10501 = CARTESIAN_POINT('',(-0.20254450242,24.905719514881));
#10502 = VECTOR('',#10503,1.);
#10503 = DIRECTION('',(0.,-1.));
#10504 = ( GEOMETRIC_REPRESENTATION_CONTEXT(2) 
PARAMETRIC_REPRESENTATION_CONTEXT() REPRESENTATION_CONTEXT('2D SPACE',''
  ) );
#10505 = PCURVE('',#10381,#10506);
#10506 = DEFINITIONAL_REPRESENTATION('',(#10507),#10511);
#10507 = LINE('',#10508,#10509);
#10508 = CARTESIAN_POINT('',(-6.856157768945E-31,-13.07));
#10509 = VECTOR('',#10510,1.);
#10510 = DIRECTION('',(-2.736911063134E-48,1.));
#10511 = ( GEOMETRIC_REPRESENTATION_CONTEXT(2) 
PARAMETRIC_REPRESENTATION_CONTEXT() REPRESENTATION_CONTEXT('2D SPACE',''
  ) );
#10512 = ORIENTED_EDGE('',*,*,#10337,.T.);
#10513 = ADVANCED_FACE('',(#10514),#4099,.F.);
#10514 = FACE_BOUND('',#10515,.T.);
#10515 = EDGE_LOOP('',(#10516,#10517,#10518,#10519,#10520,#10521));
#10516 = ORIENTED_EDGE('',*,*,#10088,.F.);
#10517 = ORIENTED_EDGE('',*,*,#10188,.T.);
#10518 = ORIENTED_EDGE('',*,*,#4083,.F.);
#10519 = ORIENTED_EDGE('',*,*,#6294,.F.);
#10520 = ORIENTED_EDGE('',*,*,#9837,.T.);
#10521 = ORIENTED_EDGE('',*,*,#10290,.T.);
#10522 = ADVANCED_FACE('',(#10523),#10254,.F.);
#10523 = FACE_BOUND('',#10524,.T.);
#10524 = EDGE_LOOP('',(#10525,#10526,#10547,#10548));
#10525 = ORIENTED_EDGE('',*,*,#10238,.F.);
#10526 = ORIENTED_EDGE('',*,*,#10527,.F.);
#10527 = EDGE_CURVE('',#10447,#10216,#10528,.T.);
#10528 = SURFACE_CURVE('',#10529,(#10533,#10540),.PCURVE_S1.);
#10529 = LINE('',#10530,#10531);
#10530 = CARTESIAN_POINT('',(2.265,0.694863,0.33));
#10531 = VECTOR('',#10532,1.);
#10532 = DIRECTION('',(-2.804146475864E-32,-1.,1.065228634467E-16));
#10533 = PCURVE('',#10254,#10534);
#10534 = DEFINITIONAL_REPRESENTATION('',(#10535),#10539);
#10535 = LINE('',#10536,#10537);
#10536 = CARTESIAN_POINT('',(4.82,1.294863));
#10537 = VECTOR('',#10538,1.);
#10538 = DIRECTION('',(9.031806508344E-47,-1.));
#10539 = ( GEOMETRIC_REPRESENTATION_CONTEXT(2) 
PARAMETRIC_REPRESENTATION_CONTEXT() REPRESENTATION_CONTEXT('2D SPACE',''
  ) );
#10540 = PCURVE('',#9896,#10541);
#10541 = DEFINITIONAL_REPRESENTATION('',(#10542),#10546);
#10542 = LINE('',#10543,#10544);
#10543 = CARTESIAN_POINT('',(2.494863,0.72));
#10544 = VECTOR('',#10545,1.);
#10545 = DIRECTION('',(-1.,1.224606353822E-16));
#10546 = ( GEOMETRIC_REPRESENTATION_CONTEXT(2) 
PARAMETRIC_REPRESENTATION_CONTEXT() REPRESENTATION_CONTEXT('2D SPACE',''
  ) );
#10547 = ORIENTED_EDGE('',*,*,#10446,.T.);
#10548 = ORIENTED_EDGE('',*,*,#10314,.T.);
#10549 = ADVANCED_FACE('',(#10550),#10150,.T.);
#10550 = FACE_BOUND('',#10551,.T.);
#10551 = EDGE_LOOP('',(#10552,#10553,#10554,#10577));
#10552 = ORIENTED_EDGE('',*,*,#10134,.F.);
#10553 = ORIENTED_EDGE('',*,*,#10421,.F.);
#10554 = ORIENTED_EDGE('',*,*,#10555,.F.);
#10555 = EDGE_CURVE('',#10556,#10394,#10558,.T.);
#10556 = VERTEX_POINT('',#10557);
#10557 = CARTESIAN_POINT('',(2.265,-1.1,0.72));
#10558 = SURFACE_CURVE('',#10559,(#10563,#10570),.PCURVE_S1.);
#10559 = LINE('',#10560,#10561);
#10560 = CARTESIAN_POINT('',(-5.735,-1.1,0.72));
#10561 = VECTOR('',#10562,1.);
#10562 = DIRECTION('',(-1.,5.243344273594E-32,2.289834988289E-16));
#10563 = PCURVE('',#10150,#10564);
#10564 = DEFINITIONAL_REPRESENTATION('',(#10565),#10569);
#10565 = LINE('',#10566,#10567);
#10566 = CARTESIAN_POINT('',(-1.E-01,-1.55));
#10567 = VECTOR('',#10568,1.);
#10568 = DIRECTION('',(9.031806508344E-47,1.));
#10569 = ( GEOMETRIC_REPRESENTATION_CONTEXT(2) 
PARAMETRIC_REPRESENTATION_CONTEXT() REPRESENTATION_CONTEXT('2D SPACE',''
  ) );
#10570 = PCURVE('',#10409,#10571);
#10571 = DEFINITIONAL_REPRESENTATION('',(#10572),#10576);
#10572 = LINE('',#10573,#10574);
#10573 = CARTESIAN_POINT('',(0.401123422403,-13.));
#10574 = VECTOR('',#10575,1.);
#10575 = DIRECTION('',(1.54074395551E-32,-1.));
#10576 = ( GEOMETRIC_REPRESENTATION_CONTEXT(2) 
PARAMETRIC_REPRESENTATION_CONTEXT() REPRESENTATION_CONTEXT('2D SPACE',''
  ) );
#10577 = ORIENTED_EDGE('',*,*,#10578,.F.);
#10578 = EDGE_CURVE('',#10135,#10556,#10579,.T.);
#10579 = SURFACE_CURVE('',#10580,(#10584,#10591),.PCURVE_S1.);
#10580 = LINE('',#10581,#10582);
#10581 = CARTESIAN_POINT('',(2.265,7.493623042064E-02,0.72));
#10582 = VECTOR('',#10583,1.);
#10583 = DIRECTION('',(2.804146475864E-32,1.,-1.065228634467E-16));
#10584 = PCURVE('',#10150,#10585);
#10585 = DEFINITIONAL_REPRESENTATION('',(#10586),#10590);
#10586 = LINE('',#10587,#10588);
#10587 = CARTESIAN_POINT('',(-1.274936230421,-9.55));
#10588 = VECTOR('',#10589,1.);
#10589 = DIRECTION('',(-1.,-2.736911063134E-48));
#10590 = ( GEOMETRIC_REPRESENTATION_CONTEXT(2) 
PARAMETRIC_REPRESENTATION_CONTEXT() REPRESENTATION_CONTEXT('2D SPACE',''
  ) );
#10591 = PCURVE('',#9896,#10592);
#10592 = DEFINITIONAL_REPRESENTATION('',(#10593),#10597);
#10593 = LINE('',#10594,#10595);
#10594 = CARTESIAN_POINT('',(1.874936230421,0.33));
#10595 = VECTOR('',#10596,1.);
#10596 = DIRECTION('',(1.,-1.224606353822E-16));
#10597 = ( GEOMETRIC_REPRESENTATION_CONTEXT(2) 
PARAMETRIC_REPRESENTATION_CONTEXT() REPRESENTATION_CONTEXT('2D SPACE',''
  ) );
#10598 = ADVANCED_FACE('',(#10599),#10409,.F.);
#10599 = FACE_BOUND('',#10600,.T.);
#10600 = EDGE_LOOP('',(#10601,#10624,#10645,#10646));
#10601 = ORIENTED_EDGE('',*,*,#10602,.F.);
#10602 = EDGE_CURVE('',#10603,#10366,#10605,.T.);
#10603 = VERTEX_POINT('',#10604);
#10604 = CARTESIAN_POINT('',(2.265,-0.7,0.69));
#10605 = SURFACE_CURVE('',#10606,(#10610,#10617),.PCURVE_S1.);
#10606 = LINE('',#10607,#10608);
#10607 = CARTESIAN_POINT('',(11.,-0.7,0.69));
#10608 = VECTOR('',#10609,1.);
#10609 = DIRECTION('',(-1.,5.243344273594E-32,2.289834988289E-16));
#10610 = PCURVE('',#10409,#10611);
#10611 = DEFINITIONAL_REPRESENTATION('',(#10612),#10616);
#10612 = LINE('',#10613,#10614);
#10613 = CARTESIAN_POINT('',(-2.462462903076E-18,3.735));
#10614 = VECTOR('',#10615,1.);
#10615 = DIRECTION('',(1.54074395551E-32,-1.));
#10616 = ( GEOMETRIC_REPRESENTATION_CONTEXT(2) 
PARAMETRIC_REPRESENTATION_CONTEXT() REPRESENTATION_CONTEXT('2D SPACE',''
  ) );
#10617 = PCURVE('',#10381,#10618);
#10618 = DEFINITIONAL_REPRESENTATION('',(#10619),#10623);
#10619 = LINE('',#10620,#10621);
#10620 = CARTESIAN_POINT('',(1.E-01,-18.285));
#10621 = VECTOR('',#10622,1.);
#10622 = DIRECTION('',(-2.736911063134E-48,1.));
#10623 = ( GEOMETRIC_REPRESENTATION_CONTEXT(2) 
PARAMETRIC_REPRESENTATION_CONTEXT() REPRESENTATION_CONTEXT('2D SPACE',''
  ) );
#10624 = ORIENTED_EDGE('',*,*,#10625,.T.);
#10625 = EDGE_CURVE('',#10603,#10556,#10626,.T.);
#10626 = SURFACE_CURVE('',#10627,(#10631,#10638),.PCURVE_S1.);
#10627 = LINE('',#10628,#10629);
#10628 = CARTESIAN_POINT('',(2.265,-0.7,0.69));
#10629 = VECTOR('',#10630,1.);
#10630 = DIRECTION('',(1.71256640256E-17,-0.997199309888,
    7.478994824163E-02));
#10631 = PCURVE('',#10409,#10632);
#10632 = DEFINITIONAL_REPRESENTATION('',(#10633),#10637);
#10633 = LINE('',#10634,#10635);
#10634 = CARTESIAN_POINT('',(-2.594797579637E-18,-5.));
#10635 = VECTOR('',#10636,1.);
#10636 = DIRECTION('',(1.,-9.244463733059E-33));
#10637 = ( GEOMETRIC_REPRESENTATION_CONTEXT(2) 
PARAMETRIC_REPRESENTATION_CONTEXT() REPRESENTATION_CONTEXT('2D SPACE',''
  ) );
#10638 = PCURVE('',#9896,#10639);
#10639 = DEFINITIONAL_REPRESENTATION('',(#10640),#10644);
#10640 = LINE('',#10641,#10642);
#10641 = CARTESIAN_POINT('',(1.1,0.36));
#10642 = VECTOR('',#10643,1.);
#10643 = DIRECTION('',(-0.997199309888,-7.478994824163E-02));
#10644 = ( GEOMETRIC_REPRESENTATION_CONTEXT(2) 
PARAMETRIC_REPRESENTATION_CONTEXT() REPRESENTATION_CONTEXT('2D SPACE',''
  ) );
#10645 = ORIENTED_EDGE('',*,*,#10555,.T.);
#10646 = ORIENTED_EDGE('',*,*,#10393,.F.);
#10647 = ADVANCED_FACE('',(#10648),#10381,.T.);
#10648 = FACE_BOUND('',#10649,.T.);
#10649 = EDGE_LOOP('',(#10650,#10651,#10672,#10673));
#10650 = ORIENTED_EDGE('',*,*,#10492,.F.);
#10651 = ORIENTED_EDGE('',*,*,#10652,.F.);
#10652 = EDGE_CURVE('',#10603,#10470,#10653,.T.);
#10653 = SURFACE_CURVE('',#10654,(#10658,#10665),.PCURVE_S1.);
#10654 = LINE('',#10655,#10656);
#10655 = CARTESIAN_POINT('',(2.265,7.493623042064E-02,0.69));
#10656 = VECTOR('',#10657,1.);
#10657 = DIRECTION('',(3.757481798336E-32,1.,-6.488950002326E-17));
#10658 = PCURVE('',#10381,#10659);
#10659 = DEFINITIONAL_REPRESENTATION('',(#10660),#10664);
#10660 = LINE('',#10661,#10662);
#10661 = CARTESIAN_POINT('',(-0.674936230421,-9.55));
#10662 = VECTOR('',#10663,1.);
#10663 = DIRECTION('',(-1.,-2.736911063134E-48));
#10664 = ( GEOMETRIC_REPRESENTATION_CONTEXT(2) 
PARAMETRIC_REPRESENTATION_CONTEXT() REPRESENTATION_CONTEXT('2D SPACE',''
  ) );
#10665 = PCURVE('',#9896,#10666);
#10666 = DEFINITIONAL_REPRESENTATION('',(#10667),#10671);
#10667 = LINE('',#10668,#10669);
#10668 = CARTESIAN_POINT('',(1.874936230421,0.36));
#10669 = VECTOR('',#10670,1.);
#10670 = DIRECTION('',(1.,-1.640939988057E-16));
#10671 = ( GEOMETRIC_REPRESENTATION_CONTEXT(2) 
PARAMETRIC_REPRESENTATION_CONTEXT() REPRESENTATION_CONTEXT('2D SPACE',''
  ) );
#10672 = ORIENTED_EDGE('',*,*,#10602,.T.);
#10673 = ORIENTED_EDGE('',*,*,#10365,.T.);
#10674 = ADVANCED_FACE('',(#10675),#9896,.T.);
#10675 = FACE_BOUND('',#10676,.T.);
#10676 = EDGE_LOOP('',(#10677,#10678,#10679,#10680,#10681,#10682,#10683,
    #10684,#10685,#10686));
#10677 = ORIENTED_EDGE('',*,*,#10162,.F.);
#10678 = ORIENTED_EDGE('',*,*,#10578,.T.);
#10679 = ORIENTED_EDGE('',*,*,#10625,.F.);
#10680 = ORIENTED_EDGE('',*,*,#10652,.T.);
#10681 = ORIENTED_EDGE('',*,*,#10469,.T.);
#10682 = ORIENTED_EDGE('',*,*,#10527,.T.);
#10683 = ORIENTED_EDGE('',*,*,#10215,.T.);
#10684 = ORIENTED_EDGE('',*,*,#9912,.F.);
#10685 = ORIENTED_EDGE('',*,*,#9882,.F.);
#10686 = ORIENTED_EDGE('',*,*,#10017,.F.);
#10687 = ADVANCED_FACE('',(#10688),#6560,.F.);
#10688 = FACE_BOUND('',#10689,.F.);
#10689 = EDGE_LOOP('',(#10690,#10691,#10710,#10711));
#10690 = ORIENTED_EDGE('',*,*,#6542,.F.);
#10691 = ORIENTED_EDGE('',*,*,#10692,.T.);
#10692 = EDGE_CURVE('',#6543,#6775,#10693,.T.);
#10693 = SURFACE_CURVE('',#10694,(#10697,#10704),.PCURVE_S1.);
#10694 = B_SPLINE_CURVE_WITH_KNOTS('',1,(#10695,#10696),.UNSPECIFIED.,
  .F.,.F.,(2,2),(0.,1.),.PIECEWISE_BEZIER_KNOTS.);
#10695 = CARTESIAN_POINT('',(1.825,1.,0.31));
#10696 = CARTESIAN_POINT('',(1.675,1.,0.31));
#10697 = PCURVE('',#6560,#10698);
#10698 = DEFINITIONAL_REPRESENTATION('',(#10699),#10703);
#10699 = LINE('',#10700,#10701);
#10700 = CARTESIAN_POINT('',(-0.531614,0.));
#10701 = VECTOR('',#10702,1.);
#10702 = DIRECTION('',(0.,1.));
#10703 = ( GEOMETRIC_REPRESENTATION_CONTEXT(2) 
PARAMETRIC_REPRESENTATION_CONTEXT() REPRESENTATION_CONTEXT('2D SPACE',''
  ) );
#10704 = PCURVE('',#3580,#10705);
#10705 = DEFINITIONAL_REPRESENTATION('',(#10706),#10709);
#10706 = B_SPLINE_CURVE_WITH_KNOTS('',1,(#10707,#10708),.UNSPECIFIED.,
  .F.,.F.,(2,2),(0.,1.),.PIECEWISE_BEZIER_KNOTS.);
#10707 = CARTESIAN_POINT('',(-0.305137,0.170577617329));
#10708 = CARTESIAN_POINT('',(-0.305137,0.197653429603));
#10709 = ( GEOMETRIC_REPRESENTATION_CONTEXT(2) 
PARAMETRIC_REPRESENTATION_CONTEXT() REPRESENTATION_CONTEXT('2D SPACE',''
  ) );
#10710 = ORIENTED_EDGE('',*,*,#6774,.T.);
#10711 = ORIENTED_EDGE('',*,*,#7792,.T.);
#10712 = ADVANCED_FACE('',(#10713),#6911,.F.);
#10713 = FACE_BOUND('',#10714,.F.);
#10714 = EDGE_LOOP('',(#10715,#10716,#10735,#10736));
#10715 = ORIENTED_EDGE('',*,*,#6895,.T.);
#10716 = ORIENTED_EDGE('',*,*,#10717,.T.);
#10717 = EDGE_CURVE('',#6896,#7088,#10718,.T.);
#10718 = SURFACE_CURVE('',#10719,(#10722,#10728),.PCURVE_S1.);
#10719 = B_SPLINE_CURVE_WITH_KNOTS('',1,(#10720,#10721),.UNSPECIFIED.,
  .F.,.F.,(2,2),(0.,1.),.PIECEWISE_BEZIER_KNOTS.);
#10720 = CARTESIAN_POINT('',(2.77,1.,0.31));
#10721 = CARTESIAN_POINT('',(-2.77,1.,0.31));
#10722 = PCURVE('',#6911,#10723);
#10723 = DEFINITIONAL_REPRESENTATION('',(#10724),#10727);
#10724 = B_SPLINE_CURVE_WITH_KNOTS('',1,(#10725,#10726),.UNSPECIFIED.,
  .F.,.F.,(2,2),(0.26083032491,0.287906137184),
  .PIECEWISE_BEZIER_KNOTS.);
#10725 = CARTESIAN_POINT('',(-0.531614,0.));
#10726 = CARTESIAN_POINT('',(-0.531614,1.));
#10727 = ( GEOMETRIC_REPRESENTATION_CONTEXT(2) 
PARAMETRIC_REPRESENTATION_CONTEXT() REPRESENTATION_CONTEXT('2D SPACE',''
  ) );
#10728 = PCURVE('',#3580,#10729);
#10729 = DEFINITIONAL_REPRESENTATION('',(#10730),#10734);
#10730 = LINE('',#10731,#10732);
#10731 = CARTESIAN_POINT('',(-0.305137,0.));
#10732 = VECTOR('',#10733,1.);
#10733 = DIRECTION('',(0.,1.));
#10734 = ( GEOMETRIC_REPRESENTATION_CONTEXT(2) 
PARAMETRIC_REPRESENTATION_CONTEXT() REPRESENTATION_CONTEXT('2D SPACE',''
  ) );
#10735 = ORIENTED_EDGE('',*,*,#7087,.T.);
#10736 = ORIENTED_EDGE('',*,*,#7874,.T.);
#10737 = ADVANCED_FACE('',(#10738),#7224,.F.);
#10738 = FACE_BOUND('',#10739,.F.);
#10739 = EDGE_LOOP('',(#10740,#10741,#10760,#10761));
#10740 = ORIENTED_EDGE('',*,*,#7208,.F.);
#10741 = ORIENTED_EDGE('',*,*,#10742,.T.);
#10742 = EDGE_CURVE('',#7209,#7330,#10743,.T.);
#10743 = SURFACE_CURVE('',#10744,(#10747,#10754),.PCURVE_S1.);
#10744 = B_SPLINE_CURVE_WITH_KNOTS('',1,(#10745,#10746),.UNSPECIFIED.,
  .F.,.F.,(2,2),(0.,1.),.PIECEWISE_BEZIER_KNOTS.);
#10745 = CARTESIAN_POINT('',(0.825,1.,0.31));
#10746 = CARTESIAN_POINT('',(0.675,1.,0.31));
#10747 = PCURVE('',#7224,#10748);
#10748 = DEFINITIONAL_REPRESENTATION('',(#10749),#10753);
#10749 = LINE('',#10750,#10751);
#10750 = CARTESIAN_POINT('',(-0.531614,0.));
#10751 = VECTOR('',#10752,1.);
#10752 = DIRECTION('',(0.,1.));
#10753 = ( GEOMETRIC_REPRESENTATION_CONTEXT(2) 
PARAMETRIC_REPRESENTATION_CONTEXT() REPRESENTATION_CONTEXT('2D SPACE',''
  ) );
#10754 = PCURVE('',#3580,#10755);
#10755 = DEFINITIONAL_REPRESENTATION('',(#10756),#10759);
#10756 = B_SPLINE_CURVE_WITH_KNOTS('',1,(#10757,#10758),.UNSPECIFIED.,
  .F.,.F.,(2,2),(0.,1.),.PIECEWISE_BEZIER_KNOTS.);
#10757 = CARTESIAN_POINT('',(-0.305137,0.351083032491));
#10758 = CARTESIAN_POINT('',(-0.305137,0.378158844765));
#10759 = ( GEOMETRIC_REPRESENTATION_CONTEXT(2) 
PARAMETRIC_REPRESENTATION_CONTEXT() REPRESENTATION_CONTEXT('2D SPACE',''
  ) );
#10760 = ORIENTED_EDGE('',*,*,#7329,.T.);
#10761 = ORIENTED_EDGE('',*,*,#7956,.T.);
#10762 = ADVANCED_FACE('',(#10763),#7466,.F.);
#10763 = FACE_BOUND('',#10764,.F.);
#10764 = EDGE_LOOP('',(#10765,#10766,#10785,#10786));
#10765 = ORIENTED_EDGE('',*,*,#7450,.F.);
#10766 = ORIENTED_EDGE('',*,*,#10767,.T.);
#10767 = EDGE_CURVE('',#7451,#7501,#10768,.T.);
#10768 = SURFACE_CURVE('',#10769,(#10772,#10778),.PCURVE_S1.);
#10769 = B_SPLINE_CURVE_WITH_KNOTS('',1,(#10770,#10771),.UNSPECIFIED.,
  .F.,.F.,(2,2),(0.,1.),.PIECEWISE_BEZIER_KNOTS.);
#10770 = CARTESIAN_POINT('',(2.77,1.,0.31));
#10771 = CARTESIAN_POINT('',(-2.77,1.,0.31));
#10772 = PCURVE('',#7466,#10773);
#10773 = DEFINITIONAL_REPRESENTATION('',(#10774),#10777);
#10774 = B_SPLINE_CURVE_WITH_KNOTS('',1,(#10775,#10776),.UNSPECIFIED.,
  .F.,.F.,(2,2),(0.441335740072,0.468411552347),
  .PIECEWISE_BEZIER_KNOTS.);
#10775 = CARTESIAN_POINT('',(-0.531614,0.));
#10776 = CARTESIAN_POINT('',(-0.531614,1.));
#10777 = ( GEOMETRIC_REPRESENTATION_CONTEXT(2) 
PARAMETRIC_REPRESENTATION_CONTEXT() REPRESENTATION_CONTEXT('2D SPACE',''
  ) );
#10778 = PCURVE('',#3580,#10779);
#10779 = DEFINITIONAL_REPRESENTATION('',(#10780),#10784);
#10780 = LINE('',#10781,#10782);
#10781 = CARTESIAN_POINT('',(-0.305137,0.));
#10782 = VECTOR('',#10783,1.);
#10783 = DIRECTION('',(0.,1.));
#10784 = ( GEOMETRIC_REPRESENTATION_CONTEXT(2) 
PARAMETRIC_REPRESENTATION_CONTEXT() REPRESENTATION_CONTEXT('2D SPACE',''
  ) );
#10785 = ORIENTED_EDGE('',*,*,#7500,.T.);
#10786 = ORIENTED_EDGE('',*,*,#8038,.T.);
#10787 = ADVANCED_FACE('',(#10788),#7637,.F.);
#10788 = FACE_BOUND('',#10789,.F.);
#10789 = EDGE_LOOP('',(#10790,#10791,#10810,#10811));
#10790 = ORIENTED_EDGE('',*,*,#7621,.F.);
#10791 = ORIENTED_EDGE('',*,*,#10792,.T.);
#10792 = EDGE_CURVE('',#7622,#8268,#10793,.T.);
#10793 = SURFACE_CURVE('',#10794,(#10797,#10804),.PCURVE_S1.);
#10794 = B_SPLINE_CURVE_WITH_KNOTS('',1,(#10795,#10796),.UNSPECIFIED.,
  .F.,.F.,(2,2),(0.,1.),.PIECEWISE_BEZIER_KNOTS.);
#10795 = CARTESIAN_POINT('',(-0.175,1.,0.31));
#10796 = CARTESIAN_POINT('',(-0.325,1.,0.31));
#10797 = PCURVE('',#7637,#10798);
#10798 = DEFINITIONAL_REPRESENTATION('',(#10799),#10803);
#10799 = LINE('',#10800,#10801);
#10800 = CARTESIAN_POINT('',(-0.531614,0.));
#10801 = VECTOR('',#10802,1.);
#10802 = DIRECTION('',(0.,1.));
#10803 = ( GEOMETRIC_REPRESENTATION_CONTEXT(2) 
PARAMETRIC_REPRESENTATION_CONTEXT() REPRESENTATION_CONTEXT('2D SPACE',''
  ) );
#10804 = PCURVE('',#3580,#10805);
#10805 = DEFINITIONAL_REPRESENTATION('',(#10806),#10809);
#10806 = B_SPLINE_CURVE_WITH_KNOTS('',1,(#10807,#10808),.UNSPECIFIED.,
  .F.,.F.,(2,2),(0.,1.),.PIECEWISE_BEZIER_KNOTS.);
#10807 = CARTESIAN_POINT('',(-0.305137,0.531588447653));
#10808 = CARTESIAN_POINT('',(-0.305137,0.558664259928));
#10809 = ( GEOMETRIC_REPRESENTATION_CONTEXT(2) 
PARAMETRIC_REPRESENTATION_CONTEXT() REPRESENTATION_CONTEXT('2D SPACE',''
  ) );
#10810 = ORIENTED_EDGE('',*,*,#8267,.T.);
#10811 = ORIENTED_EDGE('',*,*,#8215,.T.);
#10812 = ADVANCED_FACE('',(#10813),#8360,.F.);
#10813 = FACE_BOUND('',#10814,.F.);
#10814 = EDGE_LOOP('',(#10815,#10816,#10835,#10836));
#10815 = ORIENTED_EDGE('',*,*,#8344,.T.);
#10816 = ORIENTED_EDGE('',*,*,#10817,.T.);
#10817 = EDGE_CURVE('',#8345,#8564,#10818,.T.);
#10818 = SURFACE_CURVE('',#10819,(#10822,#10829),.PCURVE_S1.);
#10819 = B_SPLINE_CURVE_WITH_KNOTS('',1,(#10820,#10821),.UNSPECIFIED.,
  .F.,.F.,(2,2),(0.,1.),.PIECEWISE_BEZIER_KNOTS.);
#10820 = CARTESIAN_POINT('',(-0.675,1.,0.31));
#10821 = CARTESIAN_POINT('',(-0.825,1.,0.31));
#10822 = PCURVE('',#8360,#10823);
#10823 = DEFINITIONAL_REPRESENTATION('',(#10824),#10828);
#10824 = LINE('',#10825,#10826);
#10825 = CARTESIAN_POINT('',(-0.531614,0.));
#10826 = VECTOR('',#10827,1.);
#10827 = DIRECTION('',(0.,1.));
#10828 = ( GEOMETRIC_REPRESENTATION_CONTEXT(2) 
PARAMETRIC_REPRESENTATION_CONTEXT() REPRESENTATION_CONTEXT('2D SPACE',''
  ) );
#10829 = PCURVE('',#3580,#10830);
#10830 = DEFINITIONAL_REPRESENTATION('',(#10831),#10834);
#10831 = B_SPLINE_CURVE_WITH_KNOTS('',1,(#10832,#10833),.UNSPECIFIED.,
  .F.,.F.,(2,2),(0.,1.),.PIECEWISE_BEZIER_KNOTS.);
#10832 = CARTESIAN_POINT('',(-0.305137,0.621841155235));
#10833 = CARTESIAN_POINT('',(-0.305137,0.648916967509));
#10834 = ( GEOMETRIC_REPRESENTATION_CONTEXT(2) 
PARAMETRIC_REPRESENTATION_CONTEXT() REPRESENTATION_CONTEXT('2D SPACE',''
  ) );
#10835 = ORIENTED_EDGE('',*,*,#8563,.T.);
#10836 = ORIENTED_EDGE('',*,*,#8512,.F.);
#10837 = ADVANCED_FACE('',(#10838),#8676,.F.);
#10838 = FACE_BOUND('',#10839,.F.);
#10839 = EDGE_LOOP('',(#10840,#10841,#10860,#10861));
#10840 = ORIENTED_EDGE('',*,*,#8660,.F.);
#10841 = ORIENTED_EDGE('',*,*,#10842,.T.);
#10842 = EDGE_CURVE('',#8661,#8915,#10843,.T.);
#10843 = SURFACE_CURVE('',#10844,(#10847,#10854),.PCURVE_S1.);
#10844 = B_SPLINE_CURVE_WITH_KNOTS('',1,(#10845,#10846),.UNSPECIFIED.,
  .F.,.F.,(2,2),(0.,1.),.PIECEWISE_BEZIER_KNOTS.);
#10845 = CARTESIAN_POINT('',(-1.175,1.,0.31));
#10846 = CARTESIAN_POINT('',(-1.325,1.,0.31));
#10847 = PCURVE('',#8676,#10848);
#10848 = DEFINITIONAL_REPRESENTATION('',(#10849),#10853);
#10849 = LINE('',#10850,#10851);
#10850 = CARTESIAN_POINT('',(-0.531614,0.));
#10851 = VECTOR('',#10852,1.);
#10852 = DIRECTION('',(0.,1.));
#10853 = ( GEOMETRIC_REPRESENTATION_CONTEXT(2) 
PARAMETRIC_REPRESENTATION_CONTEXT() REPRESENTATION_CONTEXT('2D SPACE',''
  ) );
#10854 = PCURVE('',#3580,#10855);
#10855 = DEFINITIONAL_REPRESENTATION('',(#10856),#10859);
#10856 = B_SPLINE_CURVE_WITH_KNOTS('',1,(#10857,#10858),.UNSPECIFIED.,
  .F.,.F.,(2,2),(0.,1.),.PIECEWISE_BEZIER_KNOTS.);
#10857 = CARTESIAN_POINT('',(-0.305137,0.712093862816));
#10858 = CARTESIAN_POINT('',(-0.305137,0.73916967509));
#10859 = ( GEOMETRIC_REPRESENTATION_CONTEXT(2) 
PARAMETRIC_REPRESENTATION_CONTEXT() REPRESENTATION_CONTEXT('2D SPACE',''
  ) );
#10860 = ORIENTED_EDGE('',*,*,#8914,.T.);
#10861 = ORIENTED_EDGE('',*,*,#8766,.T.);
#10862 = ADVANCED_FACE('',(#10863),#4420,.F.);
#10863 = FACE_BOUND('',#10864,.F.);
#10864 = EDGE_LOOP('',(#10865,#10866,#10885,#10886));
#10865 = ORIENTED_EDGE('',*,*,#8986,.F.);
#10866 = ORIENTED_EDGE('',*,*,#10867,.T.);
#10867 = EDGE_CURVE('',#8987,#4403,#10868,.T.);
#10868 = SURFACE_CURVE('',#10869,(#10872,#10879),.PCURVE_S1.);
#10869 = B_SPLINE_CURVE_WITH_KNOTS('',1,(#10870,#10871),.UNSPECIFIED.,
  .F.,.F.,(2,2),(0.,1.),.PIECEWISE_BEZIER_KNOTS.);
#10870 = CARTESIAN_POINT('',(-1.675,1.,0.31));
#10871 = CARTESIAN_POINT('',(-1.825,1.,0.31));
#10872 = PCURVE('',#4420,#10873);
#10873 = DEFINITIONAL_REPRESENTATION('',(#10874),#10878);
#10874 = LINE('',#10875,#10876);
#10875 = CARTESIAN_POINT('',(-0.531614,0.));
#10876 = VECTOR('',#10877,1.);
#10877 = DIRECTION('',(0.,1.));
#10878 = ( GEOMETRIC_REPRESENTATION_CONTEXT(2) 
PARAMETRIC_REPRESENTATION_CONTEXT() REPRESENTATION_CONTEXT('2D SPACE',''
  ) );
#10879 = PCURVE('',#3580,#10880);
#10880 = DEFINITIONAL_REPRESENTATION('',(#10881),#10884);
#10881 = B_SPLINE_CURVE_WITH_KNOTS('',1,(#10882,#10883),.UNSPECIFIED.,
  .F.,.F.,(2,2),(0.,1.),.PIECEWISE_BEZIER_KNOTS.);
#10882 = CARTESIAN_POINT('',(-0.305137,0.802346570397));
#10883 = CARTESIAN_POINT('',(-0.305137,0.829422382671));
#10884 = ( GEOMETRIC_REPRESENTATION_CONTEXT(2) 
PARAMETRIC_REPRESENTATION_CONTEXT() REPRESENTATION_CONTEXT('2D SPACE',''
  ) );
#10885 = ORIENTED_EDGE('',*,*,#4402,.T.);
#10886 = ORIENTED_EDGE('',*,*,#9125,.F.);
#10887 = ADVANCED_FACE('',(#10888),#9588,.F.);
#10888 = FACE_BOUND('',#10889,.F.);
#10889 = EDGE_LOOP('',(#10890,#10891,#10892,#10893));
#10890 = ORIENTED_EDGE('',*,*,#9644,.F.);
#10891 = ORIENTED_EDGE('',*,*,#9570,.F.);
#10892 = ORIENTED_EDGE('',*,*,#9599,.T.);
#10893 = ORIENTED_EDGE('',*,*,#9622,.F.);
#10894 = ADVANCED_FACE('',(#10895),#6031,.F.);
#10895 = FACE_BOUND('',#10896,.F.);
#10896 = EDGE_LOOP('',(#10897,#10898,#10899,#10900));
#10897 = ORIENTED_EDGE('',*,*,#6065,.T.);
#10898 = ORIENTED_EDGE('',*,*,#6088,.F.);
#10899 = ORIENTED_EDGE('',*,*,#6013,.F.);
#10900 = ORIENTED_EDGE('',*,*,#6043,.F.);
#10901 = ADVANCED_FACE('',(#10902),#3580,.F.);
#10902 = FACE_BOUND('',#10903,.F.);
#10903 = EDGE_LOOP('',(#10904,#10905,#10930,#10931,#10932,#10933,#10934,
    #10935,#10936,#10937,#10938,#10939,#10940,#10941,#10942,#10943,
    #10944,#10945,#10946,#10947));
#10904 = ORIENTED_EDGE('',*,*,#3564,.T.);
#10905 = ORIENTED_EDGE('',*,*,#10906,.T.);
#10906 = EDGE_CURVE('',#3565,#4641,#10907,.T.);
#10907 = SURFACE_CURVE('',#10908,(#10911,#10918),.PCURVE_S1.);
#10908 = B_SPLINE_CURVE_WITH_KNOTS('',1,(#10909,#10910),.UNSPECIFIED.,
  .F.,.F.,(2,2),(0.,1.),.PIECEWISE_BEZIER_KNOTS.);
#10909 = CARTESIAN_POINT('',(2.77,0.9,0.31));
#10910 = CARTESIAN_POINT('',(-2.77,0.9,0.31));
#10911 = PCURVE('',#3580,#10912);
#10912 = DEFINITIONAL_REPRESENTATION('',(#10913),#10917);
#10913 = LINE('',#10914,#10915);
#10914 = CARTESIAN_POINT('',(-0.205137,0.));
#10915 = VECTOR('',#10916,1.);
#10916 = DIRECTION('',(0.,1.));
#10917 = ( GEOMETRIC_REPRESENTATION_CONTEXT(2) 
PARAMETRIC_REPRESENTATION_CONTEXT() REPRESENTATION_CONTEXT('2D SPACE',''
  ) );
#10918 = PCURVE('',#10919,#10924);
#10919 = B_SPLINE_SURFACE_WITH_KNOTS('',1,1,(
    (#10920,#10921)
    ,(#10922,#10923
    )),.UNSPECIFIED.,.F.,.F.,.F.,(2,2),(2,2),(-0.205137,0.234863),(0.,1.
    ),.PIECEWISE_BEZIER_KNOTS.);
#10920 = CARTESIAN_POINT('',(2.77,0.9,0.31));
#10921 = CARTESIAN_POINT('',(-2.77,0.9,0.31));
#10922 = CARTESIAN_POINT('',(2.77,0.46,0.31));
#10923 = CARTESIAN_POINT('',(-2.77,0.46,0.31));
#10924 = DEFINITIONAL_REPRESENTATION('',(#10925),#10929);
#10925 = LINE('',#10926,#10927);
#10926 = CARTESIAN_POINT('',(-0.205137,0.));
#10927 = VECTOR('',#10928,1.);
#10928 = DIRECTION('',(0.,1.));
#10929 = ( GEOMETRIC_REPRESENTATION_CONTEXT(2) 
PARAMETRIC_REPRESENTATION_CONTEXT() REPRESENTATION_CONTEXT('2D SPACE',''
  ) );
#10930 = ORIENTED_EDGE('',*,*,#4640,.F.);
#10931 = ORIENTED_EDGE('',*,*,#4618,.F.);
#10932 = ORIENTED_EDGE('',*,*,#10867,.F.);
#10933 = ORIENTED_EDGE('',*,*,#9009,.F.);
#10934 = ORIENTED_EDGE('',*,*,#10842,.F.);
#10935 = ORIENTED_EDGE('',*,*,#8688,.F.);
#10936 = ORIENTED_EDGE('',*,*,#10817,.F.);
#10937 = ORIENTED_EDGE('',*,*,#8372,.F.);
#10938 = ORIENTED_EDGE('',*,*,#10792,.F.);
#10939 = ORIENTED_EDGE('',*,*,#7649,.F.);
#10940 = ORIENTED_EDGE('',*,*,#10767,.F.);
#10941 = ORIENTED_EDGE('',*,*,#7478,.F.);
#10942 = ORIENTED_EDGE('',*,*,#10742,.F.);
#10943 = ORIENTED_EDGE('',*,*,#7236,.F.);
#10944 = ORIENTED_EDGE('',*,*,#10717,.F.);
#10945 = ORIENTED_EDGE('',*,*,#6923,.F.);
#10946 = ORIENTED_EDGE('',*,*,#10692,.F.);
#10947 = ORIENTED_EDGE('',*,*,#6572,.F.);
#10948 = ADVANCED_FACE('',(#10949),#4364,.T.);
#10949 = FACE_BOUND('',#10950,.T.);
#10950 = EDGE_LOOP('',(#10951,#10981,#11002,#11003,#11004,#11005,#11006,
    #11007));
#10951 = ORIENTED_EDGE('',*,*,#10952,.F.);
#10952 = EDGE_CURVE('',#10953,#10955,#10957,.T.);
#10953 = VERTEX_POINT('',#10954);
#10954 = CARTESIAN_POINT('',(-2.77,0.46,0.84));
#10955 = VERTEX_POINT('',#10956);
#10956 = CARTESIAN_POINT('',(2.77,0.46,0.84));
#10957 = SURFACE_CURVE('',#10958,(#10962,#10969),.PCURVE_S1.);
#10958 = LINE('',#10959,#10960);
#10959 = CARTESIAN_POINT('',(-1.,0.46,0.84));
#10960 = VECTOR('',#10961,1.);
#10961 = DIRECTION('',(1.,0.,-2.3E-16));
#10962 = PCURVE('',#4364,#10963);
#10963 = DEFINITIONAL_REPRESENTATION('',(#10964),#10968);
#10964 = LINE('',#10965,#10966);
#10965 = CARTESIAN_POINT('',(0.53,-3.825));
#10966 = VECTOR('',#10967,1.);
#10967 = DIRECTION('',(0.,-1.));
#10968 = ( GEOMETRIC_REPRESENTATION_CONTEXT(2) 
PARAMETRIC_REPRESENTATION_CONTEXT() REPRESENTATION_CONTEXT('2D SPACE',''
  ) );
#10969 = PCURVE('',#10970,#10976);
#10970 = SURFACE_OF_LINEAR_EXTRUSION('',#10971,#10974);
#10971 = B_SPLINE_CURVE_WITH_KNOTS('',1,(#10972,#10973),.UNSPECIFIED.,
  .F.,.F.,(2,2),(0.,1.),.PIECEWISE_BEZIER_KNOTS.);
#10972 = CARTESIAN_POINT('',(2.77,0.46,0.84));
#10973 = CARTESIAN_POINT('',(-2.77,0.46,0.84));
#10974 = VECTOR('',#10975,1.);
#10975 = DIRECTION('',(0.,2.094760423821E-16,1.));
#10976 = DEFINITIONAL_REPRESENTATION('',(#10977),#10980);
#10977 = B_SPLINE_CURVE_WITH_KNOTS('',1,(#10978,#10979),.UNSPECIFIED.,
  .F.,.F.,(2,2),(-1.77,3.77),.PIECEWISE_BEZIER_KNOTS.);
#10978 = CARTESIAN_POINT('',(1.,0.));
#10979 = CARTESIAN_POINT('',(0.,0.));
#10980 = ( GEOMETRIC_REPRESENTATION_CONTEXT(2) 
PARAMETRIC_REPRESENTATION_CONTEXT() REPRESENTATION_CONTEXT('2D SPACE',''
  ) );
#10981 = ORIENTED_EDGE('',*,*,#10982,.T.);
#10982 = EDGE_CURVE('',#10953,#4690,#10983,.T.);
#10983 = SURFACE_CURVE('',#10984,(#10988,#10995),.PCURVE_S1.);
#10984 = LINE('',#10985,#10986);
#10985 = CARTESIAN_POINT('',(-2.77,0.694863,0.84));
#10986 = VECTOR('',#10987,1.);
#10987 = DIRECTION('',(0.,1.,-1.1E-16));
#10988 = PCURVE('',#4364,#10989);
#10989 = DEFINITIONAL_REPRESENTATION('',(#10990),#10994);
#10990 = LINE('',#10991,#10992);
#10991 = CARTESIAN_POINT('',(0.764863,-2.055));
#10992 = VECTOR('',#10993,1.);
#10993 = DIRECTION('',(1.,0.));
#10994 = ( GEOMETRIC_REPRESENTATION_CONTEXT(2) 
PARAMETRIC_REPRESENTATION_CONTEXT() REPRESENTATION_CONTEXT('2D SPACE',''
  ) );
#10995 = PCURVE('',#4705,#10996);
#10996 = DEFINITIONAL_REPRESENTATION('',(#10997),#11001);
#10997 = LINE('',#10998,#10999);
#10998 = CARTESIAN_POINT('',(0.234863,2.583493E-17));
#10999 = VECTOR('',#11000,1.);
#11000 = DIRECTION('',(1.,0.));
#11001 = ( GEOMETRIC_REPRESENTATION_CONTEXT(2) 
PARAMETRIC_REPRESENTATION_CONTEXT() REPRESENTATION_CONTEXT('2D SPACE',''
  ) );
#11002 = ORIENTED_EDGE('',*,*,#4719,.T.);
#11003 = ORIENTED_EDGE('',*,*,#4795,.T.);
#11004 = ORIENTED_EDGE('',*,*,#4743,.F.);
#11005 = ORIENTED_EDGE('',*,*,#4348,.F.);
#11006 = ORIENTED_EDGE('',*,*,#6720,.F.);
#11007 = ORIENTED_EDGE('',*,*,#11008,.F.);
#11008 = EDGE_CURVE('',#10955,#6721,#11009,.T.);
#11009 = SURFACE_CURVE('',#11010,(#11014,#11021),.PCURVE_S1.);
#11010 = LINE('',#11011,#11012);
#11011 = CARTESIAN_POINT('',(2.77,0.694863,0.84));
#11012 = VECTOR('',#11013,1.);
#11013 = DIRECTION('',(0.,1.,-1.1E-16));
#11014 = PCURVE('',#4364,#11015);
#11015 = DEFINITIONAL_REPRESENTATION('',(#11016),#11020);
#11016 = LINE('',#11017,#11018);
#11017 = CARTESIAN_POINT('',(0.764863,-7.595));
#11018 = VECTOR('',#11019,1.);
#11019 = DIRECTION('',(1.,0.));
#11020 = ( GEOMETRIC_REPRESENTATION_CONTEXT(2) 
PARAMETRIC_REPRESENTATION_CONTEXT() REPRESENTATION_CONTEXT('2D SPACE',''
  ) );
#11021 = PCURVE('',#6759,#11022);
#11022 = DEFINITIONAL_REPRESENTATION('',(#11023),#11027);
#11023 = LINE('',#11024,#11025);
#11024 = CARTESIAN_POINT('',(0.234863,2.583493E-17));
#11025 = VECTOR('',#11026,1.);
#11026 = DIRECTION('',(1.,0.));
#11027 = ( GEOMETRIC_REPRESENTATION_CONTEXT(2) 
PARAMETRIC_REPRESENTATION_CONTEXT() REPRESENTATION_CONTEXT('2D SPACE',''
  ) );
#11028 = ADVANCED_FACE('',(#11029),#6759,.F.);
#11029 = FACE_BOUND('',#11030,.F.);
#11030 = EDGE_LOOP('',(#11031,#11054,#11075,#11076));
#11031 = ORIENTED_EDGE('',*,*,#11032,.T.);
#11032 = EDGE_CURVE('',#10955,#11033,#11035,.T.);
#11033 = VERTEX_POINT('',#11034);
#11034 = CARTESIAN_POINT('',(2.77,0.46,0.31));
#11035 = SURFACE_CURVE('',#11036,(#11040,#11047),.PCURVE_S1.);
#11036 = LINE('',#11037,#11038);
#11037 = CARTESIAN_POINT('',(2.77,0.46,0.84));
#11038 = VECTOR('',#11039,1.);
#11039 = DIRECTION('',(-0.,-2.094760423821E-16,-1.));
#11040 = PCURVE('',#6759,#11041);
#11041 = DEFINITIONAL_REPRESENTATION('',(#11042),#11046);
#11042 = LINE('',#11043,#11044);
#11043 = CARTESIAN_POINT('',(-1.099120794379E-31,9.992007221626E-16));
#11044 = VECTOR('',#11045,1.);
#11045 = DIRECTION('',(-9.94760423821E-17,-1.));
#11046 = ( GEOMETRIC_REPRESENTATION_CONTEXT(2) 
PARAMETRIC_REPRESENTATION_CONTEXT() REPRESENTATION_CONTEXT('2D SPACE',''
  ) );
#11047 = PCURVE('',#10970,#11048);
#11048 = DEFINITIONAL_REPRESENTATION('',(#11049),#11053);
#11049 = LINE('',#11050,#11051);
#11050 = CARTESIAN_POINT('',(0.,0.));
#11051 = VECTOR('',#11052,1.);
#11052 = DIRECTION('',(0.,-1.));
#11053 = ( GEOMETRIC_REPRESENTATION_CONTEXT(2) 
PARAMETRIC_REPRESENTATION_CONTEXT() REPRESENTATION_CONTEXT('2D SPACE',''
  ) );
#11054 = ORIENTED_EDGE('',*,*,#11055,.T.);
#11055 = EDGE_CURVE('',#11033,#3565,#11056,.T.);
#11056 = SURFACE_CURVE('',#11057,(#11061,#11068),.PCURVE_S1.);
#11057 = LINE('',#11058,#11059);
#11058 = CARTESIAN_POINT('',(2.77,0.694863,0.31));
#11059 = VECTOR('',#11060,1.);
#11060 = DIRECTION('',(0.,1.,-1.1E-16));
#11061 = PCURVE('',#6759,#11062);
#11062 = DEFINITIONAL_REPRESENTATION('',(#11063),#11067);
#11063 = LINE('',#11064,#11065);
#11064 = CARTESIAN_POINT('',(0.234863,-0.53));
#11065 = VECTOR('',#11066,1.);
#11066 = DIRECTION('',(1.,0.));
#11067 = ( GEOMETRIC_REPRESENTATION_CONTEXT(2) 
PARAMETRIC_REPRESENTATION_CONTEXT() REPRESENTATION_CONTEXT('2D SPACE',''
  ) );
#11068 = PCURVE('',#10919,#11069);
#11069 = DEFINITIONAL_REPRESENTATION('',(#11070),#11074);
#11070 = LINE('',#11071,#11072);
#11071 = CARTESIAN_POINT('',(0.,0.));
#11072 = VECTOR('',#11073,1.);
#11073 = DIRECTION('',(-1.,0.));
#11074 = ( GEOMETRIC_REPRESENTATION_CONTEXT(2) 
PARAMETRIC_REPRESENTATION_CONTEXT() REPRESENTATION_CONTEXT('2D SPACE',''
  ) );
#11075 = ORIENTED_EDGE('',*,*,#6745,.F.);
#11076 = ORIENTED_EDGE('',*,*,#11008,.F.);
#11077 = ADVANCED_FACE('',(#11078),#10970,.T.);
#11078 = FACE_BOUND('',#11079,.T.);
#11079 = EDGE_LOOP('',(#11080,#11081,#11103,#11124));
#11080 = ORIENTED_EDGE('',*,*,#11032,.T.);
#11081 = ORIENTED_EDGE('',*,*,#11082,.T.);
#11082 = EDGE_CURVE('',#11033,#11083,#11085,.T.);
#11083 = VERTEX_POINT('',#11084);
#11084 = CARTESIAN_POINT('',(-2.77,0.46,0.31));
#11085 = SURFACE_CURVE('',#11086,(#11089,#11096),.PCURVE_S1.);
#11086 = B_SPLINE_CURVE_WITH_KNOTS('',1,(#11087,#11088),.UNSPECIFIED.,
  .F.,.F.,(2,2),(0.,1.),.PIECEWISE_BEZIER_KNOTS.);
#11087 = CARTESIAN_POINT('',(2.77,0.46,0.31));
#11088 = CARTESIAN_POINT('',(-2.77,0.46,0.31));
#11089 = PCURVE('',#10970,#11090);
#11090 = DEFINITIONAL_REPRESENTATION('',(#11091),#11095);
#11091 = LINE('',#11092,#11093);
#11092 = CARTESIAN_POINT('',(0.,-0.53));
#11093 = VECTOR('',#11094,1.);
#11094 = DIRECTION('',(1.,0.));
#11095 = ( GEOMETRIC_REPRESENTATION_CONTEXT(2) 
PARAMETRIC_REPRESENTATION_CONTEXT() REPRESENTATION_CONTEXT('2D SPACE',''
  ) );
#11096 = PCURVE('',#10919,#11097);
#11097 = DEFINITIONAL_REPRESENTATION('',(#11098),#11102);
#11098 = LINE('',#11099,#11100);
#11099 = CARTESIAN_POINT('',(0.234863,0.));
#11100 = VECTOR('',#11101,1.);
#11101 = DIRECTION('',(0.,1.));
#11102 = ( GEOMETRIC_REPRESENTATION_CONTEXT(2) 
PARAMETRIC_REPRESENTATION_CONTEXT() REPRESENTATION_CONTEXT('2D SPACE',''
  ) );
#11103 = ORIENTED_EDGE('',*,*,#11104,.F.);
#11104 = EDGE_CURVE('',#10953,#11083,#11105,.T.);
#11105 = SURFACE_CURVE('',#11106,(#11110,#11117),.PCURVE_S1.);
#11106 = LINE('',#11107,#11108);
#11107 = CARTESIAN_POINT('',(-2.77,0.46,0.84));
#11108 = VECTOR('',#11109,1.);
#11109 = DIRECTION('',(-0.,-2.094760423821E-16,-1.));
#11110 = PCURVE('',#10970,#11111);
#11111 = DEFINITIONAL_REPRESENTATION('',(#11112),#11116);
#11112 = LINE('',#11113,#11114);
#11113 = CARTESIAN_POINT('',(1.,0.));
#11114 = VECTOR('',#11115,1.);
#11115 = DIRECTION('',(0.,-1.));
#11116 = ( GEOMETRIC_REPRESENTATION_CONTEXT(2) 
PARAMETRIC_REPRESENTATION_CONTEXT() REPRESENTATION_CONTEXT('2D SPACE',''
  ) );
#11117 = PCURVE('',#4705,#11118);
#11118 = DEFINITIONAL_REPRESENTATION('',(#11119),#11123);
#11119 = LINE('',#11120,#11121);
#11120 = CARTESIAN_POINT('',(0.,0.));
#11121 = VECTOR('',#11122,1.);
#11122 = DIRECTION('',(-9.94760423821E-17,-1.));
#11123 = ( GEOMETRIC_REPRESENTATION_CONTEXT(2) 
PARAMETRIC_REPRESENTATION_CONTEXT() REPRESENTATION_CONTEXT('2D SPACE',''
  ) );
#11124 = ORIENTED_EDGE('',*,*,#10952,.T.);
#11125 = ADVANCED_FACE('',(#11126),#4705,.T.);
#11126 = FACE_BOUND('',#11127,.T.);
#11127 = EDGE_LOOP('',(#11128,#11129,#11150,#11151));
#11128 = ORIENTED_EDGE('',*,*,#11104,.T.);
#11129 = ORIENTED_EDGE('',*,*,#11130,.T.);
#11130 = EDGE_CURVE('',#11083,#4641,#11131,.T.);
#11131 = SURFACE_CURVE('',#11132,(#11136,#11143),.PCURVE_S1.);
#11132 = LINE('',#11133,#11134);
#11133 = CARTESIAN_POINT('',(-2.77,0.694863,0.31));
#11134 = VECTOR('',#11135,1.);
#11135 = DIRECTION('',(0.,1.,-1.1E-16));
#11136 = PCURVE('',#4705,#11137);
#11137 = DEFINITIONAL_REPRESENTATION('',(#11138),#11142);
#11138 = LINE('',#11139,#11140);
#11139 = CARTESIAN_POINT('',(0.234863,-0.53));
#11140 = VECTOR('',#11141,1.);
#11141 = DIRECTION('',(1.,0.));
#11142 = ( GEOMETRIC_REPRESENTATION_CONTEXT(2) 
PARAMETRIC_REPRESENTATION_CONTEXT() REPRESENTATION_CONTEXT('2D SPACE',''
  ) );
#11143 = PCURVE('',#10919,#11144);
#11144 = DEFINITIONAL_REPRESENTATION('',(#11145),#11149);
#11145 = LINE('',#11146,#11147);
#11146 = CARTESIAN_POINT('',(0.,1.));
#11147 = VECTOR('',#11148,1.);
#11148 = DIRECTION('',(-1.,0.));
#11149 = ( GEOMETRIC_REPRESENTATION_CONTEXT(2) 
PARAMETRIC_REPRESENTATION_CONTEXT() REPRESENTATION_CONTEXT('2D SPACE',''
  ) );
#11150 = ORIENTED_EDGE('',*,*,#4689,.F.);
#11151 = ORIENTED_EDGE('',*,*,#10982,.F.);
#11152 = ADVANCED_FACE('',(#11153),#10919,.F.);
#11153 = FACE_BOUND('',#11154,.F.);
#11154 = EDGE_LOOP('',(#11155,#11156,#11157,#11158));
#11155 = ORIENTED_EDGE('',*,*,#11055,.F.);
#11156 = ORIENTED_EDGE('',*,*,#11082,.T.);
#11157 = ORIENTED_EDGE('',*,*,#11130,.T.);
#11158 = ORIENTED_EDGE('',*,*,#10906,.F.);
#11159 = ( GEOMETRIC_REPRESENTATION_CONTEXT(3) 
GLOBAL_UNCERTAINTY_ASSIGNED_CONTEXT((#11163)) 
GLOBAL_UNIT_ASSIGNED_CONTEXT((#11160,#11161,#11162)) 
REPRESENTATION_CONTEXT('Context #1',
  '3D Context with UNIT and UNCERTAINTY') );
#11160 = ( LENGTH_UNIT() NAMED_UNIT(*) SI_UNIT(.MILLI.,.METRE.) );
#11161 = ( NAMED_UNIT(*) PLANE_ANGLE_UNIT() SI_UNIT($,.RADIAN.) );
#11162 = ( NAMED_UNIT(*) SI_UNIT($,.STERADIAN.) SOLID_ANGLE_UNIT() );
#11163 = UNCERTAINTY_MEASURE_WITH_UNIT(LENGTH_MEASURE(1.E-07),#11160,
  'distance_accuracy_value','confusion accuracy');
#11164 = SHAPE_DEFINITION_REPRESENTATION(#11165,#3494);
#11165 = PRODUCT_DEFINITION_SHAPE('','',#11166);
#11166 = PRODUCT_DEFINITION('design','',#11167,#11170);
#11167 = PRODUCT_DEFINITION_FORMATION('','',#11168);
#11168 = PRODUCT('Body','Body','',(#11169));
#11169 = PRODUCT_CONTEXT('',#2,'mechanical');
#11170 = PRODUCT_DEFINITION_CONTEXT('part definition',#2,'design');
#11171 = CONTEXT_DEPENDENT_SHAPE_REPRESENTATION(#11172,#11174);
#11172 = ( REPRESENTATION_RELATIONSHIP('','',#3494,#10) 
REPRESENTATION_RELATIONSHIP_WITH_TRANSFORMATION(#11173) 
SHAPE_REPRESENTATION_RELATIONSHIP() );
#11173 = ITEM_DEFINED_TRANSFORMATION('','',#11,#27);
#11174 = PRODUCT_DEFINITION_SHAPE('Placement','Placement of an item',
  #11175);
#11175 = NEXT_ASSEMBLY_USAGE_OCCURRENCE('14','Body','',#5,#11166,$);
#11176 = PRODUCT_RELATED_PRODUCT_CATEGORY('part',$,(#11168));
#11177 = MECHANICAL_DESIGN_GEOMETRIC_PRESENTATION_REPRESENTATION('',(
    #11178),#960);
#11178 = STYLED_ITEM('color',(#11179),#83);
#11179 = PRESENTATION_STYLE_ASSIGNMENT((#11180,#11186));
#11180 = SURFACE_STYLE_USAGE(.BOTH.,#11181);
#11181 = SURFACE_SIDE_STYLE('',(#11182));
#11182 = SURFACE_STYLE_FILL_AREA(#11183);
#11183 = FILL_AREA_STYLE('',(#11184));
#11184 = FILL_AREA_STYLE_COLOUR('',#11185);
#11185 = COLOUR_RGB('',0.870000009629,0.870000009629,0.82999997502);
#11186 = CURVE_STYLE('',#11187,POSITIVE_LENGTH_MEASURE(0.1),#11188);
#11187 = DRAUGHTING_PRE_DEFINED_CURVE_FONT('continuous');
#11188 = COLOUR_RGB('',9.803921802644E-02,9.803921802644E-02,
  9.803921802644E-02);
#11189 = MECHANICAL_DESIGN_GEOMETRIC_PRESENTATION_REPRESENTATION('',(
    #11190),#11159);
#11190 = STYLED_ITEM('color',(#11191),#3495);
#11191 = PRESENTATION_STYLE_ASSIGNMENT((#11192,#11198));
#11192 = SURFACE_STYLE_USAGE(.BOTH.,#11193);
#11193 = SURFACE_SIDE_STYLE('',(#11194));
#11194 = SURFACE_STYLE_FILL_AREA(#11195);
#11195 = FILL_AREA_STYLE('',(#11196));
#11196 = FILL_AREA_STYLE_COLOUR('',#11197);
#11197 = COLOUR_RGB('',0.959999986217,0.959999986217,0.959999986217);
#11198 = CURVE_STYLE('',#11199,POSITIVE_LENGTH_MEASURE(0.1),#11188);
#11199 = DRAUGHTING_PRE_DEFINED_CURVE_FONT('continuous');
#11200 = MECHANICAL_DESIGN_GEOMETRIC_PRESENTATION_REPRESENTATION('',(
    #11201),#3476);
#11201 = STYLED_ITEM('color',(#11202),#2551);
#11202 = PRESENTATION_STYLE_ASSIGNMENT((#11203,#11209));
#11203 = SURFACE_STYLE_USAGE(.BOTH.,#11204);
#11204 = SURFACE_SIDE_STYLE('',(#11205));
#11205 = SURFACE_STYLE_FILL_AREA(#11206);
#11206 = FILL_AREA_STYLE('',(#11207));
#11207 = FILL_AREA_STYLE_COLOUR('',#11208);
#11208 = COLOUR_RGB('',0.219999994989,0.23999999388,0.319999985907);
#11209 = CURVE_STYLE('',#11210,POSITIVE_LENGTH_MEASURE(0.1),#11188);
#11210 = DRAUGHTING_PRE_DEFINED_CURVE_FONT('continuous');
#11211 = MECHANICAL_DESIGN_GEOMETRIC_PRESENTATION_REPRESENTATION('',(
    #11212),#2521);
#11212 = STYLED_ITEM('color',(#11213),#1041);
#11213 = PRESENTATION_STYLE_ASSIGNMENT((#11214,#11219));
#11214 = SURFACE_STYLE_USAGE(.BOTH.,#11215);
#11215 = SURFACE_SIDE_STYLE('',(#11216));
#11216 = SURFACE_STYLE_FILL_AREA(#11217);
#11217 = FILL_AREA_STYLE('',(#11218));
#11218 = FILL_AREA_STYLE_COLOUR('',#11185);
#11219 = CURVE_STYLE('',#11220,POSITIVE_LENGTH_MEASURE(0.1),#11188);
#11220 = DRAUGHTING_PRE_DEFINED_CURVE_FONT('continuous');
ENDSEC;
END-ISO-10303-21;
